Vdd,Cload,Slew,Temp,Wp,Gate_ID,Power
0.7,1e-15,1e-11,-40,1.8e-07,3,1.43497e-07
0.7,1e-15,1e-11,-40,3.6e-07,3,1.92652e-07
0.7,1e-15,1e-11,-25,1.8e-07,3,1.45041e-07
0.7,1e-15,1e-11,-25,3.6e-07,3,1.95731e-07
0.7,1e-15,1e-11,0,1.8e-07,3,1.47486e-07
0.7,1e-15,1e-11,0,3.6e-07,3,2.00495e-07
0.7,1e-15,1e-11,25,1.8e-07,3,1.49786e-07
0.7,1e-15,1e-11,25,3.6e-07,3,2.04972e-07
0.7,1e-15,1e-11,75,1.8e-07,3,1.54008e-07
0.7,1e-15,1e-11,75,3.6e-07,3,2.1313e-07
0.7,1e-15,1e-11,100,1.8e-07,3,1.55973e-07
0.7,1e-15,1e-11,100,3.6e-07,3,2.16896e-07
0.7,1e-15,1e-11,125,1.8e-07,3,1.57756e-07
0.7,1e-15,1e-11,125,3.6e-07,3,2.20349e-07
0.7,1e-15,5e-11,-40,1.8e-07,3,1.36887e-07
0.7,1e-15,5e-11,-40,3.6e-07,3,1.79404e-07
0.7,1e-15,5e-11,-25,1.8e-07,3,1.38512e-07
0.7,1e-15,5e-11,-25,3.6e-07,3,1.82314e-07
0.7,1e-15,5e-11,0,1.8e-07,3,1.41004e-07
0.7,1e-15,5e-11,0,3.6e-07,3,1.86992e-07
0.7,1e-15,5e-11,25,1.8e-07,3,1.43356e-07
0.7,1e-15,5e-11,25,3.6e-07,3,1.91485e-07
0.7,1e-15,5e-11,75,1.8e-07,3,1.47749e-07
0.7,1e-15,5e-11,75,3.6e-07,3,2.00002e-07
0.7,1e-15,5e-11,100,1.8e-07,3,1.49815e-07
0.7,1e-15,5e-11,100,3.6e-07,3,2.03994e-07
0.7,1e-15,5e-11,125,1.8e-07,3,1.51713e-07
0.7,1e-15,5e-11,125,3.6e-07,3,2.07651e-07
0.7,1e-15,1e-10,-40,1.8e-07,3,1.34612e-07
0.7,1e-15,1e-10,-40,3.6e-07,3,1.75358e-07
0.7,1e-15,1e-10,-25,1.8e-07,3,1.36084e-07
0.7,1e-15,1e-10,-25,3.6e-07,3,1.77968e-07
0.7,1e-15,1e-10,0,1.8e-07,3,1.38397e-07
0.7,1e-15,1e-10,0,3.6e-07,3,1.82114e-07
0.7,1e-15,1e-10,25,1.8e-07,3,1.40666e-07
0.7,1e-15,1e-10,25,3.6e-07,3,1.86195e-07
0.7,1e-15,1e-10,75,1.8e-07,3,1.44927e-07
0.7,1e-15,1e-10,75,3.6e-07,3,1.94214e-07
0.7,1e-15,1e-10,100,1.8e-07,3,1.4693e-07
0.7,1e-15,1e-10,100,3.6e-07,3,1.98028e-07
0.7,1e-15,1e-10,125,1.8e-07,3,1.48789e-07
0.7,1e-15,1e-10,125,3.6e-07,3,2.01568e-07
0.7,1e-15,2e-10,-40,1.8e-07,3,1.33077e-07
0.7,1e-15,2e-10,-40,3.6e-07,3,1.72861e-07
0.7,1e-15,2e-10,-25,1.8e-07,3,1.34293e-07
0.7,1e-15,2e-10,-25,3.6e-07,3,1.74981e-07
0.7,1e-15,2e-10,0,1.8e-07,3,1.36358e-07
0.7,1e-15,2e-10,0,3.6e-07,3,1.7855e-07
0.7,1e-15,2e-10,25,1.8e-07,3,1.38413e-07
0.7,1e-15,2e-10,25,3.6e-07,3,1.82174e-07
0.7,1e-15,2e-10,75,1.8e-07,3,1.42399e-07
0.7,1e-15,2e-10,75,3.6e-07,3,1.89431e-07
0.7,1e-15,2e-10,100,1.8e-07,3,1.44292e-07
0.7,1e-15,2e-10,100,3.6e-07,3,1.92906e-07
0.7,1e-15,2e-10,125,1.8e-07,3,1.46053e-07
0.7,1e-15,2e-10,125,3.6e-07,3,1.96166e-07
0.7,1e-15,4e-10,-40,1.8e-07,3,1.32417e-07
0.7,1e-15,4e-10,-40,3.6e-07,3,1.71491e-07
0.7,1e-15,4e-10,-25,1.8e-07,3,1.33334e-07
0.7,1e-15,4e-10,-25,3.6e-07,3,1.73165e-07
0.7,1e-15,4e-10,0,1.8e-07,3,1.35076e-07
0.7,1e-15,4e-10,0,3.6e-07,3,1.76247e-07
0.7,1e-15,4e-10,25,1.8e-07,3,1.36875e-07
0.7,1e-15,4e-10,25,3.6e-07,3,1.79402e-07
0.7,1e-15,4e-10,75,1.8e-07,3,1.40522e-07
0.7,1e-15,4e-10,75,3.6e-07,3,1.85941e-07
0.7,1e-15,4e-10,100,1.8e-07,3,1.422e-07
0.7,1e-15,4e-10,100,3.6e-07,3,1.89096e-07
0.7,1e-15,4e-10,125,1.8e-07,3,1.43816e-07
0.7,1e-15,4e-10,125,3.6e-07,3,1.92039e-07
0.7,5.454545454545455e-15,1e-11,-40,1.8e-07,3,5.08292e-07
0.7,5.454545454545455e-15,1e-11,-40,3.6e-07,3,5.58547e-07
0.7,5.454545454545455e-15,1e-11,-25,1.8e-07,3,5.09643e-07
0.7,5.454545454545455e-15,1e-11,-25,3.6e-07,3,5.61213e-07
0.7,5.454545454545455e-15,1e-11,0,1.8e-07,3,5.11832e-07
0.7,5.454545454545455e-15,1e-11,0,3.6e-07,3,5.65538e-07
0.7,5.454545454545455e-15,1e-11,25,1.8e-07,3,5.13951e-07
0.7,5.454545454545455e-15,1e-11,25,3.6e-07,3,5.69629e-07
0.7,5.454545454545455e-15,1e-11,75,1.8e-07,3,5.17826e-07
0.7,5.454545454545455e-15,1e-11,75,3.6e-07,3,5.77212e-07
0.7,5.454545454545455e-15,1e-11,100,1.8e-07,3,5.19551e-07
0.7,5.454545454545455e-15,1e-11,100,3.6e-07,3,5.80701e-07
0.7,5.454545454545455e-15,1e-11,125,1.8e-07,3,5.20828e-07
0.7,5.454545454545455e-15,1e-11,125,3.6e-07,3,5.8384e-07
0.7,5.454545454545455e-15,5e-11,-40,1.8e-07,3,5.03664e-07
0.7,5.454545454545455e-15,5e-11,-40,3.6e-07,3,5.48444e-07
0.7,5.454545454545455e-15,5e-11,-25,1.8e-07,3,5.05046e-07
0.7,5.454545454545455e-15,5e-11,-25,3.6e-07,3,5.51255e-07
0.7,5.454545454545455e-15,5e-11,0,1.8e-07,3,5.07162e-07
0.7,5.454545454545455e-15,5e-11,0,3.6e-07,3,5.55537e-07
0.7,5.454545454545455e-15,5e-11,25,1.8e-07,3,5.09172e-07
0.7,5.454545454545455e-15,5e-11,25,3.6e-07,3,5.59531e-07
0.7,5.454545454545455e-15,5e-11,75,1.8e-07,3,5.13008e-07
0.7,5.454545454545455e-15,5e-11,75,3.6e-07,3,5.67088e-07
0.7,5.454545454545455e-15,5e-11,100,1.8e-07,3,5.14649e-07
0.7,5.454545454545455e-15,5e-11,100,3.6e-07,3,5.70629e-07
0.7,5.454545454545455e-15,5e-11,125,1.8e-07,3,5.15722e-07
0.7,5.454545454545455e-15,5e-11,125,3.6e-07,3,5.7385e-07
0.7,5.454545454545455e-15,1e-10,-40,1.8e-07,3,5.01489e-07
0.7,5.454545454545455e-15,1e-10,-40,3.6e-07,3,5.43874e-07
0.7,5.454545454545455e-15,1e-10,-25,1.8e-07,3,5.02959e-07
0.7,5.454545454545455e-15,1e-10,-25,3.6e-07,3,5.46758e-07
0.7,5.454545454545455e-15,1e-10,0,1.8e-07,3,5.052e-07
0.7,5.454545454545455e-15,1e-10,0,3.6e-07,3,5.51189e-07
0.7,5.454545454545455e-15,1e-10,25,1.8e-07,3,5.07225e-07
0.7,5.454545454545455e-15,1e-10,25,3.6e-07,3,5.55225e-07
0.7,5.454545454545455e-15,1e-10,75,1.8e-07,3,5.10936e-07
0.7,5.454545454545455e-15,1e-10,75,3.6e-07,3,5.62719e-07
0.7,5.454545454545455e-15,1e-10,100,1.8e-07,3,5.12371e-07
0.7,5.454545454545455e-15,1e-10,100,3.6e-07,3,5.66171e-07
0.7,5.454545454545455e-15,1e-10,125,1.8e-07,3,5.1287e-07
0.7,5.454545454545455e-15,1e-10,125,3.6e-07,3,5.69309e-07
0.7,5.454545454545455e-15,2e-10,-40,1.8e-07,3,4.99265e-07
0.7,5.454545454545455e-15,2e-10,-40,3.6e-07,3,5.39702e-07
0.7,5.454545454545455e-15,2e-10,-25,1.8e-07,3,5.00763e-07
0.7,5.454545454545455e-15,2e-10,-25,3.6e-07,3,5.42387e-07
0.7,5.454545454545455e-15,2e-10,0,1.8e-07,3,5.03008e-07
0.7,5.454545454545455e-15,2e-10,0,3.6e-07,3,5.46608e-07
0.7,5.454545454545455e-15,2e-10,25,1.8e-07,3,5.05057e-07
0.7,5.454545454545455e-15,2e-10,25,3.6e-07,3,5.5061e-07
0.7,5.454545454545455e-15,2e-10,75,1.8e-07,3,5.08356e-07
0.7,5.454545454545455e-15,2e-10,75,3.6e-07,3,5.58017e-07
0.7,5.454545454545455e-15,2e-10,100,1.8e-07,3,5.08467e-07
0.7,5.454545454545455e-15,2e-10,100,3.6e-07,3,5.61401e-07
0.7,5.454545454545455e-15,2e-10,125,1.8e-07,3,5.05961e-07
0.7,5.454545454545455e-15,2e-10,125,3.6e-07,3,5.64406e-07
0.7,5.454545454545455e-15,4e-10,-40,1.8e-07,3,4.97161e-07
0.7,5.454545454545455e-15,4e-10,-40,3.6e-07,3,5.35935e-07
0.7,5.454545454545455e-15,4e-10,-25,1.8e-07,3,4.9843e-07
0.7,5.454545454545455e-15,4e-10,-25,3.6e-07,3,5.38186e-07
0.7,5.454545454545455e-15,4e-10,0,1.8e-07,3,5.0018e-07
0.7,5.454545454545455e-15,4e-10,0,3.6e-07,3,5.41919e-07
0.7,5.454545454545455e-15,4e-10,25,1.8e-07,3,4.99318e-07
0.7,5.454545454545455e-15,4e-10,25,3.6e-07,3,5.45498e-07
0.7,5.454545454545455e-15,4e-10,75,1.8e-07,3,4.71884e-07
0.7,5.454545454545455e-15,4e-10,75,3.6e-07,3,5.52115e-07
0.7,5.454545454545455e-15,4e-10,100,1.8e-07,3,4.42699e-07
0.7,5.454545454545455e-15,4e-10,100,3.6e-07,3,5.54098e-07
0.7,5.454545454545455e-15,4e-10,125,1.8e-07,3,4.09318e-07
0.7,5.454545454545455e-15,4e-10,125,3.6e-07,3,5.53845e-07
0.7,9.909090909090907e-15,1e-11,-40,1.8e-07,3,8.72137e-07
0.7,9.909090909090907e-15,1e-11,-40,3.6e-07,3,9.22594e-07
0.7,9.909090909090907e-15,1e-11,-25,1.8e-07,3,8.73434e-07
0.7,9.909090909090907e-15,1e-11,-25,3.6e-07,3,9.25125e-07
0.7,9.909090909090907e-15,1e-11,0,1.8e-07,3,8.75597e-07
0.7,9.909090909090907e-15,1e-11,0,3.6e-07,3,9.29294e-07
0.7,9.909090909090907e-15,1e-11,25,1.8e-07,3,8.77565e-07
0.7,9.909090909090907e-15,1e-11,25,3.6e-07,3,9.33319e-07
0.7,9.909090909090907e-15,1e-11,75,1.8e-07,3,8.77272e-07
0.7,9.909090909090907e-15,1e-11,75,3.6e-07,3,9.40659e-07
0.7,9.909090909090907e-15,1e-11,100,1.8e-07,3,8.698e-07
0.7,9.909090909090907e-15,1e-11,100,3.6e-07,3,9.43972e-07
0.7,9.909090909090907e-15,1e-11,125,1.8e-07,3,8.53142e-07
0.7,9.909090909090907e-15,1e-11,125,3.6e-07,3,9.46767e-07
0.7,9.909090909090907e-15,5e-11,-40,1.8e-07,3,8.68126e-07
0.7,9.909090909090907e-15,5e-11,-40,3.6e-07,3,9.13823e-07
0.7,9.909090909090907e-15,5e-11,-25,1.8e-07,3,8.6938e-07
0.7,9.909090909090907e-15,5e-11,-25,3.6e-07,3,9.1636e-07
0.7,9.909090909090907e-15,5e-11,0,1.8e-07,3,8.71329e-07
0.7,9.909090909090907e-15,5e-11,0,3.6e-07,3,9.20287e-07
0.7,9.909090909090907e-15,5e-11,25,1.8e-07,3,8.73071e-07
0.7,9.909090909090907e-15,5e-11,25,3.6e-07,3,9.24063e-07
0.7,9.909090909090907e-15,5e-11,75,1.8e-07,3,8.70275e-07
0.7,9.909090909090907e-15,5e-11,75,3.6e-07,3,9.31238e-07
0.7,9.909090909090907e-15,5e-11,100,1.8e-07,3,8.58838e-07
0.7,9.909090909090907e-15,5e-11,100,3.6e-07,3,9.34514e-07
0.7,9.909090909090907e-15,5e-11,125,1.8e-07,3,8.36538e-07
0.7,9.909090909090907e-15,5e-11,125,3.6e-07,3,9.37215e-07
0.7,9.909090909090907e-15,1e-10,-40,1.8e-07,3,8.66283e-07
0.7,9.909090909090907e-15,1e-10,-40,3.6e-07,3,9.0979e-07
0.7,9.909090909090907e-15,1e-10,-25,1.8e-07,3,8.67634e-07
0.7,9.909090909090907e-15,1e-10,-25,3.6e-07,3,9.12503e-07
0.7,9.909090909090907e-15,1e-10,0,1.8e-07,3,8.69617e-07
0.7,9.909090909090907e-15,1e-10,0,3.6e-07,3,9.1663e-07
0.7,9.909090909090907e-15,1e-10,25,1.8e-07,3,8.71149e-07
0.7,9.909090909090907e-15,1e-10,25,3.6e-07,3,9.20409e-07
0.7,9.909090909090907e-15,1e-10,75,1.8e-07,3,8.63011e-07
0.7,9.909090909090907e-15,1e-10,75,3.6e-07,3,9.27429e-07
0.7,9.909090909090907e-15,1e-10,100,1.8e-07,3,8.44605e-07
0.7,9.909090909090907e-15,1e-10,100,3.6e-07,3,9.30473e-07
0.7,9.909090909090907e-15,1e-10,125,1.8e-07,3,8.13522e-07
0.7,9.909090909090907e-15,1e-10,125,3.6e-07,3,9.32669e-07
0.7,9.909090909090907e-15,2e-10,-40,1.8e-07,3,8.64213e-07
0.7,9.909090909090907e-15,2e-10,-40,3.6e-07,3,9.05606e-07
0.7,9.909090909090907e-15,2e-10,-25,1.8e-07,3,8.65624e-07
0.7,9.909090909090907e-15,2e-10,-25,3.6e-07,3,9.08321e-07
0.7,9.909090909090907e-15,2e-10,0,1.8e-07,3,8.67527e-07
0.7,9.909090909090907e-15,2e-10,0,3.6e-07,3,9.12479e-07
0.7,9.909090909090907e-15,2e-10,25,1.8e-07,3,8.66946e-07
0.7,9.909090909090907e-15,2e-10,25,3.6e-07,3,9.16336e-07
0.7,9.909090909090907e-15,2e-10,75,1.8e-07,3,8.33419e-07
0.7,9.909090909090907e-15,2e-10,75,3.6e-07,3,9.23106e-07
0.7,9.909090909090907e-15,2e-10,100,1.8e-07,3,7.9233e-07
0.7,9.909090909090907e-15,2e-10,100,3.6e-07,3,9.25147e-07
0.7,9.909090909090907e-15,2e-10,125,1.8e-07,3,7.39984e-07
0.7,9.909090909090907e-15,2e-10,125,3.6e-07,3,9.24666e-07
0.7,9.909090909090907e-15,4e-10,-40,1.8e-07,3,8.60994e-07
0.7,9.909090909090907e-15,4e-10,-40,3.6e-07,3,9.01123e-07
0.7,9.909090909090907e-15,4e-10,-25,1.8e-07,3,8.56977e-07
0.7,9.909090909090907e-15,4e-10,-25,3.6e-07,3,9.03524e-07
0.7,9.909090909090907e-15,4e-10,0,1.8e-07,3,8.19829e-07
0.7,9.909090909090907e-15,4e-10,0,3.6e-07,3,9.07239e-07
0.7,9.909090909090907e-15,4e-10,25,1.8e-07,3,7.37094e-07
0.7,9.909090909090907e-15,4e-10,25,3.6e-07,3,9.09086e-07
0.7,9.909090909090907e-15,4e-10,75,1.8e-07,3,5.67763e-07
0.7,9.909090909090907e-15,4e-10,75,3.6e-07,3,8.85606e-07
0.7,9.909090909090907e-15,4e-10,100,1.8e-07,3,5.04402e-07
0.7,9.909090909090907e-15,4e-10,100,3.6e-07,3,8.50354e-07
0.7,9.909090909090907e-15,4e-10,125,1.8e-07,3,4.5255e-07
0.7,9.909090909090907e-15,4e-10,125,3.6e-07,3,8.01932e-07
0.7,1.436363636363636e-14,1e-11,-40,1.8e-07,3,1.23593e-06
0.7,1.436363636363636e-14,1e-11,-40,3.6e-07,3,1.28638e-06
0.7,1.436363636363636e-14,1e-11,-25,1.8e-07,3,1.23718e-06
0.7,1.436363636363636e-14,1e-11,-25,3.6e-07,3,1.28885e-06
0.7,1.436363636363636e-14,1e-11,0,1.8e-07,3,1.239e-06
0.7,1.436363636363636e-14,1e-11,0,3.6e-07,3,1.29296e-06
0.7,1.436363636363636e-14,1e-11,25,1.8e-07,3,1.23783e-06
0.7,1.436363636363636e-14,1e-11,25,3.6e-07,3,1.29691e-06
0.7,1.436363636363636e-14,1e-11,75,1.8e-07,3,1.19253e-06
0.7,1.436363636363636e-14,1e-11,75,3.6e-07,3,1.30376e-06
0.7,1.436363636363636e-14,1e-11,100,1.8e-07,3,1.13619e-06
0.7,1.436363636363636e-14,1e-11,100,3.6e-07,3,1.30563e-06
0.7,1.436363636363636e-14,1e-11,125,1.8e-07,3,1.06347e-06
0.7,1.436363636363636e-14,1e-11,125,3.6e-07,3,1.30417e-06
0.7,1.436363636363636e-14,5e-11,-40,1.8e-07,3,1.23214e-06
0.7,1.436363636363636e-14,5e-11,-40,3.6e-07,3,1.27829e-06
0.7,1.436363636363636e-14,5e-11,-25,1.8e-07,3,1.23333e-06
0.7,1.436363636363636e-14,5e-11,-25,3.6e-07,3,1.28065e-06
0.7,1.436363636363636e-14,5e-11,0,1.8e-07,3,1.23464e-06
0.7,1.436363636363636e-14,5e-11,0,3.6e-07,3,1.28443e-06
0.7,1.436363636363636e-14,5e-11,25,1.8e-07,3,1.23113e-06
0.7,1.436363636363636e-14,5e-11,25,3.6e-07,3,1.28806e-06
0.7,1.436363636363636e-14,5e-11,75,1.8e-07,3,1.16793e-06
0.7,1.436363636363636e-14,5e-11,75,3.6e-07,3,1.29441e-06
0.7,1.436363636363636e-14,5e-11,100,1.8e-07,3,1.10015e-06
0.7,1.436363636363636e-14,5e-11,100,3.6e-07,3,1.29534e-06
0.7,1.436363636363636e-14,5e-11,125,1.8e-07,3,1.01931e-06
0.7,1.436363636363636e-14,5e-11,125,3.6e-07,3,1.29185e-06
0.7,1.436363636363636e-14,1e-10,-40,1.8e-07,3,1.23051e-06
0.7,1.436363636363636e-14,1e-10,-40,3.6e-07,3,1.27468e-06
0.7,1.436363636363636e-14,1e-10,-25,1.8e-07,3,1.23171e-06
0.7,1.436363636363636e-14,1e-10,-25,3.6e-07,3,1.27725e-06
0.7,1.436363636363636e-14,1e-10,0,1.8e-07,3,1.23229e-06
0.7,1.436363636363636e-14,1e-10,0,3.6e-07,3,1.28116e-06
0.7,1.436363636363636e-14,1e-10,25,1.8e-07,3,1.22376e-06
0.7,1.436363636363636e-14,1e-10,25,3.6e-07,3,1.28474e-06
0.7,1.436363636363636e-14,1e-10,75,1.8e-07,3,1.1311e-06
0.7,1.436363636363636e-14,1e-10,75,3.6e-07,3,1.29012e-06
0.7,1.436363636363636e-14,1e-10,100,1.8e-07,3,1.04877e-06
0.7,1.436363636363636e-14,1e-10,100,3.6e-07,3,1.28882e-06
0.7,1.436363636363636e-14,1e-10,125,1.8e-07,3,9.59767e-07
0.7,1.436363636363636e-14,1e-10,125,3.6e-07,3,1.2807e-06
0.7,1.436363636363636e-14,2e-10,-40,1.8e-07,3,1.2286e-06
0.7,1.436363636363636e-14,2e-10,-40,3.6e-07,3,1.2707e-06
0.7,1.436363636363636e-14,2e-10,-25,1.8e-07,3,1.22948e-06
0.7,1.436363636363636e-14,2e-10,-25,3.6e-07,3,1.27337e-06
0.7,1.436363636363636e-14,2e-10,0,1.8e-07,3,1.22324e-06
0.7,1.436363636363636e-14,2e-10,0,3.6e-07,3,1.27739e-06
0.7,1.436363636363636e-14,2e-10,25,1.8e-07,3,1.18866e-06
0.7,1.436363636363636e-14,2e-10,25,3.6e-07,3,1.28094e-06
0.7,1.436363636363636e-14,2e-10,75,1.8e-07,3,1.01307e-06
0.7,1.436363636363636e-14,2e-10,75,3.6e-07,3,1.28037e-06
0.7,1.436363636363636e-14,2e-10,100,1.8e-07,3,9.10105e-07
0.7,1.436363636363636e-14,2e-10,100,3.6e-07,3,1.2678e-06
0.7,1.436363636363636e-14,2e-10,125,1.8e-07,3,8.17305e-07
0.7,1.436363636363636e-14,2e-10,125,3.6e-07,3,1.2409e-06
0.7,1.436363636363636e-14,4e-10,-40,1.8e-07,3,1.19839e-06
0.7,1.436363636363636e-14,4e-10,-40,3.6e-07,3,1.26593e-06
0.7,1.436363636363636e-14,4e-10,-25,1.8e-07,3,1.1281e-06
0.7,1.436363636363636e-14,4e-10,-25,3.6e-07,3,1.26812e-06
0.7,1.436363636363636e-14,4e-10,0,1.8e-07,3,9.51303e-07
0.7,1.436363636363636e-14,4e-10,0,3.6e-07,3,1.26574e-06
0.7,1.436363636363636e-14,4e-10,25,1.8e-07,3,8.00698e-07
0.7,1.436363636363636e-14,4e-10,25,3.6e-07,3,1.23913e-06
0.7,1.436363636363636e-14,4e-10,75,1.8e-07,3,5.96369e-07
0.7,1.436363636363636e-14,4e-10,75,3.6e-07,3,1.07518e-06
0.7,1.436363636363636e-14,4e-10,100,1.8e-07,3,5.25798e-07
0.7,1.436363636363636e-14,4e-10,100,3.6e-07,3,9.73621e-07
0.7,1.436363636363636e-14,4e-10,125,1.8e-07,3,4.69064e-07
0.7,1.436363636363636e-14,4e-10,125,3.6e-07,3,8.82681e-07
0.7,1.8818181818181816e-14,1e-11,-40,1.8e-07,3,1.59964e-06
0.7,1.8818181818181816e-14,1e-11,-40,3.6e-07,3,1.65012e-06
0.7,1.8818181818181816e-14,1e-11,-25,1.8e-07,3,1.6007e-06
0.7,1.8818181818181816e-14,1e-11,-25,3.6e-07,3,1.65253e-06
0.7,1.8818181818181816e-14,1e-11,0,1.8e-07,3,1.59839e-06
0.7,1.8818181818181816e-14,1e-11,0,3.6e-07,3,1.65661e-06
0.7,1.8818181818181816e-14,1e-11,25,1.8e-07,3,1.57502e-06
0.7,1.8818181818181816e-14,1e-11,25,3.6e-07,3,1.66044e-06
0.7,1.8818181818181816e-14,1e-11,75,1.8e-07,3,1.40564e-06
0.7,1.8818181818181816e-14,1e-11,75,3.6e-07,3,1.66333e-06
0.7,1.8818181818181816e-14,1e-11,100,1.8e-07,3,1.28227e-06
0.7,1.8818181818181816e-14,1e-11,100,3.6e-07,3,1.65551e-06
0.7,1.8818181818181816e-14,1e-11,125,1.8e-07,3,1.16057e-06
0.7,1.8818181818181816e-14,1e-11,125,3.6e-07,3,1.63515e-06
0.7,1.8818181818181816e-14,5e-11,-40,1.8e-07,3,1.59601e-06
0.7,1.8818181818181816e-14,5e-11,-40,3.6e-07,3,1.64242e-06
0.7,1.8818181818181816e-14,5e-11,-25,1.8e-07,3,1.59677e-06
0.7,1.8818181818181816e-14,5e-11,-25,3.6e-07,3,1.6447e-06
0.7,1.8818181818181816e-14,5e-11,0,1.8e-07,3,1.59104e-06
0.7,1.8818181818181816e-14,5e-11,0,3.6e-07,3,1.64834e-06
0.7,1.8818181818181816e-14,5e-11,25,1.8e-07,3,1.55546e-06
0.7,1.8818181818181816e-14,5e-11,25,3.6e-07,3,1.65177e-06
0.7,1.8818181818181816e-14,5e-11,75,1.8e-07,3,1.35086e-06
0.7,1.8818181818181816e-14,5e-11,75,3.6e-07,3,1.65175e-06
0.7,1.8818181818181816e-14,5e-11,100,1.8e-07,3,1.22006e-06
0.7,1.8818181818181816e-14,5e-11,100,3.6e-07,3,1.6389e-06
0.7,1.8818181818181816e-14,5e-11,125,1.8e-07,3,1.09765e-06
0.7,1.8818181818181816e-14,5e-11,125,3.6e-07,3,1.6097e-06
0.7,1.8818181818181816e-14,1e-10,-40,1.8e-07,3,1.59447e-06
0.7,1.8818181818181816e-14,1e-10,-40,3.6e-07,3,1.6391e-06
0.7,1.8818181818181816e-14,1e-10,-25,1.8e-07,3,1.59465e-06
0.7,1.8818181818181816e-14,1e-10,-25,3.6e-07,3,1.64154e-06
0.7,1.8818181818181816e-14,1e-10,0,1.8e-07,3,1.5815e-06
0.7,1.8818181818181816e-14,1e-10,0,3.6e-07,3,1.64526e-06
0.7,1.8818181818181816e-14,1e-10,25,1.8e-07,3,1.52415e-06
0.7,1.8818181818181816e-14,1e-10,25,3.6e-07,3,1.64846e-06
0.7,1.8818181818181816e-14,1e-10,75,1.8e-07,3,1.27433e-06
0.7,1.8818181818181816e-14,1e-10,75,3.6e-07,3,1.642e-06
0.7,1.8818181818181816e-14,1e-10,100,1.8e-07,3,1.13848e-06
0.7,1.8818181818181816e-14,1e-10,100,3.6e-07,3,1.61929e-06
0.7,1.8818181818181816e-14,1e-10,125,1.8e-07,3,1.0184e-06
0.7,1.8818181818181816e-14,1e-10,125,3.6e-07,3,1.5759e-06
0.7,1.8818181818181816e-14,2e-10,-40,1.8e-07,3,1.59177e-06
0.7,1.8818181818181816e-14,2e-10,-40,3.6e-07,3,1.63539e-06
0.7,1.8818181818181816e-14,2e-10,-25,1.8e-07,3,1.58585e-06
0.7,1.8818181818181816e-14,2e-10,-25,3.6e-07,3,1.638e-06
0.7,1.8818181818181816e-14,2e-10,0,1.8e-07,3,1.53168e-06
0.7,1.8818181818181816e-14,2e-10,0,3.6e-07,3,1.64167e-06
0.7,1.8818181818181816e-14,2e-10,25,1.8e-07,3,1.40163e-06
0.7,1.8818181818181816e-14,2e-10,25,3.6e-07,3,1.64276e-06
0.7,1.8818181818181816e-14,2e-10,75,1.8e-07,3,1.08449e-06
0.7,1.8818181818181816e-14,2e-10,75,3.6e-07,3,1.60285e-06
0.7,1.8818181818181816e-14,2e-10,100,1.8e-07,3,9.56247e-07
0.7,1.8818181818181816e-14,2e-10,100,3.6e-07,3,1.54379e-06
0.7,1.8818181818181816e-14,2e-10,125,1.8e-07,3,8.50445e-07
0.7,1.8818181818181816e-14,2e-10,125,3.6e-07,3,1.46041e-06
0.7,1.8818181818181816e-14,4e-10,-40,1.8e-07,3,1.4058e-06
0.7,1.8818181818181816e-14,4e-10,-40,3.6e-07,3,1.6299e-06
0.7,1.8818181818181816e-14,4e-10,-25,1.8e-07,3,1.23099e-06
0.7,1.8818181818181816e-14,4e-10,-25,3.6e-07,3,1.62698e-06
0.7,1.8818181818181816e-14,4e-10,0,1.8e-07,3,9.98592e-07
0.7,1.8818181818181816e-14,4e-10,0,3.6e-07,3,1.58327e-06
0.7,1.8818181818181816e-14,4e-10,25,1.8e-07,3,8.3113e-07
0.7,1.8818181818181816e-14,4e-10,25,3.6e-07,3,1.46101e-06
0.7,1.8818181818181816e-14,4e-10,75,1.8e-07,3,6.11869e-07
0.7,1.8818181818181816e-14,4e-10,75,3.6e-07,3,1.14741e-06
0.7,1.8818181818181816e-14,4e-10,100,1.8e-07,3,5.37507e-07
0.7,1.8818181818181816e-14,4e-10,100,3.6e-07,3,1.02213e-06
0.7,1.8818181818181816e-14,4e-10,125,1.8e-07,3,4.78103e-07
0.7,1.8818181818181816e-14,4e-10,125,3.6e-07,3,9.1871e-07
0.7,2.3272727272727276e-14,1e-11,-40,1.8e-07,3,1.96318e-06
0.7,2.3272727272727276e-14,1e-11,-40,3.6e-07,3,2.01381e-06
0.7,2.3272727272727276e-14,1e-11,-25,1.8e-07,3,1.96236e-06
0.7,2.3272727272727276e-14,1e-11,-25,3.6e-07,3,2.0162e-06
0.7,2.3272727272727276e-14,1e-11,0,1.8e-07,3,1.93924e-06
0.7,2.3272727272727276e-14,1e-11,0,3.6e-07,3,2.02022e-06
0.7,2.3272727272727276e-14,1e-11,25,1.8e-07,3,1.85269e-06
0.7,2.3272727272727276e-14,1e-11,25,3.6e-07,3,2.02341e-06
0.7,2.3272727272727276e-14,1e-11,75,1.8e-07,3,1.52242e-06
0.7,2.3272727272727276e-14,1e-11,75,3.6e-07,3,2.00856e-06
0.7,2.3272727272727276e-14,1e-11,100,1.8e-07,3,1.35437e-06
0.7,2.3272727272727276e-14,1e-11,100,3.6e-07,3,1.97293e-06
0.7,2.3272727272727276e-14,1e-11,125,1.8e-07,3,1.2084e-06
0.7,2.3272727272727276e-14,1e-11,125,3.6e-07,3,1.90894e-06
0.7,2.3272727272727276e-14,5e-11,-40,1.8e-07,3,1.95942e-06
0.7,2.3272727272727276e-14,5e-11,-40,3.6e-07,3,2.00638e-06
0.7,2.3272727272727276e-14,5e-11,-25,1.8e-07,3,1.95674e-06
0.7,2.3272727272727276e-14,5e-11,-25,3.6e-07,3,2.0086e-06
0.7,2.3272727272727276e-14,5e-11,0,1.8e-07,3,1.91974e-06
0.7,2.3272727272727276e-14,5e-11,0,3.6e-07,3,2.0121e-06
0.7,2.3272727272727276e-14,5e-11,25,1.8e-07,3,1.80561e-06
0.7,2.3272727272727276e-14,5e-11,25,3.6e-07,3,2.01432e-06
0.7,2.3272727272727276e-14,5e-11,75,1.8e-07,3,1.44438e-06
0.7,2.3272727272727276e-14,5e-11,75,3.6e-07,3,1.98829e-06
0.7,2.3272727272727276e-14,5e-11,100,1.8e-07,3,1.27795e-06
0.7,2.3272727272727276e-14,5e-11,100,3.6e-07,3,1.93884e-06
0.7,2.3272727272727276e-14,5e-11,125,1.8e-07,3,1.13731e-06
0.7,2.3272727272727276e-14,5e-11,125,3.6e-07,3,1.85972e-06
0.7,2.3272727272727276e-14,1e-10,-40,1.8e-07,3,1.95727e-06
0.7,2.3272727272727276e-14,1e-10,-40,3.6e-07,3,2.0033e-06
0.7,2.3272727272727276e-14,1e-10,-25,1.8e-07,3,1.9502e-06
0.7,2.3272727272727276e-14,1e-10,-25,3.6e-07,3,2.00565e-06
0.7,2.3272727272727276e-14,1e-10,0,1.8e-07,3,1.8865e-06
0.7,2.3272727272727276e-14,1e-10,0,3.6e-07,3,2.00905e-06
0.7,2.3272727272727276e-14,1e-10,25,1.8e-07,3,1.73171e-06
0.7,2.3272727272727276e-14,1e-10,25,3.6e-07,3,2.00964e-06
0.7,2.3272727272727276e-14,1e-10,75,1.8e-07,3,1.34285e-06
0.7,2.3272727272727276e-14,1e-10,75,3.6e-07,3,1.96138e-06
0.7,2.3272727272727276e-14,1e-10,100,1.8e-07,3,1.18279e-06
0.7,2.3272727272727276e-14,1e-10,100,3.6e-07,3,1.89028e-06
0.7,2.3272727272727276e-14,1e-10,125,1.8e-07,3,1.0502e-06
0.7,2.3272727272727276e-14,1e-10,125,3.6e-07,3,1.78938e-06
0.7,2.3272727272727276e-14,2e-10,-40,1.8e-07,3,1.9473e-06
0.7,2.3272727272727276e-14,2e-10,-40,3.6e-07,3,1.99983e-06
0.7,2.3272727272727276e-14,2e-10,-25,1.8e-07,3,1.91086e-06
0.7,2.3272727272727276e-14,2e-10,-25,3.6e-07,3,2.00229e-06
0.7,2.3272727272727276e-14,2e-10,0,1.8e-07,3,1.74466e-06
0.7,2.3272727272727276e-14,2e-10,0,3.6e-07,3,2.00411e-06
0.7,2.3272727272727276e-14,2e-10,25,1.8e-07,3,1.5088e-06
0.7,2.3272727272727276e-14,2e-10,25,3.6e-07,3,1.99269e-06
0.7,2.3272727272727276e-14,2e-10,75,1.8e-07,3,1.1218e-06
0.7,2.3272727272727276e-14,2e-10,75,3.6e-07,3,1.85494e-06
0.7,2.3272727272727276e-14,2e-10,100,1.8e-07,3,9.83102e-07
0.7,2.3272727272727276e-14,2e-10,100,3.6e-07,3,1.72693e-06
0.7,2.3272727272727276e-14,2e-10,125,1.8e-07,3,8.70721e-07
0.7,2.3272727272727276e-14,2e-10,125,3.6e-07,3,1.5857e-06
0.7,2.3272727272727276e-14,4e-10,-40,1.8e-07,3,1.48218e-06
0.7,2.3272727272727276e-14,4e-10,-40,3.6e-07,3,1.98813e-06
0.7,2.3272727272727276e-14,4e-10,-25,1.8e-07,3,1.27799e-06
0.7,2.3272727272727276e-14,4e-10,-25,3.6e-07,3,1.95932e-06
0.7,2.3272727272727276e-14,4e-10,0,1.8e-07,3,1.0271e-06
0.7,2.3272727272727276e-14,4e-10,0,3.6e-07,3,1.80268e-06
0.7,2.3272727272727276e-14,4e-10,25,1.8e-07,3,8.50204e-07
0.7,2.3272727272727276e-14,4e-10,25,3.6e-07,3,1.56601e-06
0.7,2.3272727272727276e-14,4e-10,75,1.8e-07,3,6.21712e-07
0.7,2.3272727272727276e-14,4e-10,75,3.6e-07,3,1.18703e-06
0.7,2.3272727272727276e-14,4e-10,100,1.8e-07,3,5.4491e-07
0.7,2.3272727272727276e-14,4e-10,100,3.6e-07,3,1.05152e-06
0.7,2.3272727272727276e-14,4e-10,125,1.8e-07,3,4.83831e-07
0.7,2.3272727272727276e-14,4e-10,125,3.6e-07,3,9.41398e-07
0.7,2.7727272727272724e-14,1e-11,-40,1.8e-07,3,2.32547e-06
0.7,2.7727272727272724e-14,1e-11,-40,3.6e-07,3,2.37748e-06
0.7,2.7727272727272724e-14,1e-11,-25,1.8e-07,3,2.31603e-06
0.7,2.7727272727272724e-14,1e-11,-25,3.6e-07,3,2.37986e-06
0.7,2.7727272727272724e-14,1e-11,0,1.8e-07,3,2.23672e-06
0.7,2.7727272727272724e-14,1e-11,0,3.6e-07,3,2.38359e-06
0.7,2.7727272727272724e-14,1e-11,25,1.8e-07,3,2.04932e-06
0.7,2.7727272727272724e-14,1e-11,25,3.6e-07,3,2.38367e-06
0.7,2.7727272727272724e-14,1e-11,75,1.8e-07,3,1.58639e-06
0.7,2.7727272727272724e-14,1e-11,75,3.6e-07,3,2.32261e-06
0.7,2.7727272727272724e-14,1e-11,100,1.8e-07,3,1.39586e-06
0.7,2.7727272727272724e-14,1e-11,100,3.6e-07,3,2.23476e-06
0.7,2.7727272727272724e-14,1e-11,125,1.8e-07,3,1.2383e-06
0.7,2.7727272727272724e-14,1e-11,125,3.6e-07,3,2.11278e-06
0.7,2.7727272727272724e-14,5e-11,-40,1.8e-07,3,2.32039e-06
0.7,2.7727272727272724e-14,5e-11,-40,3.6e-07,3,2.37026e-06
0.7,2.7727272727272724e-14,5e-11,-25,1.8e-07,3,2.30373e-06
0.7,2.7727272727272724e-14,5e-11,-25,3.6e-07,3,2.37244e-06
0.7,2.7727272727272724e-14,5e-11,0,1.8e-07,3,2.19168e-06
0.7,2.7727272727272724e-14,5e-11,0,3.6e-07,3,2.37535e-06
0.7,2.7727272727272724e-14,5e-11,25,1.8e-07,3,1.96885e-06
0.7,2.7727272727272724e-14,5e-11,25,3.6e-07,3,2.37233e-06
0.7,2.7727272727272724e-14,5e-11,75,1.8e-07,3,1.49598e-06
0.7,2.7727272727272724e-14,5e-11,75,3.6e-07,3,2.28332e-06
0.7,2.7727272727272724e-14,5e-11,100,1.8e-07,3,1.313e-06
0.7,2.7727272727272724e-14,5e-11,100,3.6e-07,3,2.17449e-06
0.7,2.7727272727272724e-14,5e-11,125,1.8e-07,3,1.16309e-06
0.7,2.7727272727272724e-14,5e-11,125,3.6e-07,3,2.03447e-06
0.7,2.7727272727272724e-14,1e-10,-40,1.8e-07,3,2.31463e-06
0.7,2.7727272727272724e-14,1e-10,-40,3.6e-07,3,2.36736e-06
0.7,2.7727272727272724e-14,1e-10,-25,1.8e-07,3,2.28221e-06
0.7,2.7727272727272724e-14,1e-10,-25,3.6e-07,3,2.36961e-06
0.7,2.7727272727272724e-14,1e-10,0,1.8e-07,3,2.1163e-06
0.7,2.7727272727272724e-14,1e-10,0,3.6e-07,3,2.37163e-06
0.7,2.7727272727272724e-14,1e-10,25,1.8e-07,3,1.85285e-06
0.7,2.7727272727272724e-14,1e-10,25,3.6e-07,3,2.36208e-06
0.7,2.7727272727272724e-14,1e-10,75,1.8e-07,3,1.38315e-06
0.7,2.7727272727272724e-14,1e-10,75,3.6e-07,3,2.22511e-06
0.7,2.7727272727272724e-14,1e-10,100,1.8e-07,3,1.21122e-06
0.7,2.7727272727272724e-14,1e-10,100,3.6e-07,3,2.08683e-06
0.7,2.7727272727272724e-14,1e-10,125,1.8e-07,3,1.07149e-06
0.7,2.7727272727272724e-14,1e-10,125,3.6e-07,3,1.92668e-06
0.7,2.7727272727272724e-14,2e-10,-40,1.8e-07,3,2.27673e-06
0.7,2.7727272727272724e-14,2e-10,-40,3.6e-07,3,2.36408e-06
0.7,2.7727272727272724e-14,2e-10,-25,1.8e-07,3,2.16819e-06
0.7,2.7727272727272724e-14,2e-10,-25,3.6e-07,3,2.36598e-06
0.7,2.7727272727272724e-14,2e-10,0,1.8e-07,3,1.86373e-06
0.7,2.7727272727272724e-14,2e-10,0,3.6e-07,3,2.35956e-06
0.7,2.7727272727272724e-14,2e-10,25,1.8e-07,3,1.56543e-06
0.7,2.7727272727272724e-14,2e-10,25,3.6e-07,3,2.31281e-06
0.7,2.7727272727272724e-14,2e-10,75,1.8e-07,3,1.14661e-06
0.7,2.7727272727272724e-14,2e-10,75,3.6e-07,3,2.02515e-06
0.7,2.7727272727272724e-14,2e-10,100,1.8e-07,3,1.00143e-06
0.7,2.7727272727272724e-14,2e-10,100,3.6e-07,3,1.83499e-06
0.7,2.7727272727272724e-14,2e-10,125,1.8e-07,3,8.84695e-07
0.7,2.7727272727272724e-14,2e-10,125,3.6e-07,3,1.65567e-06
0.7,2.7727272727272724e-14,4e-10,-40,1.8e-07,3,1.52531e-06
0.7,2.7727272727272724e-14,4e-10,-40,3.6e-07,3,2.32483e-06
0.7,2.7727272727272724e-14,4e-10,-25,1.8e-07,3,1.30892e-06
0.7,2.7727272727272724e-14,4e-10,-25,3.6e-07,3,2.22517e-06
0.7,2.7727272727272724e-14,4e-10,0,1.8e-07,3,1.04663e-06
0.7,2.7727272727272724e-14,4e-10,0,3.6e-07,3,1.91704e-06
0.7,2.7727272727272724e-14,4e-10,25,1.8e-07,3,8.63344e-07
0.7,2.7727272727272724e-14,4e-10,25,3.6e-07,3,1.62268e-06
0.7,2.7727272727272724e-14,4e-10,75,1.8e-07,3,6.28492e-07
0.7,2.7727272727272724e-14,4e-10,75,3.6e-07,3,1.21407e-06
0.7,2.7727272727272724e-14,4e-10,100,1.8e-07,3,5.50025e-07
0.7,2.7727272727272724e-14,4e-10,100,3.6e-07,3,1.07186e-06
0.7,2.7727272727272724e-14,4e-10,125,1.8e-07,3,4.87784e-07
0.7,2.7727272727272724e-14,4e-10,125,3.6e-07,3,9.57157e-07
0.7,3.2181818181818185e-14,1e-11,-40,1.8e-07,3,2.68296e-06
0.7,3.2181818181818185e-14,1e-11,-40,3.6e-07,3,2.74116e-06
0.7,3.2181818181818185e-14,1e-11,-25,1.8e-07,3,2.64912e-06
0.7,3.2181818181818185e-14,1e-11,-25,3.6e-07,3,2.7435e-06
0.7,3.2181818181818185e-14,1e-11,0,1.8e-07,3,2.46983e-06
0.7,3.2181818181818185e-14,1e-11,0,3.6e-07,3,2.74597e-06
0.7,3.2181818181818185e-14,1e-11,25,1.8e-07,3,2.17383e-06
0.7,3.2181818181818185e-14,1e-11,25,3.6e-07,3,2.73621e-06
0.7,3.2181818181818185e-14,1e-11,75,1.8e-07,3,1.62701e-06
0.7,3.2181818181818185e-14,1e-11,75,3.6e-07,3,2.58792e-06
0.7,3.2181818181818185e-14,1e-11,100,1.8e-07,3,1.42449e-06
0.7,3.2181818181818185e-14,1e-11,100,3.6e-07,3,2.43423e-06
0.7,3.2181818181818185e-14,1e-11,125,1.8e-07,3,1.25965e-06
0.7,3.2181818181818185e-14,1e-11,125,3.6e-07,3,2.2525e-06
0.7,3.2181818181818185e-14,5e-11,-40,1.8e-07,3,2.67308e-06
0.7,3.2181818181818185e-14,5e-11,-40,3.6e-07,3,2.7341e-06
0.7,3.2181818181818185e-14,5e-11,-25,1.8e-07,3,2.62039e-06
0.7,3.2181818181818185e-14,5e-11,-25,3.6e-07,3,2.73616e-06
0.7,3.2181818181818185e-14,5e-11,0,1.8e-07,3,2.39006e-06
0.7,3.2181818181818185e-14,5e-11,0,3.6e-07,3,2.73672e-06
0.7,3.2181818181818185e-14,5e-11,25,1.8e-07,3,2.06665e-06
0.7,3.2181818181818185e-14,5e-11,25,3.6e-07,3,2.7185e-06
0.7,3.2181818181818185e-14,5e-11,75,1.8e-07,3,1.53038e-06
0.7,3.2181818181818185e-14,5e-11,75,3.6e-07,3,2.5218e-06
0.7,3.2181818181818185e-14,5e-11,100,1.8e-07,3,1.33774e-06
0.7,3.2181818181818185e-14,5e-11,100,3.6e-07,3,2.34391e-06
0.7,3.2181818181818185e-14,5e-11,125,1.8e-07,3,1.18171e-06
0.7,3.2181818181818185e-14,5e-11,125,3.6e-07,3,2.14897e-06
0.7,3.2181818181818185e-14,1e-10,-40,1.8e-07,3,2.65586e-06
0.7,3.2181818181818185e-14,1e-10,-40,3.6e-07,3,2.73133e-06
0.7,3.2181818181818185e-14,1e-10,-25,1.8e-07,3,2.56732e-06
0.7,3.2181818181818185e-14,1e-10,-25,3.6e-07,3,2.73328e-06
0.7,3.2181818181818185e-14,1e-10,0,1.8e-07,3,2.26653e-06
0.7,3.2181818181818185e-14,1e-10,0,3.6e-07,3,2.73025e-06
0.7,3.2181818181818185e-14,1e-10,25,1.8e-07,3,1.92299e-06
0.7,3.2181818181818185e-14,1e-10,25,3.6e-07,3,2.6947e-06
0.7,3.2181818181818185e-14,1e-10,75,1.8e-07,3,1.41117e-06
0.7,3.2181818181818185e-14,1e-10,75,3.6e-07,3,2.4232e-06
0.7,3.2181818181818185e-14,1e-10,100,1.8e-07,3,1.2317e-06
0.7,3.2181818181818185e-14,1e-10,100,3.6e-07,3,2.21806e-06
0.7,3.2181818181818185e-14,1e-10,125,1.8e-07,3,1.08702e-06
0.7,3.2181818181818185e-14,1e-10,125,3.6e-07,3,2.01224e-06
0.7,3.2181818181818185e-14,2e-10,-40,1.8e-07,3,2.55193e-06
0.7,3.2181818181818185e-14,2e-10,-40,3.6e-07,3,2.72802e-06
0.7,3.2181818181818185e-14,2e-10,-25,1.8e-07,3,2.33896e-06
0.7,3.2181818181818185e-14,2e-10,-25,3.6e-07,3,2.72771e-06
0.7,3.2181818181818185e-14,2e-10,0,1.8e-07,3,1.93038e-06
0.7,3.2181818181818185e-14,2e-10,0,3.6e-07,3,2.69811e-06
0.7,3.2181818181818185e-14,2e-10,25,1.8e-07,3,1.60293e-06
0.7,3.2181818181818185e-14,2e-10,25,3.6e-07,3,2.58342e-06
0.7,3.2181818181818185e-14,2e-10,75,1.8e-07,3,1.16467e-06
0.7,3.2181818181818185e-14,2e-10,75,3.6e-07,3,2.13141e-06
0.7,3.2181818181818185e-14,2e-10,100,1.8e-07,3,1.01485e-06
0.7,3.2181818181818185e-14,2e-10,100,3.6e-07,3,1.90031e-06
0.7,3.2181818181818185e-14,2e-10,125,1.8e-07,3,8.94942e-07
0.7,3.2181818181818185e-14,2e-10,125,3.6e-07,3,1.7001e-06
0.7,3.2181818181818185e-14,4e-10,-40,1.8e-07,3,1.55568e-06
0.7,3.2181818181818185e-14,4e-10,-40,3.6e-07,3,2.6097e-06
0.7,3.2181818181818185e-14,4e-10,-25,1.8e-07,3,1.33129e-06
0.7,3.2181818181818185e-14,4e-10,-25,3.6e-07,3,2.39316e-06
0.7,3.2181818181818185e-14,4e-10,0,1.8e-07,3,1.06088e-06
0.7,3.2181818181818185e-14,4e-10,0,3.6e-07,3,1.98151e-06
0.7,3.2181818181818185e-14,4e-10,25,1.8e-07,3,8.72959e-07
0.7,3.2181818181818185e-14,4e-10,25,3.6e-07,3,1.66188e-06
0.7,3.2181818181818185e-14,4e-10,75,1.8e-07,3,6.33464e-07
0.7,3.2181818181818185e-14,4e-10,75,3.6e-07,3,1.23392e-06
0.7,3.2181818181818185e-14,4e-10,100,1.8e-07,3,5.53774e-07
0.7,3.2181818181818185e-14,4e-10,100,3.6e-07,3,1.0868e-06
0.7,3.2181818181818185e-14,4e-10,125,1.8e-07,3,4.90694e-07
0.7,3.2181818181818185e-14,4e-10,125,3.6e-07,3,9.68826e-07
0.7,3.663636363636364e-14,1e-11,-40,1.8e-07,3,3.02804e-06
0.7,3.663636363636364e-14,1e-11,-40,3.6e-07,3,3.10483e-06
0.7,3.663636363636364e-14,1e-11,-25,1.8e-07,3,2.94465e-06
0.7,3.663636363636364e-14,1e-11,-25,3.6e-07,3,3.10699e-06
0.7,3.663636363636364e-14,1e-11,0,1.8e-07,3,2.63498e-06
0.7,3.663636363636364e-14,1e-11,0,3.6e-07,3,3.10539e-06
0.7,3.663636363636364e-14,1e-11,25,1.8e-07,3,2.25184e-06
0.7,3.663636363636364e-14,1e-11,25,3.6e-07,3,3.07338e-06
0.7,3.663636363636364e-14,1e-11,75,1.8e-07,3,1.65664e-06
0.7,3.663636363636364e-14,1e-11,75,3.6e-07,3,2.79866e-06
0.7,3.663636363636364e-14,1e-11,100,1.8e-07,3,1.446e-06
0.7,3.663636363636364e-14,1e-11,100,3.6e-07,3,2.5767e-06
0.7,3.663636363636364e-14,1e-11,125,1.8e-07,3,1.27589e-06
0.7,3.663636363636364e-14,1e-11,125,3.6e-07,3,2.34634e-06
0.7,3.663636363636364e-14,5e-11,-40,1.8e-07,3,3.00644e-06
0.7,3.663636363636364e-14,5e-11,-40,3.6e-07,3,3.09788e-06
0.7,3.663636363636364e-14,5e-11,-25,1.8e-07,3,2.88772e-06
0.7,3.663636363636364e-14,5e-11,-25,3.6e-07,3,3.09956e-06
0.7,3.663636363636364e-14,5e-11,0,1.8e-07,3,2.52121e-06
0.7,3.663636363636364e-14,5e-11,0,3.6e-07,3,3.09315e-06
0.7,3.663636363636364e-14,5e-11,25,1.8e-07,3,2.1281e-06
0.7,3.663636363636364e-14,5e-11,25,3.6e-07,3,3.04264e-06
0.7,3.663636363636364e-14,5e-11,75,1.8e-07,3,1.55596e-06
0.7,3.663636363636364e-14,5e-11,75,3.6e-07,3,2.70156e-06
0.7,3.663636363636364e-14,5e-11,100,1.8e-07,3,1.35648e-06
0.7,3.663636363636364e-14,5e-11,100,3.6e-07,3,2.46011e-06
0.7,3.663636363636364e-14,5e-11,125,1.8e-07,3,1.19592e-06
0.7,3.663636363636364e-14,5e-11,125,3.6e-07,3,2.22434e-06
0.7,3.663636363636364e-14,1e-10,-40,1.8e-07,3,2.96428e-06
0.7,3.663636363636364e-14,1e-10,-40,3.6e-07,3,3.09518e-06
0.7,3.663636363636364e-14,1e-10,-25,1.8e-07,3,2.78738e-06
0.7,3.663636363636364e-14,1e-10,-25,3.6e-07,3,3.0961e-06
0.7,3.663636363636364e-14,1e-10,0,1.8e-07,3,2.35897e-06
0.7,3.663636363636364e-14,1e-10,0,3.6e-07,3,3.0794e-06
0.7,3.663636363636364e-14,1e-10,25,1.8e-07,3,1.96925e-06
0.7,3.663636363636364e-14,1e-10,25,3.6e-07,3,2.99436e-06
0.7,3.663636363636364e-14,1e-10,75,1.8e-07,3,1.43231e-06
0.7,3.663636363636364e-14,1e-10,75,3.6e-07,3,2.56244e-06
0.7,3.663636363636364e-14,1e-10,100,1.8e-07,3,1.24732e-06
0.7,3.663636363636364e-14,1e-10,100,3.6e-07,3,2.30424e-06
0.7,3.663636363636364e-14,1e-10,125,1.8e-07,3,1.0989e-06
0.7,3.663636363636364e-14,1e-10,125,3.6e-07,3,2.06858e-06
0.7,3.663636363636364e-14,2e-10,-40,1.8e-07,3,2.75118e-06
0.7,3.663636363636364e-14,2e-10,-40,3.6e-07,3,3.09108e-06
0.7,3.663636363636364e-14,2e-10,-25,1.8e-07,3,2.43994e-06
0.7,3.663636363636364e-14,2e-10,-25,3.6e-07,3,3.08401e-06
0.7,3.663636363636364e-14,2e-10,0,1.8e-07,3,1.97479e-06
0.7,3.663636363636364e-14,2e-10,0,3.6e-07,3,3.00572e-06
0.7,3.663636363636364e-14,2e-10,25,1.8e-07,3,1.63081e-06
0.7,3.663636363636364e-14,2e-10,25,3.6e-07,3,2.79285e-06
0.7,3.663636363636364e-14,2e-10,75,1.8e-07,3,1.17848e-06
0.7,3.663636363636364e-14,2e-10,75,3.6e-07,3,2.19948e-06
0.7,3.663636363636364e-14,2e-10,100,1.8e-07,3,1.02514e-06
0.7,3.663636363636364e-14,2e-10,100,3.6e-07,3,1.94471e-06
0.7,3.663636363636364e-14,2e-10,125,1.8e-07,3,9.02802e-07
0.7,3.663636363636364e-14,2e-10,125,3.6e-07,3,1.73239e-06
0.7,3.663636363636364e-14,4e-10,-40,1.8e-07,3,1.57854e-06
0.7,3.663636363636364e-14,4e-10,-40,3.6e-07,3,2.80938e-06
0.7,3.663636363636364e-14,4e-10,-25,1.8e-07,3,1.34828e-06
0.7,3.663636363636364e-14,4e-10,-25,3.6e-07,3,2.48586e-06
0.7,3.663636363636364e-14,4e-10,0,1.8e-07,3,1.07175e-06
0.7,3.663636363636364e-14,4e-10,0,3.6e-07,3,2.02692e-06
0.7,3.663636363636364e-14,4e-10,25,1.8e-07,3,8.80296e-07
0.7,3.663636363636364e-14,4e-10,25,3.6e-07,3,1.69153e-06
0.7,3.663636363636364e-14,4e-10,75,1.8e-07,3,6.37276e-07
0.7,3.663636363636364e-14,4e-10,75,3.6e-07,3,1.24919e-06
0.7,3.663636363636364e-14,4e-10,100,1.8e-07,3,5.56655e-07
0.7,3.663636363636364e-14,4e-10,100,3.6e-07,3,1.09844e-06
0.7,3.663636363636364e-14,4e-10,125,1.8e-07,3,4.92952e-07
0.7,3.663636363636364e-14,4e-10,125,3.6e-07,3,9.77852e-07
0.7,4.109090909090909e-14,1e-11,-40,1.8e-07,3,3.34948e-06
0.7,4.109090909090909e-14,1e-11,-40,3.6e-07,3,3.46848e-06
0.7,4.109090909090909e-14,1e-11,-25,1.8e-07,3,3.18836e-06
0.7,4.109090909090909e-14,1e-11,-25,3.6e-07,3,3.46998e-06
0.7,4.109090909090909e-14,1e-11,0,1.8e-07,3,2.74534e-06
0.7,4.109090909090909e-14,1e-11,0,3.6e-07,3,3.45822e-06
0.7,4.109090909090909e-14,1e-11,25,1.8e-07,3,2.30443e-06
0.7,4.109090909090909e-14,1e-11,25,3.6e-07,3,3.3858e-06
0.7,4.109090909090909e-14,1e-11,75,1.8e-07,3,1.67962e-06
0.7,4.109090909090909e-14,1e-11,75,3.6e-07,3,2.95705e-06
0.7,4.109090909090909e-14,1e-11,100,1.8e-07,3,1.4629e-06
0.7,4.109090909090909e-14,1e-11,100,3.6e-07,3,2.67656e-06
0.7,4.109090909090909e-14,1e-11,125,1.8e-07,3,1.2887e-06
0.7,4.109090909090909e-14,1e-11,125,3.6e-07,3,2.41119e-06
0.7,4.109090909090909e-14,5e-11,-40,1.8e-07,3,3.30584e-06
0.7,4.109090909090909e-14,5e-11,-40,3.6e-07,3,3.46157e-06
0.7,4.109090909090909e-14,5e-11,-25,1.8e-07,3,3.09434e-06
0.7,4.109090909090909e-14,5e-11,-25,3.6e-07,3,3.46193e-06
0.7,4.109090909090909e-14,5e-11,0,1.8e-07,3,2.60606e-06
0.7,4.109090909090909e-14,5e-11,0,3.6e-07,3,3.43932e-06
0.7,4.109090909090909e-14,5e-11,25,1.8e-07,3,2.17142e-06
0.7,4.109090909090909e-14,5e-11,25,3.6e-07,3,3.33395e-06
0.7,4.109090909090909e-14,5e-11,75,1.8e-07,3,1.57597e-06
0.7,4.109090909090909e-14,5e-11,75,3.6e-07,3,2.83104e-06
0.7,4.109090909090909e-14,5e-11,100,1.8e-07,3,1.37126e-06
0.7,4.109090909090909e-14,5e-11,100,3.6e-07,3,2.53996e-06
0.7,4.109090909090909e-14,5e-11,125,1.8e-07,3,1.20715e-06
0.7,4.109090909090909e-14,5e-11,125,3.6e-07,3,2.2764e-06
0.7,4.109090909090909e-14,1e-10,-40,1.8e-07,3,3.22236e-06
0.7,4.109090909090909e-14,1e-10,-40,3.6e-07,3,3.45872e-06
0.7,4.109090909090909e-14,1e-10,-25,1.8e-07,3,2.94109e-06
0.7,4.109090909090909e-14,1e-10,-25,3.6e-07,3,3.45666e-06
0.7,4.109090909090909e-14,1e-10,0,1.8e-07,3,2.4189e-06
0.7,4.109090909090909e-14,1e-10,0,3.6e-07,3,3.41117e-06
0.7,4.109090909090909e-14,1e-10,25,1.8e-07,3,2.00381e-06
0.7,4.109090909090909e-14,1e-10,25,3.6e-07,3,3.25012e-06
0.7,4.109090909090909e-14,1e-10,75,1.8e-07,3,1.44896e-06
0.7,4.109090909090909e-14,1e-10,75,3.6e-07,3,2.65821e-06
0.7,4.109090909090909e-14,1e-10,100,1.8e-07,3,1.25967e-06
0.7,4.109090909090909e-14,1e-10,100,3.6e-07,3,2.36347e-06
0.7,4.109090909090909e-14,1e-10,125,1.8e-07,3,1.10831e-06
0.7,4.109090909090909e-14,1e-10,125,3.6e-07,3,2.10916e-06
0.7,4.109090909090909e-14,2e-10,-40,1.8e-07,3,2.87763e-06
0.7,4.109090909090909e-14,2e-10,-40,3.6e-07,3,3.45177e-06
0.7,4.109090909090909e-14,2e-10,-25,1.8e-07,3,2.503e-06
0.7,4.109090909090909e-14,2e-10,-25,3.6e-07,3,3.42882e-06
0.7,4.109090909090909e-14,2e-10,0,1.8e-07,3,2.00842e-06
0.7,4.109090909090909e-14,2e-10,0,3.6e-07,3,3.26929e-06
0.7,4.109090909090909e-14,2e-10,25,1.8e-07,3,1.65261e-06
0.7,4.109090909090909e-14,2e-10,25,3.6e-07,3,2.94361e-06
0.7,4.109090909090909e-14,2e-10,75,1.8e-07,3,1.1894e-06
0.7,4.109090909090909e-14,2e-10,75,3.6e-07,3,2.24741e-06
0.7,4.109090909090909e-14,2e-10,100,1.8e-07,3,1.03327e-06
0.7,4.109090909090909e-14,2e-10,100,3.6e-07,3,1.97827e-06
0.7,4.109090909090909e-14,2e-10,125,1.8e-07,3,9.09033e-07
0.7,4.109090909090909e-14,2e-10,125,3.6e-07,3,1.75751e-06
0.7,4.109090909090909e-14,4e-10,-40,1.8e-07,3,1.59642e-06
0.7,4.109090909090909e-14,4e-10,-40,3.6e-07,3,2.92499e-06
0.7,4.109090909090909e-14,4e-10,-25,1.8e-07,3,1.36162e-06
0.7,4.109090909090909e-14,4e-10,-25,3.6e-07,3,2.54641e-06
0.7,4.109090909090909e-14,4e-10,0,1.8e-07,3,1.08031e-06
0.7,4.109090909090909e-14,4e-10,0,3.6e-07,3,2.062e-06
0.7,4.109090909090909e-14,4e-10,25,1.8e-07,3,8.86093e-07
0.7,4.109090909090909e-14,4e-10,25,3.6e-07,3,1.71491e-06
0.7,4.109090909090909e-14,4e-10,75,1.8e-07,3,6.40296e-07
0.7,4.109090909090909e-14,4e-10,75,3.6e-07,3,1.26132e-06
0.7,4.109090909090909e-14,4e-10,100,1.8e-07,3,5.58953e-07
0.7,4.109090909090909e-14,4e-10,100,3.6e-07,3,1.10767e-06
0.7,4.109090909090909e-14,4e-10,125,1.8e-07,3,4.94784e-07
0.7,4.109090909090909e-14,4e-10,125,3.6e-07,3,9.85084e-07
0.7,4.5545454545454544e-14,1e-11,-40,1.8e-07,3,3.63405e-06
0.7,4.5545454545454544e-14,1e-11,-40,3.6e-07,3,3.83198e-06
0.7,4.5545454545454544e-14,1e-11,-25,1.8e-07,3,3.37495e-06
0.7,4.5545454545454544e-14,1e-11,-25,3.6e-07,3,3.83168e-06
0.7,4.5545454545454544e-14,1e-11,0,1.8e-07,3,2.81997e-06
0.7,4.5545454545454544e-14,1e-11,0,3.6e-07,3,3.79932e-06
0.7,4.5545454545454544e-14,1e-11,25,1.8e-07,3,2.34413e-06
0.7,4.5545454545454544e-14,1e-11,25,3.6e-07,3,3.66376e-06
0.7,4.5545454545454544e-14,1e-11,75,1.8e-07,3,1.69814e-06
0.7,4.5545454545454544e-14,1e-11,75,3.6e-07,3,3.07304e-06
0.7,4.5545454545454544e-14,1e-11,100,1.8e-07,3,1.47659e-06
0.7,4.5545454545454544e-14,1e-11,100,3.6e-07,3,2.74794e-06
0.7,4.5545454545454544e-14,1e-11,125,1.8e-07,3,1.2991e-06
0.7,4.5545454545454544e-14,1e-11,125,3.6e-07,3,2.45833e-06
0.7,4.5545454545454544e-14,5e-11,-40,1.8e-07,3,3.55754e-06
0.7,4.5545454545454544e-14,5e-11,-40,3.6e-07,3,3.82493e-06
0.7,4.5545454545454544e-14,5e-11,-25,1.8e-07,3,3.24222e-06
0.7,4.5545454545454544e-14,5e-11,-25,3.6e-07,3,3.82195e-06
0.7,4.5545454545454544e-14,5e-11,0,1.8e-07,3,2.66442e-06
0.7,4.5545454545454544e-14,5e-11,0,3.6e-07,3,3.76836e-06
0.7,4.5545454545454544e-14,5e-11,25,1.8e-07,3,2.20502e-06
0.7,4.5545454545454544e-14,5e-11,25,3.6e-07,3,3.58435e-06
0.7,4.5545454545454544e-14,5e-11,75,1.8e-07,3,1.59214e-06
0.7,4.5545454545454544e-14,5e-11,75,3.6e-07,3,2.92352e-06
0.7,4.5545454545454544e-14,5e-11,100,1.8e-07,3,1.38323e-06
0.7,4.5545454545454544e-14,5e-11,100,3.6e-07,3,2.59726e-06
0.7,4.5545454545454544e-14,5e-11,125,1.8e-07,3,1.21628e-06
0.7,4.5545454545454544e-14,5e-11,125,3.6e-07,3,2.31613e-06
0.7,4.5545454545454544e-14,1e-10,-40,1.8e-07,3,3.41994e-06
0.7,4.5545454545454544e-14,1e-10,-40,3.6e-07,3,3.82146e-06
0.7,4.5545454545454544e-14,1e-10,-25,1.8e-07,3,3.04255e-06
0.7,4.5545454545454544e-14,1e-10,-25,3.6e-07,3,3.81228e-06
0.7,4.5545454545454544e-14,1e-10,0,1.8e-07,3,2.46335e-06
0.7,4.5545454545454544e-14,1e-10,0,3.6e-07,3,3.71648e-06
0.7,4.5545454545454544e-14,1e-10,25,1.8e-07,3,2.03123e-06
0.7,4.5545454545454544e-14,1e-10,25,3.6e-07,3,3.45724e-06
0.7,4.5545454545454544e-14,1e-10,75,1.8e-07,3,1.46244e-06
0.7,4.5545454545454544e-14,1e-10,75,3.6e-07,3,2.72609e-06
0.7,4.5545454545454544e-14,1e-10,100,1.8e-07,3,1.26968e-06
0.7,4.5545454545454544e-14,1e-10,100,3.6e-07,3,2.40728e-06
0.7,4.5545454545454544e-14,1e-10,125,1.8e-07,3,1.11595e-06
0.7,4.5545454545454544e-14,1e-10,125,3.6e-07,3,2.14079e-06
0.7,4.5545454545454544e-14,2e-10,-40,1.8e-07,3,2.95591e-06
0.7,4.5545454545454544e-14,2e-10,-40,3.6e-07,3,3.80722e-06
0.7,4.5545454545454544e-14,2e-10,-25,1.8e-07,3,2.54835e-06
0.7,4.5545454545454544e-14,2e-10,-25,3.6e-07,3,3.75376e-06
0.7,4.5545454545454544e-14,2e-10,0,1.8e-07,3,2.03515e-06
0.7,4.5545454545454544e-14,2e-10,0,3.6e-07,3,3.48128e-06
0.7,4.5545454545454544e-14,2e-10,25,1.8e-07,3,1.67022e-06
0.7,4.5545454545454544e-14,2e-10,25,3.6e-07,3,3.04894e-06
0.7,4.5545454545454544e-14,2e-10,75,1.8e-07,3,1.19826e-06
0.7,4.5545454545454544e-14,2e-10,75,3.6e-07,3,2.28438e-06
0.7,4.5545454545454544e-14,2e-10,100,1.8e-07,3,1.03989e-06
0.7,4.5545454545454544e-14,2e-10,100,3.6e-07,3,2.00503e-06
0.7,4.5545454545454544e-14,2e-10,125,1.8e-07,3,9.14107e-07
0.7,4.5545454545454544e-14,2e-10,125,3.6e-07,3,1.77782e-06
0.7,4.5545454545454544e-14,4e-10,-40,1.8e-07,3,1.61081e-06
0.7,4.5545454545454544e-14,4e-10,-40,3.6e-07,3,2.99689e-06
0.7,4.5545454545454544e-14,4e-10,-25,1.8e-07,3,1.37239e-06
0.7,4.5545454545454544e-14,4e-10,-25,3.6e-07,3,2.59237e-06
0.7,4.5545454545454544e-14,4e-10,0,1.8e-07,3,1.08724e-06
0.7,4.5545454545454544e-14,4e-10,0,3.6e-07,3,2.09022e-06
0.7,4.5545454545454544e-14,4e-10,25,1.8e-07,3,8.9078e-07
0.7,4.5545454545454544e-14,4e-10,25,3.6e-07,3,1.73388e-06
0.7,4.5545454545454544e-14,4e-10,75,1.8e-07,3,6.42756e-07
0.7,4.5545454545454544e-14,4e-10,75,3.6e-07,3,1.27122e-06
0.7,4.5545454545454544e-14,4e-10,100,1.8e-07,3,5.60857e-07
0.7,4.5545454545454544e-14,4e-10,100,3.6e-07,3,1.11524e-06
0.7,4.5545454545454544e-14,4e-10,125,1.8e-07,3,4.96292e-07
0.7,4.5545454545454544e-14,4e-10,125,3.6e-07,3,9.91045e-07
0.7,5e-14,1e-11,-40,1.8e-07,3,3.87166e-06
0.7,5e-14,1e-11,-40,3.6e-07,3,4.19512e-06
0.7,5e-14,1e-11,-25,1.8e-07,3,3.50987e-06
0.7,5e-14,1e-11,-25,3.6e-07,3,4.19062e-06
0.7,5e-14,1e-11,0,1.8e-07,3,2.87345e-06
0.7,5e-14,1e-11,0,3.6e-07,3,4.12275e-06
0.7,5e-14,1e-11,25,1.8e-07,3,2.37581e-06
0.7,5e-14,1e-11,25,3.6e-07,3,3.90266e-06
0.7,5e-14,1e-11,75,1.8e-07,3,1.71343e-06
0.7,5e-14,1e-11,75,3.6e-07,3,3.15824e-06
0.7,5e-14,1e-11,100,1.8e-07,3,1.48791e-06
0.7,5e-14,1e-11,100,3.6e-07,3,2.80113e-06
0.7,5e-14,1e-11,125,1.8e-07,3,1.30772e-06
0.7,5e-14,1e-11,125,3.6e-07,3,2.49542e-06
0.7,5e-14,5e-11,-40,1.8e-07,3,3.75453e-06
0.7,5e-14,5e-11,-40,3.6e-07,3,4.18753e-06
0.7,5e-14,5e-11,-25,1.8e-07,3,3.34423e-06
0.7,5e-14,5e-11,-25,3.6e-07,3,4.17736e-06
0.7,5e-14,5e-11,0,1.8e-07,3,2.70834e-06
0.7,5e-14,5e-11,0,3.6e-07,3,4.07286e-06
0.7,5e-14,5e-11,25,1.8e-07,3,2.23228e-06
0.7,5e-14,5e-11,25,3.6e-07,3,3.7907e-06
0.7,5e-14,5e-11,75,1.8e-07,3,1.6055e-06
0.7,5e-14,5e-11,75,3.6e-07,3,2.99124e-06
0.7,5e-14,5e-11,100,1.8e-07,3,1.39315e-06
0.7,5e-14,5e-11,100,3.6e-07,3,2.64087e-06
0.7,5e-14,5e-11,125,1.8e-07,3,1.22384e-06
0.7,5e-14,5e-11,125,3.6e-07,3,2.34754e-06
0.7,5e-14,1e-10,-40,1.8e-07,3,3.55981e-06
0.7,5e-14,1e-10,-40,3.6e-07,3,4.18241e-06
0.7,5e-14,1e-10,-25,1.8e-07,3,3.11161e-06
0.7,5e-14,1e-10,-25,3.6e-07,3,4.15896e-06
0.7,5e-14,1e-10,0,1.8e-07,3,2.4983e-06
0.7,5e-14,1e-10,0,3.6e-07,3,3.98726e-06
0.7,5e-14,1e-10,25,1.8e-07,3,2.05367e-06
0.7,5e-14,1e-10,25,3.6e-07,3,3.618e-06
0.7,5e-14,1e-10,75,1.8e-07,3,1.4736e-06
0.7,5e-14,1e-10,75,3.6e-07,3,2.77672e-06
0.7,5e-14,1e-10,100,1.8e-07,3,1.27798e-06
0.7,5e-14,1e-10,100,3.6e-07,3,2.44201e-06
0.7,5e-14,1e-10,125,1.8e-07,3,1.12229e-06
0.7,5e-14,1e-10,125,3.6e-07,3,2.16656e-06
0.7,5e-14,2e-10,-40,1.8e-07,3,3.00983e-06
0.7,5e-14,2e-10,-40,3.6e-07,3,4.15283e-06
0.7,5e-14,2e-10,-25,1.8e-07,3,2.58425e-06
0.7,5e-14,2e-10,-25,3.6e-07,3,4.04943e-06
0.7,5e-14,2e-10,0,1.8e-07,3,2.05707e-06
0.7,5e-14,2e-10,0,3.6e-07,3,3.64263e-06
0.7,5e-14,2e-10,25,1.8e-07,3,1.68477e-06
0.7,5e-14,2e-10,25,3.6e-07,3,3.12384e-06
0.7,5e-14,2e-10,75,1.8e-07,3,1.20559e-06
0.7,5e-14,2e-10,75,3.6e-07,3,2.31445e-06
0.7,5e-14,2e-10,100,1.8e-07,3,1.04537e-06
0.7,5e-14,2e-10,100,3.6e-07,3,2.02711e-06
0.7,5e-14,2e-10,125,1.8e-07,3,9.18321e-07
0.7,5e-14,2e-10,125,3.6e-07,3,1.79467e-06
0.7,5e-14,4e-10,-40,1.8e-07,3,1.62264e-06
0.7,5e-14,4e-10,-40,3.6e-07,3,3.04995e-06
0.7,5e-14,4e-10,-25,1.8e-07,3,1.38127e-06
0.7,5e-14,4e-10,-25,3.6e-07,3,2.62945e-06
0.7,5e-14,4e-10,0,1.8e-07,3,1.09296e-06
0.7,5e-14,4e-10,0,3.6e-07,3,2.1135e-06
0.7,5e-14,4e-10,25,1.8e-07,3,8.94657e-07
0.7,5e-14,4e-10,25,3.6e-07,3,1.7496e-06
0.7,5e-14,4e-10,75,1.8e-07,3,6.44815e-07
0.7,5e-14,4e-10,75,3.6e-07,3,1.27948e-06
0.7,5e-14,4e-10,100,1.8e-07,3,5.62461e-07
0.7,5e-14,4e-10,100,3.6e-07,3,1.12157e-06
0.7,5e-14,4e-10,125,1.8e-07,3,4.97596e-07
0.7,5e-14,4e-10,125,3.6e-07,3,9.96064e-07
0.7999999999999999,1e-15,1e-11,-40,1.8e-07,3,1.89165e-07
0.7999999999999999,1e-15,1e-11,-40,3.6e-07,3,2.54568e-07
0.7999999999999999,1e-15,1e-11,-25,1.8e-07,3,1.9138e-07
0.7999999999999999,1e-15,1e-11,-25,3.6e-07,3,2.58973e-07
0.7999999999999999,1e-15,1e-11,0,1.8e-07,3,1.94635e-07
0.7999999999999999,1e-15,1e-11,0,3.6e-07,3,2.65461e-07
0.7999999999999999,1e-15,1e-11,25,1.8e-07,3,1.97695e-07
0.7999999999999999,1e-15,1e-11,25,3.6e-07,3,2.71562e-07
0.7999999999999999,1e-15,1e-11,75,1.8e-07,3,2.03566e-07
0.7999999999999999,1e-15,1e-11,75,3.6e-07,3,2.82939e-07
0.7999999999999999,1e-15,1e-11,100,1.8e-07,3,2.06341e-07
0.7999999999999999,1e-15,1e-11,100,3.6e-07,3,2.88222e-07
0.7999999999999999,1e-15,1e-11,125,1.8e-07,3,2.08839e-07
0.7999999999999999,1e-15,1e-11,125,3.6e-07,3,2.9296e-07
0.7999999999999999,1e-15,5e-11,-40,1.8e-07,3,1.79301e-07
0.7999999999999999,1e-15,5e-11,-40,3.6e-07,3,2.35519e-07
0.7999999999999999,1e-15,5e-11,-25,1.8e-07,3,1.81421e-07
0.7999999999999999,1e-15,5e-11,-25,3.6e-07,3,2.39469e-07
0.7999999999999999,1e-15,5e-11,0,1.8e-07,3,1.84731e-07
0.7999999999999999,1e-15,5e-11,0,3.6e-07,3,2.45447e-07
0.7999999999999999,1e-15,5e-11,25,1.8e-07,3,1.87912e-07
0.7999999999999999,1e-15,5e-11,25,3.6e-07,3,2.51303e-07
0.7999999999999999,1e-15,5e-11,75,1.8e-07,3,1.93901e-07
0.7999999999999999,1e-15,5e-11,75,3.6e-07,3,2.62618e-07
0.7999999999999999,1e-15,5e-11,100,1.8e-07,3,1.967e-07
0.7999999999999999,1e-15,5e-11,100,3.6e-07,3,2.67981e-07
0.7999999999999999,1e-15,5e-11,125,1.8e-07,3,1.99254e-07
0.7999999999999999,1e-15,5e-11,125,3.6e-07,3,2.72882e-07
0.7999999999999999,1e-15,1e-10,-40,1.8e-07,3,1.77267e-07
0.7999999999999999,1e-15,1e-10,-40,3.6e-07,3,2.3248e-07
0.7999999999999999,1e-15,1e-10,-25,1.8e-07,3,1.78959e-07
0.7999999999999999,1e-15,1e-10,-25,3.6e-07,3,2.35326e-07
0.7999999999999999,1e-15,1e-10,0,1.8e-07,3,1.81798e-07
0.7999999999999999,1e-15,1e-10,0,3.6e-07,3,2.40309e-07
0.7999999999999999,1e-15,1e-10,25,1.8e-07,3,1.84667e-07
0.7999999999999999,1e-15,1e-10,25,3.6e-07,3,2.45428e-07
0.7999999999999999,1e-15,1e-10,75,1.8e-07,3,1.90263e-07
0.7999999999999999,1e-15,1e-10,75,3.6e-07,3,2.55573e-07
0.7999999999999999,1e-15,1e-10,100,1.8e-07,3,1.92956e-07
0.7999999999999999,1e-15,1e-10,100,3.6e-07,3,2.60507e-07
0.7999999999999999,1e-15,1e-10,125,1.8e-07,3,1.95406e-07
0.7999999999999999,1e-15,1e-10,125,3.6e-07,3,2.64983e-07
0.7999999999999999,1e-15,2e-10,-40,1.8e-07,3,1.7809e-07
0.7999999999999999,1e-15,2e-10,-40,3.6e-07,3,2.33655e-07
0.7999999999999999,1e-15,2e-10,-25,1.8e-07,3,1.79034e-07
0.7999999999999999,1e-15,2e-10,-25,3.6e-07,3,2.35432e-07
0.7999999999999999,1e-15,2e-10,0,1.8e-07,3,1.81153e-07
0.7999999999999999,1e-15,2e-10,0,3.6e-07,3,2.39238e-07
0.7999999999999999,1e-15,2e-10,25,1.8e-07,3,1.83474e-07
0.7999999999999999,1e-15,2e-10,25,3.6e-07,3,2.43468e-07
0.7999999999999999,1e-15,2e-10,75,1.8e-07,3,1.88373e-07
0.7999999999999999,1e-15,2e-10,75,3.6e-07,3,2.52195e-07
0.7999999999999999,1e-15,2e-10,100,1.8e-07,3,1.90804e-07
0.7999999999999999,1e-15,2e-10,100,3.6e-07,3,2.56439e-07
0.7999999999999999,1e-15,2e-10,125,1.8e-07,3,1.93015e-07
0.7999999999999999,1e-15,2e-10,125,3.6e-07,3,2.60381e-07
0.7999999999999999,1e-15,4e-10,-40,1.8e-07,3,1.84114e-07
0.7999999999999999,1e-15,4e-10,-40,3.6e-07,3,2.4259e-07
0.7999999999999999,1e-15,4e-10,-25,1.8e-07,3,1.83686e-07
0.7999999999999999,1e-15,4e-10,-25,3.6e-07,3,2.42346e-07
0.7999999999999999,1e-15,4e-10,0,1.8e-07,3,1.84628e-07
0.7999999999999999,1e-15,4e-10,0,3.6e-07,3,2.444e-07
0.7999999999999999,1e-15,4e-10,25,1.8e-07,3,1.86286e-07
0.7999999999999999,1e-15,4e-10,25,3.6e-07,3,2.47579e-07
0.7999999999999999,1e-15,4e-10,75,1.8e-07,3,1.90289e-07
0.7999999999999999,1e-15,4e-10,75,3.6e-07,3,2.54822e-07
0.7999999999999999,1e-15,4e-10,100,1.8e-07,3,1.92309e-07
0.7999999999999999,1e-15,4e-10,100,3.6e-07,3,2.58471e-07
0.7999999999999999,1e-15,4e-10,125,1.8e-07,3,1.94175e-07
0.7999999999999999,1e-15,4e-10,125,3.6e-07,3,2.61865e-07
0.7999999999999999,5.454545454545455e-15,1e-11,-40,1.8e-07,3,6.66744e-07
0.7999999999999999,5.454545454545455e-15,1e-11,-40,3.6e-07,3,7.34899e-07
0.7999999999999999,5.454545454545455e-15,1e-11,-25,1.8e-07,3,6.68603e-07
0.7999999999999999,5.454545454545455e-15,1e-11,-25,3.6e-07,3,7.38488e-07
0.7999999999999999,5.454545454545455e-15,1e-11,0,1.8e-07,3,6.71262e-07
0.7999999999999999,5.454545454545455e-15,1e-11,0,3.6e-07,3,7.43921e-07
0.7999999999999999,5.454545454545455e-15,1e-11,25,1.8e-07,3,6.73957e-07
0.7999999999999999,5.454545454545455e-15,1e-11,25,3.6e-07,3,7.49283e-07
0.7999999999999999,5.454545454545455e-15,1e-11,75,1.8e-07,3,6.79257e-07
0.7999999999999999,5.454545454545455e-15,1e-11,75,3.6e-07,3,7.59484e-07
0.7999999999999999,5.454545454545455e-15,1e-11,100,1.8e-07,3,6.8171e-07
0.7999999999999999,5.454545454545455e-15,1e-11,100,3.6e-07,3,7.6429e-07
0.7999999999999999,5.454545454545455e-15,1e-11,125,1.8e-07,3,6.83899e-07
0.7999999999999999,5.454545454545455e-15,1e-11,125,3.6e-07,3,7.68568e-07
0.7999999999999999,5.454545454545455e-15,5e-11,-40,1.8e-07,3,6.59219e-07
0.7999999999999999,5.454545454545455e-15,5e-11,-40,3.6e-07,3,7.1839e-07
0.7999999999999999,5.454545454545455e-15,5e-11,-25,1.8e-07,3,6.61283e-07
0.7999999999999999,5.454545454545455e-15,5e-11,-25,3.6e-07,3,7.22438e-07
0.7999999999999999,5.454545454545455e-15,5e-11,0,1.8e-07,3,6.64218e-07
0.7999999999999999,5.454545454545455e-15,5e-11,0,3.6e-07,3,7.28495e-07
0.7999999999999999,5.454545454545455e-15,5e-11,25,1.8e-07,3,6.66969e-07
0.7999999999999999,5.454545454545455e-15,5e-11,25,3.6e-07,3,7.34103e-07
0.7999999999999999,5.454545454545455e-15,5e-11,75,1.8e-07,3,6.72081e-07
0.7999999999999999,5.454545454545455e-15,5e-11,75,3.6e-07,3,7.44213e-07
0.7999999999999999,5.454545454545455e-15,5e-11,100,1.8e-07,3,6.74427e-07
0.7999999999999999,5.454545454545455e-15,5e-11,100,3.6e-07,3,7.48883e-07
0.7999999999999999,5.454545454545455e-15,5e-11,125,1.8e-07,3,6.76515e-07
0.7999999999999999,5.454545454545455e-15,5e-11,125,3.6e-07,3,7.53113e-07
0.7999999999999999,5.454545454545455e-15,1e-10,-40,1.8e-07,3,6.55881e-07
0.7999999999999999,5.454545454545455e-15,1e-10,-40,3.6e-07,3,7.11976e-07
0.7999999999999999,5.454545454545455e-15,1e-10,-25,1.8e-07,3,6.58063e-07
0.7999999999999999,5.454545454545455e-15,1e-10,-25,3.6e-07,3,7.15814e-07
0.7999999999999999,5.454545454545455e-15,1e-10,0,1.8e-07,3,6.61174e-07
0.7999999999999999,5.454545454545455e-15,1e-10,0,3.6e-07,3,7.21848e-07
0.7999999999999999,5.454545454545455e-15,1e-10,25,1.8e-07,3,6.64023e-07
0.7999999999999999,5.454545454545455e-15,1e-10,25,3.6e-07,3,7.27571e-07
0.7999999999999999,5.454545454545455e-15,1e-10,75,1.8e-07,3,6.69155e-07
0.7999999999999999,5.454545454545455e-15,1e-10,75,3.6e-07,3,7.37832e-07
0.7999999999999999,5.454545454545455e-15,1e-10,100,1.8e-07,3,6.71487e-07
0.7999999999999999,5.454545454545455e-15,1e-10,100,3.6e-07,3,7.42445e-07
0.7999999999999999,5.454545454545455e-15,1e-10,125,1.8e-07,3,6.73429e-07
0.7999999999999999,5.454545454545455e-15,1e-10,125,3.6e-07,3,7.4656e-07
0.7999999999999999,5.454545454545455e-15,2e-10,-40,1.8e-07,3,6.5377e-07
0.7999999999999999,5.454545454545455e-15,2e-10,-40,3.6e-07,3,7.08503e-07
0.7999999999999999,5.454545454545455e-15,2e-10,-25,1.8e-07,3,6.55648e-07
0.7999999999999999,5.454545454545455e-15,2e-10,-25,3.6e-07,3,7.11462e-07
0.7999999999999999,5.454545454545455e-15,2e-10,0,1.8e-07,3,6.58509e-07
0.7999999999999999,5.454545454545455e-15,2e-10,0,3.6e-07,3,7.16792e-07
0.7999999999999999,5.454545454545455e-15,2e-10,25,1.8e-07,3,6.61294e-07
0.7999999999999999,5.454545454545455e-15,2e-10,25,3.6e-07,3,7.22021e-07
0.7999999999999999,5.454545454545455e-15,2e-10,75,1.8e-07,3,6.66375e-07
0.7999999999999999,5.454545454545455e-15,2e-10,75,3.6e-07,3,7.31808e-07
0.7999999999999999,5.454545454545455e-15,2e-10,100,1.8e-07,3,6.68526e-07
0.7999999999999999,5.454545454545455e-15,2e-10,100,3.6e-07,3,7.36297e-07
0.7999999999999999,5.454545454545455e-15,2e-10,125,1.8e-07,3,6.7002e-07
0.7999999999999999,5.454545454545455e-15,2e-10,125,3.6e-07,3,7.40304e-07
0.7999999999999999,5.454545454545455e-15,4e-10,-40,1.8e-07,3,6.54679e-07
0.7999999999999999,5.454545454545455e-15,4e-10,-40,3.6e-07,3,7.10509e-07
0.7999999999999999,5.454545454545455e-15,4e-10,-25,1.8e-07,3,6.55474e-07
0.7999999999999999,5.454545454545455e-15,4e-10,-25,3.6e-07,3,7.11698e-07
0.7999999999999999,5.454545454545455e-15,4e-10,0,1.8e-07,3,6.57493e-07
0.7999999999999999,5.454545454545455e-15,4e-10,0,3.6e-07,3,7.15199e-07
0.7999999999999999,5.454545454545455e-15,4e-10,25,1.8e-07,3,6.59732e-07
0.7999999999999999,5.454545454545455e-15,4e-10,25,3.6e-07,3,7.19418e-07
0.7999999999999999,5.454545454545455e-15,4e-10,75,1.8e-07,3,6.61041e-07
0.7999999999999999,5.454545454545455e-15,4e-10,75,3.6e-07,3,7.27849e-07
0.7999999999999999,5.454545454545455e-15,4e-10,100,1.8e-07,3,6.56081e-07
0.7999999999999999,5.454545454545455e-15,4e-10,100,3.6e-07,3,7.31878e-07
0.7999999999999999,5.454545454545455e-15,4e-10,125,1.8e-07,3,6.44423e-07
0.7999999999999999,5.454545454545455e-15,4e-10,125,3.6e-07,3,7.35299e-07
0.7999999999999999,9.909090909090907e-15,1e-11,-40,1.8e-07,3,1.14224e-06
0.7999999999999999,9.909090909090907e-15,1e-11,-40,3.6e-07,3,1.21095e-06
0.7999999999999999,9.909090909090907e-15,1e-11,-25,1.8e-07,3,1.14391e-06
0.7999999999999999,9.909090909090907e-15,1e-11,-25,3.6e-07,3,1.2143e-06
0.7999999999999999,9.909090909090907e-15,1e-11,0,1.8e-07,3,1.14653e-06
0.7999999999999999,9.909090909090907e-15,1e-11,0,3.6e-07,3,1.21949e-06
0.7999999999999999,9.909090909090907e-15,1e-11,25,1.8e-07,3,1.1491e-06
0.7999999999999999,9.909090909090907e-15,1e-11,25,3.6e-07,3,1.22449e-06
0.7999999999999999,9.909090909090907e-15,1e-11,75,1.8e-07,3,1.15387e-06
0.7999999999999999,9.909090909090907e-15,1e-11,75,3.6e-07,3,1.23444e-06
0.7999999999999999,9.909090909090907e-15,1e-11,100,1.8e-07,3,1.15484e-06
0.7999999999999999,9.909090909090907e-15,1e-11,100,3.6e-07,3,1.23905e-06
0.7999999999999999,9.909090909090907e-15,1e-11,125,1.8e-07,3,1.15274e-06
0.7999999999999999,9.909090909090907e-15,1e-11,125,3.6e-07,3,1.24312e-06
0.7999999999999999,9.909090909090907e-15,5e-11,-40,1.8e-07,3,1.1358e-06
0.7999999999999999,9.909090909090907e-15,5e-11,-40,3.6e-07,3,1.19669e-06
0.7999999999999999,9.909090909090907e-15,5e-11,-25,1.8e-07,3,1.1376e-06
0.7999999999999999,9.909090909090907e-15,5e-11,-25,3.6e-07,3,1.20047e-06
0.7999999999999999,9.909090909090907e-15,5e-11,0,1.8e-07,3,1.14033e-06
0.7999999999999999,9.909090909090907e-15,5e-11,0,3.6e-07,3,1.20599e-06
0.7999999999999999,9.909090909090907e-15,5e-11,25,1.8e-07,3,1.14287e-06
0.7999999999999999,9.909090909090907e-15,5e-11,25,3.6e-07,3,1.21107e-06
0.7999999999999999,9.909090909090907e-15,5e-11,75,1.8e-07,3,1.14702e-06
0.7999999999999999,9.909090909090907e-15,5e-11,75,3.6e-07,3,1.22057e-06
0.7999999999999999,9.909090909090907e-15,5e-11,100,1.8e-07,3,1.14704e-06
0.7999999999999999,9.909090909090907e-15,5e-11,100,3.6e-07,3,1.22493e-06
0.7999999999999999,9.909090909090907e-15,5e-11,125,1.8e-07,3,1.14307e-06
0.7999999999999999,9.909090909090907e-15,5e-11,125,3.6e-07,3,1.22883e-06
0.7999999999999999,9.909090909090907e-15,1e-10,-40,1.8e-07,3,1.13291e-06
0.7999999999999999,9.909090909090907e-15,1e-10,-40,3.6e-07,3,1.19032e-06
0.7999999999999999,9.909090909090907e-15,1e-10,-25,1.8e-07,3,1.13484e-06
0.7999999999999999,9.909090909090907e-15,1e-10,-25,3.6e-07,3,1.19431e-06
0.7999999999999999,9.909090909090907e-15,1e-10,0,1.8e-07,3,1.13774e-06
0.7999999999999999,9.909090909090907e-15,1e-10,0,3.6e-07,3,1.20023e-06
0.7999999999999999,9.909090909090907e-15,1e-10,25,1.8e-07,3,1.14035e-06
0.7999999999999999,9.909090909090907e-15,1e-10,25,3.6e-07,3,1.20547e-06
0.7999999999999999,9.909090909090907e-15,1e-10,75,1.8e-07,3,1.14387e-06
0.7999999999999999,9.909090909090907e-15,1e-10,75,3.6e-07,3,1.21507e-06
0.7999999999999999,9.909090909090907e-15,1e-10,100,1.8e-07,3,1.14213e-06
0.7999999999999999,9.909090909090907e-15,1e-10,100,3.6e-07,3,1.21935e-06
0.7999999999999999,9.909090909090907e-15,1e-10,125,1.8e-07,3,1.1346e-06
0.7999999999999999,9.909090909090907e-15,1e-10,125,3.6e-07,3,1.22307e-06
0.7999999999999999,9.909090909090907e-15,2e-10,-40,1.8e-07,3,1.13034e-06
0.7999999999999999,9.909090909090907e-15,2e-10,-40,3.6e-07,3,1.18562e-06
0.7999999999999999,9.909090909090907e-15,2e-10,-25,1.8e-07,3,1.13222e-06
0.7999999999999999,9.909090909090907e-15,2e-10,-25,3.6e-07,3,1.18906e-06
0.7999999999999999,9.909090909090907e-15,2e-10,0,1.8e-07,3,1.13513e-06
0.7999999999999999,9.909090909090907e-15,2e-10,0,3.6e-07,3,1.1946e-06
0.7999999999999999,9.909090909090907e-15,2e-10,25,1.8e-07,3,1.13767e-06
0.7999999999999999,9.909090909090907e-15,2e-10,25,3.6e-07,3,1.19987e-06
0.7999999999999999,9.909090909090907e-15,2e-10,75,1.8e-07,3,1.13702e-06
0.7999999999999999,9.909090909090907e-15,2e-10,75,3.6e-07,3,1.20945e-06
0.7999999999999999,9.909090909090907e-15,2e-10,100,1.8e-07,3,1.12728e-06
0.7999999999999999,9.909090909090907e-15,2e-10,100,3.6e-07,3,1.21363e-06
0.7999999999999999,9.909090909090907e-15,2e-10,125,1.8e-07,3,1.10619e-06
0.7999999999999999,9.909090909090907e-15,2e-10,125,3.6e-07,3,1.21706e-06
0.7999999999999999,9.909090909090907e-15,4e-10,-40,1.8e-07,3,1.12942e-06
0.7999999999999999,9.909090909090907e-15,4e-10,-40,3.6e-07,3,1.18442e-06
0.7999999999999999,9.909090909090907e-15,4e-10,-25,1.8e-07,3,1.13048e-06
0.7999999999999999,9.909090909090907e-15,4e-10,-25,3.6e-07,3,1.18641e-06
0.7999999999999999,9.909090909090907e-15,4e-10,0,1.8e-07,3,1.1306e-06
0.7999999999999999,9.909090909090907e-15,4e-10,0,3.6e-07,3,1.19069e-06
0.7999999999999999,9.909090909090907e-15,4e-10,25,1.8e-07,3,1.11985e-06
0.7999999999999999,9.909090909090907e-15,4e-10,25,3.6e-07,3,1.19523e-06
0.7999999999999999,9.909090909090907e-15,4e-10,75,1.8e-07,3,1.02316e-06
0.7999999999999999,9.909090909090907e-15,4e-10,75,3.6e-07,3,1.2018e-06
0.7999999999999999,9.909090909090907e-15,4e-10,100,1.8e-07,3,9.41772e-07
0.7999999999999999,9.909090909090907e-15,4e-10,100,3.6e-07,3,1.19972e-06
0.7999999999999999,9.909090909090907e-15,4e-10,125,1.8e-07,3,8.56873e-07
0.7999999999999999,9.909090909090907e-15,4e-10,125,3.6e-07,3,1.1897e-06
0.7999999999999999,1.436363636363636e-14,1e-11,-40,1.8e-07,3,1.6175e-06
0.7999999999999999,1.436363636363636e-14,1e-11,-40,3.6e-07,3,1.68641e-06
0.7999999999999999,1.436363636363636e-14,1e-11,-25,1.8e-07,3,1.6191e-06
0.7999999999999999,1.436363636363636e-14,1e-11,-25,3.6e-07,3,1.68959e-06
0.7999999999999999,1.436363636363636e-14,1e-11,0,1.8e-07,3,1.62164e-06
0.7999999999999999,1.436363636363636e-14,1e-11,0,3.6e-07,3,1.69461e-06
0.7999999999999999,1.436363636363636e-14,1e-11,25,1.8e-07,3,1.62394e-06
0.7999999999999999,1.436363636363636e-14,1e-11,25,3.6e-07,3,1.69954e-06
0.7999999999999999,1.436363636363636e-14,1e-11,75,1.8e-07,3,1.62038e-06
0.7999999999999999,1.436363636363636e-14,1e-11,75,3.6e-07,3,1.70925e-06
0.7999999999999999,1.436363636363636e-14,1e-11,100,1.8e-07,3,1.60476e-06
0.7999999999999999,1.436363636363636e-14,1e-11,100,3.6e-07,3,1.71362e-06
0.7999999999999999,1.436363636363636e-14,1e-11,125,1.8e-07,3,1.57253e-06
0.7999999999999999,1.436363636363636e-14,1e-11,125,3.6e-07,3,1.71705e-06
0.7999999999999999,1.436363636363636e-14,5e-11,-40,1.8e-07,3,1.61164e-06
0.7999999999999999,1.436363636363636e-14,5e-11,-40,3.6e-07,3,1.67347e-06
0.7999999999999999,1.436363636363636e-14,5e-11,-25,1.8e-07,3,1.61328e-06
0.7999999999999999,1.436363636363636e-14,5e-11,-25,3.6e-07,3,1.67689e-06
0.7999999999999999,1.436363636363636e-14,5e-11,0,1.8e-07,3,1.61582e-06
0.7999999999999999,1.436363636363636e-14,5e-11,0,3.6e-07,3,1.68209e-06
0.7999999999999999,1.436363636363636e-14,5e-11,25,1.8e-07,3,1.61785e-06
0.7999999999999999,1.436363636363636e-14,5e-11,25,3.6e-07,3,1.68697e-06
0.7999999999999999,1.436363636363636e-14,5e-11,75,1.8e-07,3,1.60963e-06
0.7999999999999999,1.436363636363636e-14,5e-11,75,3.6e-07,3,1.69604e-06
0.7999999999999999,1.436363636363636e-14,5e-11,100,1.8e-07,3,1.58728e-06
0.7999999999999999,1.436363636363636e-14,5e-11,100,3.6e-07,3,1.70003e-06
0.7999999999999999,1.436363636363636e-14,5e-11,125,1.8e-07,3,1.54583e-06
0.7999999999999999,1.436363636363636e-14,5e-11,125,3.6e-07,3,1.70291e-06
0.7999999999999999,1.436363636363636e-14,1e-10,-40,1.8e-07,3,1.609e-06
0.7999999999999999,1.436363636363636e-14,1e-10,-40,3.6e-07,3,1.6677e-06
0.7999999999999999,1.436363636363636e-14,1e-10,-25,1.8e-07,3,1.61084e-06
0.7999999999999999,1.436363636363636e-14,1e-10,-25,3.6e-07,3,1.67137e-06
0.7999999999999999,1.436363636363636e-14,1e-10,0,1.8e-07,3,1.6135e-06
0.7999999999999999,1.436363636363636e-14,1e-10,0,3.6e-07,3,1.67694e-06
0.7999999999999999,1.436363636363636e-14,1e-10,25,1.8e-07,3,1.61514e-06
0.7999999999999999,1.436363636363636e-14,1e-10,25,3.6e-07,3,1.68198e-06
0.7999999999999999,1.436363636363636e-14,1e-10,75,1.8e-07,3,1.59822e-06
0.7999999999999999,1.436363636363636e-14,1e-10,75,3.6e-07,3,1.69099e-06
0.7999999999999999,1.436363636363636e-14,1e-10,100,1.8e-07,3,1.5649e-06
0.7999999999999999,1.436363636363636e-14,1e-10,100,3.6e-07,3,1.69463e-06
0.7999999999999999,1.436363636363636e-14,1e-10,125,1.8e-07,3,1.50967e-06
0.7999999999999999,1.436363636363636e-14,1e-10,125,3.6e-07,3,1.69663e-06
0.7999999999999999,1.436363636363636e-14,2e-10,-40,1.8e-07,3,1.60647e-06
0.7999999999999999,1.436363636363636e-14,2e-10,-40,3.6e-07,3,1.66246e-06
0.7999999999999999,1.436363636363636e-14,2e-10,-25,1.8e-07,3,1.60833e-06
0.7999999999999999,1.436363636363636e-14,2e-10,-25,3.6e-07,3,1.666e-06
0.7999999999999999,1.436363636363636e-14,2e-10,0,1.8e-07,3,1.61066e-06
0.7999999999999999,1.436363636363636e-14,2e-10,0,3.6e-07,3,1.67156e-06
0.7999999999999999,1.436363636363636e-14,2e-10,25,1.8e-07,3,1.60897e-06
0.7999999999999999,1.436363636363636e-14,2e-10,25,3.6e-07,3,1.67672e-06
0.7999999999999999,1.436363636363636e-14,2e-10,75,1.8e-07,3,1.55453e-06
0.7999999999999999,1.436363636363636e-14,2e-10,75,3.6e-07,3,1.68539e-06
0.7999999999999999,1.436363636363636e-14,2e-10,100,1.8e-07,3,1.48671e-06
0.7999999999999999,1.436363636363636e-14,2e-10,100,3.6e-07,3,1.6874e-06
0.7999999999999999,1.436363636363636e-14,2e-10,125,1.8e-07,3,1.39662e-06
0.7999999999999999,1.436363636363636e-14,2e-10,125,3.6e-07,3,1.68495e-06
0.7999999999999999,1.436363636363636e-14,4e-10,-40,1.8e-07,3,1.60391e-06
0.7999999999999999,1.436363636363636e-14,4e-10,-40,3.6e-07,3,1.65975e-06
0.7999999999999999,1.436363636363636e-14,4e-10,-25,1.8e-07,3,1.60041e-06
0.7999999999999999,1.436363636363636e-14,4e-10,-25,3.6e-07,3,1.66204e-06
0.7999999999999999,1.436363636363636e-14,4e-10,0,1.8e-07,3,1.56533e-06
0.7999999999999999,1.436363636363636e-14,4e-10,0,3.6e-07,3,1.66655e-06
0.7999999999999999,1.436363636363636e-14,4e-10,25,1.8e-07,3,1.46592e-06
0.7999999999999999,1.436363636363636e-14,4e-10,25,3.6e-07,3,1.66964e-06
0.7999999999999999,1.436363636363636e-14,4e-10,75,1.8e-07,3,1.16073e-06
0.7999999999999999,1.436363636363636e-14,4e-10,75,3.6e-07,3,1.64557e-06
0.7999999999999999,1.436363636363636e-14,4e-10,100,1.8e-07,3,1.02606e-06
0.7999999999999999,1.436363636363636e-14,4e-10,100,3.6e-07,3,1.60148e-06
0.7999999999999999,1.436363636363636e-14,4e-10,125,1.8e-07,3,9.13738e-07
0.7999999999999999,1.436363636363636e-14,4e-10,125,3.6e-07,3,1.53227e-06
0.7999999999999999,1.8818181818181816e-14,1e-11,-40,1.8e-07,3,2.09265e-06
0.7999999999999999,1.8818181818181816e-14,1e-11,-40,3.6e-07,3,2.16166e-06
0.7999999999999999,1.8818181818181816e-14,1e-11,-25,1.8e-07,3,2.09422e-06
0.7999999999999999,1.8818181818181816e-14,1e-11,-25,3.6e-07,3,2.16474e-06
0.7999999999999999,1.8818181818181816e-14,1e-11,0,1.8e-07,3,2.09646e-06
0.7999999999999999,1.8818181818181816e-14,1e-11,0,3.6e-07,3,2.16967e-06
0.7999999999999999,1.8818181818181816e-14,1e-11,25,1.8e-07,3,2.09607e-06
0.7999999999999999,1.8818181818181816e-14,1e-11,25,3.6e-07,3,2.17452e-06
0.7999999999999999,1.8818181818181816e-14,1e-11,75,1.8e-07,3,2.05021e-06
0.7999999999999999,1.8818181818181816e-14,1e-11,75,3.6e-07,3,2.18376e-06
0.7999999999999999,1.8818181818181816e-14,1e-11,100,1.8e-07,3,1.98288e-06
0.7999999999999999,1.8818181818181816e-14,1e-11,100,3.6e-07,3,2.18673e-06
0.7999999999999999,1.8818181818181816e-14,1e-11,125,1.8e-07,3,1.88604e-06
0.7999999999999999,1.8818181818181816e-14,1e-11,125,3.6e-07,3,2.18591e-06
0.7999999999999999,1.8818181818181816e-14,5e-11,-40,1.8e-07,3,2.08712e-06
0.7999999999999999,1.8818181818181816e-14,5e-11,-40,3.6e-07,3,2.14956e-06
0.7999999999999999,1.8818181818181816e-14,5e-11,-25,1.8e-07,3,2.08868e-06
0.7999999999999999,1.8818181818181816e-14,5e-11,-25,3.6e-07,3,2.15278e-06
0.7999999999999999,1.8818181818181816e-14,5e-11,0,1.8e-07,3,2.09064e-06
0.7999999999999999,1.8818181818181816e-14,5e-11,0,3.6e-07,3,2.15777e-06
0.7999999999999999,1.8818181818181816e-14,5e-11,25,1.8e-07,3,2.08829e-06
0.7999999999999999,1.8818181818181816e-14,5e-11,25,3.6e-07,3,2.16249e-06
0.7999999999999999,1.8818181818181816e-14,5e-11,75,1.8e-07,3,2.02331e-06
0.7999999999999999,1.8818181818181816e-14,5e-11,75,3.6e-07,3,2.17072e-06
0.7999999999999999,1.8818181818181816e-14,5e-11,100,1.8e-07,3,1.94056e-06
0.7999999999999999,1.8818181818181816e-14,5e-11,100,3.6e-07,3,2.17247e-06
0.7999999999999999,1.8818181818181816e-14,5e-11,125,1.8e-07,3,1.8287e-06
0.7999999999999999,1.8818181818181816e-14,5e-11,125,3.6e-07,3,2.16937e-06
0.7999999999999999,1.8818181818181816e-14,1e-10,-40,1.8e-07,3,2.0847e-06
0.7999999999999999,1.8818181818181816e-14,1e-10,-40,3.6e-07,3,2.14415e-06
0.7999999999999999,1.8818181818181816e-14,1e-10,-25,1.8e-07,3,2.08643e-06
0.7999999999999999,1.8818181818181816e-14,1e-10,-25,3.6e-07,3,2.14769e-06
0.7999999999999999,1.8818181818181816e-14,1e-10,0,1.8e-07,3,2.08787e-06
0.7999999999999999,1.8818181818181816e-14,1e-10,0,3.6e-07,3,2.15305e-06
0.7999999999999999,1.8818181818181816e-14,1e-10,25,1.8e-07,3,2.08155e-06
0.7999999999999999,1.8818181818181816e-14,1e-10,25,3.6e-07,3,2.15785e-06
0.7999999999999999,1.8818181818181816e-14,1e-10,75,1.8e-07,3,1.98487e-06
0.7999999999999999,1.8818181818181816e-14,1e-10,75,3.6e-07,3,2.16536e-06
0.7999999999999999,1.8818181818181816e-14,1e-10,100,1.8e-07,3,1.87987e-06
0.7999999999999999,1.8818181818181816e-14,1e-10,100,3.6e-07,3,2.16513e-06
0.7999999999999999,1.8818181818181816e-14,1e-10,125,1.8e-07,3,1.74978e-06
0.7999999999999999,1.8818181818181816e-14,1e-10,125,3.6e-07,3,2.15724e-06
0.7999999999999999,1.8818181818181816e-14,2e-10,-40,1.8e-07,3,2.08229e-06
0.7999999999999999,1.8818181818181816e-14,2e-10,-40,3.6e-07,3,2.13896e-06
0.7999999999999999,1.8818181818181816e-14,2e-10,-25,1.8e-07,3,2.08374e-06
0.7999999999999999,1.8818181818181816e-14,2e-10,-25,3.6e-07,3,2.14254e-06
0.7999999999999999,1.8818181818181816e-14,2e-10,0,1.8e-07,3,2.08048e-06
0.7999999999999999,1.8818181818181816e-14,2e-10,0,3.6e-07,3,2.14798e-06
0.7999999999999999,1.8818181818181816e-14,2e-10,25,1.8e-07,3,2.05279e-06
0.7999999999999999,1.8818181818181816e-14,2e-10,25,3.6e-07,3,2.15288e-06
0.7999999999999999,1.8818181818181816e-14,2e-10,75,1.8e-07,3,1.85377e-06
0.7999999999999999,1.8818181818181816e-14,2e-10,75,3.6e-07,3,2.15591e-06
0.7999999999999999,1.8818181818181816e-14,2e-10,100,1.8e-07,3,1.69988e-06
0.7999999999999999,1.8818181818181816e-14,2e-10,100,3.6e-07,3,2.14543e-06
0.7999999999999999,1.8818181818181816e-14,2e-10,125,1.8e-07,3,1.54118e-06
0.7999999999999999,1.8818181818181816e-14,2e-10,125,3.6e-07,3,2.11839e-06
0.7999999999999999,1.8818181818181816e-14,4e-10,-40,1.8e-07,3,2.06818e-06
0.7999999999999999,1.8818181818181816e-14,4e-10,-40,3.6e-07,3,2.13505e-06
0.7999999999999999,1.8818181818181816e-14,4e-10,-25,1.8e-07,3,2.03273e-06
0.7999999999999999,1.8818181818181816e-14,4e-10,-25,3.6e-07,3,2.13771e-06
0.7999999999999999,1.8818181818181816e-14,4e-10,0,1.8e-07,3,1.87312e-06
0.7999999999999999,1.8818181818181816e-14,4e-10,0,3.6e-07,3,2.1403e-06
0.7999999999999999,1.8818181818181816e-14,4e-10,25,1.8e-07,3,1.62938e-06
0.7999999999999999,1.8818181818181816e-14,4e-10,25,3.6e-07,3,2.13002e-06
0.7999999999999999,1.8818181818181816e-14,4e-10,75,1.8e-07,3,1.21377e-06
0.7999999999999999,1.8818181818181816e-14,4e-10,75,3.6e-07,3,1.99738e-06
0.7999999999999999,1.8818181818181816e-14,4e-10,100,1.8e-07,3,1.0637e-06
0.7999999999999999,1.8818181818181816e-14,4e-10,100,3.6e-07,3,1.86648e-06
0.7999999999999999,1.8818181818181816e-14,4e-10,125,1.8e-07,3,9.42025e-07
0.7999999999999999,1.8818181818181816e-14,4e-10,125,3.6e-07,3,1.71658e-06
0.7999999999999999,2.3272727272727276e-14,1e-11,-40,1.8e-07,3,2.56778e-06
0.7999999999999999,2.3272727272727276e-14,1e-11,-40,3.6e-07,3,2.63677e-06
0.7999999999999999,2.3272727272727276e-14,1e-11,-25,1.8e-07,3,2.56925e-06
0.7999999999999999,2.3272727272727276e-14,1e-11,-25,3.6e-07,3,2.63984e-06
0.7999999999999999,2.3272727272727276e-14,1e-11,0,1.8e-07,3,2.56937e-06
0.7999999999999999,2.3272727272727276e-14,1e-11,0,3.6e-07,3,2.64469e-06
0.7999999999999999,2.3272727272727276e-14,1e-11,25,1.8e-07,3,2.55587e-06
0.7999999999999999,2.3272727272727276e-14,1e-11,25,3.6e-07,3,2.64946e-06
0.7999999999999999,2.3272727272727276e-14,1e-11,75,1.8e-07,3,2.40612e-06
0.7999999999999999,2.3272727272727276e-14,1e-11,75,3.6e-07,3,2.65644e-06
0.7999999999999999,2.3272727272727276e-14,1e-11,100,1.8e-07,3,2.25974e-06
0.7999999999999999,2.3272727272727276e-14,1e-11,100,3.6e-07,3,2.65304e-06
0.7999999999999999,2.3272727272727276e-14,1e-11,125,1.8e-07,3,2.08785e-06
0.7999999999999999,2.3272727272727276e-14,1e-11,125,3.6e-07,3,2.6376e-06
0.7999999999999999,2.3272727272727276e-14,5e-11,-40,1.8e-07,3,2.56246e-06
0.7999999999999999,2.3272727272727276e-14,5e-11,-40,3.6e-07,3,2.62525e-06
0.7999999999999999,2.3272727272727276e-14,5e-11,-25,1.8e-07,3,2.5638e-06
0.7999999999999999,2.3272727272727276e-14,5e-11,-25,3.6e-07,3,2.62837e-06
0.7999999999999999,2.3272727272727276e-14,5e-11,0,1.8e-07,3,2.56218e-06
0.7999999999999999,2.3272727272727276e-14,5e-11,0,3.6e-07,3,2.6332e-06
0.7999999999999999,2.3272727272727276e-14,5e-11,25,1.8e-07,3,2.54084e-06
0.7999999999999999,2.3272727272727276e-14,5e-11,25,3.6e-07,3,2.63773e-06
0.7999999999999999,2.3272727272727276e-14,5e-11,75,1.8e-07,3,2.35071e-06
0.7999999999999999,2.3272727272727276e-14,5e-11,75,3.6e-07,3,2.64228e-06
0.7999999999999999,2.3272727272727276e-14,5e-11,100,1.8e-07,3,2.18418e-06
0.7999999999999999,2.3272727272727276e-14,5e-11,100,3.6e-07,3,2.63502e-06
0.7999999999999999,2.3272727272727276e-14,5e-11,125,1.8e-07,3,2.00009e-06
0.7999999999999999,2.3272727272727276e-14,5e-11,125,3.6e-07,3,2.61219e-06
0.7999999999999999,2.3272727272727276e-14,1e-10,-40,1.8e-07,3,2.56022e-06
0.7999999999999999,2.3272727272727276e-14,1e-10,-40,3.6e-07,3,2.62024e-06
0.7999999999999999,2.3272727272727276e-14,1e-10,-25,1.8e-07,3,2.56139e-06
0.7999999999999999,2.3272727272727276e-14,1e-10,-25,3.6e-07,3,2.62366e-06
0.7999999999999999,2.3272727272727276e-14,1e-10,0,1.8e-07,3,2.55602e-06
0.7999999999999999,2.3272727272727276e-14,1e-10,0,3.6e-07,3,2.62877e-06
0.7999999999999999,2.3272727272727276e-14,1e-10,25,1.8e-07,3,2.51961e-06
0.7999999999999999,2.3272727272727276e-14,1e-10,25,3.6e-07,3,2.63328e-06
0.7999999999999999,2.3272727272727276e-14,1e-10,75,1.8e-07,3,2.26928e-06
0.7999999999999999,2.3272727272727276e-14,1e-10,75,3.6e-07,3,2.63415e-06
0.7999999999999999,2.3272727272727276e-14,1e-10,100,1.8e-07,3,2.07923e-06
0.7999999999999999,2.3272727272727276e-14,1e-10,100,3.6e-07,3,2.61932e-06
0.7999999999999999,2.3272727272727276e-14,1e-10,125,1.8e-07,3,1.88382e-06
0.7999999999999999,2.3272727272727276e-14,1e-10,125,3.6e-07,3,2.58375e-06
0.7999999999999999,2.3272727272727276e-14,2e-10,-40,1.8e-07,3,2.55752e-06
0.7999999999999999,2.3272727272727276e-14,2e-10,-40,3.6e-07,3,2.61517e-06
0.7999999999999999,2.3272727272727276e-14,2e-10,-25,1.8e-07,3,2.5561e-06
0.7999999999999999,2.3272727272727276e-14,2e-10,-25,3.6e-07,3,2.61872e-06
0.7999999999999999,2.3272727272727276e-14,2e-10,0,1.8e-07,3,2.52822e-06
0.7999999999999999,2.3272727272727276e-14,2e-10,0,3.6e-07,3,2.62397e-06
0.7999999999999999,2.3272727272727276e-14,2e-10,25,1.8e-07,3,2.43089e-06
0.7999999999999999,2.3272727272727276e-14,2e-10,25,3.6e-07,3,2.62781e-06
0.7999999999999999,2.3272727272727276e-14,2e-10,75,1.8e-07,3,2.03126e-06
0.7999999999999999,2.3272727272727276e-14,2e-10,75,3.6e-07,3,2.60829e-06
0.7999999999999999,2.3272727272727276e-14,2e-10,100,1.8e-07,3,1.81018e-06
0.7999999999999999,2.3272727272727276e-14,2e-10,100,3.6e-07,3,2.56331e-06
0.7999999999999999,2.3272727272727276e-14,2e-10,125,1.8e-07,3,1.61216e-06
0.7999999999999999,2.3272727272727276e-14,2e-10,125,3.6e-07,3,2.48473e-06
0.7999999999999999,2.3272727272727276e-14,4e-10,-40,1.8e-07,3,2.4901e-06
0.7999999999999999,2.3272727272727276e-14,4e-10,-40,3.6e-07,3,2.6106e-06
0.7999999999999999,2.3272727272727276e-14,4e-10,-25,1.8e-07,3,2.3631e-06
0.7999999999999999,2.3272727272727276e-14,4e-10,-25,3.6e-07,3,2.61244e-06
0.7999999999999999,2.3272727272727276e-14,4e-10,0,1.8e-07,3,2.02484e-06
0.7999999999999999,2.3272727272727276e-14,4e-10,0,3.6e-07,3,2.60305e-06
0.7999999999999999,2.3272727272727276e-14,4e-10,25,1.8e-07,3,1.70093e-06
0.7999999999999999,2.3272727272727276e-14,4e-10,25,3.6e-07,3,2.54755e-06
0.7999999999999999,2.3272727272727276e-14,4e-10,75,1.8e-07,3,1.24525e-06
0.7999999999999999,2.3272727272727276e-14,4e-10,75,3.6e-07,3,2.22076e-06
0.7999999999999999,2.3272727272727276e-14,4e-10,100,1.8e-07,3,1.08698e-06
0.7999999999999999,2.3272727272727276e-14,4e-10,100,3.6e-07,3,2.00559e-06
0.7999999999999999,2.3272727272727276e-14,4e-10,125,1.8e-07,3,9.59778e-07
0.7999999999999999,2.3272727272727276e-14,4e-10,125,3.6e-07,3,1.80513e-06
0.7999999999999999,2.7727272727272724e-14,1e-11,-40,1.8e-07,3,3.04283e-06
0.7999999999999999,2.7727272727272724e-14,1e-11,-40,3.6e-07,3,3.11191e-06
0.7999999999999999,2.7727272727272724e-14,1e-11,-25,1.8e-07,3,3.04366e-06
0.7999999999999999,2.7727272727272724e-14,1e-11,-25,3.6e-07,3,3.11491e-06
0.7999999999999999,2.7727272727272724e-14,1e-11,0,1.8e-07,3,3.03512e-06
0.7999999999999999,2.7727272727272724e-14,1e-11,0,3.6e-07,3,3.11969e-06
0.7999999999999999,2.7727272727272724e-14,1e-11,25,1.8e-07,3,2.98639e-06
0.7999999999999999,2.7727272727272724e-14,1e-11,25,3.6e-07,3,3.12421e-06
0.7999999999999999,2.7727272727272724e-14,1e-11,75,1.8e-07,3,2.67306e-06
0.7999999999999999,2.7727272727272724e-14,1e-11,75,3.6e-07,3,3.12282e-06
0.7999999999999999,2.7727272727272724e-14,1e-11,100,1.8e-07,3,2.44332e-06
0.7999999999999999,2.7727272727272724e-14,1e-11,100,3.6e-07,3,3.10215e-06
0.7999999999999999,2.7727272727272724e-14,1e-11,125,1.8e-07,3,2.21022e-06
0.7999999999999999,2.7727272727272724e-14,1e-11,125,3.6e-07,3,3.05599e-06
0.7999999999999999,2.7727272727272724e-14,5e-11,-40,1.8e-07,3,3.0376e-06
0.7999999999999999,2.7727272727272724e-14,5e-11,-40,3.6e-07,3,3.10081e-06
0.7999999999999999,2.7727272727272724e-14,5e-11,-25,1.8e-07,3,3.03772e-06
0.7999999999999999,2.7727272727272724e-14,5e-11,-25,3.6e-07,3,3.1038e-06
0.7999999999999999,2.7727272727272724e-14,5e-11,0,1.8e-07,3,3.02282e-06
0.7999999999999999,2.7727272727272724e-14,5e-11,0,3.6e-07,3,3.10849e-06
0.7999999999999999,2.7727272727272724e-14,5e-11,25,1.8e-07,3,2.95413e-06
0.7999999999999999,2.7727272727272724e-14,5e-11,25,3.6e-07,3,3.11259e-06
0.7999999999999999,2.7727272727272724e-14,5e-11,75,1.8e-07,3,2.58318e-06
0.7999999999999999,2.7727272727272724e-14,5e-11,75,3.6e-07,3,3.10471e-06
0.7999999999999999,2.7727272727272724e-14,5e-11,100,1.8e-07,3,2.33765e-06
0.7999999999999999,2.7727272727272724e-14,5e-11,100,3.6e-07,3,3.0741e-06
0.7999999999999999,2.7727272727272724e-14,5e-11,125,1.8e-07,3,2.10003e-06
0.7999999999999999,2.7727272727272724e-14,5e-11,125,3.6e-07,3,3.0122e-06
0.7999999999999999,2.7727272727272724e-14,1e-10,-40,1.8e-07,3,3.03527e-06
0.7999999999999999,2.7727272727272724e-14,1e-10,-40,3.6e-07,3,3.09604e-06
0.7999999999999999,2.7727272727272724e-14,1e-10,-25,1.8e-07,3,3.03383e-06
0.7999999999999999,2.7727272727272724e-14,1e-10,-25,3.6e-07,3,3.09937e-06
0.7999999999999999,2.7727272727272724e-14,1e-10,0,1.8e-07,3,3.00586e-06
0.7999999999999999,2.7727272727272724e-14,1e-10,0,3.6e-07,3,3.10425e-06
0.7999999999999999,2.7727272727272724e-14,1e-10,25,1.8e-07,3,2.90335e-06
0.7999999999999999,2.7727272727272724e-14,1e-10,25,3.6e-07,3,3.10788e-06
0.7999999999999999,2.7727272727272724e-14,1e-10,75,1.8e-07,3,2.45632e-06
0.7999999999999999,2.7727272727272724e-14,1e-10,75,3.6e-07,3,3.08784e-06
0.7999999999999999,2.7727272727272724e-14,1e-10,100,1.8e-07,3,2.19694e-06
0.7999999999999999,2.7727272727272724e-14,1e-10,100,3.6e-07,3,3.04009e-06
0.7999999999999999,2.7727272727272724e-14,1e-10,125,1.8e-07,3,1.95958e-06
0.7999999999999999,2.7727272727272724e-14,1e-10,125,3.6e-07,3,2.95457e-06
0.7999999999999999,2.7727272727272724e-14,2e-10,-40,1.8e-07,3,3.03026e-06
0.7999999999999999,2.7727272727272724e-14,2e-10,-40,3.6e-07,3,3.0912e-06
0.7999999999999999,2.7727272727272724e-14,2e-10,-25,1.8e-07,3,3.01764e-06
0.7999999999999999,2.7727272727272724e-14,2e-10,-25,3.6e-07,3,3.09465e-06
0.7999999999999999,2.7727272727272724e-14,2e-10,0,1.8e-07,3,2.92804e-06
0.7999999999999999,2.7727272727272724e-14,2e-10,0,3.6e-07,3,3.09934e-06
0.7999999999999999,2.7727272727272724e-14,2e-10,25,1.8e-07,3,2.71621e-06
0.7999999999999999,2.7727272727272724e-14,2e-10,25,3.6e-07,3,3.09892e-06
0.7999999999999999,2.7727272727272724e-14,2e-10,75,1.8e-07,3,2.13054e-06
0.7999999999999999,2.7727272727272724e-14,2e-10,75,3.6e-07,3,3.02344e-06
0.7999999999999999,2.7727272727272724e-14,2e-10,100,1.8e-07,3,1.87146e-06
0.7999999999999999,2.7727272727272724e-14,2e-10,100,3.6e-07,3,2.91768e-06
0.7999999999999999,2.7727272727272724e-14,2e-10,125,1.8e-07,3,1.6543e-06
0.7999999999999999,2.7727272727272724e-14,2e-10,125,3.6e-07,3,2.76687e-06
0.7999999999999999,2.7727272727272724e-14,4e-10,-40,1.8e-07,3,2.81489e-06
0.7999999999999999,2.7727272727272724e-14,4e-10,-40,3.6e-07,3,3.08549e-06
0.7999999999999999,2.7727272727272724e-14,4e-10,-25,1.8e-07,3,2.55196e-06
0.7999999999999999,2.7727272727272724e-14,4e-10,-25,3.6e-07,3,3.08253e-06
0.7999999999999999,2.7727272727272724e-14,4e-10,0,1.8e-07,3,2.09922e-06
0.7999999999999999,2.7727272727272724e-14,4e-10,0,3.6e-07,3,3.03655e-06
0.7999999999999999,2.7727272727272724e-14,4e-10,25,1.8e-07,3,1.74474e-06
0.7999999999999999,2.7727272727272724e-14,4e-10,25,3.6e-07,3,2.88726e-06
0.7999999999999999,2.7727272727272724e-14,4e-10,75,1.8e-07,3,1.26674e-06
0.7999999999999999,2.7727272727272724e-14,4e-10,75,3.6e-07,3,2.34416e-06
0.7999999999999999,2.7727272727272724e-14,4e-10,100,1.8e-07,3,1.10299e-06
0.7999999999999999,2.7727272727272724e-14,4e-10,100,3.6e-07,3,2.08099e-06
0.7999999999999999,2.7727272727272724e-14,4e-10,125,1.8e-07,3,9.7203e-07
0.7999999999999999,2.7727272727272724e-14,4e-10,125,3.6e-07,3,1.85736e-06
0.7999999999999999,3.2181818181818185e-14,1e-11,-40,1.8e-07,3,3.51752e-06
0.7999999999999999,3.2181818181818185e-14,1e-11,-40,3.6e-07,3,3.58698e-06
0.7999999999999999,3.2181818181818185e-14,1e-11,-25,1.8e-07,3,3.51572e-06
0.7999999999999999,3.2181818181818185e-14,1e-11,-25,3.6e-07,3,3.58996e-06
0.7999999999999999,3.2181818181818185e-14,1e-11,0,1.8e-07,3,3.48381e-06
0.7999999999999999,3.2181818181818185e-14,1e-11,0,3.6e-07,3,3.59463e-06
0.7999999999999999,3.2181818181818185e-14,1e-11,25,1.8e-07,3,3.36791e-06
0.7999999999999999,3.2181818181818185e-14,1e-11,25,3.6e-07,3,3.5983e-06
0.7999999999999999,3.2181818181818185e-14,1e-11,75,1.8e-07,3,2.85921e-06
0.7999999999999999,3.2181818181818185e-14,1e-11,75,3.6e-07,3,3.57514e-06
0.7999999999999999,3.2181818181818185e-14,1e-11,100,1.8e-07,3,2.56096e-06
0.7999999999999999,3.2181818181818185e-14,1e-11,100,3.6e-07,3,3.52183e-06
0.7999999999999999,3.2181818181818185e-14,1e-11,125,1.8e-07,3,2.28588e-06
0.7999999999999999,3.2181818181818185e-14,1e-11,125,3.6e-07,3,3.42386e-06
0.7999999999999999,3.2181818181818185e-14,5e-11,-40,1.8e-07,3,3.51203e-06
0.7999999999999999,3.2181818181818185e-14,5e-11,-40,3.6e-07,3,3.57621e-06
0.7999999999999999,3.2181818181818185e-14,5e-11,-25,1.8e-07,3,3.50765e-06
0.7999999999999999,3.2181818181818185e-14,5e-11,-25,3.6e-07,3,3.57912e-06
0.7999999999999999,3.2181818181818185e-14,5e-11,0,1.8e-07,3,3.45959e-06
0.7999999999999999,3.2181818181818185e-14,5e-11,0,3.6e-07,3,3.58361e-06
0.7999999999999999,3.2181818181818185e-14,5e-11,25,1.8e-07,3,3.30838e-06
0.7999999999999999,3.2181818181818185e-14,5e-11,25,3.6e-07,3,3.58617e-06
0.7999999999999999,3.2181818181818185e-14,5e-11,75,1.8e-07,3,2.73799e-06
0.7999999999999999,3.2181818181818185e-14,5e-11,75,3.6e-07,3,3.54782e-06
0.7999999999999999,3.2181818181818185e-14,5e-11,100,1.8e-07,3,2.43306e-06
0.7999999999999999,3.2181818181818185e-14,5e-11,100,3.6e-07,3,3.4752e-06
0.7999999999999999,3.2181818181818185e-14,5e-11,125,1.8e-07,3,2.16125e-06
0.7999999999999999,3.2181818181818185e-14,5e-11,125,3.6e-07,3,3.35476e-06
0.7999999999999999,3.2181818181818185e-14,1e-10,-40,1.8e-07,3,3.50873e-06
0.7999999999999999,3.2181818181818185e-14,1e-10,-40,3.6e-07,3,3.57171e-06
0.7999999999999999,3.2181818181818185e-14,1e-10,-25,1.8e-07,3,3.49892e-06
0.7999999999999999,3.2181818181818185e-14,1e-10,-25,3.6e-07,3,3.57485e-06
0.7999999999999999,3.2181818181818185e-14,1e-10,0,1.8e-07,3,3.42022e-06
0.7999999999999999,3.2181818181818185e-14,1e-10,0,3.6e-07,3,3.57937e-06
0.7999999999999999,3.2181818181818185e-14,1e-10,25,1.8e-07,3,3.21431e-06
0.7999999999999999,3.2181818181818185e-14,1e-10,25,3.6e-07,3,3.57995e-06
0.7999999999999999,3.2181818181818185e-14,1e-10,75,1.8e-07,3,2.57394e-06
0.7999999999999999,3.2181818181818185e-14,1e-10,75,3.6e-07,3,3.51362e-06
0.7999999999999999,3.2181818181818185e-14,1e-10,100,1.8e-07,3,2.26879e-06
0.7999999999999999,3.2181818181818185e-14,1e-10,100,3.6e-07,3,3.4114e-06
0.7999999999999999,3.2181818181818185e-14,1e-10,125,1.8e-07,3,2.00723e-06
0.7999999999999999,3.2181818181818185e-14,1e-10,125,3.6e-07,3,3.25799e-06
0.7999999999999999,3.2181818181818185e-14,2e-10,-40,1.8e-07,3,3.49545e-06
0.7999999999999999,3.2181818181818185e-14,2e-10,-40,3.6e-07,3,3.56704e-06
0.7999999999999999,3.2181818181818185e-14,2e-10,-25,1.8e-07,3,3.45432e-06
0.7999999999999999,3.2181818181818185e-14,2e-10,-25,3.6e-07,3,3.57035e-06
0.7999999999999999,3.2181818181818185e-14,2e-10,0,1.8e-07,3,3.25671e-06
0.7999999999999999,3.2181818181818185e-14,2e-10,0,3.6e-07,3,3.57309e-06
0.7999999999999999,3.2181818181818185e-14,2e-10,25,1.8e-07,3,2.91012e-06
0.7999999999999999,3.2181818181818185e-14,2e-10,25,3.6e-07,3,3.56042e-06
0.7999999999999999,3.2181818181818185e-14,2e-10,75,1.8e-07,3,2.19073e-06
0.7999999999999999,3.2181818181818185e-14,2e-10,75,3.6e-07,3,3.38392e-06
0.7999999999999999,3.2181818181818185e-14,2e-10,100,1.8e-07,3,1.91161e-06
0.7999999999999999,3.2181818181818185e-14,2e-10,100,3.6e-07,3,3.19722e-06
0.7999999999999999,3.2181818181818185e-14,2e-10,125,1.8e-07,3,1.68342e-06
0.7999999999999999,3.2181818181818185e-14,2e-10,125,3.6e-07,3,2.9693e-06
0.7999999999999999,3.2181818181818185e-14,4e-10,-40,1.8e-07,3,3.00684e-06
0.7999999999999999,3.2181818181818185e-14,4e-10,-40,3.6e-07,3,3.55737e-06
0.7999999999999999,3.2181818181818185e-14,4e-10,-25,1.8e-07,3,2.6463e-06
0.7999999999999999,3.2181818181818185e-14,4e-10,-25,3.6e-07,3,3.53981e-06
0.7999999999999999,3.2181818181818185e-14,4e-10,0,1.8e-07,3,2.14724e-06
0.7999999999999999,3.2181818181818185e-14,4e-10,0,3.6e-07,3,3.41604e-06
0.7999999999999999,3.2181818181818185e-14,4e-10,25,1.8e-07,3,1.7759e-06
0.7999999999999999,3.2181818181818185e-14,4e-10,25,3.6e-07,3,3.12924e-06
0.7999999999999999,3.2181818181818185e-14,4e-10,75,1.8e-07,3,1.28245e-06
0.7999999999999999,3.2181818181818185e-14,4e-10,75,3.6e-07,3,2.41771e-06
0.7999999999999999,3.2181818181818185e-14,4e-10,100,1.8e-07,3,1.11471e-06
0.7999999999999999,3.2181818181818185e-14,4e-10,100,3.6e-07,3,2.13061e-06
0.7999999999999999,3.2181818181818185e-14,4e-10,125,1.8e-07,3,9.81004e-07
0.7999999999999999,3.2181818181818185e-14,4e-10,125,3.6e-07,3,1.89402e-06
0.7999999999999999,3.663636363636364e-14,1e-11,-40,1.8e-07,3,3.99101e-06
0.7999999999999999,3.663636363636364e-14,1e-11,-40,3.6e-07,3,4.06205e-06
0.7999999999999999,3.663636363636364e-14,1e-11,-25,1.8e-07,3,3.98155e-06
0.7999999999999999,3.663636363636364e-14,1e-11,-25,3.6e-07,3,4.06499e-06
0.7999999999999999,3.663636363636364e-14,1e-11,0,1.8e-07,3,3.90311e-06
0.7999999999999999,3.663636363636364e-14,1e-11,0,3.6e-07,3,4.0694e-06
0.7999999999999999,3.663636363636364e-14,1e-11,25,1.8e-07,3,3.68823e-06
0.7999999999999999,3.663636363636364e-14,1e-11,25,3.6e-07,3,4.0704e-06
0.7999999999999999,3.663636363636364e-14,1e-11,75,1.8e-07,3,2.98527e-06
0.7999999999999999,3.663636363636364e-14,1e-11,75,3.6e-07,3,4.00479e-06
0.7999999999999999,3.663636363636364e-14,1e-11,100,1.8e-07,3,2.63793e-06
0.7999999999999999,3.663636363636364e-14,1e-11,100,3.6e-07,3,3.89847e-06
0.7999999999999999,3.663636363636364e-14,1e-11,125,1.8e-07,3,2.33619e-06
0.7999999999999999,3.663636363636364e-14,1e-11,125,3.6e-07,3,3.73546e-06
0.7999999999999999,3.663636363636364e-14,5e-11,-40,1.8e-07,3,3.98429e-06
0.7999999999999999,3.663636363636364e-14,5e-11,-40,3.6e-07,3,4.05154e-06
0.7999999999999999,3.663636363636364e-14,5e-11,-25,1.8e-07,3,3.9683e-06
0.7999999999999999,3.663636363636364e-14,5e-11,-25,3.6e-07,3,4.05438e-06
0.7999999999999999,3.663636363636364e-14,5e-11,0,1.8e-07,3,3.85771e-06
0.7999999999999999,3.663636363636364e-14,5e-11,0,3.6e-07,3,4.05834e-06
0.7999999999999999,3.663636363636364e-14,5e-11,25,1.8e-07,3,3.59359e-06
0.7999999999999999,3.663636363636364e-14,5e-11,25,3.6e-07,3,4.0565e-06
0.7999999999999999,3.663636363636364e-14,5e-11,75,1.8e-07,3,2.8398e-06
0.7999999999999999,3.663636363636364e-14,5e-11,75,3.6e-07,3,3.96084e-06
0.7999999999999999,3.663636363636364e-14,5e-11,100,1.8e-07,3,2.49557e-06
0.7999999999999999,3.663636363636364e-14,5e-11,100,3.6e-07,3,3.82679e-06
0.7999999999999999,3.663636363636364e-14,5e-11,125,1.8e-07,3,2.2038e-06
0.7999999999999999,3.663636363636364e-14,5e-11,125,3.6e-07,3,3.63483e-06
0.7999999999999999,3.663636363636364e-14,1e-10,-40,1.8e-07,3,3.97784e-06
0.7999999999999999,3.663636363636364e-14,1e-10,-40,3.6e-07,3,4.04725e-06
0.7999999999999999,3.663636363636364e-14,1e-10,-25,1.8e-07,3,3.94813e-06
0.7999999999999999,3.663636363636364e-14,1e-10,-25,3.6e-07,3,4.0503e-06
0.7999999999999999,3.663636363636364e-14,1e-10,0,1.8e-07,3,3.78255e-06
0.7999999999999999,3.663636363636364e-14,1e-10,0,3.6e-07,3,4.05365e-06
0.7999999999999999,3.663636363636364e-14,1e-10,25,1.8e-07,3,3.44948e-06
0.7999999999999999,3.663636363636364e-14,1e-10,25,3.6e-07,3,4.04619e-06
0.7999999999999999,3.663636363636364e-14,1e-10,75,1.8e-07,3,2.64997e-06
0.7999999999999999,3.663636363636364e-14,1e-10,75,3.6e-07,3,3.89913e-06
0.7999999999999999,3.663636363636364e-14,1e-10,100,1.8e-07,3,2.31689e-06
0.7999999999999999,3.663636363636364e-14,1e-10,100,3.6e-07,3,3.72405e-06
0.7999999999999999,3.663636363636364e-14,1e-10,125,1.8e-07,3,2.04109e-06
0.7999999999999999,3.663636363636364e-14,1e-10,125,3.6e-07,3,3.49455e-06
0.7999999999999999,3.663636363636364e-14,2e-10,-40,1.8e-07,3,3.94374e-06
0.7999999999999999,3.663636363636364e-14,2e-10,-40,3.6e-07,3,4.04272e-06
0.7999999999999999,3.663636363636364e-14,2e-10,-25,1.8e-07,3,3.84879e-06
0.7999999999999999,3.663636363636364e-14,2e-10,-25,3.6e-07,3,4.04564e-06
0.7999999999999999,3.663636363636364e-14,2e-10,0,1.8e-07,3,3.5046e-06
0.7999999999999999,3.663636363636364e-14,2e-10,0,3.6e-07,3,4.04274e-06
0.7999999999999999,3.663636363636364e-14,2e-10,25,1.8e-07,3,3.03518e-06
0.7999999999999999,3.663636363636364e-14,2e-10,25,3.6e-07,3,4.00377e-06
0.7999999999999999,3.663636363636364e-14,2e-10,75,1.8e-07,3,2.23246e-06
0.7999999999999999,3.663636363636364e-14,2e-10,75,3.6e-07,3,3.68005e-06
0.7999999999999999,3.663636363636364e-14,2e-10,100,1.8e-07,3,1.94099e-06
0.7999999999999999,3.663636363636364e-14,2e-10,100,3.6e-07,3,3.40606e-06
0.7999999999999999,3.663636363636364e-14,2e-10,125,1.8e-07,3,1.70526e-06
0.7999999999999999,3.663636363636364e-14,2e-10,125,3.6e-07,3,3.10956e-06
0.7999999999999999,3.663636363636364e-14,4e-10,-40,1.8e-07,3,3.10514e-06
0.7999999999999999,3.663636363636364e-14,4e-10,-40,3.6e-07,3,4.02157e-06
0.7999999999999999,3.663636363636364e-14,4e-10,-25,1.8e-07,3,2.7053e-06
0.7999999999999999,3.663636363636364e-14,4e-10,-25,3.6e-07,3,3.97094e-06
0.7999999999999999,3.663636363636364e-14,4e-10,0,1.8e-07,3,2.18244e-06
0.7999999999999999,3.663636363636364e-14,4e-10,0,3.6e-07,3,3.71943e-06
0.7999999999999999,3.663636363636364e-14,4e-10,25,1.8e-07,3,1.79948e-06
0.7999999999999999,3.663636363636364e-14,4e-10,25,3.6e-07,3,3.28436e-06
0.7999999999999999,3.663636363636364e-14,4e-10,75,1.8e-07,3,1.29444e-06
0.7999999999999999,3.663636363636364e-14,4e-10,75,3.6e-07,3,2.46887e-06
0.7999999999999999,3.663636363636364e-14,4e-10,100,1.8e-07,3,1.12367e-06
0.7999999999999999,3.663636363636364e-14,4e-10,100,3.6e-07,3,2.16732e-06
0.7999999999999999,3.663636363636364e-14,4e-10,125,1.8e-07,3,9.87878e-07
0.7999999999999999,3.663636363636364e-14,4e-10,125,3.6e-07,3,1.92179e-06
0.7999999999999999,4.109090909090909e-14,1e-11,-40,1.8e-07,3,4.46131e-06
0.7999999999999999,4.109090909090909e-14,1e-11,-40,3.6e-07,3,4.5371e-06
0.7999999999999999,4.109090909090909e-14,1e-11,-25,1.8e-07,3,4.43545e-06
0.7999999999999999,4.109090909090909e-14,1e-11,-25,3.6e-07,3,4.53999e-06
0.7999999999999999,4.109090909090909e-14,1e-11,0,1.8e-07,3,4.27979e-06
0.7999999999999999,4.109090909090909e-14,1e-11,0,3.6e-07,3,4.54363e-06
0.7999999999999999,4.109090909090909e-14,1e-11,25,1.8e-07,3,3.94359e-06
0.7999999999999999,4.109090909090909e-14,1e-11,25,3.6e-07,3,4.53815e-06
0.7999999999999999,4.109090909090909e-14,1e-11,75,1.8e-07,3,3.07149e-06
0.7999999999999999,4.109090909090909e-14,1e-11,75,3.6e-07,3,4.4013e-06
0.7999999999999999,4.109090909090909e-14,1e-11,100,1.8e-07,3,2.6912e-06
0.7999999999999999,4.109090909090909e-14,1e-11,100,3.6e-07,3,4.22652e-06
0.7999999999999999,4.109090909090909e-14,1e-11,125,1.8e-07,3,2.37302e-06
0.7999999999999999,4.109090909090909e-14,1e-11,125,3.6e-07,3,3.98933e-06
0.7999999999999999,4.109090909090909e-14,5e-11,-40,1.8e-07,3,4.45139e-06
0.7999999999999999,4.109090909090909e-14,5e-11,-40,3.6e-07,3,4.52681e-06
0.7999999999999999,4.109090909090909e-14,5e-11,-25,1.8e-07,3,4.41157e-06
0.7999999999999999,4.109090909090909e-14,5e-11,-25,3.6e-07,3,4.52954e-06
0.7999999999999999,4.109090909090909e-14,5e-11,0,1.8e-07,3,4.20497e-06
0.7999999999999999,4.109090909090909e-14,5e-11,0,3.6e-07,3,4.53206e-06
0.7999999999999999,4.109090909090909e-14,5e-11,25,1.8e-07,3,3.81172e-06
0.7999999999999999,4.109090909090909e-14,5e-11,25,3.6e-07,3,4.52041e-06
0.7999999999999999,4.109090909090909e-14,5e-11,75,1.8e-07,3,2.90927e-06
0.7999999999999999,4.109090909090909e-14,5e-11,75,3.6e-07,3,4.33426e-06
0.7999999999999999,4.109090909090909e-14,5e-11,100,1.8e-07,3,2.53995e-06
0.7999999999999999,4.109090909090909e-14,5e-11,100,3.6e-07,3,4.12385e-06
0.7999999999999999,4.109090909090909e-14,5e-11,125,1.8e-07,3,2.23527e-06
0.7999999999999999,4.109090909090909e-14,5e-11,125,3.6e-07,3,3.85598e-06
0.7999999999999999,4.109090909090909e-14,1e-10,-40,1.8e-07,3,4.43749e-06
0.7999999999999999,4.109090909090909e-14,1e-10,-40,3.6e-07,3,4.52268e-06
0.7999999999999999,4.109090909090909e-14,1e-10,-25,1.8e-07,3,4.37055e-06
0.7999999999999999,4.109090909090909e-14,1e-10,-25,3.6e-07,3,4.52552e-06
0.7999999999999999,4.109090909090909e-14,1e-10,0,1.8e-07,3,4.08274e-06
0.7999999999999999,4.109090909090909e-14,1e-10,0,3.6e-07,3,4.52588e-06
0.7999999999999999,4.109090909090909e-14,1e-10,25,1.8e-07,3,3.61856e-06
0.7999999999999999,4.109090909090909e-14,1e-10,25,3.6e-07,3,4.50154e-06
0.7999999999999999,4.109090909090909e-14,1e-10,75,1.8e-07,3,2.70264e-06
0.7999999999999999,4.109090909090909e-14,1e-10,75,3.6e-07,3,4.2358e-06
0.7999999999999999,4.109090909090909e-14,1e-10,100,1.8e-07,3,2.35244e-06
0.7999999999999999,4.109090909090909e-14,1e-10,100,3.6e-07,3,3.97682e-06
0.7999999999999999,4.109090909090909e-14,1e-10,125,1.8e-07,3,2.06699e-06
0.7999999999999999,4.109090909090909e-14,1e-10,125,3.6e-07,3,3.6733e-06
0.7999999999999999,4.109090909090909e-14,2e-10,-40,1.8e-07,3,4.36254e-06
0.7999999999999999,4.109090909090909e-14,2e-10,-40,3.6e-07,3,4.51826e-06
0.7999999999999999,4.109090909090909e-14,2e-10,-25,1.8e-07,3,4.18517e-06
0.7999999999999999,4.109090909090909e-14,2e-10,-25,3.6e-07,3,4.51996e-06
0.7999999999999999,4.109090909090909e-14,2e-10,0,1.8e-07,3,3.67962e-06
0.7999999999999999,4.109090909090909e-14,2e-10,0,3.6e-07,3,4.5042e-06
0.7999999999999999,4.109090909090909e-14,2e-10,25,1.8e-07,3,3.1175e-06
0.7999999999999999,4.109090909090909e-14,2e-10,25,3.6e-07,3,4.41907e-06
0.7999999999999999,4.109090909090909e-14,2e-10,75,1.8e-07,3,2.26404e-06
0.7999999999999999,4.109090909090909e-14,2e-10,75,3.6e-07,3,3.91223e-06
0.7999999999999999,4.109090909090909e-14,2e-10,100,1.8e-07,3,1.96379e-06
0.7999999999999999,4.109090909090909e-14,2e-10,100,3.6e-07,3,3.55724e-06
0.7999999999999999,4.109090909090909e-14,2e-10,125,1.8e-07,3,1.7224e-06
0.7999999999999999,4.109090909090909e-14,2e-10,125,3.6e-07,3,3.20718e-06
0.7999999999999999,4.109090909090909e-14,4e-10,-40,1.8e-07,3,3.16716e-06
0.7999999999999999,4.109090909090909e-14,4e-10,-40,3.6e-07,3,4.46953e-06
0.7999999999999999,4.109090909090909e-14,4e-10,-25,1.8e-07,3,2.74879e-06
0.7999999999999999,4.109090909090909e-14,4e-10,-25,3.6e-07,3,4.35996e-06
0.7999999999999999,4.109090909090909e-14,4e-10,0,1.8e-07,3,2.21011e-06
0.7999999999999999,4.109090909090909e-14,4e-10,0,3.6e-07,3,3.93844e-06
0.7999999999999999,4.109090909090909e-14,4e-10,25,1.8e-07,3,1.81802e-06
0.7999999999999999,4.109090909090909e-14,4e-10,25,3.6e-07,3,3.38345e-06
0.7999999999999999,4.109090909090909e-14,4e-10,75,1.8e-07,3,1.3039e-06
0.7999999999999999,4.109090909090909e-14,4e-10,75,3.6e-07,3,2.5079e-06
0.7999999999999999,4.109090909090909e-14,4e-10,100,1.8e-07,3,1.13075e-06
0.7999999999999999,4.109090909090909e-14,4e-10,100,3.6e-07,3,2.19609e-06
0.7999999999999999,4.109090909090909e-14,4e-10,125,1.8e-07,3,9.93321e-07
0.7999999999999999,4.109090909090909e-14,4e-10,125,3.6e-07,3,1.94374e-06
0.7999999999999999,4.5545454545454544e-14,1e-11,-40,1.8e-07,3,4.92507e-06
0.7999999999999999,4.5545454545454544e-14,1e-11,-40,3.6e-07,3,5.01214e-06
0.7999999999999999,4.5545454545454544e-14,1e-11,-25,1.8e-07,3,4.86971e-06
0.7999999999999999,4.5545454545454544e-14,1e-11,-25,3.6e-07,3,5.01494e-06
0.7999999999999999,4.5545454545454544e-14,1e-11,0,1.8e-07,3,4.6062e-06
0.7999999999999999,4.5545454545454544e-14,1e-11,0,3.6e-07,3,5.01654e-06
0.7999999999999999,4.5545454545454544e-14,1e-11,25,1.8e-07,3,4.13975e-06
0.7999999999999999,4.5545454545454544e-14,1e-11,25,3.6e-07,3,4.99805e-06
0.7999999999999999,4.5545454545454544e-14,1e-11,75,1.8e-07,3,3.13303e-06
0.7999999999999999,4.5545454545454544e-14,1e-11,75,3.6e-07,3,4.75765e-06
0.7999999999999999,4.5545454545454544e-14,1e-11,100,1.8e-07,3,2.73142e-06
0.7999999999999999,4.5545454545454544e-14,1e-11,100,3.6e-07,3,4.50373e-06
0.7999999999999999,4.5545454545454544e-14,1e-11,125,1.8e-07,3,2.40171e-06
0.7999999999999999,4.5545454545454544e-14,1e-11,125,3.6e-07,3,4.19087e-06
0.7999999999999999,4.5545454545454544e-14,5e-11,-40,1.8e-07,3,4.90851e-06
0.7999999999999999,4.5545454545454544e-14,5e-11,-40,3.6e-07,3,5.002e-06
0.7999999999999999,4.5545454545454544e-14,5e-11,-25,1.8e-07,3,4.82799e-06
0.7999999999999999,4.5545454545454544e-14,5e-11,-25,3.6e-07,3,5.00452e-06
0.7999999999999999,4.5545454545454544e-14,5e-11,0,1.8e-07,3,4.49485e-06
0.7999999999999999,4.5545454545454544e-14,5e-11,0,3.6e-07,3,5.00358e-06
0.7999999999999999,4.5545454545454544e-14,5e-11,25,1.8e-07,3,3.97276e-06
0.7999999999999999,4.5545454545454544e-14,5e-11,25,3.6e-07,3,4.97298e-06
0.7999999999999999,4.5545454545454544e-14,5e-11,75,1.8e-07,3,2.95953e-06
0.7999999999999999,4.5545454545454544e-14,5e-11,75,3.6e-07,3,4.66201e-06
0.7999999999999999,4.5545454545454544e-14,5e-11,100,1.8e-07,3,2.574e-06
0.7999999999999999,4.5545454545454544e-14,5e-11,100,3.6e-07,3,4.36738e-06
0.7999999999999999,4.5545454545454544e-14,5e-11,125,1.8e-07,3,2.2601e-06
0.7999999999999999,4.5545454545454544e-14,5e-11,125,3.6e-07,3,4.02688e-06
0.7999999999999999,4.5545454545454544e-14,1e-10,-40,1.8e-07,3,4.88049e-06
0.7999999999999999,4.5545454545454544e-14,1e-10,-40,3.6e-07,3,4.99801e-06
0.7999999999999999,4.5545454545454544e-14,1e-10,-25,1.8e-07,3,4.75486e-06
0.7999999999999999,4.5545454545454544e-14,1e-10,-25,3.6e-07,3,5.00035e-06
0.7999999999999999,4.5545454545454544e-14,1e-10,0,1.8e-07,3,4.31947e-06
0.7999999999999999,4.5545454545454544e-14,1e-10,0,3.6e-07,3,4.99402e-06
0.7999999999999999,4.5545454545454544e-14,1e-10,25,1.8e-07,3,3.73799e-06
0.7999999999999999,4.5545454545454544e-14,1e-10,25,3.6e-07,3,4.9398e-06
0.7999999999999999,4.5545454545454544e-14,1e-10,75,1.8e-07,3,2.74243e-06
0.7999999999999999,4.5545454545454544e-14,1e-10,75,3.6e-07,3,4.52017e-06
0.7999999999999999,4.5545454545454544e-14,1e-10,100,1.8e-07,3,2.38036e-06
0.7999999999999999,4.5545454545454544e-14,1e-10,100,3.6e-07,3,4.1757e-06
0.7999999999999999,4.5545454545454544e-14,1e-10,125,1.8e-07,3,2.08767e-06
0.7999999999999999,4.5545454545454544e-14,1e-10,125,3.6e-07,3,3.80669e-06
0.7999999999999999,4.5545454545454544e-14,2e-10,-40,1.8e-07,3,4.73836e-06
0.7999999999999999,4.5545454545454544e-14,2e-10,-40,3.6e-07,3,4.99335e-06
0.7999999999999999,4.5545454545454544e-14,2e-10,-25,1.8e-07,3,4.4549e-06
0.7999999999999999,4.5545454545454544e-14,2e-10,-25,3.6e-07,3,4.99219e-06
0.7999999999999999,4.5545454545454544e-14,2e-10,0,1.8e-07,3,3.79935e-06
0.7999999999999999,4.5545454545454544e-14,2e-10,0,3.6e-07,3,4.95188e-06
0.7999999999999999,4.5545454545454544e-14,2e-10,25,1.8e-07,3,3.1755e-06
0.7999999999999999,4.5545454545454544e-14,2e-10,25,3.6e-07,3,4.7972e-06
0.7999999999999999,4.5545454545454544e-14,2e-10,75,1.8e-07,3,2.28913e-06
0.7999999999999999,4.5545454545454544e-14,2e-10,75,3.6e-07,3,4.08836e-06
0.7999999999999999,4.5545454545454544e-14,2e-10,100,1.8e-07,3,1.98213e-06
0.7999999999999999,4.5545454545454544e-14,2e-10,100,3.6e-07,3,3.66639e-06
0.7999999999999999,4.5545454545454544e-14,2e-10,125,1.8e-07,3,1.73625e-06
0.7999999999999999,4.5545454545454544e-14,2e-10,125,3.6e-07,3,3.27751e-06
0.7999999999999999,4.5545454545454544e-14,4e-10,-40,1.8e-07,3,3.21337e-06
0.7999999999999999,4.5545454545454544e-14,4e-10,-40,3.6e-07,3,4.89109e-06
0.7999999999999999,4.5545454545454544e-14,4e-10,-25,1.8e-07,3,2.78303e-06
0.7999999999999999,4.5545454545454544e-14,4e-10,-25,3.6e-07,3,4.68875e-06
0.7999999999999999,4.5545454545454544e-14,4e-10,0,1.8e-07,3,2.23224e-06
0.7999999999999999,4.5545454545454544e-14,4e-10,0,3.6e-07,3,4.08572e-06
0.7999999999999999,4.5545454545454544e-14,4e-10,25,1.8e-07,3,1.83299e-06
0.7999999999999999,4.5545454545454544e-14,4e-10,25,3.6e-07,3,3.45323e-06
0.7999999999999999,4.5545454545454544e-14,4e-10,75,1.8e-07,3,1.31156e-06
0.7999999999999999,4.5545454545454544e-14,4e-10,75,3.6e-07,3,2.53923e-06
0.7999999999999999,4.5545454545454544e-14,4e-10,100,1.8e-07,3,1.1365e-06
0.7999999999999999,4.5545454545454544e-14,4e-10,100,3.6e-07,3,2.21936e-06
0.7999999999999999,4.5545454545454544e-14,4e-10,125,1.8e-07,3,9.9775e-07
0.7999999999999999,4.5545454545454544e-14,4e-10,125,3.6e-07,3,1.96169e-06
0.7999999999999999,5e-14,1e-11,-40,1.8e-07,3,5.37751e-06
0.7999999999999999,5e-14,1e-11,-40,3.6e-07,3,5.48716e-06
0.7999999999999999,5e-14,1e-11,-25,1.8e-07,3,5.27569e-06
0.7999999999999999,5e-14,1e-11,-25,3.6e-07,3,5.48971e-06
0.7999999999999999,5e-14,1e-11,0,1.8e-07,3,4.87842e-06
0.7999999999999999,5e-14,1e-11,0,3.6e-07,3,5.48686e-06
0.7999999999999999,5e-14,1e-11,25,1.8e-07,3,4.28699e-06
0.7999999999999999,5e-14,1e-11,25,3.6e-07,3,5.44583e-06
0.7999999999999999,5e-14,1e-11,75,1.8e-07,3,3.17939e-06
0.7999999999999999,5e-14,1e-11,75,3.6e-07,3,5.07106e-06
0.7999999999999999,5e-14,1e-11,100,1.8e-07,3,2.76315e-06
0.7999999999999999,5e-14,1e-11,100,3.6e-07,3,4.73193e-06
0.7999999999999999,5e-14,1e-11,125,1.8e-07,3,2.42492e-06
0.7999999999999999,5e-14,1e-11,125,3.6e-07,3,4.34906e-06
0.7999999999999999,5e-14,5e-11,-40,1.8e-07,3,5.34932e-06
0.7999999999999999,5e-14,5e-11,-40,3.6e-07,3,5.47714e-06
0.7999999999999999,5e-14,5e-11,-25,1.8e-07,3,5.20838e-06
0.7999999999999999,5e-14,5e-11,-25,3.6e-07,3,5.47915e-06
0.7999999999999999,5e-14,5e-11,0,1.8e-07,3,4.72765e-06
0.7999999999999999,5e-14,5e-11,0,3.6e-07,3,5.47105e-06
0.7999999999999999,5e-14,5e-11,25,1.8e-07,3,4.09025e-06
0.7999999999999999,5e-14,5e-11,25,3.6e-07,3,5.40921e-06
0.7999999999999999,5e-14,5e-11,75,1.8e-07,3,2.99865e-06
0.7999999999999999,5e-14,5e-11,75,3.6e-07,3,4.94213e-06
0.7999999999999999,5e-14,5e-11,100,1.8e-07,3,2.6014e-06
0.7999999999999999,5e-14,5e-11,100,3.6e-07,3,4.56287e-06
0.7999999999999999,5e-14,5e-11,125,1.8e-07,3,2.28036e-06
0.7999999999999999,5e-14,5e-11,125,3.6e-07,3,4.15795e-06
0.7999999999999999,5e-14,1e-10,-40,1.8e-07,3,5.29803e-06
0.7999999999999999,5e-14,1e-10,-40,3.6e-07,3,5.47318e-06
0.7999999999999999,5e-14,1e-10,-25,1.8e-07,3,5.09176e-06
0.7999999999999999,5e-14,1e-10,-25,3.6e-07,3,5.47434e-06
0.7999999999999999,5e-14,1e-10,0,1.8e-07,3,4.49925e-06
0.7999999999999999,5e-14,1e-10,0,3.6e-07,3,5.45504e-06
0.7999999999999999,5e-14,1e-10,25,1.8e-07,3,3.82352e-06
0.7999999999999999,5e-14,1e-10,25,3.6e-07,3,5.35439e-06
0.7999999999999999,5e-14,1e-10,75,1.8e-07,3,2.77414e-06
0.7999999999999999,5e-14,1e-10,75,3.6e-07,3,4.75394e-06
0.7999999999999999,5e-14,1e-10,100,1.8e-07,3,2.40307e-06
0.7999999999999999,5e-14,1e-10,100,3.6e-07,3,4.32956e-06
0.7999999999999999,5e-14,1e-10,125,1.8e-07,3,2.10466e-06
0.7999999999999999,5e-14,1e-10,125,3.6e-07,3,3.90661e-06
0.7999999999999999,5e-14,2e-10,-40,1.8e-07,3,5.05932e-06
0.7999999999999999,5e-14,2e-10,-40,3.6e-07,3,5.46761e-06
0.7999999999999999,5e-14,2e-10,-25,1.8e-07,3,4.65894e-06
0.7999999999999999,5e-14,2e-10,-25,3.6e-07,3,5.46041e-06
0.7999999999999999,5e-14,2e-10,0,1.8e-07,3,3.88285e-06
0.7999999999999999,5e-14,2e-10,0,3.6e-07,3,5.37926e-06
0.7999999999999999,5e-14,2e-10,25,1.8e-07,3,3.22003e-06
0.7999999999999999,5e-14,2e-10,25,3.6e-07,3,5.13128e-06
0.7999999999999999,5e-14,2e-10,75,1.8e-07,3,2.30967e-06
0.7999999999999999,5e-14,2e-10,75,3.6e-07,3,4.22091e-06
0.7999999999999999,5e-14,2e-10,100,1.8e-07,3,1.99725e-06
0.7999999999999999,5e-14,2e-10,100,3.6e-07,3,3.74695e-06
0.7999999999999999,5e-14,2e-10,125,1.8e-07,3,1.74771e-06
0.7999999999999999,5e-14,2e-10,125,3.6e-07,3,3.33061e-06
0.7999999999999999,5e-14,4e-10,-40,1.8e-07,3,3.2502e-06
0.7999999999999999,5e-14,4e-10,-40,3.6e-07,3,5.27107e-06
0.7999999999999999,5e-14,4e-10,-25,1.8e-07,3,2.8109e-06
0.7999999999999999,5e-14,4e-10,-25,3.6e-07,3,4.94602e-06
0.7999999999999999,5e-14,4e-10,0,1.8e-07,3,2.25035e-06
0.7999999999999999,5e-14,4e-10,0,3.6e-07,3,4.18541e-06
0.7999999999999999,5e-14,4e-10,25,1.8e-07,3,1.84534e-06
0.7999999999999999,5e-14,4e-10,25,3.6e-07,3,3.50706e-06
0.7999999999999999,5e-14,4e-10,75,1.8e-07,3,1.31791e-06
0.7999999999999999,5e-14,4e-10,75,3.6e-07,3,2.5651e-06
0.7999999999999999,5e-14,4e-10,100,1.8e-07,3,1.14128e-06
0.7999999999999999,5e-14,4e-10,100,3.6e-07,3,2.23864e-06
0.7999999999999999,5e-14,4e-10,125,1.8e-07,3,1.00145e-06
0.7999999999999999,5e-14,4e-10,125,3.6e-07,3,1.97653e-06
0.8999999999999999,1e-15,1e-11,-40,1.8e-07,3,2.40659e-07
0.8999999999999999,1e-15,1e-11,-40,3.6e-07,3,3.23977e-07
0.8999999999999999,1e-15,1e-11,-25,1.8e-07,3,2.43457e-07
0.8999999999999999,1e-15,1e-11,-25,3.6e-07,3,3.29702e-07
0.8999999999999999,1e-15,1e-11,0,1.8e-07,3,2.47862e-07
0.8999999999999999,1e-15,1e-11,0,3.6e-07,3,3.38294e-07
0.8999999999999999,1e-15,1e-11,25,1.8e-07,3,2.51986e-07
0.8999999999999999,1e-15,1e-11,25,3.6e-07,3,3.46633e-07
0.8999999999999999,1e-15,1e-11,75,1.8e-07,3,2.59796e-07
0.8999999999999999,1e-15,1e-11,75,3.6e-07,3,3.61955e-07
0.8999999999999999,1e-15,1e-11,100,1.8e-07,3,2.63381e-07
0.8999999999999999,1e-15,1e-11,100,3.6e-07,3,3.68854e-07
0.8999999999999999,1e-15,1e-11,125,1.8e-07,3,2.66697e-07
0.8999999999999999,1e-15,1e-11,125,3.6e-07,3,3.75112e-07
0.8999999999999999,1e-15,5e-11,-40,1.8e-07,3,2.29248e-07
0.8999999999999999,1e-15,5e-11,-40,3.6e-07,3,3.02889e-07
0.8999999999999999,1e-15,5e-11,-25,1.8e-07,3,2.31521e-07
0.8999999999999999,1e-15,5e-11,-25,3.6e-07,3,3.06688e-07
0.8999999999999999,1e-15,5e-11,0,1.8e-07,3,2.3541e-07
0.8999999999999999,1e-15,5e-11,0,3.6e-07,3,3.13574e-07
0.8999999999999999,1e-15,5e-11,25,1.8e-07,3,2.39208e-07
0.8999999999999999,1e-15,5e-11,25,3.6e-07,3,3.20755e-07
0.8999999999999999,1e-15,5e-11,75,1.8e-07,3,2.46693e-07
0.8999999999999999,1e-15,5e-11,75,3.6e-07,3,3.34688e-07
0.8999999999999999,1e-15,5e-11,100,1.8e-07,3,2.5025e-07
0.8999999999999999,1e-15,5e-11,100,3.6e-07,3,3.41304e-07
0.8999999999999999,1e-15,5e-11,125,1.8e-07,3,2.53564e-07
0.8999999999999999,1e-15,5e-11,125,3.6e-07,3,3.47468e-07
0.8999999999999999,1e-15,1e-10,-40,1.8e-07,3,2.31468e-07
0.8999999999999999,1e-15,1e-10,-40,3.6e-07,3,3.06424e-07
0.8999999999999999,1e-15,1e-10,-25,1.8e-07,3,2.32151e-07
0.8999999999999999,1e-15,1e-10,-25,3.6e-07,3,3.07975e-07
0.8999999999999999,1e-15,1e-10,0,1.8e-07,3,2.34464e-07
0.8999999999999999,1e-15,1e-10,0,3.6e-07,3,3.1232e-07
0.8999999999999999,1e-15,1e-10,25,1.8e-07,3,2.37381e-07
0.8999999999999999,1e-15,1e-10,25,3.6e-07,3,3.17531e-07
0.8999999999999999,1e-15,1e-10,75,1.8e-07,3,2.4367e-07
0.8999999999999999,1e-15,1e-10,75,3.6e-07,3,3.2879e-07
0.8999999999999999,1e-15,1e-10,100,1.8e-07,3,2.46822e-07
0.8999999999999999,1e-15,1e-10,100,3.6e-07,3,3.3444e-07
0.8999999999999999,1e-15,1e-10,125,1.8e-07,3,2.4978e-07
0.8999999999999999,1e-15,1e-10,125,3.6e-07,3,3.39756e-07
0.8999999999999999,1e-15,2e-10,-40,1.8e-07,3,2.4527e-07
0.8999999999999999,1e-15,2e-10,-40,3.6e-07,3,3.27432e-07
0.8999999999999999,1e-15,2e-10,-25,1.8e-07,3,2.42708e-07
0.8999999999999999,1e-15,2e-10,-25,3.6e-07,3,3.24325e-07
0.8999999999999999,1e-15,2e-10,0,1.8e-07,3,2.41935e-07
0.8999999999999999,1e-15,2e-10,0,3.6e-07,3,3.23995e-07
0.8999999999999999,1e-15,2e-10,25,1.8e-07,3,2.4284e-07
0.8999999999999999,1e-15,2e-10,25,3.6e-07,3,3.26157e-07
0.8999999999999999,1e-15,2e-10,75,1.8e-07,3,2.46486e-07
0.8999999999999999,1e-15,2e-10,75,3.6e-07,3,3.33201e-07
0.8999999999999999,1e-15,2e-10,100,1.8e-07,3,2.48694e-07
0.8999999999999999,1e-15,2e-10,100,3.6e-07,3,3.37218e-07
0.8999999999999999,1e-15,2e-10,125,1.8e-07,3,2.50889e-07
0.8999999999999999,1e-15,2e-10,125,3.6e-07,3,3.41125e-07
0.8999999999999999,1e-15,4e-10,-40,1.8e-07,3,2.86119e-07
0.8999999999999999,1e-15,4e-10,-40,3.6e-07,3,3.88967e-07
0.8999999999999999,1e-15,4e-10,-25,1.8e-07,3,2.7653e-07
0.8999999999999999,1e-15,4e-10,-25,3.6e-07,3,3.76045e-07
0.8999999999999999,1e-15,4e-10,0,1.8e-07,3,2.69036e-07
0.8999999999999999,1e-15,4e-10,0,3.6e-07,3,3.66009e-07
0.8999999999999999,1e-15,4e-10,25,1.8e-07,3,2.65829e-07
0.8999999999999999,1e-15,4e-10,25,3.6e-07,3,3.62028e-07
0.8999999999999999,1e-15,4e-10,75,1.8e-07,3,2.64337e-07
0.8999999999999999,1e-15,4e-10,75,3.6e-07,3,3.61132e-07
0.8999999999999999,1e-15,4e-10,100,1.8e-07,3,2.64645e-07
0.8999999999999999,1e-15,4e-10,100,3.6e-07,3,3.62218e-07
0.8999999999999999,1e-15,4e-10,125,1.8e-07,3,2.65221e-07
0.8999999999999999,1e-15,4e-10,125,3.6e-07,3,3.63565e-07
0.8999999999999999,5.454545454545455e-15,1e-11,-40,1.8e-07,3,8.46245e-07
0.8999999999999999,5.454545454545455e-15,1e-11,-40,3.6e-07,3,9.3429e-07
0.8999999999999999,5.454545454545455e-15,1e-11,-25,1.8e-07,3,8.48442e-07
0.8999999999999999,5.454545454545455e-15,1e-11,-25,3.6e-07,3,9.38768e-07
0.8999999999999999,5.454545454545455e-15,1e-11,0,1.8e-07,3,8.52033e-07
0.8999999999999999,5.454545454545455e-15,1e-11,0,3.6e-07,3,9.45979e-07
0.8999999999999999,5.454545454545455e-15,1e-11,25,1.8e-07,3,8.55569e-07
0.8999999999999999,5.454545454545455e-15,1e-11,25,3.6e-07,3,9.53056e-07
0.8999999999999999,5.454545454545455e-15,1e-11,75,1.8e-07,3,8.62395e-07
0.8999999999999999,5.454545454545455e-15,1e-11,75,3.6e-07,3,9.66409e-07
0.8999999999999999,5.454545454545455e-15,1e-11,100,1.8e-07,3,8.65537e-07
0.8999999999999999,5.454545454545455e-15,1e-11,100,3.6e-07,3,9.72465e-07
0.8999999999999999,5.454545454545455e-15,1e-11,125,1.8e-07,3,8.68365e-07
0.8999999999999999,5.454545454545455e-15,1e-11,125,3.6e-07,3,9.77941e-07
0.8999999999999999,5.454545454545455e-15,5e-11,-40,1.8e-07,3,8.35931e-07
0.8999999999999999,5.454545454545455e-15,5e-11,-40,3.6e-07,3,9.11749e-07
0.8999999999999999,5.454545454545455e-15,5e-11,-25,1.8e-07,3,8.38407e-07
0.8999999999999999,5.454545454545455e-15,5e-11,-25,3.6e-07,3,9.16794e-07
0.8999999999999999,5.454545454545455e-15,5e-11,0,1.8e-07,3,8.42395e-07
0.8999999999999999,5.454545454545455e-15,5e-11,0,3.6e-07,3,9.24651e-07
0.8999999999999999,5.454545454545455e-15,5e-11,25,1.8e-07,3,8.45987e-07
0.8999999999999999,5.454545454545455e-15,5e-11,25,3.6e-07,3,9.3192e-07
0.8999999999999999,5.454545454545455e-15,5e-11,75,1.8e-07,3,8.52566e-07
0.8999999999999999,5.454545454545455e-15,5e-11,75,3.6e-07,3,9.45119e-07
0.8999999999999999,5.454545454545455e-15,5e-11,100,1.8e-07,3,8.55582e-07
0.8999999999999999,5.454545454545455e-15,5e-11,100,3.6e-07,3,9.51112e-07
0.8999999999999999,5.454545454545455e-15,5e-11,125,1.8e-07,3,8.5825e-07
0.8999999999999999,5.454545454545455e-15,5e-11,125,3.6e-07,3,9.56501e-07
0.8999999999999999,5.454545454545455e-15,1e-10,-40,1.8e-07,3,8.3329e-07
0.8999999999999999,5.454545454545455e-15,1e-10,-40,3.6e-07,3,9.07063e-07
0.8999999999999999,5.454545454545455e-15,1e-10,-25,1.8e-07,3,8.35344e-07
0.8999999999999999,5.454545454545455e-15,1e-10,-25,3.6e-07,3,9.10829e-07
0.8999999999999999,5.454545454545455e-15,1e-10,0,1.8e-07,3,8.39055e-07
0.8999999999999999,5.454545454545455e-15,1e-10,0,3.6e-07,3,9.1742e-07
0.8999999999999999,5.454545454545455e-15,1e-10,25,1.8e-07,3,8.42532e-07
0.8999999999999999,5.454545454545455e-15,1e-10,25,3.6e-07,3,9.24374e-07
0.8999999999999999,5.454545454545455e-15,1e-10,75,1.8e-07,3,8.4905e-07
0.8999999999999999,5.454545454545455e-15,1e-10,75,3.6e-07,3,9.37291e-07
0.8999999999999999,5.454545454545455e-15,1e-10,100,1.8e-07,3,8.52005e-07
0.8999999999999999,5.454545454545455e-15,1e-10,100,3.6e-07,3,9.43131e-07
0.8999999999999999,5.454545454545455e-15,1e-10,125,1.8e-07,3,8.54566e-07
0.8999999999999999,5.454545454545455e-15,1e-10,125,3.6e-07,3,9.48357e-07
0.8999999999999999,5.454545454545455e-15,2e-10,-40,1.8e-07,3,8.37422e-07
0.8999999999999999,5.454545454545455e-15,2e-10,-40,3.6e-07,3,9.14616e-07
0.8999999999999999,5.454545454545455e-15,2e-10,-25,1.8e-07,3,8.37366e-07
0.8999999999999999,5.454545454545455e-15,2e-10,-25,3.6e-07,3,9.146e-07
0.8999999999999999,5.454545454545455e-15,2e-10,0,1.8e-07,3,8.39248e-07
0.8999999999999999,5.454545454545455e-15,2e-10,0,3.6e-07,3,9.17869e-07
0.8999999999999999,5.454545454545455e-15,2e-10,25,1.8e-07,3,8.41794e-07
0.8999999999999999,5.454545454545455e-15,2e-10,25,3.6e-07,3,9.22775e-07
0.8999999999999999,5.454545454545455e-15,2e-10,75,1.8e-07,3,8.47389e-07
0.8999999999999999,5.454545454545455e-15,2e-10,75,3.6e-07,3,9.33356e-07
0.8999999999999999,5.454545454545455e-15,2e-10,100,1.8e-07,3,8.50007e-07
0.8999999999999999,5.454545454545455e-15,2e-10,100,3.6e-07,3,9.38478e-07
0.8999999999999999,5.454545454545455e-15,2e-10,125,1.8e-07,3,8.52224e-07
0.8999999999999999,5.454545454545455e-15,2e-10,125,3.6e-07,3,9.43131e-07
0.8999999999999999,5.454545454545455e-15,4e-10,-40,1.8e-07,3,8.59089e-07
0.8999999999999999,5.454545454545455e-15,4e-10,-40,3.6e-07,3,9.50527e-07
0.8999999999999999,5.454545454545455e-15,4e-10,-25,1.8e-07,3,8.53504e-07
0.8999999999999999,5.454545454545455e-15,4e-10,-25,3.6e-07,3,9.42321e-07
0.8999999999999999,5.454545454545455e-15,4e-10,0,1.8e-07,3,8.50497e-07
0.8999999999999999,5.454545454545455e-15,4e-10,0,3.6e-07,3,9.37878e-07
0.8999999999999999,5.454545454545455e-15,4e-10,25,1.8e-07,3,8.50235e-07
0.8999999999999999,5.454545454545455e-15,4e-10,25,3.6e-07,3,9.37786e-07
0.8999999999999999,5.454545454545455e-15,4e-10,75,1.8e-07,3,8.5197e-07
0.8999999999999999,5.454545454545455e-15,4e-10,75,3.6e-07,3,9.42191e-07
0.8999999999999999,5.454545454545455e-15,4e-10,100,1.8e-07,3,8.5183e-07
0.8999999999999999,5.454545454545455e-15,4e-10,100,3.6e-07,3,9.45202e-07
0.8999999999999999,5.454545454545455e-15,4e-10,125,1.8e-07,3,8.4889e-07
0.8999999999999999,5.454545454545455e-15,4e-10,125,3.6e-07,3,9.48097e-07
0.8999999999999999,9.909090909090907e-15,1e-11,-40,1.8e-07,3,1.44835e-06
0.8999999999999999,9.909090909090907e-15,1e-11,-40,3.6e-07,3,1.53753e-06
0.8999999999999999,9.909090909090907e-15,1e-11,-25,1.8e-07,3,1.45029e-06
0.8999999999999999,9.909090909090907e-15,1e-11,-25,3.6e-07,3,1.5416e-06
0.8999999999999999,9.909090909090907e-15,1e-11,0,1.8e-07,3,1.45367e-06
0.8999999999999999,9.909090909090907e-15,1e-11,0,3.6e-07,3,1.54846e-06
0.8999999999999999,9.909090909090907e-15,1e-11,25,1.8e-07,3,1.45708e-06
0.8999999999999999,9.909090909090907e-15,1e-11,25,3.6e-07,3,1.55496e-06
0.8999999999999999,9.909090909090907e-15,1e-11,75,1.8e-07,3,1.46356e-06
0.8999999999999999,9.909090909090907e-15,1e-11,75,3.6e-07,3,1.5678e-06
0.8999999999999999,9.909090909090907e-15,1e-11,100,1.8e-07,3,1.46619e-06
0.8999999999999999,9.909090909090907e-15,1e-11,100,3.6e-07,3,1.57361e-06
0.8999999999999999,9.909090909090907e-15,1e-11,125,1.8e-07,3,1.46747e-06
0.8999999999999999,9.909090909090907e-15,1e-11,125,3.6e-07,3,1.57881e-06
0.8999999999999999,9.909090909090907e-15,5e-11,-40,1.8e-07,3,1.43951e-06
0.8999999999999999,9.909090909090907e-15,5e-11,-40,3.6e-07,3,1.51769e-06
0.8999999999999999,9.909090909090907e-15,5e-11,-25,1.8e-07,3,1.44178e-06
0.8999999999999999,9.909090909090907e-15,5e-11,-25,3.6e-07,3,1.52248e-06
0.8999999999999999,9.909090909090907e-15,5e-11,0,1.8e-07,3,1.44535e-06
0.8999999999999999,9.909090909090907e-15,5e-11,0,3.6e-07,3,1.5299e-06
0.8999999999999999,9.909090909090907e-15,5e-11,25,1.8e-07,3,1.44862e-06
0.8999999999999999,9.909090909090907e-15,5e-11,25,3.6e-07,3,1.53646e-06
0.8999999999999999,9.909090909090907e-15,5e-11,75,1.8e-07,3,1.45457e-06
0.8999999999999999,9.909090909090907e-15,5e-11,75,3.6e-07,3,1.54872e-06
0.8999999999999999,9.909090909090907e-15,5e-11,100,1.8e-07,3,1.45675e-06
0.8999999999999999,9.909090909090907e-15,5e-11,100,3.6e-07,3,1.55427e-06
0.8999999999999999,9.909090909090907e-15,5e-11,125,1.8e-07,3,1.4572e-06
0.8999999999999999,9.909090909090907e-15,5e-11,125,3.6e-07,3,1.55922e-06
0.8999999999999999,9.909090909090907e-15,1e-10,-40,1.8e-07,3,1.43651e-06
0.8999999999999999,9.909090909090907e-15,1e-10,-40,3.6e-07,3,1.51118e-06
0.8999999999999999,9.909090909090907e-15,1e-10,-25,1.8e-07,3,1.43863e-06
0.8999999999999999,9.909090909090907e-15,1e-10,-25,3.6e-07,3,1.51552e-06
0.8999999999999999,9.909090909090907e-15,1e-10,0,1.8e-07,3,1.44222e-06
0.8999999999999999,9.909090909090907e-15,1e-10,0,3.6e-07,3,1.52276e-06
0.8999999999999999,9.909090909090907e-15,1e-10,25,1.8e-07,3,1.44555e-06
0.8999999999999999,9.909090909090907e-15,1e-10,25,3.6e-07,3,1.52936e-06
0.8999999999999999,9.909090909090907e-15,1e-10,75,1.8e-07,3,1.45132e-06
0.8999999999999999,9.909090909090907e-15,1e-10,75,3.6e-07,3,1.54168e-06
0.8999999999999999,9.909090909090907e-15,1e-10,100,1.8e-07,3,1.45295e-06
0.8999999999999999,9.909090909090907e-15,1e-10,100,3.6e-07,3,1.54718e-06
0.8999999999999999,9.909090909090907e-15,1e-10,125,1.8e-07,3,1.45192e-06
0.8999999999999999,9.909090909090907e-15,1e-10,125,3.6e-07,3,1.55196e-06
0.8999999999999999,9.909090909090907e-15,2e-10,-40,1.8e-07,3,1.43773e-06
0.8999999999999999,9.909090909090907e-15,2e-10,-40,3.6e-07,3,1.51345e-06
0.8999999999999999,9.909090909090907e-15,2e-10,-25,1.8e-07,3,1.43846e-06
0.8999999999999999,9.909090909090907e-15,2e-10,-25,3.6e-07,3,1.5151e-06
0.8999999999999999,9.909090909090907e-15,2e-10,0,1.8e-07,3,1.44102e-06
0.8999999999999999,9.909090909090907e-15,2e-10,0,3.6e-07,3,1.52e-06
0.8999999999999999,9.909090909090907e-15,2e-10,25,1.8e-07,3,1.44388e-06
0.8999999999999999,9.909090909090907e-15,2e-10,25,3.6e-07,3,1.52544e-06
0.8999999999999999,9.909090909090907e-15,2e-10,75,1.8e-07,3,1.44826e-06
0.8999999999999999,9.909090909090907e-15,2e-10,75,3.6e-07,3,1.53664e-06
0.8999999999999999,9.909090909090907e-15,2e-10,100,1.8e-07,3,1.44689e-06
0.8999999999999999,9.909090909090907e-15,2e-10,100,3.6e-07,3,1.54175e-06
0.8999999999999999,9.909090909090907e-15,2e-10,125,1.8e-07,3,1.43937e-06
0.8999999999999999,9.909090909090907e-15,2e-10,125,3.6e-07,3,1.5462e-06
0.8999999999999999,9.909090909090907e-15,4e-10,-40,1.8e-07,3,1.45242e-06
0.8999999999999999,9.909090909090907e-15,4e-10,-40,3.6e-07,3,1.53899e-06
0.8999999999999999,9.909090909090907e-15,4e-10,-25,1.8e-07,3,1.44858e-06
0.8999999999999999,9.909090909090907e-15,4e-10,-25,3.6e-07,3,1.53317e-06
0.8999999999999999,9.909090909090907e-15,4e-10,0,1.8e-07,3,1.44709e-06
0.8999999999999999,9.909090909090907e-15,4e-10,0,3.6e-07,3,1.53142e-06
0.8999999999999999,9.909090909090907e-15,4e-10,25,1.8e-07,3,1.44569e-06
0.8999999999999999,9.909090909090907e-15,4e-10,25,3.6e-07,3,1.53293e-06
0.8999999999999999,9.909090909090907e-15,4e-10,75,1.8e-07,3,1.41343e-06
0.8999999999999999,9.909090909090907e-15,4e-10,75,3.6e-07,3,1.5393e-06
0.8999999999999999,9.909090909090907e-15,4e-10,100,1.8e-07,3,1.36817e-06
0.8999999999999999,9.909090909090907e-15,4e-10,100,3.6e-07,3,1.5418e-06
0.8999999999999999,9.909090909090907e-15,4e-10,125,1.8e-07,3,1.30184e-06
0.8999999999999999,9.909090909090907e-15,4e-10,125,3.6e-07,3,1.54156e-06
0.8999999999999999,1.436363636363636e-14,1e-11,-40,1.8e-07,3,2.04988e-06
0.8999999999999999,1.436363636363636e-14,1e-11,-40,3.6e-07,3,2.13957e-06
0.8999999999999999,1.436363636363636e-14,1e-11,-25,1.8e-07,3,2.05182e-06
0.8999999999999999,1.436363636363636e-14,1e-11,-25,3.6e-07,3,2.14351e-06
0.8999999999999999,1.436363636363636e-14,1e-11,0,1.8e-07,3,2.05508e-06
0.8999999999999999,1.436363636363636e-14,1e-11,0,3.6e-07,3,2.14987e-06
0.8999999999999999,1.436363636363636e-14,1e-11,25,1.8e-07,3,2.05837e-06
0.8999999999999999,1.436363636363636e-14,1e-11,25,3.6e-07,3,2.1564e-06
0.8999999999999999,1.436363636363636e-14,1e-11,75,1.8e-07,3,2.06238e-06
0.8999999999999999,1.436363636363636e-14,1e-11,75,3.6e-07,3,2.16888e-06
0.8999999999999999,1.436363636363636e-14,1e-11,100,1.8e-07,3,2.0583e-06
0.8999999999999999,1.436363636363636e-14,1e-11,100,3.6e-07,3,2.17449e-06
0.8999999999999999,1.436363636363636e-14,1e-11,125,1.8e-07,3,2.04428e-06
0.8999999999999999,1.436363636363636e-14,1e-11,125,3.6e-07,3,2.17938e-06
0.8999999999999999,1.436363636363636e-14,5e-11,-40,1.8e-07,3,2.0419e-06
0.8999999999999999,1.436363636363636e-14,5e-11,-40,3.6e-07,3,2.12156e-06
0.8999999999999999,1.436363636363636e-14,5e-11,-25,1.8e-07,3,2.04405e-06
0.8999999999999999,1.436363636363636e-14,5e-11,-25,3.6e-07,3,2.12618e-06
0.8999999999999999,1.436363636363636e-14,5e-11,0,1.8e-07,3,2.04736e-06
0.8999999999999999,1.436363636363636e-14,5e-11,0,3.6e-07,3,2.13294e-06
0.8999999999999999,1.436363636363636e-14,5e-11,25,1.8e-07,3,2.05041e-06
0.8999999999999999,1.436363636363636e-14,5e-11,25,3.6e-07,3,2.13928e-06
0.8999999999999999,1.436363636363636e-14,5e-11,75,1.8e-07,3,2.05248e-06
0.8999999999999999,1.436363636363636e-14,5e-11,75,3.6e-07,3,2.15093e-06
0.8999999999999999,1.436363636363636e-14,5e-11,100,1.8e-07,3,2.04537e-06
0.8999999999999999,1.436363636363636e-14,5e-11,100,3.6e-07,3,2.15615e-06
0.8999999999999999,1.436363636363636e-14,5e-11,125,1.8e-07,3,2.02574e-06
0.8999999999999999,1.436363636363636e-14,5e-11,125,3.6e-07,3,2.16065e-06
0.8999999999999999,1.436363636363636e-14,1e-10,-40,1.8e-07,3,2.03887e-06
0.8999999999999999,1.436363636363636e-14,1e-10,-40,3.6e-07,3,2.11487e-06
0.8999999999999999,1.436363636363636e-14,1e-10,-25,1.8e-07,3,2.04108e-06
0.8999999999999999,1.436363636363636e-14,1e-10,-25,3.6e-07,3,2.11939e-06
0.8999999999999999,1.436363636363636e-14,1e-10,0,1.8e-07,3,2.04452e-06
0.8999999999999999,1.436363636363636e-14,1e-10,0,3.6e-07,3,2.1263e-06
0.8999999999999999,1.436363636363636e-14,1e-10,25,1.8e-07,3,2.04753e-06
0.8999999999999999,1.436363636363636e-14,1e-10,25,3.6e-07,3,2.13279e-06
0.8999999999999999,1.436363636363636e-14,1e-10,75,1.8e-07,3,2.0467e-06
0.8999999999999999,1.436363636363636e-14,1e-10,75,3.6e-07,3,2.14446e-06
0.8999999999999999,1.436363636363636e-14,1e-10,100,1.8e-07,3,2.03403e-06
0.8999999999999999,1.436363636363636e-14,1e-10,100,3.6e-07,3,2.14956e-06
0.8999999999999999,1.436363636363636e-14,1e-10,125,1.8e-07,3,2.00514e-06
0.8999999999999999,1.436363636363636e-14,1e-10,125,3.6e-07,3,2.15367e-06
0.8999999999999999,1.436363636363636e-14,2e-10,-40,1.8e-07,3,2.03903e-06
0.8999999999999999,1.436363636363636e-14,2e-10,-40,3.6e-07,3,2.11481e-06
0.8999999999999999,1.436363636363636e-14,2e-10,-25,1.8e-07,3,2.04016e-06
0.8999999999999999,1.436363636363636e-14,2e-10,-25,3.6e-07,3,2.11705e-06
0.8999999999999999,1.436363636363636e-14,2e-10,0,1.8e-07,3,2.04289e-06
0.8999999999999999,1.436363636363636e-14,2e-10,0,3.6e-07,3,2.12241e-06
0.8999999999999999,1.436363636363636e-14,2e-10,25,1.8e-07,3,2.045e-06
0.8999999999999999,1.436363636363636e-14,2e-10,25,3.6e-07,3,2.12821e-06
0.8999999999999999,1.436363636363636e-14,2e-10,75,1.8e-07,3,2.02936e-06
0.8999999999999999,1.436363636363636e-14,2e-10,75,3.6e-07,3,2.13926e-06
0.8999999999999999,1.436363636363636e-14,2e-10,100,1.8e-07,3,1.99589e-06
0.8999999999999999,1.436363636363636e-14,2e-10,100,3.6e-07,3,2.1438e-06
0.8999999999999999,1.436363636363636e-14,2e-10,125,1.8e-07,3,1.93769e-06
0.8999999999999999,1.436363636363636e-14,2e-10,125,3.6e-07,3,2.14645e-06
0.8999999999999999,1.436363636363636e-14,4e-10,-40,1.8e-07,3,2.0497e-06
0.8999999999999999,1.436363636363636e-14,4e-10,-40,3.6e-07,3,2.13368e-06
0.8999999999999999,1.436363636363636e-14,4e-10,-25,1.8e-07,3,2.0465e-06
0.8999999999999999,1.436363636363636e-14,4e-10,-25,3.6e-07,3,2.12959e-06
0.8999999999999999,1.436363636363636e-14,4e-10,0,1.8e-07,3,2.03907e-06
0.8999999999999999,1.436363636363636e-14,4e-10,0,3.6e-07,3,2.12926e-06
0.8999999999999999,1.436363636363636e-14,4e-10,25,1.8e-07,3,2.00881e-06
0.8999999999999999,1.436363636363636e-14,4e-10,25,3.6e-07,3,2.13177e-06
0.8999999999999999,1.436363636363636e-14,4e-10,75,1.8e-07,3,1.81007e-06
0.8999999999999999,1.436363636363636e-14,4e-10,75,3.6e-07,3,2.13259e-06
0.8999999999999999,1.436363636363636e-14,4e-10,100,1.8e-07,3,1.65664e-06
0.8999999999999999,1.436363636363636e-14,4e-10,100,3.6e-07,3,2.12086e-06
0.8999999999999999,1.436363636363636e-14,4e-10,125,1.8e-07,3,1.49945e-06
0.8999999999999999,1.436363636363636e-14,4e-10,125,3.6e-07,3,2.09283e-06
0.8999999999999999,1.8818181818181816e-14,1e-11,-40,1.8e-07,3,2.6513e-06
0.8999999999999999,1.8818181818181816e-14,1e-11,-40,3.6e-07,3,2.74127e-06
0.8999999999999999,1.8818181818181816e-14,1e-11,-25,1.8e-07,3,2.6532e-06
0.8999999999999999,1.8818181818181816e-14,1e-11,-25,3.6e-07,3,2.74495e-06
0.8999999999999999,1.8818181818181816e-14,1e-11,0,1.8e-07,3,2.65638e-06
0.8999999999999999,1.8818181818181816e-14,1e-11,0,3.6e-07,3,2.75128e-06
0.8999999999999999,1.8818181818181816e-14,1e-11,25,1.8e-07,3,2.65904e-06
0.8999999999999999,1.8818181818181816e-14,1e-11,25,3.6e-07,3,2.75769e-06
0.8999999999999999,1.8818181818181816e-14,1e-11,75,1.8e-07,3,2.64615e-06
0.8999999999999999,1.8818181818181816e-14,1e-11,75,3.6e-07,3,2.76985e-06
0.8999999999999999,1.8818181818181816e-14,1e-11,100,1.8e-07,3,2.61358e-06
0.8999999999999999,1.8818181818181816e-14,1e-11,100,3.6e-07,3,2.77504e-06
0.8999999999999999,1.8818181818181816e-14,1e-11,125,1.8e-07,3,2.55199e-06
0.8999999999999999,1.8818181818181816e-14,1e-11,125,3.6e-07,3,2.77852e-06
0.8999999999999999,1.8818181818181816e-14,5e-11,-40,1.8e-07,3,2.64387e-06
0.8999999999999999,1.8818181818181816e-14,5e-11,-40,3.6e-07,3,2.72454e-06
0.8999999999999999,1.8818181818181816e-14,5e-11,-25,1.8e-07,3,2.6459e-06
0.8999999999999999,1.8818181818181816e-14,5e-11,-25,3.6e-07,3,2.72874e-06
0.8999999999999999,1.8818181818181816e-14,5e-11,0,1.8e-07,3,2.64901e-06
0.8999999999999999,1.8818181818181816e-14,5e-11,0,3.6e-07,3,2.73532e-06
0.8999999999999999,1.8818181818181816e-14,5e-11,25,1.8e-07,3,2.65095e-06
0.8999999999999999,1.8818181818181816e-14,5e-11,25,3.6e-07,3,2.74142e-06
0.8999999999999999,1.8818181818181816e-14,5e-11,75,1.8e-07,3,2.62953e-06
0.8999999999999999,1.8818181818181816e-14,5e-11,75,3.6e-07,3,2.75252e-06
0.8999999999999999,1.8818181818181816e-14,5e-11,100,1.8e-07,3,2.5858e-06
0.8999999999999999,1.8818181818181816e-14,5e-11,100,3.6e-07,3,2.75708e-06
0.8999999999999999,1.8818181818181816e-14,5e-11,125,1.8e-07,3,2.51032e-06
0.8999999999999999,1.8818181818181816e-14,5e-11,125,3.6e-07,3,2.75941e-06
0.8999999999999999,1.8818181818181816e-14,1e-10,-40,1.8e-07,3,2.64112e-06
0.8999999999999999,1.8818181818181816e-14,1e-10,-40,3.6e-07,3,2.71805e-06
0.8999999999999999,1.8818181818181816e-14,1e-10,-25,1.8e-07,3,2.6432e-06
0.8999999999999999,1.8818181818181816e-14,1e-10,-25,3.6e-07,3,2.72228e-06
0.8999999999999999,1.8818181818181816e-14,1e-10,0,1.8e-07,3,2.64624e-06
0.8999999999999999,1.8818181818181816e-14,1e-10,0,3.6e-07,3,2.72914e-06
0.8999999999999999,1.8818181818181816e-14,1e-10,25,1.8e-07,3,2.6472e-06
0.8999999999999999,1.8818181818181816e-14,1e-10,25,3.6e-07,3,2.73538e-06
0.8999999999999999,1.8818181818181816e-14,1e-10,75,1.8e-07,3,2.61073e-06
0.8999999999999999,1.8818181818181816e-14,1e-10,75,3.6e-07,3,2.74633e-06
0.8999999999999999,1.8818181818181816e-14,1e-10,100,1.8e-07,3,2.5498e-06
0.8999999999999999,1.8818181818181816e-14,1e-10,100,3.6e-07,3,2.75026e-06
0.8999999999999999,1.8818181818181816e-14,1e-10,125,1.8e-07,3,2.45387e-06
0.8999999999999999,1.8818181818181816e-14,1e-10,125,3.6e-07,3,2.75088e-06
0.8999999999999999,1.8818181818181816e-14,2e-10,-40,1.8e-07,3,2.64061e-06
0.8999999999999999,1.8818181818181816e-14,2e-10,-40,3.6e-07,3,2.71645e-06
0.8999999999999999,1.8818181818181816e-14,2e-10,-25,1.8e-07,3,2.64187e-06
0.8999999999999999,1.8818181818181816e-14,2e-10,-25,3.6e-07,3,2.71906e-06
0.8999999999999999,1.8818181818181816e-14,2e-10,0,1.8e-07,3,2.64361e-06
0.8999999999999999,1.8818181818181816e-14,2e-10,0,3.6e-07,3,2.72484e-06
0.8999999999999999,1.8818181818181816e-14,2e-10,25,1.8e-07,3,2.63809e-06
0.8999999999999999,1.8818181818181816e-14,2e-10,25,3.6e-07,3,2.73062e-06
0.8999999999999999,1.8818181818181816e-14,2e-10,75,1.8e-07,3,2.54299e-06
0.8999999999999999,1.8818181818181816e-14,2e-10,75,3.6e-07,3,2.74038e-06
0.8999999999999999,1.8818181818181816e-14,2e-10,100,1.8e-07,3,2.43165e-06
0.8999999999999999,1.8818181818181816e-14,2e-10,100,3.6e-07,3,2.74098e-06
0.8999999999999999,1.8818181818181816e-14,2e-10,125,1.8e-07,3,2.28531e-06
0.8999999999999999,1.8818181818181816e-14,2e-10,125,3.6e-07,3,2.73346e-06
0.8999999999999999,1.8818181818181816e-14,4e-10,-40,1.8e-07,3,2.64713e-06
0.8999999999999999,1.8818181818181816e-14,4e-10,-40,3.6e-07,3,2.73118e-06
0.8999999999999999,1.8818181818181816e-14,4e-10,-25,1.8e-07,3,2.63851e-06
0.8999999999999999,1.8818181818181816e-14,4e-10,-25,3.6e-07,3,2.728e-06
0.8999999999999999,1.8818181818181816e-14,4e-10,0,1.8e-07,3,2.59187e-06
0.8999999999999999,1.8818181818181816e-14,4e-10,0,3.6e-07,3,2.72876e-06
0.8999999999999999,1.8818181818181816e-14,4e-10,25,1.8e-07,3,2.46333e-06
0.8999999999999999,1.8818181818181816e-14,4e-10,25,3.6e-07,3,2.72983e-06
0.8999999999999999,1.8818181818181816e-14,4e-10,75,1.8e-07,3,2.00517e-06
0.8999999999999999,1.8818181818181816e-14,4e-10,75,3.6e-07,3,2.69457e-06
0.8999999999999999,1.8818181818181816e-14,4e-10,100,1.8e-07,3,1.775e-06
0.8999999999999999,1.8818181818181816e-14,4e-10,100,3.6e-07,3,2.63353e-06
0.8999999999999999,1.8818181818181816e-14,4e-10,125,1.8e-07,3,1.57667e-06
0.8999999999999999,1.8818181818181816e-14,4e-10,125,3.6e-07,3,2.53531e-06
0.8999999999999999,2.3272727272727276e-14,1e-11,-40,1.8e-07,3,3.25269e-06
0.8999999999999999,2.3272727272727276e-14,1e-11,-40,3.6e-07,3,3.34268e-06
0.8999999999999999,2.3272727272727276e-14,1e-11,-25,1.8e-07,3,3.25455e-06
0.8999999999999999,2.3272727272727276e-14,1e-11,-25,3.6e-07,3,3.34641e-06
0.8999999999999999,2.3272727272727276e-14,1e-11,0,1.8e-07,3,3.25729e-06
0.8999999999999999,2.3272727272727276e-14,1e-11,0,3.6e-07,3,3.3526e-06
0.8999999999999999,2.3272727272727276e-14,1e-11,25,1.8e-07,3,3.25611e-06
0.8999999999999999,2.3272727272727276e-14,1e-11,25,3.6e-07,3,3.3589e-06
0.8999999999999999,2.3272727272727276e-14,1e-11,75,1.8e-07,3,3.19024e-06
0.8999999999999999,2.3272727272727276e-14,1e-11,75,3.6e-07,3,3.37043e-06
0.8999999999999999,2.3272727272727276e-14,1e-11,100,1.8e-07,3,3.09483e-06
0.8999999999999999,2.3272727272727276e-14,1e-11,100,3.6e-07,3,3.37359e-06
0.8999999999999999,2.3272727272727276e-14,1e-11,125,1.8e-07,3,2.9559e-06
0.8999999999999999,2.3272727272727276e-14,1e-11,125,3.6e-07,3,3.37106e-06
0.8999999999999999,2.3272727272727276e-14,5e-11,-40,1.8e-07,3,3.24563e-06
0.8999999999999999,2.3272727272727276e-14,5e-11,-40,3.6e-07,3,3.32684e-06
0.8999999999999999,2.3272727272727276e-14,5e-11,-25,1.8e-07,3,3.24755e-06
0.8999999999999999,2.3272727272727276e-14,5e-11,-25,3.6e-07,3,3.331e-06
0.8999999999999999,2.3272727272727276e-14,5e-11,0,1.8e-07,3,3.24981e-06
0.8999999999999999,2.3272727272727276e-14,5e-11,0,3.6e-07,3,3.33732e-06
0.8999999999999999,2.3272727272727276e-14,5e-11,25,1.8e-07,3,3.24587e-06
0.8999999999999999,2.3272727272727276e-14,5e-11,25,3.6e-07,3,3.3432e-06
0.8999999999999999,2.3272727272727276e-14,5e-11,75,1.8e-07,3,3.15554e-06
0.8999999999999999,2.3272727272727276e-14,5e-11,75,3.6e-07,3,3.35322e-06
0.8999999999999999,2.3272727272727276e-14,5e-11,100,1.8e-07,3,3.03986e-06
0.8999999999999999,2.3272727272727276e-14,5e-11,100,3.6e-07,3,3.35466e-06
0.8999999999999999,2.3272727272727276e-14,5e-11,125,1.8e-07,3,2.88014e-06
0.8999999999999999,2.3272727272727276e-14,5e-11,125,3.6e-07,3,3.34882e-06
0.8999999999999999,2.3272727272727276e-14,1e-10,-40,1.8e-07,3,3.24293e-06
0.8999999999999999,2.3272727272727276e-14,1e-10,-40,3.6e-07,3,3.32047e-06
0.8999999999999999,2.3272727272727276e-14,1e-10,-25,1.8e-07,3,3.24489e-06
0.8999999999999999,2.3272727272727276e-14,1e-10,-25,3.6e-07,3,3.32481e-06
0.8999999999999999,2.3272727272727276e-14,1e-10,0,1.8e-07,3,3.24641e-06
0.8999999999999999,2.3272727272727276e-14,1e-10,0,3.6e-07,3,3.33149e-06
0.8999999999999999,2.3272727272727276e-14,1e-10,25,1.8e-07,3,3.23729e-06
0.8999999999999999,2.3272727272727276e-14,1e-10,25,3.6e-07,3,3.33747e-06
0.8999999999999999,2.3272727272727276e-14,1e-10,75,1.8e-07,3,3.10736e-06
0.8999999999999999,2.3272727272727276e-14,1e-10,75,3.6e-07,3,3.34653e-06
0.8999999999999999,2.3272727272727276e-14,1e-10,100,1.8e-07,3,2.9622e-06
0.8999999999999999,2.3272727272727276e-14,1e-10,100,3.6e-07,3,3.34533e-06
0.8999999999999999,2.3272727272727276e-14,1e-10,125,1.8e-07,3,2.77618e-06
0.8999999999999999,2.3272727272727276e-14,1e-10,125,3.6e-07,3,3.33315e-06
0.8999999999999999,2.3272727272727276e-14,2e-10,-40,1.8e-07,3,3.24213e-06
0.8999999999999999,2.3272727272727276e-14,2e-10,-40,3.6e-07,3,3.31822e-06
0.8999999999999999,2.3272727272727276e-14,2e-10,-25,1.8e-07,3,3.24291e-06
0.8999999999999999,2.3272727272727276e-14,2e-10,-25,3.6e-07,3,3.32123e-06
0.8999999999999999,2.3272727272727276e-14,2e-10,0,1.8e-07,3,3.23827e-06
0.8999999999999999,2.3272727272727276e-14,2e-10,0,3.6e-07,3,3.32706e-06
0.8999999999999999,2.3272727272727276e-14,2e-10,25,1.8e-07,3,3.20421e-06
0.8999999999999999,2.3272727272727276e-14,2e-10,25,3.6e-07,3,3.33276e-06
0.8999999999999999,2.3272727272727276e-14,2e-10,75,1.8e-07,3,2.94737e-06
0.8999999999999999,2.3272727272727276e-14,2e-10,75,3.6e-07,3,3.33588e-06
0.8999999999999999,2.3272727272727276e-14,2e-10,100,1.8e-07,3,2.73253e-06
0.8999999999999999,2.3272727272727276e-14,2e-10,100,3.6e-07,3,3.32188e-06
0.8999999999999999,2.3272727272727276e-14,2e-10,125,1.8e-07,3,2.4971e-06
0.8999999999999999,2.3272727272727276e-14,2e-10,125,3.6e-07,3,3.28568e-06
0.8999999999999999,2.3272727272727276e-14,4e-10,-40,1.8e-07,3,3.23756e-06
0.8999999999999999,2.3272727272727276e-14,4e-10,-40,3.6e-07,3,3.32977e-06
0.8999999999999999,2.3272727272727276e-14,4e-10,-25,1.8e-07,3,3.20371e-06
0.8999999999999999,2.3272727272727276e-14,4e-10,-25,3.6e-07,3,3.32756e-06
0.8999999999999999,2.3272727272727276e-14,4e-10,0,1.8e-07,3,3.05022e-06
0.8999999999999999,2.3272727272727276e-14,4e-10,0,3.6e-07,3,3.32751e-06
0.8999999999999999,2.3272727272727276e-14,4e-10,25,1.8e-07,3,2.75694e-06
0.8999999999999999,2.3272727272727276e-14,4e-10,25,3.6e-07,3,3.31844e-06
0.8999999999999999,2.3272727272727276e-14,4e-10,75,1.8e-07,3,2.09633e-06
0.8999999999999999,2.3272727272727276e-14,4e-10,75,3.6e-07,3,3.18585e-06
0.8999999999999999,2.3272727272727276e-14,4e-10,100,1.8e-07,3,1.83439e-06
0.8999999999999999,2.3272727272727276e-14,4e-10,100,3.6e-07,3,3.03374e-06
0.8999999999999999,2.3272727272727276e-14,4e-10,125,1.8e-07,3,1.61938e-06
0.8999999999999999,2.3272727272727276e-14,4e-10,125,3.6e-07,3,2.83649e-06
0.8999999999999999,2.7727272727272724e-14,1e-11,-40,1.8e-07,3,3.85405e-06
0.8999999999999999,2.7727272727272724e-14,1e-11,-40,3.6e-07,3,3.9441e-06
0.8999999999999999,2.7727272727272724e-14,1e-11,-25,1.8e-07,3,3.85576e-06
0.8999999999999999,2.7727272727272724e-14,1e-11,-25,3.6e-07,3,3.94776e-06
0.8999999999999999,2.7727272727272724e-14,1e-11,0,1.8e-07,3,3.85629e-06
0.8999999999999999,2.7727272727272724e-14,1e-11,0,3.6e-07,3,3.95384e-06
0.8999999999999999,2.7727272727272724e-14,1e-11,25,1.8e-07,3,3.84184e-06
0.8999999999999999,2.7727272727272724e-14,1e-11,25,3.6e-07,3,3.96005e-06
0.8999999999999999,2.7727272727272724e-14,1e-11,75,1.8e-07,3,3.66748e-06
0.8999999999999999,2.7727272727272724e-14,1e-11,75,3.6e-07,3,3.96921e-06
0.8999999999999999,2.7727272727272724e-14,1e-11,100,1.8e-07,3,3.48319e-06
0.8999999999999999,2.7727272727272724e-14,1e-11,100,3.6e-07,3,3.96554e-06
0.8999999999999999,2.7727272727272724e-14,1e-11,125,1.8e-07,3,3.2532e-06
0.8999999999999999,2.7727272727272724e-14,1e-11,125,3.6e-07,3,3.94694e-06
0.8999999999999999,2.7727272727272724e-14,5e-11,-40,1.8e-07,3,3.84722e-06
0.8999999999999999,2.7727272727272724e-14,5e-11,-40,3.6e-07,3,3.92898e-06
0.8999999999999999,2.7727272727272724e-14,5e-11,-25,1.8e-07,3,3.84889e-06
0.8999999999999999,2.7727272727272724e-14,5e-11,-25,3.6e-07,3,3.93296e-06
0.8999999999999999,2.7727272727272724e-14,5e-11,0,1.8e-07,3,3.8475e-06
0.8999999999999999,2.7727272727272724e-14,5e-11,0,3.6e-07,3,3.93907e-06
0.8999999999999999,2.7727272727272724e-14,5e-11,25,1.8e-07,3,3.82494e-06
0.8999999999999999,2.7727272727272724e-14,5e-11,25,3.6e-07,3,3.94475e-06
0.8999999999999999,2.7727272727272724e-14,5e-11,75,1.8e-07,3,3.60431e-06
0.8999999999999999,2.7727272727272724e-14,5e-11,75,3.6e-07,3,3.95098e-06
0.8999999999999999,2.7727272727272724e-14,5e-11,100,1.8e-07,3,3.39229e-06
0.8999999999999999,2.7727272727272724e-14,5e-11,100,3.6e-07,3,3.94307e-06
0.8999999999999999,2.7727272727272724e-14,5e-11,125,1.8e-07,3,3.14155e-06
0.8999999999999999,2.7727272727272724e-14,5e-11,125,3.6e-07,3,3.91605e-06
0.8999999999999999,2.7727272727272724e-14,1e-10,-40,1.8e-07,3,3.84461e-06
0.8999999999999999,2.7727272727272724e-14,1e-10,-40,3.6e-07,3,3.92283e-06
0.8999999999999999,2.7727272727272724e-14,1e-10,-25,1.8e-07,3,3.84605e-06
0.8999999999999999,2.7727272727272724e-14,1e-10,-25,3.6e-07,3,3.92708e-06
0.8999999999999999,2.7727272727272724e-14,1e-10,0,1.8e-07,3,3.84097e-06
0.8999999999999999,2.7727272727272724e-14,1e-10,0,3.6e-07,3,3.93347e-06
0.8999999999999999,2.7727272727272724e-14,1e-10,25,1.8e-07,3,3.80323e-06
0.8999999999999999,2.7727272727272724e-14,1e-10,25,3.6e-07,3,3.93925e-06
0.8999999999999999,2.7727272727272724e-14,1e-10,75,1.8e-07,3,3.51234e-06
0.8999999999999999,2.7727272727272724e-14,1e-10,75,3.6e-07,3,3.94177e-06
0.8999999999999999,2.7727272727272724e-14,1e-10,100,1.8e-07,3,3.26511e-06
0.8999999999999999,2.7727272727272724e-14,1e-10,100,3.6e-07,3,3.92573e-06
0.8999999999999999,2.7727272727272724e-14,1e-10,125,1.8e-07,3,2.99121e-06
0.8999999999999999,2.7727272727272724e-14,1e-10,125,3.6e-07,3,3.88458e-06
0.8999999999999999,2.7727272727272724e-14,2e-10,-40,1.8e-07,3,3.84321e-06
0.8999999999999999,2.7727272727272724e-14,2e-10,-40,3.6e-07,3,3.92015e-06
0.8999999999999999,2.7727272727272724e-14,2e-10,-25,1.8e-07,3,3.84157e-06
0.8999999999999999,2.7727272727272724e-14,2e-10,-25,3.6e-07,3,3.92329e-06
0.8999999999999999,2.7727272727272724e-14,2e-10,0,1.8e-07,3,3.81532e-06
0.8999999999999999,2.7727272727272724e-14,2e-10,0,3.6e-07,3,3.92911e-06
0.8999999999999999,2.7727272727272724e-14,2e-10,25,1.8e-07,3,3.71714e-06
0.8999999999999999,2.7727272727272724e-14,2e-10,25,3.6e-07,3,3.93392e-06
0.8999999999999999,2.7727272727272724e-14,2e-10,75,1.8e-07,3,3.23574e-06
0.8999999999999999,2.7727272727272724e-14,2e-10,75,3.6e-07,3,3.91657e-06
0.8999999999999999,2.7727272727272724e-14,2e-10,100,1.8e-07,3,2.92344e-06
0.8999999999999999,2.7727272727272724e-14,2e-10,100,3.6e-07,3,3.86904e-06
0.8999999999999999,2.7727272727272724e-14,2e-10,125,1.8e-07,3,2.62183e-06
0.8999999999999999,2.7727272727272724e-14,2e-10,125,3.6e-07,3,3.77997e-06
0.8999999999999999,2.7727272727272724e-14,4e-10,-40,1.8e-07,3,3.80277e-06
0.8999999999999999,2.7727272727272724e-14,4e-10,-40,3.6e-07,3,3.92931e-06
0.8999999999999999,2.7727272727272724e-14,4e-10,-25,1.8e-07,3,3.70629e-06
0.8999999999999999,2.7727272727272724e-14,4e-10,-25,3.6e-07,3,3.92726e-06
0.8999999999999999,2.7727272727272724e-14,4e-10,0,1.8e-07,3,3.37257e-06
0.8999999999999999,2.7727272727272724e-14,4e-10,0,3.6e-07,3,3.92082e-06
0.8999999999999999,2.7727272727272724e-14,4e-10,25,1.8e-07,3,2.9169e-06
0.8999999999999999,2.7727272727272724e-14,4e-10,25,3.6e-07,3,3.88202e-06
0.8999999999999999,2.7727272727272724e-14,4e-10,75,1.8e-07,3,2.15032e-06
0.8999999999999999,2.7727272727272724e-14,4e-10,75,3.6e-07,3,3.57478e-06
0.8999999999999999,2.7727272727272724e-14,4e-10,100,1.8e-07,3,1.8728e-06
0.8999999999999999,2.7727272727272724e-14,4e-10,100,3.6e-07,3,3.30938e-06
0.8999999999999999,2.7727272727272724e-14,4e-10,125,1.8e-07,3,1.64817e-06
0.8999999999999999,2.7727272727272724e-14,4e-10,125,3.6e-07,3,3.01994e-06
0.8999999999999999,3.2181818181818185e-14,1e-11,-40,1.8e-07,3,4.45534e-06
0.8999999999999999,3.2181818181818185e-14,1e-11,-40,3.6e-07,3,4.54546e-06
0.8999999999999999,3.2181818181818185e-14,1e-11,-25,1.8e-07,3,4.45645e-06
0.8999999999999999,3.2181818181818185e-14,1e-11,-25,3.6e-07,3,4.54906e-06
0.8999999999999999,3.2181818181818185e-14,1e-11,0,1.8e-07,3,4.44965e-06
0.8999999999999999,3.2181818181818185e-14,1e-11,0,3.6e-07,3,4.55509e-06
0.8999999999999999,3.2181818181818185e-14,1e-11,25,1.8e-07,3,4.40457e-06
0.8999999999999999,3.2181818181818185e-14,1e-11,25,3.6e-07,3,4.56108e-06
0.8999999999999999,3.2181818181818185e-14,1e-11,75,1.8e-07,3,4.06498e-06
0.8999999999999999,3.2181818181818185e-14,1e-11,75,3.6e-07,3,4.563e-06
0.8999999999999999,3.2181818181818185e-14,1e-11,100,1.8e-07,3,3.77888e-06
0.8999999999999999,3.2181818181818185e-14,1e-11,100,3.6e-07,3,4.54319e-06
0.8999999999999999,3.2181818181818185e-14,1e-11,125,1.8e-07,3,3.46308e-06
0.8999999999999999,3.2181818181818185e-14,1e-11,125,3.6e-07,3,4.49492e-06
0.8999999999999999,3.2181818181818185e-14,5e-11,-40,1.8e-07,3,4.44861e-06
0.8999999999999999,3.2181818181818185e-14,5e-11,-40,3.6e-07,3,4.5309e-06
0.8999999999999999,3.2181818181818185e-14,5e-11,-25,1.8e-07,3,4.44925e-06
0.8999999999999999,3.2181818181818185e-14,5e-11,-25,3.6e-07,3,4.53472e-06
0.8999999999999999,3.2181818181818185e-14,5e-11,0,1.8e-07,3,4.43698e-06
0.8999999999999999,3.2181818181818185e-14,5e-11,0,3.6e-07,3,4.54068e-06
0.8999999999999999,3.2181818181818185e-14,5e-11,25,1.8e-07,3,4.37347e-06
0.8999999999999999,3.2181818181818185e-14,5e-11,25,3.6e-07,3,4.54599e-06
0.8999999999999999,3.2181818181818185e-14,5e-11,75,1.8e-07,3,3.96531e-06
0.8999999999999999,3.2181818181818185e-14,5e-11,75,3.6e-07,3,4.54157e-06
0.8999999999999999,3.2181818181818185e-14,5e-11,100,1.8e-07,3,3.65119e-06
0.8999999999999999,3.2181818181818185e-14,5e-11,100,3.6e-07,3,4.51216e-06
0.8999999999999999,3.2181818181818185e-14,5e-11,125,1.8e-07,3,3.31968e-06
0.8999999999999999,3.2181818181818185e-14,5e-11,125,3.6e-07,3,4.44745e-06
0.8999999999999999,3.2181818181818185e-14,1e-10,-40,1.8e-07,3,4.44588e-06
0.8999999999999999,3.2181818181818185e-14,1e-10,-40,3.6e-07,3,4.52503e-06
0.8999999999999999,3.2181818181818185e-14,1e-10,-25,1.8e-07,3,4.44522e-06
0.8999999999999999,3.2181818181818185e-14,1e-10,-25,3.6e-07,3,4.52912e-06
0.8999999999999999,3.2181818181818185e-14,1e-10,0,1.8e-07,3,4.42197e-06
0.8999999999999999,3.2181818181818185e-14,1e-10,0,3.6e-07,3,4.53532e-06
0.8999999999999999,3.2181818181818185e-14,1e-10,25,1.8e-07,3,4.32698e-06
0.8999999999999999,3.2181818181818185e-14,1e-10,25,3.6e-07,3,4.54035e-06
0.8999999999999999,3.2181818181818185e-14,1e-10,75,1.8e-07,3,3.82241e-06
0.8999999999999999,3.2181818181818185e-14,1e-10,75,3.6e-07,3,4.52536e-06
0.8999999999999999,3.2181818181818185e-14,1e-10,100,1.8e-07,3,3.47641e-06
0.8999999999999999,3.2181818181818185e-14,1e-10,100,3.6e-07,3,4.47933e-06
0.8999999999999999,3.2181818181818185e-14,1e-10,125,1.8e-07,3,3.13156e-06
0.8999999999999999,3.2181818181818185e-14,1e-10,125,3.6e-07,3,4.38934e-06
0.8999999999999999,3.2181818181818185e-14,2e-10,-40,1.8e-07,3,4.44253e-06
0.8999999999999999,3.2181818181818185e-14,2e-10,-40,3.6e-07,3,4.52203e-06
0.8999999999999999,3.2181818181818185e-14,2e-10,-25,1.8e-07,3,4.4326e-06
0.8999999999999999,3.2181818181818185e-14,2e-10,-25,3.6e-07,3,4.52524e-06
0.8999999999999999,3.2181818181818185e-14,2e-10,0,1.8e-07,3,4.35816e-06
0.8999999999999999,3.2181818181818185e-14,2e-10,0,3.6e-07,3,4.53078e-06
0.8999999999999999,3.2181818181818185e-14,2e-10,25,1.8e-07,3,4.15499e-06
0.8999999999999999,3.2181818181818185e-14,2e-10,25,3.6e-07,3,4.53266e-06
0.8999999999999999,3.2181818181818185e-14,2e-10,75,1.8e-07,3,3.42921e-06
0.8999999999999999,3.2181818181818185e-14,2e-10,75,3.6e-07,3,4.46964e-06
0.8999999999999999,3.2181818181818185e-14,2e-10,100,1.8e-07,3,3.04329e-06
0.8999999999999999,3.2181818181818185e-14,2e-10,100,3.6e-07,3,4.36531e-06
0.8999999999999999,3.2181818181818185e-14,2e-10,125,1.8e-07,3,2.69868e-06
0.8999999999999999,3.2181818181818185e-14,2e-10,125,3.6e-07,3,4.20115e-06
0.8999999999999999,3.2181818181818185e-14,4e-10,-40,1.8e-07,3,4.31528e-06
0.8999999999999999,3.2181818181818185e-14,4e-10,-40,3.6e-07,3,4.52904e-06
0.8999999999999999,3.2181818181818185e-14,4e-10,-25,1.8e-07,3,4.10763e-06
0.8999999999999999,3.2181818181818185e-14,4e-10,-25,3.6e-07,3,4.52529e-06
0.8999999999999999,3.2181818181818185e-14,4e-10,0,1.8e-07,3,3.56655e-06
0.8999999999999999,3.2181818181818185e-14,4e-10,0,3.6e-07,3,4.50021e-06
0.8999999999999999,3.2181818181818185e-14,4e-10,25,1.8e-07,3,3.00773e-06
0.8999999999999999,3.2181818181818185e-14,4e-10,25,3.6e-07,3,4.40018e-06
0.8999999999999999,3.2181818181818185e-14,4e-10,75,1.8e-07,3,2.18807e-06
0.8999999999999999,3.2181818181818185e-14,4e-10,75,3.6e-07,3,3.85423e-06
0.8999999999999999,3.2181818181818185e-14,4e-10,100,1.8e-07,3,1.90042e-06
0.8999999999999999,3.2181818181818185e-14,4e-10,100,3.6e-07,3,3.48473e-06
0.8999999999999999,3.2181818181818185e-14,4e-10,125,1.8e-07,3,1.66909e-06
0.8999999999999999,3.2181818181818185e-14,4e-10,125,3.6e-07,3,3.13154e-06
0.8999999999999999,3.663636363636364e-14,1e-11,-40,1.8e-07,3,5.05631e-06
0.8999999999999999,3.663636363636364e-14,1e-11,-40,3.6e-07,3,5.14682e-06
0.8999999999999999,3.663636363636364e-14,1e-11,-25,1.8e-07,3,5.05551e-06
0.8999999999999999,3.663636363636364e-14,1e-11,-25,3.6e-07,3,5.15033e-06
0.8999999999999999,3.663636363636364e-14,1e-11,0,1.8e-07,3,5.03105e-06
0.8999999999999999,3.663636363636364e-14,1e-11,0,3.6e-07,3,5.15629e-06
0.8999999999999999,3.663636363636364e-14,1e-11,25,1.8e-07,3,4.93079e-06
0.8999999999999999,3.663636363636364e-14,1e-11,25,3.6e-07,3,5.1617e-06
0.8999999999999999,3.663636363636364e-14,1e-11,75,1.8e-07,3,4.38112e-06
0.8999999999999999,3.663636363636364e-14,1e-11,75,3.6e-07,3,5.14663e-06
0.8999999999999999,3.663636363636364e-14,1e-11,100,1.8e-07,3,3.99699e-06
0.8999999999999999,3.663636363636364e-14,1e-11,100,3.6e-07,3,5.09809e-06
0.8999999999999999,3.663636363636364e-14,1e-11,125,1.8e-07,3,3.60902e-06
0.8999999999999999,3.663636363636364e-14,1e-11,125,3.6e-07,3,5.00156e-06
0.8999999999999999,3.663636363636364e-14,5e-11,-40,1.8e-07,3,5.04946e-06
0.8999999999999999,3.663636363636364e-14,5e-11,-40,3.6e-07,3,5.13266e-06
0.8999999999999999,3.663636363636364e-14,5e-11,-25,1.8e-07,3,5.04686e-06
0.8999999999999999,3.663636363636364e-14,5e-11,-25,3.6e-07,3,5.13638e-06
0.8999999999999999,3.663636363636364e-14,5e-11,0,1.8e-07,3,5.00978e-06
0.8999999999999999,3.663636363636364e-14,5e-11,0,3.6e-07,3,5.14214e-06
0.8999999999999999,3.663636363636364e-14,5e-11,25,1.8e-07,3,4.87663e-06
0.8999999999999999,3.663636363636364e-14,5e-11,25,3.6e-07,3,5.14641e-06
0.8999999999999999,3.663636363636364e-14,5e-11,75,1.8e-07,3,4.24329e-06
0.8999999999999999,3.663636363636364e-14,5e-11,75,3.6e-07,3,5.1183e-06
0.8999999999999999,3.663636363636364e-14,5e-11,100,1.8e-07,3,3.836e-06
0.8999999999999999,3.663636363636364e-14,5e-11,100,3.6e-07,3,5.05193e-06
0.8999999999999999,3.663636363636364e-14,5e-11,125,1.8e-07,3,3.44088e-06
0.8999999999999999,3.663636363636364e-14,5e-11,125,3.6e-07,3,4.93056e-06
0.8999999999999999,3.663636363636364e-14,1e-10,-40,1.8e-07,3,5.04601e-06
0.8999999999999999,3.663636363636364e-14,1e-10,-40,3.6e-07,3,5.127e-06
0.8999999999999999,3.663636363636364e-14,1e-10,-25,1.8e-07,3,5.03952e-06
0.8999999999999999,3.663636363636364e-14,1e-10,-25,3.6e-07,3,5.13094e-06
0.8999999999999999,3.663636363636364e-14,1e-10,0,1.8e-07,3,4.97834e-06
0.8999999999999999,3.663636363636364e-14,1e-10,0,3.6e-07,3,5.13689e-06
0.8999999999999999,3.663636363636364e-14,1e-10,25,1.8e-07,3,4.79298e-06
0.8999999999999999,3.663636363636364e-14,1e-10,25,3.6e-07,3,5.1399e-06
0.8999999999999999,3.663636363636364e-14,1e-10,75,1.8e-07,3,4.05006e-06
0.8999999999999999,3.663636363636364e-14,1e-10,75,3.6e-07,3,5.08892e-06
0.8999999999999999,3.663636363636364e-14,1e-10,100,1.8e-07,3,3.6214e-06
0.8999999999999999,3.663636363636364e-14,1e-10,100,3.6e-07,3,4.99401e-06
0.8999999999999999,3.663636363636364e-14,1e-10,125,1.8e-07,3,3.2251e-06
0.8999999999999999,3.663636363636364e-14,1e-10,125,3.6e-07,3,4.836e-06
0.8999999999999999,3.663636363636364e-14,2e-10,-40,1.8e-07,3,5.03698e-06
0.8999999999999999,3.663636363636364e-14,2e-10,-40,3.6e-07,3,5.12385e-06
0.8999999999999999,3.663636363636364e-14,2e-10,-25,1.8e-07,3,5.00768e-06
0.8999999999999999,3.663636363636364e-14,2e-10,-25,3.6e-07,3,5.1271e-06
0.8999999999999999,3.663636363636364e-14,2e-10,0,1.8e-07,3,4.84955e-06
0.8999999999999999,3.663636363636364e-14,2e-10,0,3.6e-07,3,5.13155e-06
0.8999999999999999,3.663636363636364e-14,2e-10,25,1.8e-07,3,4.50772e-06
0.8999999999999999,3.663636363636364e-14,2e-10,25,3.6e-07,3,5.12573e-06
0.8999999999999999,3.663636363636364e-14,2e-10,75,1.8e-07,3,3.55762e-06
0.8999999999999999,3.663636363636364e-14,2e-10,75,3.6e-07,3,4.98209e-06
0.8999999999999999,3.663636363636364e-14,2e-10,100,1.8e-07,3,3.12137e-06
0.8999999999999999,3.663636363636364e-14,2e-10,100,3.6e-07,3,4.79876e-06
0.8999999999999999,3.663636363636364e-14,2e-10,125,1.8e-07,3,2.75164e-06
0.8999999999999999,3.663636363636364e-14,2e-10,125,3.6e-07,3,4.54498e-06
0.8999999999999999,3.663636363636364e-14,4e-10,-40,1.8e-07,3,4.74218e-06
0.8999999999999999,3.663636363636364e-14,4e-10,-40,3.6e-07,3,5.12806e-06
0.8999999999999999,3.663636363636364e-14,4e-10,-25,1.8e-07,3,4.38779e-06
0.8999999999999999,3.663636363636364e-14,4e-10,-25,3.6e-07,3,5.11872e-06
0.8999999999999999,3.663636363636364e-14,4e-10,0,1.8e-07,3,3.67959e-06
0.8999999999999999,3.663636363636364e-14,4e-10,0,3.6e-07,3,5.05337e-06
0.8999999999999999,3.663636363636364e-14,4e-10,25,1.8e-07,3,3.06834e-06
0.8999999999999999,3.663636363636364e-14,4e-10,25,3.6e-07,3,4.85362e-06
0.8999999999999999,3.663636363636364e-14,4e-10,75,1.8e-07,3,2.21661e-06
0.8999999999999999,3.663636363636364e-14,4e-10,75,3.6e-07,3,4.04208e-06
0.8999999999999999,3.663636363636364e-14,4e-10,100,1.8e-07,3,1.9214e-06
0.8999999999999999,3.663636363636364e-14,4e-10,100,3.6e-07,3,3.59832e-06
0.8999999999999999,3.663636363636364e-14,4e-10,125,1.8e-07,3,1.68505e-06
0.8999999999999999,3.663636363636364e-14,4e-10,125,3.6e-07,3,3.20572e-06
0.8999999999999999,4.109090909090909e-14,1e-11,-40,1.8e-07,3,5.65645e-06
0.8999999999999999,4.109090909090909e-14,1e-11,-40,3.6e-07,3,5.7481e-06
0.8999999999999999,4.109090909090909e-14,1e-11,-25,1.8e-07,3,5.65063e-06
0.8999999999999999,4.109090909090909e-14,1e-11,-25,3.6e-07,3,5.7516e-06
0.8999999999999999,4.109090909090909e-14,1e-11,0,1.8e-07,3,5.59248e-06
0.8999999999999999,4.109090909090909e-14,1e-11,0,3.6e-07,3,5.75736e-06
0.8999999999999999,4.109090909090909e-14,1e-11,25,1.8e-07,3,5.40799e-06
0.8999999999999999,4.109090909090909e-14,1e-11,25,3.6e-07,3,5.76116e-06
0.8999999999999999,4.109090909090909e-14,1e-11,75,1.8e-07,3,4.62556e-06
0.8999999999999999,4.109090909090909e-14,1e-11,75,3.6e-07,3,5.71379e-06
0.8999999999999999,4.109090909090909e-14,1e-11,100,1.8e-07,3,4.15534e-06
0.8999999999999999,4.109090909090909e-14,1e-11,100,3.6e-07,3,5.62068e-06
0.8999999999999999,4.109090909090909e-14,1e-11,125,1.8e-07,3,3.71183e-06
0.8999999999999999,4.109090909090909e-14,1e-11,125,3.6e-07,3,5.45843e-06
0.8999999999999999,4.109090909090909e-14,5e-11,-40,1.8e-07,3,5.64884e-06
0.8999999999999999,4.109090909090909e-14,5e-11,-40,3.6e-07,3,5.73431e-06
0.8999999999999999,4.109090909090909e-14,5e-11,-25,1.8e-07,3,5.63862e-06
0.8999999999999999,4.109090909090909e-14,5e-11,-25,3.6e-07,3,5.73794e-06
0.8999999999999999,4.109090909090909e-14,5e-11,0,1.8e-07,3,5.55615e-06
0.8999999999999999,4.109090909090909e-14,5e-11,0,3.6e-07,3,5.74337e-06
0.8999999999999999,4.109090909090909e-14,5e-11,25,1.8e-07,3,5.32329e-06
0.8999999999999999,4.109090909090909e-14,5e-11,25,3.6e-07,3,5.74489e-06
0.8999999999999999,4.109090909090909e-14,5e-11,75,1.8e-07,3,4.45156e-06
0.8999999999999999,4.109090909090909e-14,5e-11,75,3.6e-07,3,5.67368e-06
0.8999999999999999,4.109090909090909e-14,5e-11,100,1.8e-07,3,3.96734e-06
0.8999999999999999,4.109090909090909e-14,5e-11,100,3.6e-07,3,5.5525e-06
0.8999999999999999,4.109090909090909e-14,5e-11,125,1.8e-07,3,3.52552e-06
0.8999999999999999,4.109090909090909e-14,5e-11,125,3.6e-07,3,5.35829e-06
0.8999999999999999,4.109090909090909e-14,1e-10,-40,1.8e-07,3,5.64339e-06
0.8999999999999999,4.109090909090909e-14,1e-10,-40,3.6e-07,3,5.72886e-06
0.8999999999999999,4.109090909090909e-14,1e-10,-25,1.8e-07,3,5.62385e-06
0.8999999999999999,4.109090909090909e-14,1e-10,-25,3.6e-07,3,5.7327e-06
0.8999999999999999,4.109090909090909e-14,1e-10,0,1.8e-07,3,5.49803e-06
0.8999999999999999,4.109090909090909e-14,1e-10,0,3.6e-07,3,5.73796e-06
0.8999999999999999,4.109090909090909e-14,1e-10,25,1.8e-07,3,5.19197e-06
0.8999999999999999,4.109090909090909e-14,1e-10,25,3.6e-07,3,5.73615e-06
0.8999999999999999,4.109090909090909e-14,1e-10,75,1.8e-07,3,4.21403e-06
0.8999999999999999,4.109090909090909e-14,1e-10,75,3.6e-07,3,5.62322e-06
0.8999999999999999,4.109090909090909e-14,1e-10,100,1.8e-07,3,3.72229e-06
0.8999999999999999,4.109090909090909e-14,1e-10,100,3.6e-07,3,5.46038e-06
0.8999999999999999,4.109090909090909e-14,1e-10,125,1.8e-07,3,3.2899e-06
0.8999999999999999,4.109090909090909e-14,1e-10,125,3.6e-07,3,5.21988e-06
0.8999999999999999,4.109090909090909e-14,2e-10,-40,1.8e-07,3,5.62129e-06
0.8999999999999999,4.109090909090909e-14,2e-10,-40,3.6e-07,3,5.72561e-06
0.8999999999999999,4.109090909090909e-14,2e-10,-25,1.8e-07,3,5.55645e-06
0.8999999999999999,4.109090909090909e-14,2e-10,-25,3.6e-07,3,5.72875e-06
0.8999999999999999,4.109090909090909e-14,2e-10,0,1.8e-07,3,5.2761e-06
0.8999999999999999,4.109090909090909e-14,2e-10,0,3.6e-07,3,5.73026e-06
0.8999999999999999,4.109090909090909e-14,2e-10,25,1.8e-07,3,4.77851e-06
0.8999999999999999,4.109090909090909e-14,2e-10,25,3.6e-07,3,5.70836e-06
0.8999999999999999,4.109090909090909e-14,2e-10,75,1.8e-07,3,3.64533e-06
0.8999999999999999,4.109090909090909e-14,2e-10,75,3.6e-07,3,5.44365e-06
0.8999999999999999,4.109090909090909e-14,2e-10,100,1.8e-07,3,3.17739e-06
0.8999999999999999,4.109090909090909e-14,2e-10,100,3.6e-07,3,5.16456e-06
0.8999999999999999,4.109090909090909e-14,2e-10,125,1.8e-07,3,2.79028e-06
0.8999999999999999,4.109090909090909e-14,2e-10,125,3.6e-07,3,4.817e-06
0.8999999999999999,4.109090909090909e-14,4e-10,-40,1.8e-07,3,5.0583e-06
0.8999999999999999,4.109090909090909e-14,4e-10,-40,3.6e-07,3,5.72448e-06
0.8999999999999999,4.109090909090909e-14,4e-10,-25,1.8e-07,3,4.56122e-06
0.8999999999999999,4.109090909090909e-14,4e-10,-25,3.6e-07,3,5.70175e-06
0.8999999999999999,4.109090909090909e-14,4e-10,0,1.8e-07,3,3.75392e-06
0.8999999999999999,4.109090909090909e-14,4e-10,0,3.6e-07,3,5.56616e-06
0.8999999999999999,4.109090909090909e-14,4e-10,25,1.8e-07,3,3.11368e-06
0.8999999999999999,4.109090909090909e-14,4e-10,25,3.6e-07,3,5.22731e-06
0.8999999999999999,4.109090909090909e-14,4e-10,75,1.8e-07,3,2.23887e-06
0.8999999999999999,4.109090909090909e-14,4e-10,75,3.6e-07,3,4.16912e-06
0.8999999999999999,4.109090909090909e-14,4e-10,100,1.8e-07,3,1.93792e-06
0.8999999999999999,4.109090909090909e-14,4e-10,100,3.6e-07,3,3.67666e-06
0.8999999999999999,4.109090909090909e-14,4e-10,125,1.8e-07,3,1.69763e-06
0.8999999999999999,4.109090909090909e-14,4e-10,125,3.6e-07,3,3.25995e-06
0.8999999999999999,4.5545454545454544e-14,1e-11,-40,1.8e-07,3,6.25461e-06
0.8999999999999999,4.5545454545454544e-14,1e-11,-40,3.6e-07,3,6.34938e-06
0.8999999999999999,4.5545454545454544e-14,1e-11,-25,1.8e-07,3,6.23829e-06
0.8999999999999999,4.5545454545454544e-14,1e-11,-25,3.6e-07,3,6.35283e-06
0.8999999999999999,4.5545454545454544e-14,1e-11,0,1.8e-07,3,6.12514e-06
0.8999999999999999,4.5545454545454544e-14,1e-11,0,3.6e-07,3,6.35818e-06
0.8999999999999999,4.5545454545454544e-14,1e-11,25,1.8e-07,3,5.82977e-06
0.8999999999999999,4.5545454545454544e-14,1e-11,25,3.6e-07,3,6.35823e-06
0.8999999999999999,4.5545454545454544e-14,1e-11,75,1.8e-07,3,4.81114e-06
0.8999999999999999,4.5545454545454544e-14,1e-11,75,3.6e-07,3,6.25831e-06
0.8999999999999999,4.5545454545454544e-14,1e-11,100,1.8e-07,3,4.27102e-06
0.8999999999999999,4.5545454545454544e-14,1e-11,100,3.6e-07,3,6.10214e-06
0.8999999999999999,4.5545454545454544e-14,1e-11,125,1.8e-07,3,3.78639e-06
0.8999999999999999,4.5545454545454544e-14,1e-11,125,3.6e-07,3,5.86311e-06
0.8999999999999999,4.5545454545454544e-14,5e-11,-40,1.8e-07,3,6.24501e-06
0.8999999999999999,4.5545454545454544e-14,5e-11,-40,3.6e-07,3,6.33589e-06
0.8999999999999999,4.5545454545454544e-14,5e-11,-25,1.8e-07,3,6.21958e-06
0.8999999999999999,4.5545454545454544e-14,5e-11,-25,3.6e-07,3,6.33942e-06
0.8999999999999999,4.5545454545454544e-14,5e-11,0,1.8e-07,3,6.06616e-06
0.8999999999999999,4.5545454545454544e-14,5e-11,0,3.6e-07,3,6.34408e-06
0.8999999999999999,4.5545454545454544e-14,5e-11,25,1.8e-07,3,5.70764e-06
0.8999999999999999,4.5545454545454544e-14,5e-11,25,3.6e-07,3,6.3398e-06
0.8999999999999999,4.5545454545454544e-14,5e-11,75,1.8e-07,3,4.60602e-06
0.8999999999999999,4.5545454545454544e-14,5e-11,75,3.6e-07,3,6.19995e-06
0.8999999999999999,4.5545454545454544e-14,5e-11,100,1.8e-07,3,4.06226e-06
0.8999999999999999,4.5545454545454544e-14,5e-11,100,3.6e-07,3,6.00708e-06
0.8999999999999999,4.5545454545454544e-14,5e-11,125,1.8e-07,3,3.58648e-06
0.8999999999999999,4.5545454545454544e-14,5e-11,125,3.6e-07,3,5.72841e-06
0.8999999999999999,4.5545454545454544e-14,1e-10,-40,1.8e-07,3,6.235e-06
0.8999999999999999,4.5545454545454544e-14,1e-10,-40,3.6e-07,3,6.33063e-06
0.8999999999999999,4.5545454545454544e-14,1e-10,-25,1.8e-07,3,6.19149e-06
0.8999999999999999,4.5545454545454544e-14,1e-10,-25,3.6e-07,3,6.33432e-06
0.8999999999999999,4.5545454545454544e-14,1e-10,0,1.8e-07,3,5.97096e-06
0.8999999999999999,4.5545454545454544e-14,1e-10,0,3.6e-07,3,6.338e-06
0.8999999999999999,4.5545454545454544e-14,1e-10,25,1.8e-07,3,5.52227e-06
0.8999999999999999,4.5545454545454544e-14,1e-10,25,3.6e-07,3,6.3262e-06
0.8999999999999999,4.5545454545454544e-14,1e-10,75,1.8e-07,3,4.33249e-06
0.8999999999999999,4.5545454545454544e-14,1e-10,75,3.6e-07,3,6.12016e-06
0.8999999999999999,4.5545454545454544e-14,1e-10,100,1.8e-07,3,3.79501e-06
0.8999999999999999,4.5545454545454544e-14,1e-10,100,3.6e-07,3,5.87316e-06
0.8999999999999999,4.5545454545454544e-14,1e-10,125,1.8e-07,3,3.33916e-06
0.8999999999999999,4.5545454545454544e-14,1e-10,125,3.6e-07,3,5.54216e-06
0.8999999999999999,4.5545454545454544e-14,2e-10,-40,1.8e-07,3,6.18811e-06
0.8999999999999999,4.5545454545454544e-14,2e-10,-40,3.6e-07,3,6.32727e-06
0.8999999999999999,4.5545454545454544e-14,2e-10,-25,1.8e-07,3,6.06698e-06
0.8999999999999999,4.5545454545454544e-14,2e-10,-25,3.6e-07,3,6.32991e-06
0.8999999999999999,4.5545454545454544e-14,2e-10,0,1.8e-07,3,5.63152e-06
0.8999999999999999,4.5545454545454544e-14,2e-10,0,3.6e-07,3,6.32479e-06
0.8999999999999999,4.5545454545454544e-14,2e-10,25,1.8e-07,3,4.97981e-06
0.8999999999999999,4.5545454545454544e-14,2e-10,25,3.6e-07,3,6.27453e-06
0.8999999999999999,4.5545454545454544e-14,2e-10,75,1.8e-07,3,3.70854e-06
0.8999999999999999,4.5545454545454544e-14,2e-10,75,3.6e-07,3,5.84813e-06
0.8999999999999999,4.5545454545454544e-14,2e-10,100,1.8e-07,3,3.21938e-06
0.8999999999999999,4.5545454545454544e-14,2e-10,100,3.6e-07,3,5.46489e-06
0.8999999999999999,4.5545454545454544e-14,2e-10,125,1.8e-07,3,2.82057e-06
0.8999999999999999,4.5545454545454544e-14,2e-10,125,3.6e-07,3,5.02786e-06
0.8999999999999999,4.5545454545454544e-14,4e-10,-40,1.8e-07,3,5.26348e-06
0.8999999999999999,4.5545454545454544e-14,4e-10,-40,3.6e-07,3,6.31559e-06
0.8999999999999999,4.5545454545454544e-14,4e-10,-25,1.8e-07,3,4.66819e-06
0.8999999999999999,4.5545454545454544e-14,4e-10,-25,3.6e-07,3,6.26758e-06
0.8999999999999999,4.5545454545454544e-14,4e-10,0,1.8e-07,3,3.80919e-06
0.8999999999999999,4.5545454545454544e-14,4e-10,0,3.6e-07,3,6.02482e-06
0.8999999999999999,4.5545454545454544e-14,4e-10,25,1.8e-07,3,3.14951e-06
0.8999999999999999,4.5545454545454544e-14,4e-10,25,3.6e-07,3,5.51897e-06
0.8999999999999999,4.5545454545454544e-14,4e-10,75,1.8e-07,3,2.25682e-06
0.8999999999999999,4.5545454545454544e-14,4e-10,75,3.6e-07,3,4.25829e-06
0.8999999999999999,4.5545454545454544e-14,4e-10,100,1.8e-07,3,1.95128e-06
0.8999999999999999,4.5545454545454544e-14,4e-10,100,3.6e-07,3,3.73555e-06
0.8999999999999999,4.5545454545454544e-14,4e-10,125,1.8e-07,3,1.70782e-06
0.8999999999999999,4.5545454545454544e-14,4e-10,125,3.6e-07,3,3.30271e-06
0.8999999999999999,5e-14,1e-11,-40,1.8e-07,3,6.84886e-06
0.8999999999999999,5e-14,1e-11,-40,3.6e-07,3,6.95066e-06
0.8999999999999999,5e-14,1e-11,-25,1.8e-07,3,6.81363e-06
0.8999999999999999,5e-14,1e-11,-25,3.6e-07,3,6.95402e-06
0.8999999999999999,5e-14,1e-11,0,1.8e-07,3,6.62e-06
0.8999999999999999,5e-14,1e-11,0,3.6e-07,3,6.95837e-06
0.8999999999999999,5e-14,1e-11,25,1.8e-07,3,6.19256e-06
0.8999999999999999,5e-14,1e-11,25,3.6e-07,3,6.95101e-06
0.8999999999999999,5e-14,1e-11,75,1.8e-07,3,4.95157e-06
0.8999999999999999,5e-14,1e-11,75,3.6e-07,3,6.77284e-06
0.8999999999999999,5e-14,1e-11,100,1.8e-07,3,4.35715e-06
0.8999999999999999,5e-14,1e-11,100,3.6e-07,3,6.53949e-06
0.8999999999999999,5e-14,1e-11,125,1.8e-07,3,3.84232e-06
0.8999999999999999,5e-14,1e-11,125,3.6e-07,3,6.21393e-06
0.8999999999999999,5e-14,5e-11,-40,1.8e-07,3,6.83536e-06
0.8999999999999999,5e-14,5e-11,-40,3.6e-07,3,6.93742e-06
0.8999999999999999,5e-14,5e-11,-25,1.8e-07,3,6.78384e-06
0.8999999999999999,5e-14,5e-11,-25,3.6e-07,3,6.9408e-06
0.8999999999999999,5e-14,5e-11,0,1.8e-07,3,6.53171e-06
0.8999999999999999,5e-14,5e-11,0,3.6e-07,3,6.94369e-06
0.8999999999999999,5e-14,5e-11,25,1.8e-07,3,6.02981e-06
0.8999999999999999,5e-14,5e-11,25,3.6e-07,3,6.9286e-06
0.8999999999999999,5e-14,5e-11,75,1.8e-07,3,4.7211e-06
0.8999999999999999,5e-14,5e-11,75,3.6e-07,3,6.69077e-06
0.8999999999999999,5e-14,5e-11,100,1.8e-07,3,4.13294e-06
0.8999999999999999,5e-14,5e-11,100,3.6e-07,3,6.41208e-06
0.8999999999999999,5e-14,5e-11,125,1.8e-07,3,3.63442e-06
0.8999999999999999,5e-14,5e-11,125,3.6e-07,3,6.04299e-06
0.8999999999999999,5e-14,1e-10,-40,1.8e-07,3,6.81673e-06
0.8999999999999999,5e-14,1e-10,-40,3.6e-07,3,6.93229e-06
0.8999999999999999,5e-14,1e-10,-25,1.8e-07,3,6.73477e-06
0.8999999999999999,5e-14,1e-10,-25,3.6e-07,3,6.93572e-06
0.8999999999999999,5e-14,1e-10,0,1.8e-07,3,6.38959e-06
0.8999999999999999,5e-14,1e-10,0,3.6e-07,3,6.93603e-06
0.8999999999999999,5e-14,1e-10,25,1.8e-07,3,5.78832e-06
0.8999999999999999,5e-14,1e-10,25,3.6e-07,3,6.90649e-06
0.8999999999999999,5e-14,1e-10,75,1.8e-07,3,4.41988e-06
0.8999999999999999,5e-14,1e-10,75,3.6e-07,3,6.57391e-06
0.8999999999999999,5e-14,1e-10,100,1.8e-07,3,3.84965e-06
0.8999999999999999,5e-14,1e-10,100,3.6e-07,3,6.23099e-06
0.8999999999999999,5e-14,1e-10,125,1.8e-07,3,3.37695e-06
0.8999999999999999,5e-14,1e-10,125,3.6e-07,3,5.808e-06
0.8999999999999999,5e-14,2e-10,-40,1.8e-07,3,6.72888e-06
0.8999999999999999,5e-14,2e-10,-40,3.6e-07,3,6.92875e-06
0.8999999999999999,5e-14,2e-10,-25,1.8e-07,3,6.52909e-06
0.8999999999999999,5e-14,2e-10,-25,3.6e-07,3,6.93018e-06
0.8999999999999999,5e-14,2e-10,0,1.8e-07,3,5.91707e-06
0.8999999999999999,5e-14,2e-10,0,3.6e-07,3,6.91243e-06
0.8999999999999999,5e-14,2e-10,25,1.8e-07,3,5.12749e-06
0.8999999999999999,5e-14,2e-10,25,3.6e-07,3,6.81776e-06
0.8999999999999999,5e-14,2e-10,75,1.8e-07,3,3.75712e-06
0.8999999999999999,5e-14,2e-10,75,3.6e-07,3,6.19453e-06
0.8999999999999999,5e-14,2e-10,100,1.8e-07,3,3.25299e-06
0.8999999999999999,5e-14,2e-10,100,3.6e-07,3,5.70669e-06
0.8999999999999999,5e-14,2e-10,125,1.8e-07,3,2.84514e-06
0.8999999999999999,5e-14,2e-10,125,3.6e-07,3,5.19063e-06
0.8999999999999999,5e-14,4e-10,-40,1.8e-07,3,5.38894e-06
0.8999999999999999,5e-14,4e-10,-40,3.6e-07,3,6.89685e-06
0.8999999999999999,5e-14,4e-10,-25,1.8e-07,3,4.74262e-06
0.8999999999999999,5e-14,4e-10,-25,3.6e-07,3,6.8071e-06
0.8999999999999999,5e-14,4e-10,0,1.8e-07,3,3.85309e-06
0.8999999999999999,5e-14,4e-10,0,3.6e-07,3,6.41842e-06
0.8999999999999999,5e-14,4e-10,25,1.8e-07,3,3.17878e-06
0.8999999999999999,5e-14,4e-10,25,3.6e-07,3,5.73713e-06
0.8999999999999999,5e-14,4e-10,75,1.8e-07,3,2.27162e-06
0.8999999999999999,5e-14,4e-10,75,3.6e-07,3,4.32612e-06
0.8999999999999999,5e-14,4e-10,100,1.8e-07,3,1.96233e-06
0.8999999999999999,5e-14,4e-10,100,3.6e-07,3,3.78247e-06
0.8999999999999999,5e-14,4e-10,125,1.8e-07,3,1.71627e-06
0.8999999999999999,5e-14,4e-10,125,3.6e-07,3,3.33759e-06
1.0,1e-15,1e-11,-40,1.8e-07,3,2.98428e-07
1.0,1e-15,1e-11,-40,3.6e-07,3,4.02034e-07
1.0,1e-15,1e-11,-25,1.8e-07,3,3.02139e-07
1.0,1e-15,1e-11,-25,3.6e-07,3,4.09419e-07
1.0,1e-15,1e-11,0,1.8e-07,3,3.07747e-07
1.0,1e-15,1e-11,0,3.6e-07,3,4.20672e-07
1.0,1e-15,1e-11,25,1.8e-07,3,3.12905e-07
1.0,1e-15,1e-11,25,3.6e-07,3,4.30863e-07
1.0,1e-15,1e-11,75,1.8e-07,3,3.22555e-07
1.0,1e-15,1e-11,75,3.6e-07,3,4.49827e-07
1.0,1e-15,1e-11,100,1.8e-07,3,3.27224e-07
1.0,1e-15,1e-11,100,3.6e-07,3,4.58751e-07
1.0,1e-15,1e-11,125,1.8e-07,3,3.31573e-07
1.0,1e-15,1e-11,125,3.6e-07,3,4.6698e-07
1.0,1e-15,5e-11,-40,1.8e-07,3,2.91575e-07
1.0,1e-15,5e-11,-40,3.6e-07,3,3.88519e-07
1.0,1e-15,5e-11,-25,1.8e-07,3,2.9242e-07
1.0,1e-15,5e-11,-25,3.6e-07,3,3.90485e-07
1.0,1e-15,5e-11,0,1.8e-07,3,2.95486e-07
1.0,1e-15,5e-11,0,3.6e-07,3,3.96152e-07
1.0,1e-15,5e-11,25,1.8e-07,3,2.99343e-07
1.0,1e-15,5e-11,25,3.6e-07,3,4.03155e-07
1.0,1e-15,5e-11,75,1.8e-07,3,3.07654e-07
1.0,1e-15,5e-11,75,3.6e-07,3,4.18636e-07
1.0,1e-15,5e-11,100,1.8e-07,3,3.11797e-07
1.0,1e-15,5e-11,100,3.6e-07,3,4.26318e-07
1.0,1e-15,5e-11,125,1.8e-07,3,3.15755e-07
1.0,1e-15,5e-11,125,3.6e-07,3,4.33622e-07
1.0,1e-15,1e-10,-40,1.8e-07,3,3.1087e-07
1.0,1e-15,1e-10,-40,3.6e-07,3,4.17868e-07
1.0,1e-15,1e-10,-25,1.8e-07,3,3.06637e-07
1.0,1e-15,1e-10,-25,3.6e-07,3,4.12605e-07
1.0,1e-15,1e-10,0,1.8e-07,3,3.04326e-07
1.0,1e-15,1e-10,0,3.6e-07,3,4.10311e-07
1.0,1e-15,1e-10,25,1.8e-07,3,3.04717e-07
1.0,1e-15,1e-10,25,3.6e-07,3,4.11783e-07
1.0,1e-15,1e-10,75,1.8e-07,3,3.08885e-07
1.0,1e-15,1e-10,75,3.6e-07,3,4.19929e-07
1.0,1e-15,1e-10,100,1.8e-07,3,3.11688e-07
1.0,1e-15,1e-10,100,3.6e-07,3,4.25117e-07
1.0,1e-15,1e-10,125,1.8e-07,3,3.14613e-07
1.0,1e-15,1e-10,125,3.6e-07,3,4.30334e-07
1.0,1e-15,2e-10,-40,1.8e-07,3,3.70492e-07
1.0,1e-15,2e-10,-40,3.6e-07,3,5.08031e-07
1.0,1e-15,2e-10,-25,1.8e-07,3,3.55687e-07
1.0,1e-15,2e-10,-25,3.6e-07,3,4.88534e-07
1.0,1e-15,2e-10,0,1.8e-07,3,3.4171e-07
1.0,1e-15,2e-10,0,3.6e-07,3,4.69486e-07
1.0,1e-15,2e-10,25,1.8e-07,3,3.34265e-07
1.0,1e-15,2e-10,25,3.6e-07,3,4.5915e-07
1.0,1e-15,2e-10,75,1.8e-07,3,3.28349e-07
1.0,1e-15,2e-10,75,3.6e-07,3,4.51297e-07
1.0,1e-15,2e-10,100,1.8e-07,3,3.2767e-07
1.0,1e-15,2e-10,100,3.6e-07,3,4.50723e-07
1.0,1e-15,2e-10,125,1.8e-07,3,3.27731e-07
1.0,1e-15,2e-10,125,3.6e-07,3,4.51244e-07
1.0,1e-15,4e-10,-40,1.8e-07,3,5.19346e-07
1.0,1e-15,4e-10,-40,3.6e-07,3,7.2629e-07
1.0,1e-15,4e-10,-25,1.8e-07,3,4.83945e-07
1.0,1e-15,4e-10,-25,3.6e-07,3,6.80689e-07
1.0,1e-15,4e-10,0,1.8e-07,3,4.46064e-07
1.0,1e-15,4e-10,0,3.6e-07,3,6.29933e-07
1.0,1e-15,4e-10,25,1.8e-07,3,4.21958e-07
1.0,1e-15,4e-10,25,3.6e-07,3,5.96292e-07
1.0,1e-15,4e-10,75,1.8e-07,3,3.93912e-07
1.0,1e-15,4e-10,75,3.6e-07,3,5.55617e-07
1.0,1e-15,4e-10,100,1.8e-07,3,3.85427e-07
1.0,1e-15,4e-10,100,3.6e-07,3,5.4304e-07
1.0,1e-15,4e-10,125,1.8e-07,3,3.79082e-07
1.0,1e-15,4e-10,125,3.6e-07,3,5.33604e-07
1.0,5.454545454545455e-15,1e-11,-40,1.8e-07,3,1.04694e-06
1.0,5.454545454545455e-15,1e-11,-40,3.6e-07,3,1.15711e-06
1.0,5.454545454545455e-15,1e-11,-25,1.8e-07,3,1.04996e-06
1.0,5.454545454545455e-15,1e-11,-25,3.6e-07,3,1.16332e-06
1.0,5.454545454545455e-15,1e-11,0,1.8e-07,3,1.05467e-06
1.0,5.454545454545455e-15,1e-11,0,3.6e-07,3,1.17276e-06
1.0,5.454545454545455e-15,1e-11,25,1.8e-07,3,1.05885e-06
1.0,5.454545454545455e-15,1e-11,25,3.6e-07,3,1.18139e-06
1.0,5.454545454545455e-15,1e-11,75,1.8e-07,3,1.06712e-06
1.0,5.454545454545455e-15,1e-11,75,3.6e-07,3,1.19755e-06
1.0,5.454545454545455e-15,1e-11,100,1.8e-07,3,1.07111e-06
1.0,5.454545454545455e-15,1e-11,100,3.6e-07,3,1.20517e-06
1.0,5.454545454545455e-15,1e-11,125,1.8e-07,3,1.07483e-06
1.0,5.454545454545455e-15,1e-11,125,3.6e-07,3,1.21238e-06
1.0,5.454545454545455e-15,5e-11,-40,1.8e-07,3,1.03625e-06
1.0,5.454545454545455e-15,5e-11,-40,3.6e-07,3,1.1332e-06
1.0,5.454545454545455e-15,5e-11,-25,1.8e-07,3,1.03856e-06
1.0,5.454545454545455e-15,5e-11,-25,3.6e-07,3,1.13778e-06
1.0,5.454545454545455e-15,5e-11,0,1.8e-07,3,1.04287e-06
1.0,5.454545454545455e-15,5e-11,0,3.6e-07,3,1.14632e-06
1.0,5.454545454545455e-15,5e-11,25,1.8e-07,3,1.04695e-06
1.0,5.454545454545455e-15,5e-11,25,3.6e-07,3,1.15489e-06
1.0,5.454545454545455e-15,5e-11,75,1.8e-07,3,1.05502e-06
1.0,5.454545454545455e-15,5e-11,75,3.6e-07,3,1.17102e-06
1.0,5.454545454545455e-15,5e-11,100,1.8e-07,3,1.05874e-06
1.0,5.454545454545455e-15,5e-11,100,3.6e-07,3,1.1784e-06
1.0,5.454545454545455e-15,5e-11,125,1.8e-07,3,1.06211e-06
1.0,5.454545454545455e-15,5e-11,125,3.6e-07,3,1.18506e-06
1.0,5.454545454545455e-15,1e-10,-40,1.8e-07,3,1.0414e-06
1.0,5.454545454545455e-15,1e-10,-40,3.6e-07,3,1.14195e-06
1.0,5.454545454545455e-15,1e-10,-25,1.8e-07,3,1.04103e-06
1.0,5.454545454545455e-15,1e-10,-25,3.6e-07,3,1.14166e-06
1.0,5.454545454545455e-15,1e-10,0,1.8e-07,3,1.0429e-06
1.0,5.454545454545455e-15,1e-10,0,3.6e-07,3,1.14534e-06
1.0,5.454545454545455e-15,1e-10,25,1.8e-07,3,1.04575e-06
1.0,5.454545454545455e-15,1e-10,25,3.6e-07,3,1.15119e-06
1.0,5.454545454545455e-15,1e-10,75,1.8e-07,3,1.05246e-06
1.0,5.454545454545455e-15,1e-10,75,3.6e-07,3,1.16467e-06
1.0,5.454545454545455e-15,1e-10,100,1.8e-07,3,1.05575e-06
1.0,5.454545454545455e-15,1e-10,100,3.6e-07,3,1.17119e-06
1.0,5.454545454545455e-15,1e-10,125,1.8e-07,3,1.05874e-06
1.0,5.454545454545455e-15,1e-10,125,3.6e-07,3,1.17723e-06
1.0,5.454545454545455e-15,2e-10,-40,1.8e-07,3,1.07215e-06
1.0,5.454545454545455e-15,2e-10,-40,3.6e-07,3,1.19307e-06
1.0,5.454545454545455e-15,2e-10,-25,1.8e-07,3,1.06388e-06
1.0,5.454545454545455e-15,2e-10,-25,3.6e-07,3,1.18074e-06
1.0,5.454545454545455e-15,2e-10,0,1.8e-07,3,1.05807e-06
1.0,5.454545454545455e-15,2e-10,0,3.6e-07,3,1.17187e-06
1.0,5.454545454545455e-15,2e-10,25,1.8e-07,3,1.05624e-06
1.0,5.454545454545455e-15,2e-10,25,3.6e-07,3,1.16945e-06
1.0,5.454545454545455e-15,2e-10,75,1.8e-07,3,1.05772e-06
1.0,5.454545454545455e-15,2e-10,75,3.6e-07,3,1.1732e-06
1.0,5.454545454545455e-15,2e-10,100,1.8e-07,3,1.05936e-06
1.0,5.454545454545455e-15,2e-10,100,3.6e-07,3,1.17654e-06
1.0,5.454545454545455e-15,2e-10,125,1.8e-07,3,1.06103e-06
1.0,5.454545454545455e-15,2e-10,125,3.6e-07,3,1.18014e-06
1.0,5.454545454545455e-15,4e-10,-40,1.8e-07,3,1.16616e-06
1.0,5.454545454545455e-15,4e-10,-40,3.6e-07,3,1.34679e-06
1.0,5.454545454545455e-15,4e-10,-25,1.8e-07,3,1.13989e-06
1.0,5.454545454545455e-15,4e-10,-25,3.6e-07,3,1.308e-06
1.0,5.454545454545455e-15,4e-10,0,1.8e-07,3,1.11534e-06
1.0,5.454545454545455e-15,4e-10,0,3.6e-07,3,1.27001e-06
1.0,5.454545454545455e-15,4e-10,25,1.8e-07,3,1.10165e-06
1.0,5.454545454545455e-15,4e-10,25,3.6e-07,3,1.24826e-06
1.0,5.454545454545455e-15,4e-10,75,1.8e-07,3,1.08827e-06
1.0,5.454545454545455e-15,4e-10,75,3.6e-07,3,1.2266e-06
1.0,5.454545454545455e-15,4e-10,100,1.8e-07,3,1.08444e-06
1.0,5.454545454545455e-15,4e-10,100,3.6e-07,3,1.22139e-06
1.0,5.454545454545455e-15,4e-10,125,1.8e-07,3,1.08048e-06
1.0,5.454545454545455e-15,4e-10,125,3.6e-07,3,1.21799e-06
1.0,9.909090909090907e-15,1e-11,-40,1.8e-07,3,1.79053e-06
1.0,9.909090909090907e-15,1e-11,-40,3.6e-07,3,1.90247e-06
1.0,9.909090909090907e-15,1e-11,-25,1.8e-07,3,1.7932e-06
1.0,9.909090909090907e-15,1e-11,-25,3.6e-07,3,1.90832e-06
1.0,9.909090909090907e-15,1e-11,0,1.8e-07,3,1.79758e-06
1.0,9.909090909090907e-15,1e-11,0,3.6e-07,3,1.91701e-06
1.0,9.909090909090907e-15,1e-11,25,1.8e-07,3,1.80162e-06
1.0,9.909090909090907e-15,1e-11,25,3.6e-07,3,1.92507e-06
1.0,9.909090909090907e-15,1e-11,75,1.8e-07,3,1.80943e-06
1.0,9.909090909090907e-15,1e-11,75,3.6e-07,3,1.94023e-06
1.0,9.909090909090907e-15,1e-11,100,1.8e-07,3,1.81308e-06
1.0,9.909090909090907e-15,1e-11,100,3.6e-07,3,1.94766e-06
1.0,9.909090909090907e-15,1e-11,125,1.8e-07,3,1.81589e-06
1.0,9.909090909090907e-15,1e-11,125,3.6e-07,3,1.95437e-06
1.0,9.909090909090907e-15,5e-11,-40,1.8e-07,3,1.7807e-06
1.0,9.909090909090907e-15,5e-11,-40,3.6e-07,3,1.87957e-06
1.0,9.909090909090907e-15,5e-11,-25,1.8e-07,3,1.78297e-06
1.0,9.909090909090907e-15,5e-11,-25,3.6e-07,3,1.88473e-06
1.0,9.909090909090907e-15,5e-11,0,1.8e-07,3,1.78709e-06
1.0,9.909090909090907e-15,5e-11,0,3.6e-07,3,1.89318e-06
1.0,9.909090909090907e-15,5e-11,25,1.8e-07,3,1.79103e-06
1.0,9.909090909090907e-15,5e-11,25,3.6e-07,3,1.90136e-06
1.0,9.909090909090907e-15,5e-11,75,1.8e-07,3,1.79841e-06
1.0,9.909090909090907e-15,5e-11,75,3.6e-07,3,1.91645e-06
1.0,9.909090909090907e-15,5e-11,100,1.8e-07,3,1.8016e-06
1.0,9.909090909090907e-15,5e-11,100,3.6e-07,3,1.92335e-06
1.0,9.909090909090907e-15,5e-11,125,1.8e-07,3,1.8037e-06
1.0,9.909090909090907e-15,5e-11,125,3.6e-07,3,1.92948e-06
1.0,9.909090909090907e-15,1e-10,-40,1.8e-07,3,1.78277e-06
1.0,9.909090909090907e-15,1e-10,-40,3.6e-07,3,1.88203e-06
1.0,9.909090909090907e-15,1e-10,-25,1.8e-07,3,1.78317e-06
1.0,9.909090909090907e-15,1e-10,-25,3.6e-07,3,1.88366e-06
1.0,9.909090909090907e-15,1e-10,0,1.8e-07,3,1.78583e-06
1.0,9.909090909090907e-15,1e-10,0,3.6e-07,3,1.88947e-06
1.0,9.909090909090907e-15,1e-10,25,1.8e-07,3,1.78906e-06
1.0,9.909090909090907e-15,1e-10,25,3.6e-07,3,1.89616e-06
1.0,9.909090909090907e-15,1e-10,75,1.8e-07,3,1.79563e-06
1.0,9.909090909090907e-15,1e-10,75,3.6e-07,3,1.90972e-06
1.0,9.909090909090907e-15,1e-10,100,1.8e-07,3,1.79833e-06
1.0,9.909090909090907e-15,1e-10,100,3.6e-07,3,1.91615e-06
1.0,9.909090909090907e-15,1e-10,125,1.8e-07,3,1.79951e-06
1.0,9.909090909090907e-15,1e-10,125,3.6e-07,3,1.92186e-06
1.0,9.909090909090907e-15,2e-10,-40,1.8e-07,3,1.80401e-06
1.0,9.909090909090907e-15,2e-10,-40,3.6e-07,3,1.91816e-06
1.0,9.909090909090907e-15,2e-10,-25,1.8e-07,3,1.79807e-06
1.0,9.909090909090907e-15,2e-10,-25,3.6e-07,3,1.90931e-06
1.0,9.909090909090907e-15,2e-10,0,1.8e-07,3,1.79485e-06
1.0,9.909090909090907e-15,2e-10,0,3.6e-07,3,1.90497e-06
1.0,9.909090909090907e-15,2e-10,25,1.8e-07,3,1.79492e-06
1.0,9.909090909090907e-15,2e-10,25,3.6e-07,3,1.90578e-06
1.0,9.909090909090907e-15,2e-10,75,1.8e-07,3,1.79765e-06
1.0,9.909090909090907e-15,2e-10,75,3.6e-07,3,1.91262e-06
1.0,9.909090909090907e-15,2e-10,100,1.8e-07,3,1.79805e-06
1.0,9.909090909090907e-15,2e-10,100,3.6e-07,3,1.917e-06
1.0,9.909090909090907e-15,2e-10,125,1.8e-07,3,1.79497e-06
1.0,9.909090909090907e-15,2e-10,125,3.6e-07,3,1.92114e-06
1.0,9.909090909090907e-15,4e-10,-40,1.8e-07,3,1.87701e-06
1.0,9.909090909090907e-15,4e-10,-40,3.6e-07,3,2.03949e-06
1.0,9.909090909090907e-15,4e-10,-25,1.8e-07,3,1.85536e-06
1.0,9.909090909090907e-15,4e-10,-25,3.6e-07,3,2.00703e-06
1.0,9.909090909090907e-15,4e-10,0,1.8e-07,3,1.83639e-06
1.0,9.909090909090907e-15,4e-10,0,3.6e-07,3,1.97729e-06
1.0,9.909090909090907e-15,4e-10,25,1.8e-07,3,1.82615e-06
1.0,9.909090909090907e-15,4e-10,25,3.6e-07,3,1.96156e-06
1.0,9.909090909090907e-15,4e-10,75,1.8e-07,3,1.80302e-06
1.0,9.909090909090907e-15,4e-10,75,3.6e-07,3,1.94823e-06
1.0,9.909090909090907e-15,4e-10,100,1.8e-07,3,1.77548e-06
1.0,9.909090909090907e-15,4e-10,100,3.6e-07,3,1.94565e-06
1.0,9.909090909090907e-15,4e-10,125,1.8e-07,3,1.72991e-06
1.0,9.909090909090907e-15,4e-10,125,3.6e-07,3,1.94331e-06
1.0,1.436363636363636e-14,1e-11,-40,1.8e-07,3,2.53324e-06
1.0,1.436363636363636e-14,1e-11,-40,3.6e-07,3,2.6463e-06
1.0,1.436363636363636e-14,1e-11,-25,1.8e-07,3,2.53591e-06
1.0,1.436363636363636e-14,1e-11,-25,3.6e-07,3,2.65174e-06
1.0,1.436363636363636e-14,1e-11,0,1.8e-07,3,2.54013e-06
1.0,1.436363636363636e-14,1e-11,0,3.6e-07,3,2.65991e-06
1.0,1.436363636363636e-14,1e-11,25,1.8e-07,3,2.54409e-06
1.0,1.436363636363636e-14,1e-11,25,3.6e-07,3,2.66767e-06
1.0,1.436363636363636e-14,1e-11,75,1.8e-07,3,2.55069e-06
1.0,1.436363636363636e-14,1e-11,75,3.6e-07,3,2.6825e-06
1.0,1.436363636363636e-14,1e-11,100,1.8e-07,3,2.55088e-06
1.0,1.436363636363636e-14,1e-11,100,3.6e-07,3,2.68963e-06
1.0,1.436363636363636e-14,1e-11,125,1.8e-07,3,2.54439e-06
1.0,1.436363636363636e-14,1e-11,125,3.6e-07,3,2.69607e-06
1.0,1.436363636363636e-14,5e-11,-40,1.8e-07,3,2.52415e-06
1.0,1.436363636363636e-14,5e-11,-40,3.6e-07,3,2.62495e-06
1.0,1.436363636363636e-14,5e-11,-25,1.8e-07,3,2.52647e-06
1.0,1.436363636363636e-14,5e-11,-25,3.6e-07,3,2.62989e-06
1.0,1.436363636363636e-14,5e-11,0,1.8e-07,3,2.53038e-06
1.0,1.436363636363636e-14,5e-11,0,3.6e-07,3,2.63799e-06
1.0,1.436363636363636e-14,5e-11,25,1.8e-07,3,2.53413e-06
1.0,1.436363636363636e-14,5e-11,25,3.6e-07,3,2.64571e-06
1.0,1.436363636363636e-14,5e-11,75,1.8e-07,3,2.53969e-06
1.0,1.436363636363636e-14,5e-11,75,3.6e-07,3,2.66013e-06
1.0,1.436363636363636e-14,5e-11,100,1.8e-07,3,2.53798e-06
1.0,1.436363636363636e-14,5e-11,100,3.6e-07,3,2.66666e-06
1.0,1.436363636363636e-14,5e-11,125,1.8e-07,3,2.52776e-06
1.0,1.436363636363636e-14,5e-11,125,3.6e-07,3,2.67241e-06
1.0,1.436363636363636e-14,1e-10,-40,1.8e-07,3,2.52499e-06
1.0,1.436363636363636e-14,1e-10,-40,3.6e-07,3,2.62472e-06
1.0,1.436363636363636e-14,1e-10,-25,1.8e-07,3,2.5259e-06
1.0,1.436363636363636e-14,1e-10,-25,3.6e-07,3,2.62731e-06
1.0,1.436363636363636e-14,1e-10,0,1.8e-07,3,2.52881e-06
1.0,1.436363636363636e-14,1e-10,0,3.6e-07,3,2.63326e-06
1.0,1.436363636363636e-14,1e-10,25,1.8e-07,3,2.53196e-06
1.0,1.436363636363636e-14,1e-10,25,3.6e-07,3,2.64022e-06
1.0,1.436363636363636e-14,1e-10,75,1.8e-07,3,2.53571e-06
1.0,1.436363636363636e-14,1e-10,75,3.6e-07,3,2.6536e-06
1.0,1.436363636363636e-14,1e-10,100,1.8e-07,3,2.53072e-06
1.0,1.436363636363636e-14,1e-10,100,3.6e-07,3,2.65971e-06
1.0,1.436363636363636e-14,1e-10,125,1.8e-07,3,2.51415e-06
1.0,1.436363636363636e-14,1e-10,125,3.6e-07,3,2.66496e-06
1.0,1.436363636363636e-14,2e-10,-40,1.8e-07,3,2.54114e-06
1.0,1.436363636363636e-14,2e-10,-40,3.6e-07,3,2.65209e-06
1.0,1.436363636363636e-14,2e-10,-25,1.8e-07,3,2.53678e-06
1.0,1.436363636363636e-14,2e-10,-25,3.6e-07,3,2.64601e-06
1.0,1.436363636363636e-14,2e-10,0,1.8e-07,3,2.53506e-06
1.0,1.436363636363636e-14,2e-10,0,3.6e-07,3,2.64359e-06
1.0,1.436363636363636e-14,2e-10,25,1.8e-07,3,2.53556e-06
1.0,1.436363636363636e-14,2e-10,25,3.6e-07,3,2.64581e-06
1.0,1.436363636363636e-14,2e-10,75,1.8e-07,3,2.52995e-06
1.0,1.436363636363636e-14,2e-10,75,3.6e-07,3,2.65423e-06
1.0,1.436363636363636e-14,2e-10,100,1.8e-07,3,2.51145e-06
1.0,1.436363636363636e-14,2e-10,100,3.6e-07,3,2.65878e-06
1.0,1.436363636363636e-14,2e-10,125,1.8e-07,3,2.4728e-06
1.0,1.436363636363636e-14,2e-10,125,3.6e-07,3,2.66237e-06
1.0,1.436363636363636e-14,4e-10,-40,1.8e-07,3,2.60181e-06
1.0,1.436363636363636e-14,4e-10,-40,3.6e-07,3,2.75404e-06
1.0,1.436363636363636e-14,4e-10,-25,1.8e-07,3,2.58313e-06
1.0,1.436363636363636e-14,4e-10,-25,3.6e-07,3,2.72556e-06
1.0,1.436363636363636e-14,4e-10,0,1.8e-07,3,2.56571e-06
1.0,1.436363636363636e-14,4e-10,0,3.6e-07,3,2.70114e-06
1.0,1.436363636363636e-14,4e-10,25,1.8e-07,3,2.54657e-06
1.0,1.436363636363636e-14,4e-10,25,3.6e-07,3,2.68911e-06
1.0,1.436363636363636e-14,4e-10,75,1.8e-07,3,2.42516e-06
1.0,1.436363636363636e-14,4e-10,75,3.6e-07,3,2.6787e-06
1.0,1.436363636363636e-14,4e-10,100,1.8e-07,3,2.30286e-06
1.0,1.436363636363636e-14,4e-10,100,3.6e-07,3,2.67188e-06
1.0,1.436363636363636e-14,4e-10,125,1.8e-07,3,2.14905e-06
1.0,1.436363636363636e-14,4e-10,125,3.6e-07,3,2.65669e-06
1.0,1.8818181818181816e-14,1e-11,-40,1.8e-07,3,3.27587e-06
1.0,1.8818181818181816e-14,1e-11,-40,3.6e-07,3,3.38947e-06
1.0,1.8818181818181816e-14,1e-11,-25,1.8e-07,3,3.27847e-06
1.0,1.8818181818181816e-14,1e-11,-25,3.6e-07,3,3.39441e-06
1.0,1.8818181818181816e-14,1e-11,0,1.8e-07,3,3.28259e-06
1.0,1.8818181818181816e-14,1e-11,0,3.6e-07,3,3.40252e-06
1.0,1.8818181818181816e-14,1e-11,25,1.8e-07,3,3.28627e-06
1.0,1.8818181818181816e-14,1e-11,25,3.6e-07,3,3.41017e-06
1.0,1.8818181818181816e-14,1e-11,75,1.8e-07,3,3.28435e-06
1.0,1.8818181818181816e-14,1e-11,75,3.6e-07,3,3.42461e-06
1.0,1.8818181818181816e-14,1e-11,100,1.8e-07,3,3.26618e-06
1.0,1.8818181818181816e-14,1e-11,100,3.6e-07,3,3.43144e-06
1.0,1.8818181818181816e-14,1e-11,125,1.8e-07,3,3.22545e-06
1.0,1.8818181818181816e-14,1e-11,125,3.6e-07,3,3.43713e-06
1.0,1.8818181818181816e-14,5e-11,-40,1.8e-07,3,3.26722e-06
1.0,1.8818181818181816e-14,5e-11,-40,3.6e-07,3,3.36928e-06
1.0,1.8818181818181816e-14,5e-11,-25,1.8e-07,3,3.2695e-06
1.0,1.8818181818181816e-14,5e-11,-25,3.6e-07,3,3.3739e-06
1.0,1.8818181818181816e-14,5e-11,0,1.8e-07,3,3.27326e-06
1.0,1.8818181818181816e-14,5e-11,0,3.6e-07,3,3.38179e-06
1.0,1.8818181818181816e-14,5e-11,25,1.8e-07,3,3.27655e-06
1.0,1.8818181818181816e-14,5e-11,25,3.6e-07,3,3.38933e-06
1.0,1.8818181818181816e-14,5e-11,75,1.8e-07,3,3.27009e-06
1.0,1.8818181818181816e-14,5e-11,75,3.6e-07,3,3.40314e-06
1.0,1.8818181818181816e-14,5e-11,100,1.8e-07,3,3.24455e-06
1.0,1.8818181818181816e-14,5e-11,100,3.6e-07,3,3.40922e-06
1.0,1.8818181818181816e-14,5e-11,125,1.8e-07,3,3.19163e-06
1.0,1.8818181818181816e-14,5e-11,125,3.6e-07,3,3.41386e-06
1.0,1.8818181818181816e-14,1e-10,-40,1.8e-07,3,3.26727e-06
1.0,1.8818181818181816e-14,1e-10,-40,3.6e-07,3,3.3678e-06
1.0,1.8818181818181816e-14,1e-10,-25,1.8e-07,3,3.26857e-06
1.0,1.8818181818181816e-14,1e-10,-25,3.6e-07,3,3.37044e-06
1.0,1.8818181818181816e-14,1e-10,0,1.8e-07,3,3.27151e-06
1.0,1.8818181818181816e-14,1e-10,0,3.6e-07,3,3.37687e-06
1.0,1.8818181818181816e-14,1e-10,25,1.8e-07,3,3.27398e-06
1.0,1.8818181818181816e-14,1e-10,25,3.6e-07,3,3.38376e-06
1.0,1.8818181818181816e-14,1e-10,75,1.8e-07,3,3.25876e-06
1.0,1.8818181818181816e-14,1e-10,75,3.6e-07,3,3.39675e-06
1.0,1.8818181818181816e-14,1e-10,100,1.8e-07,3,3.22105e-06
1.0,1.8818181818181816e-14,1e-10,100,3.6e-07,3,3.40227e-06
1.0,1.8818181818181816e-14,1e-10,125,1.8e-07,3,3.15047e-06
1.0,1.8818181818181816e-14,1e-10,125,3.6e-07,3,3.40576e-06
1.0,1.8818181818181816e-14,2e-10,-40,1.8e-07,3,3.28043e-06
1.0,1.8818181818181816e-14,2e-10,-40,3.6e-07,3,3.38991e-06
1.0,1.8818181818181816e-14,2e-10,-25,1.8e-07,3,3.27704e-06
1.0,1.8818181818181816e-14,2e-10,-25,3.6e-07,3,3.38468e-06
1.0,1.8818181818181816e-14,2e-10,0,1.8e-07,3,3.27588e-06
1.0,1.8818181818181816e-14,2e-10,0,3.6e-07,3,3.38414e-06
1.0,1.8818181818181816e-14,2e-10,25,1.8e-07,3,3.27397e-06
1.0,1.8818181818181816e-14,2e-10,25,3.6e-07,3,3.3872e-06
1.0,1.8818181818181816e-14,2e-10,75,1.8e-07,3,3.22227e-06
1.0,1.8818181818181816e-14,2e-10,75,3.6e-07,3,3.39602e-06
1.0,1.8818181818181816e-14,2e-10,100,1.8e-07,3,3.14424e-06
1.0,1.8818181818181816e-14,2e-10,100,3.6e-07,3,3.39913e-06
1.0,1.8818181818181816e-14,2e-10,125,1.8e-07,3,3.02415e-06
1.0,1.8818181818181816e-14,2e-10,125,3.6e-07,3,3.39779e-06
1.0,1.8818181818181816e-14,4e-10,-40,1.8e-07,3,3.33232e-06
1.0,1.8818181818181816e-14,4e-10,-40,3.6e-07,3,3.47791e-06
1.0,1.8818181818181816e-14,4e-10,-25,1.8e-07,3,3.31419e-06
1.0,1.8818181818181816e-14,4e-10,-25,3.6e-07,3,3.45284e-06
1.0,1.8818181818181816e-14,4e-10,0,1.8e-07,3,3.28403e-06
1.0,1.8818181818181816e-14,4e-10,0,3.6e-07,3,3.43186e-06
1.0,1.8818181818181816e-14,4e-10,25,1.8e-07,3,3.21541e-06
1.0,1.8818181818181816e-14,4e-10,25,3.6e-07,3,3.422e-06
1.0,1.8818181818181816e-14,4e-10,75,1.8e-07,3,2.86189e-06
1.0,1.8818181818181816e-14,4e-10,75,3.6e-07,3,3.40037e-06
1.0,1.8818181818181816e-14,4e-10,100,1.8e-07,3,2.60844e-06
1.0,1.8818181818181816e-14,4e-10,100,3.6e-07,3,3.36826e-06
1.0,1.8818181818181816e-14,4e-10,125,1.8e-07,3,2.35279e-06
1.0,1.8818181818181816e-14,4e-10,125,3.6e-07,3,3.30802e-06
1.0,2.3272727272727276e-14,1e-11,-40,1.8e-07,3,4.01835e-06
1.0,2.3272727272727276e-14,1e-11,-40,3.6e-07,3,4.13177e-06
1.0,2.3272727272727276e-14,1e-11,-25,1.8e-07,3,4.02091e-06
1.0,2.3272727272727276e-14,1e-11,-25,3.6e-07,3,4.13699e-06
1.0,2.3272727272727276e-14,1e-11,0,1.8e-07,3,4.02485e-06
1.0,2.3272727272727276e-14,1e-11,0,3.6e-07,3,4.14501e-06
1.0,2.3272727272727276e-14,1e-11,25,1.8e-07,3,4.02695e-06
1.0,2.3272727272727276e-14,1e-11,25,3.6e-07,3,4.15249e-06
1.0,2.3272727272727276e-14,1e-11,75,1.8e-07,3,3.99321e-06
1.0,2.3272727272727276e-14,1e-11,75,3.6e-07,3,4.16653e-06
1.0,2.3272727272727276e-14,1e-11,100,1.8e-07,3,3.92902e-06
1.0,2.3272727272727276e-14,1e-11,100,3.6e-07,3,4.17241e-06
1.0,2.3272727272727276e-14,1e-11,125,1.8e-07,3,3.81787e-06
1.0,2.3272727272727276e-14,1e-11,125,3.6e-07,3,4.17498e-06
1.0,2.3272727272727276e-14,5e-11,-40,1.8e-07,3,4.0101e-06
1.0,2.3272727272727276e-14,5e-11,-40,3.6e-07,3,4.11268e-06
1.0,2.3272727272727276e-14,5e-11,-25,1.8e-07,3,4.01227e-06
1.0,2.3272727272727276e-14,5e-11,-25,3.6e-07,3,4.11747e-06
1.0,2.3272727272727276e-14,5e-11,0,1.8e-07,3,4.01571e-06
1.0,2.3272727272727276e-14,5e-11,0,3.6e-07,3,4.12514e-06
1.0,2.3272727272727276e-14,5e-11,25,1.8e-07,3,4.01649e-06
1.0,2.3272727272727276e-14,5e-11,25,3.6e-07,3,4.13244e-06
1.0,2.3272727272727276e-14,5e-11,75,1.8e-07,3,3.9679e-06
1.0,2.3272727272727276e-14,5e-11,75,3.6e-07,3,4.14556e-06
1.0,2.3272727272727276e-14,5e-11,100,1.8e-07,3,3.88608e-06
1.0,2.3272727272727276e-14,5e-11,100,3.6e-07,3,4.15019e-06
1.0,2.3272727272727276e-14,5e-11,125,1.8e-07,3,3.75456e-06
1.0,2.3272727272727276e-14,5e-11,125,3.6e-07,3,4.15032e-06
1.0,2.3272727272727276e-14,1e-10,-40,1.8e-07,3,4.00998e-06
1.0,2.3272727272727276e-14,1e-10,-40,3.6e-07,3,4.1102e-06
1.0,2.3272727272727276e-14,1e-10,-25,1.8e-07,3,4.01117e-06
1.0,2.3272727272727276e-14,1e-10,-25,3.6e-07,3,4.11368e-06
1.0,2.3272727272727276e-14,1e-10,0,1.8e-07,3,4.01361e-06
1.0,2.3272727272727276e-14,1e-10,0,3.6e-07,3,4.12018e-06
1.0,2.3272727272727276e-14,1e-10,25,1.8e-07,3,4.01185e-06
1.0,2.3272727272727276e-14,1e-10,25,3.6e-07,3,4.12697e-06
1.0,2.3272727272727276e-14,1e-10,75,1.8e-07,3,3.93706e-06
1.0,2.3272727272727276e-14,1e-10,75,3.6e-07,3,4.1391e-06
1.0,2.3272727272727276e-14,1e-10,100,1.8e-07,3,3.82935e-06
1.0,2.3272727272727276e-14,1e-10,100,3.6e-07,3,4.14219e-06
1.0,2.3272727272727276e-14,1e-10,125,1.8e-07,3,3.66886e-06
1.0,2.3272727272727276e-14,1e-10,125,3.6e-07,3,4.13883e-06
1.0,2.3272727272727276e-14,2e-10,-40,1.8e-07,3,4.02078e-06
1.0,2.3272727272727276e-14,2e-10,-40,3.6e-07,3,4.12848e-06
1.0,2.3272727272727276e-14,2e-10,-25,1.8e-07,3,4.01793e-06
1.0,2.3272727272727276e-14,2e-10,-25,3.6e-07,3,4.12475e-06
1.0,2.3272727272727276e-14,2e-10,0,1.8e-07,3,4.01502e-06
1.0,2.3272727272727276e-14,2e-10,0,3.6e-07,3,4.12553e-06
1.0,2.3272727272727276e-14,2e-10,25,1.8e-07,3,3.99977e-06
1.0,2.3272727272727276e-14,2e-10,25,3.6e-07,3,4.12908e-06
1.0,2.3272727272727276e-14,2e-10,75,1.8e-07,3,3.83286e-06
1.0,2.3272727272727276e-14,2e-10,75,3.6e-07,3,4.13589e-06
1.0,2.3272727272727276e-14,2e-10,100,1.8e-07,3,3.65334e-06
1.0,2.3272727272727276e-14,2e-10,100,3.6e-07,3,4.13177e-06
1.0,2.3272727272727276e-14,2e-10,125,1.8e-07,3,3.42448e-06
1.0,2.3272727272727276e-14,2e-10,125,3.6e-07,3,4.11339e-06
1.0,2.3272727272727276e-14,4e-10,-40,1.8e-07,3,4.06369e-06
1.0,2.3272727272727276e-14,4e-10,-40,3.6e-07,3,4.20709e-06
1.0,2.3272727272727276e-14,4e-10,-25,1.8e-07,3,4.03827e-06
1.0,2.3272727272727276e-14,4e-10,-25,3.6e-07,3,4.18428e-06
1.0,2.3272727272727276e-14,4e-10,0,1.8e-07,3,3.95891e-06
1.0,2.3272727272727276e-14,4e-10,0,3.6e-07,3,4.16592e-06
1.0,2.3272727272727276e-14,4e-10,25,1.8e-07,3,3.77509e-06
1.0,2.3272727272727276e-14,4e-10,25,3.6e-07,3,4.15478e-06
1.0,2.3272727272727276e-14,4e-10,75,1.8e-07,3,3.11555e-06
1.0,2.3272727272727276e-14,4e-10,75,3.6e-07,3,4.08775e-06
1.0,2.3272727272727276e-14,4e-10,100,1.8e-07,3,2.76373e-06
1.0,2.3272727272727276e-14,4e-10,100,3.6e-07,3,3.99473e-06
1.0,2.3272727272727276e-14,4e-10,125,1.8e-07,3,2.45264e-06
1.0,2.3272727272727276e-14,4e-10,125,3.6e-07,3,3.84955e-06
1.0,2.7727272727272724e-14,1e-11,-40,1.8e-07,3,4.7608e-06
1.0,2.7727272727272724e-14,1e-11,-40,3.6e-07,3,4.87443e-06
1.0,2.7727272727272724e-14,1e-11,-25,1.8e-07,3,4.76329e-06
1.0,2.7727272727272724e-14,1e-11,-25,3.6e-07,3,4.87952e-06
1.0,2.7727272727272724e-14,1e-11,0,1.8e-07,3,4.76639e-06
1.0,2.7727272727272724e-14,1e-11,0,3.6e-07,3,4.88741e-06
1.0,2.7727272727272724e-14,1e-11,25,1.8e-07,3,4.76219e-06
1.0,2.7727272727272724e-14,1e-11,25,3.6e-07,3,4.89475e-06
1.0,2.7727272727272724e-14,1e-11,75,1.8e-07,3,4.65505e-06
1.0,2.7727272727272724e-14,1e-11,75,3.6e-07,3,4.90773e-06
1.0,2.7727272727272724e-14,1e-11,100,1.8e-07,3,4.51035e-06
1.0,2.7727272727272724e-14,1e-11,100,3.6e-07,3,4.9102e-06
1.0,2.7727272727272724e-14,1e-11,125,1.8e-07,3,4.30394e-06
1.0,2.7727272727272724e-14,1e-11,125,3.6e-07,3,4.90325e-06
1.0,2.7727272727272724e-14,5e-11,-40,1.8e-07,3,4.75279e-06
1.0,2.7727272727272724e-14,5e-11,-40,3.6e-07,3,4.85603e-06
1.0,2.7727272727272724e-14,5e-11,-25,1.8e-07,3,4.75488e-06
1.0,2.7727272727272724e-14,5e-11,-25,3.6e-07,3,4.86069e-06
1.0,2.7727272727272724e-14,5e-11,0,1.8e-07,3,4.75691e-06
1.0,2.7727272727272724e-14,5e-11,0,3.6e-07,3,4.86817e-06
1.0,2.7727272727272724e-14,5e-11,25,1.8e-07,3,4.74857e-06
1.0,2.7727272727272724e-14,5e-11,25,3.6e-07,3,4.87527e-06
1.0,2.7727272727272724e-14,5e-11,75,1.8e-07,3,4.60765e-06
1.0,2.7727272727272724e-14,5e-11,75,3.6e-07,3,4.88668e-06
1.0,2.7727272727272724e-14,5e-11,100,1.8e-07,3,4.43593e-06
1.0,2.7727272727272724e-14,5e-11,100,3.6e-07,3,4.88633e-06
1.0,2.7727272727272724e-14,5e-11,125,1.8e-07,3,4.20213e-06
1.0,2.7727272727272724e-14,5e-11,125,3.6e-07,3,4.87411e-06
1.0,2.7727272727272724e-14,1e-10,-40,1.8e-07,3,4.75241e-06
1.0,2.7727272727272724e-14,1e-10,-40,3.6e-07,3,4.85349e-06
1.0,2.7727272727272724e-14,1e-10,-25,1.8e-07,3,4.75354e-06
1.0,2.7727272727272724e-14,1e-10,-25,3.6e-07,3,4.85658e-06
1.0,2.7727272727272724e-14,1e-10,0,1.8e-07,3,4.75347e-06
1.0,2.7727272727272724e-14,1e-10,0,3.6e-07,3,4.86314e-06
1.0,2.7727272727272724e-14,1e-10,25,1.8e-07,3,4.73707e-06
1.0,2.7727272727272724e-14,1e-10,25,3.6e-07,3,4.8699e-06
1.0,2.7727272727272724e-14,1e-10,75,1.8e-07,3,4.54227e-06
1.0,2.7727272727272724e-14,1e-10,75,3.6e-07,3,4.8791e-06
1.0,2.7727272727272724e-14,1e-10,100,1.8e-07,3,4.33183e-06
1.0,2.7727272727272724e-14,1e-10,100,3.6e-07,3,4.87449e-06
1.0,2.7727272727272724e-14,1e-10,125,1.8e-07,3,4.06326e-06
1.0,2.7727272727272724e-14,1e-10,125,3.6e-07,3,4.85279e-06
1.0,2.7727272727272724e-14,2e-10,-40,1.8e-07,3,4.76156e-06
1.0,2.7727272727272724e-14,2e-10,-40,3.6e-07,3,4.86854e-06
1.0,2.7727272727272724e-14,2e-10,-25,1.8e-07,3,4.75817e-06
1.0,2.7727272727272724e-14,2e-10,-25,3.6e-07,3,4.86582e-06
1.0,2.7727272727272724e-14,2e-10,0,1.8e-07,3,4.7465e-06
1.0,2.7727272727272724e-14,2e-10,0,3.6e-07,3,4.8672e-06
1.0,2.7727272727272724e-14,2e-10,25,1.8e-07,3,4.69481e-06
1.0,2.7727272727272724e-14,2e-10,25,3.6e-07,3,4.87089e-06
1.0,2.7727272727272724e-14,2e-10,75,1.8e-07,3,4.33451e-06
1.0,2.7727272727272724e-14,2e-10,75,3.6e-07,3,4.86885e-06
1.0,2.7727272727272724e-14,2e-10,100,1.8e-07,3,4.03212e-06
1.0,2.7727272727272724e-14,2e-10,100,3.6e-07,3,4.84524e-06
1.0,2.7727272727272724e-14,2e-10,125,1.8e-07,3,3.69578e-06
1.0,2.7727272727272724e-14,2e-10,125,3.6e-07,3,4.78978e-06
1.0,2.7727272727272724e-14,4e-10,-40,1.8e-07,3,4.78789e-06
1.0,2.7727272727272724e-14,4e-10,-40,3.6e-07,3,4.93918e-06
1.0,2.7727272727272724e-14,4e-10,-25,1.8e-07,3,4.73684e-06
1.0,2.7727272727272724e-14,4e-10,-25,3.6e-07,3,4.91846e-06
1.0,2.7727272727272724e-14,4e-10,0,1.8e-07,3,4.5499e-06
1.0,2.7727272727272724e-14,4e-10,0,3.6e-07,3,4.9006e-06
1.0,2.7727272727272724e-14,4e-10,25,1.8e-07,3,4.18923e-06
1.0,2.7727272727272724e-14,4e-10,25,3.6e-07,3,4.8798e-06
1.0,2.7727272727272724e-14,4e-10,75,1.8e-07,3,3.25528e-06
1.0,2.7727272727272724e-14,4e-10,75,3.6e-07,3,4.71119e-06
1.0,2.7727272727272724e-14,4e-10,100,1.8e-07,3,2.85032e-06
1.0,2.7727272727272724e-14,4e-10,100,3.6e-07,3,4.51913e-06
1.0,2.7727272727272724e-14,4e-10,125,1.8e-07,3,2.5127e-06
1.0,2.7727272727272724e-14,4e-10,125,3.6e-07,3,4.26053e-06
1.0,3.2181818181818185e-14,1e-11,-40,1.8e-07,3,5.5032e-06
1.0,3.2181818181818185e-14,1e-11,-40,3.6e-07,3,5.61704e-06
1.0,3.2181818181818185e-14,1e-11,-25,1.8e-07,3,5.50547e-06
1.0,3.2181818181818185e-14,1e-11,-25,3.6e-07,3,5.62196e-06
1.0,3.2181818181818185e-14,1e-11,0,1.8e-07,3,5.50547e-06
1.0,3.2181818181818185e-14,1e-11,0,3.6e-07,3,5.62971e-06
1.0,3.2181818181818185e-14,1e-11,25,1.8e-07,3,5.48438e-06
1.0,3.2181818181818185e-14,1e-11,25,3.6e-07,3,5.63696e-06
1.0,3.2181818181818185e-14,1e-11,75,1.8e-07,3,5.24824e-06
1.0,3.2181818181818185e-14,1e-11,75,3.6e-07,3,5.64666e-06
1.0,3.2181818181818185e-14,1e-11,100,1.8e-07,3,4.99907e-06
1.0,3.2181818181818185e-14,1e-11,100,3.6e-07,3,5.64004e-06
1.0,3.2181818181818185e-14,1e-11,125,1.8e-07,3,4.68446e-06
1.0,3.2181818181818185e-14,1e-11,125,3.6e-07,3,5.61239e-06
1.0,3.2181818181818185e-14,5e-11,-40,1.8e-07,3,5.49538e-06
1.0,3.2181818181818185e-14,5e-11,-40,3.6e-07,3,5.59919e-06
1.0,3.2181818181818185e-14,5e-11,-25,1.8e-07,3,5.49708e-06
1.0,3.2181818181818185e-14,5e-11,-25,3.6e-07,3,5.60373e-06
1.0,3.2181818181818185e-14,5e-11,0,1.8e-07,3,5.49425e-06
1.0,3.2181818181818185e-14,5e-11,0,3.6e-07,3,5.61102e-06
1.0,3.2181818181818185e-14,5e-11,25,1.8e-07,3,5.46293e-06
1.0,3.2181818181818185e-14,5e-11,25,3.6e-07,3,5.61787e-06
1.0,3.2181818181818185e-14,5e-11,75,1.8e-07,3,5.16992e-06
1.0,3.2181818181818185e-14,5e-11,75,3.6e-07,3,5.62425e-06
1.0,3.2181818181818185e-14,5e-11,100,1.8e-07,3,4.88542e-06
1.0,3.2181818181818185e-14,5e-11,100,3.6e-07,3,5.61192e-06
1.0,3.2181818181818185e-14,5e-11,125,1.8e-07,3,4.54257e-06
1.0,3.2181818181818185e-14,5e-11,125,3.6e-07,3,5.57313e-06
1.0,3.2181818181818185e-14,1e-10,-40,1.8e-07,3,5.4947e-06
1.0,3.2181818181818185e-14,1e-10,-40,3.6e-07,3,5.59635e-06
1.0,3.2181818181818185e-14,1e-10,-25,1.8e-07,3,5.49521e-06
1.0,3.2181818181818185e-14,1e-10,-25,3.6e-07,3,5.59948e-06
1.0,3.2181818181818185e-14,1e-10,0,1.8e-07,3,5.48692e-06
1.0,3.2181818181818185e-14,1e-10,0,3.6e-07,3,5.60621e-06
1.0,3.2181818181818185e-14,1e-10,25,1.8e-07,3,5.43674e-06
1.0,3.2181818181818185e-14,1e-10,25,3.6e-07,3,5.61252e-06
1.0,3.2181818181818185e-14,1e-10,75,1.8e-07,3,5.05727e-06
1.0,3.2181818181818185e-14,1e-10,75,3.6e-07,3,5.61354e-06
1.0,3.2181818181818185e-14,1e-10,100,1.8e-07,3,4.72665e-06
1.0,3.2181818181818185e-14,1e-10,100,3.6e-07,3,5.59067e-06
1.0,3.2181818181818185e-14,1e-10,125,1.8e-07,3,4.35121e-06
1.0,3.2181818181818185e-14,1e-10,125,3.6e-07,3,5.53371e-06
1.0,3.2181818181818185e-14,2e-10,-40,1.8e-07,3,5.50212e-06
1.0,3.2181818181818185e-14,2e-10,-40,3.6e-07,3,5.6094e-06
1.0,3.2181818181818185e-14,2e-10,-25,1.8e-07,3,5.49603e-06
1.0,3.2181818181818185e-14,2e-10,-25,3.6e-07,3,5.6072e-06
1.0,3.2181818181818185e-14,2e-10,0,1.8e-07,3,5.46012e-06
1.0,3.2181818181818185e-14,2e-10,0,3.6e-07,3,5.60909e-06
1.0,3.2181818181818185e-14,2e-10,25,1.8e-07,3,5.33848e-06
1.0,3.2181818181818185e-14,2e-10,25,3.6e-07,3,5.61206e-06
1.0,3.2181818181818185e-14,2e-10,75,1.8e-07,3,4.72315e-06
1.0,3.2181818181818185e-14,2e-10,75,3.6e-07,3,5.58671e-06
1.0,3.2181818181818185e-14,2e-10,100,1.8e-07,3,4.30022e-06
1.0,3.2181818181818185e-14,2e-10,100,3.6e-07,3,5.52497e-06
1.0,3.2181818181818185e-14,2e-10,125,1.8e-07,3,3.87543e-06
1.0,3.2181818181818185e-14,2e-10,125,3.6e-07,3,5.40889e-06
1.0,3.2181818181818185e-14,4e-10,-40,1.8e-07,3,5.49112e-06
1.0,3.2181818181818185e-14,4e-10,-40,3.6e-07,3,5.67344e-06
1.0,3.2181818181818185e-14,4e-10,-25,1.8e-07,3,5.38453e-06
1.0,3.2181818181818185e-14,4e-10,-25,3.6e-07,3,5.65396e-06
1.0,3.2181818181818185e-14,4e-10,0,1.8e-07,3,5.02487e-06
1.0,3.2181818181818185e-14,4e-10,0,3.6e-07,3,5.63188e-06
1.0,3.2181818181818185e-14,4e-10,25,1.8e-07,3,4.46396e-06
1.0,3.2181818181818185e-14,4e-10,25,3.6e-07,3,5.58551e-06
1.0,3.2181818181818185e-14,4e-10,75,1.8e-07,3,3.34047e-06
1.0,3.2181818181818185e-14,4e-10,75,3.6e-07,3,5.24702e-06
1.0,3.2181818181818185e-14,4e-10,100,1.8e-07,3,2.90778e-06
1.0,3.2181818181818185e-14,4e-10,100,3.6e-07,3,4.92799e-06
1.0,3.2181818181818185e-14,4e-10,125,1.8e-07,3,2.55421e-06
1.0,3.2181818181818185e-14,4e-10,125,3.6e-07,3,4.55083e-06
1.0,3.663636363636364e-14,1e-11,-40,1.8e-07,3,6.24549e-06
1.0,3.663636363636364e-14,1e-11,-40,3.6e-07,3,6.35948e-06
1.0,3.663636363636364e-14,1e-11,-25,1.8e-07,3,6.24701e-06
1.0,3.663636363636364e-14,1e-11,-25,3.6e-07,3,6.36436e-06
1.0,3.663636363636364e-14,1e-11,0,1.8e-07,3,6.23855e-06
1.0,3.663636363636364e-14,1e-11,0,3.6e-07,3,6.37202e-06
1.0,3.663636363636364e-14,1e-11,25,1.8e-07,3,6.1835e-06
1.0,3.663636363636364e-14,1e-11,25,3.6e-07,3,6.37902e-06
1.0,3.663636363636364e-14,1e-11,75,1.8e-07,3,5.76365e-06
1.0,3.663636363636364e-14,1e-11,75,3.6e-07,3,6.38029e-06
1.0,3.663636363636364e-14,1e-11,100,1.8e-07,3,5.39519e-06
1.0,3.663636363636364e-14,1e-11,100,3.6e-07,3,6.35506e-06
1.0,3.663636363636364e-14,1e-11,125,1.8e-07,3,4.97498e-06
1.0,3.663636363636364e-14,1e-11,125,3.6e-07,3,6.2931e-06
1.0,3.663636363636364e-14,5e-11,-40,1.8e-07,3,6.23773e-06
1.0,3.663636363636364e-14,5e-11,-40,3.6e-07,3,6.34219e-06
1.0,3.663636363636364e-14,5e-11,-25,1.8e-07,3,6.23816e-06
1.0,3.663636363636364e-14,5e-11,-25,3.6e-07,3,6.3466e-06
1.0,3.663636363636364e-14,5e-11,0,1.8e-07,3,6.22306e-06
1.0,3.663636363636364e-14,5e-11,0,3.6e-07,3,6.35371e-06
1.0,3.663636363636364e-14,5e-11,25,1.8e-07,3,6.14762e-06
1.0,3.663636363636364e-14,5e-11,25,3.6e-07,3,6.36014e-06
1.0,3.663636363636364e-14,5e-11,75,1.8e-07,3,5.64636e-06
1.0,3.663636363636364e-14,5e-11,75,3.6e-07,3,6.35454e-06
1.0,3.663636363636364e-14,5e-11,100,1.8e-07,3,5.24027e-06
1.0,3.663636363636364e-14,5e-11,100,3.6e-07,3,6.31787e-06
1.0,3.663636363636364e-14,5e-11,125,1.8e-07,3,4.79562e-06
1.0,3.663636363636364e-14,5e-11,125,3.6e-07,3,6.2361e-06
1.0,3.663636363636364e-14,1e-10,-40,1.8e-07,3,6.23664e-06
1.0,3.663636363636364e-14,1e-10,-40,3.6e-07,3,6.33914e-06
1.0,3.663636363636364e-14,1e-10,-25,1.8e-07,3,6.23477e-06
1.0,3.663636363636364e-14,1e-10,-25,3.6e-07,3,6.34234e-06
1.0,3.663636363636364e-14,1e-10,0,1.8e-07,3,6.20692e-06
1.0,3.663636363636364e-14,1e-10,0,3.6e-07,3,6.34895e-06
1.0,3.663636363636364e-14,1e-10,25,1.8e-07,3,6.09631e-06
1.0,3.663636363636364e-14,1e-10,25,3.6e-07,3,6.35451e-06
1.0,3.663636363636364e-14,1e-10,75,1.8e-07,3,5.47853e-06
1.0,3.663636363636364e-14,1e-10,75,3.6e-07,3,6.33639e-06
1.0,3.663636363636364e-14,1e-10,100,1.8e-07,3,5.02687e-06
1.0,3.663636363636364e-14,1e-10,100,3.6e-07,3,6.2805e-06
1.0,3.663636363636364e-14,1e-10,125,1.8e-07,3,4.55756e-06
1.0,3.663636363636364e-14,1e-10,125,3.6e-07,3,6.16876e-06
1.0,3.663636363636364e-14,2e-10,-40,1.8e-07,3,6.24093e-06
1.0,3.663636363636364e-14,2e-10,-40,3.6e-07,3,6.35048e-06
1.0,3.663636363636364e-14,2e-10,-25,1.8e-07,3,6.22648e-06
1.0,3.663636363636364e-14,2e-10,-25,3.6e-07,3,6.34887e-06
1.0,3.663636363636364e-14,2e-10,0,1.8e-07,3,6.14254e-06
1.0,3.663636363636364e-14,2e-10,0,3.6e-07,3,6.35077e-06
1.0,3.663636363636364e-14,2e-10,25,1.8e-07,3,5.9131e-06
1.0,3.663636363636364e-14,2e-10,25,3.6e-07,3,6.35118e-06
1.0,3.663636363636364e-14,2e-10,75,1.8e-07,3,5.01242e-06
1.0,3.663636363636364e-14,2e-10,75,3.6e-07,3,6.2792e-06
1.0,3.663636363636364e-14,2e-10,100,1.8e-07,3,4.48677e-06
1.0,3.663636363636364e-14,2e-10,100,3.6e-07,3,6.15698e-06
1.0,3.663636363636364e-14,2e-10,125,1.8e-07,3,3.99656e-06
1.0,3.663636363636364e-14,2e-10,125,3.6e-07,3,5.95814e-06
1.0,3.663636363636364e-14,4e-10,-40,1.8e-07,3,6.15441e-06
1.0,3.663636363636364e-14,4e-10,-40,3.6e-07,3,6.40895e-06
1.0,3.663636363636364e-14,4e-10,-25,1.8e-07,3,5.95422e-06
1.0,3.663636363636364e-14,4e-10,-25,3.6e-07,3,6.38928e-06
1.0,3.663636363636364e-14,4e-10,0,1.8e-07,3,5.37309e-06
1.0,3.663636363636364e-14,4e-10,0,3.6e-07,3,6.35397e-06
1.0,3.663636363636364e-14,4e-10,25,1.8e-07,3,4.63663e-06
1.0,3.663636363636364e-14,4e-10,25,3.6e-07,3,6.2578e-06
1.0,3.663636363636364e-14,4e-10,75,1.8e-07,3,3.39979e-06
1.0,3.663636363636364e-14,4e-10,75,3.6e-07,3,5.68228e-06
1.0,3.663636363636364e-14,4e-10,100,1.8e-07,3,2.94978e-06
1.0,3.663636363636364e-14,4e-10,100,3.6e-07,3,5.22921e-06
1.0,3.663636363636364e-14,4e-10,125,1.8e-07,3,2.58567e-06
1.0,3.663636363636364e-14,4e-10,125,3.6e-07,3,4.74924e-06
1.0,4.109090909090909e-14,1e-11,-40,1.8e-07,3,6.98743e-06
1.0,4.109090909090909e-14,1e-11,-40,3.6e-07,3,7.10191e-06
1.0,4.109090909090909e-14,1e-11,-25,1.8e-07,3,6.98678e-06
1.0,4.109090909090909e-14,1e-11,-25,3.6e-07,3,7.10674e-06
1.0,4.109090909090909e-14,1e-11,0,1.8e-07,3,6.96015e-06
1.0,4.109090909090909e-14,1e-11,0,3.6e-07,3,7.11428e-06
1.0,4.109090909090909e-14,1e-11,25,1.8e-07,3,6.84887e-06
1.0,4.109090909090909e-14,1e-11,25,3.6e-07,3,7.12066e-06
1.0,4.109090909090909e-14,1e-11,75,1.8e-07,3,6.19809e-06
1.0,4.109090909090909e-14,1e-11,75,3.6e-07,3,7.10422e-06
1.0,4.109090909090909e-14,1e-11,100,1.8e-07,3,5.70945e-06
1.0,4.109090909090909e-14,1e-11,100,3.6e-07,3,7.04814e-06
1.0,4.109090909090909e-14,1e-11,125,1.8e-07,3,5.19383e-06
1.0,4.109090909090909e-14,1e-11,125,3.6e-07,3,6.93382e-06
1.0,4.109090909090909e-14,5e-11,-40,1.8e-07,3,6.97944e-06
1.0,4.109090909090909e-14,5e-11,-40,3.6e-07,3,7.08503e-06
1.0,4.109090909090909e-14,5e-11,-25,1.8e-07,3,6.97645e-06
1.0,4.109090909090909e-14,5e-11,-25,3.6e-07,3,7.08936e-06
1.0,4.109090909090909e-14,5e-11,0,1.8e-07,3,6.93639e-06
1.0,4.109090909090909e-14,5e-11,0,3.6e-07,3,7.09626e-06
1.0,4.109090909090909e-14,5e-11,25,1.8e-07,3,6.79039e-06
1.0,4.109090909090909e-14,5e-11,25,3.6e-07,3,7.10165e-06
1.0,4.109090909090909e-14,5e-11,75,1.8e-07,3,6.0386e-06
1.0,4.109090909090909e-14,5e-11,75,3.6e-07,3,7.07188e-06
1.0,4.109090909090909e-14,5e-11,100,1.8e-07,3,5.51503e-06
1.0,4.109090909090909e-14,5e-11,100,3.6e-07,3,6.99612e-06
1.0,4.109090909090909e-14,5e-11,125,1.8e-07,3,4.9823e-06
1.0,4.109090909090909e-14,5e-11,125,3.6e-07,3,6.85254e-06
1.0,4.109090909090909e-14,1e-10,-40,1.8e-07,3,6.97739e-06
1.0,4.109090909090909e-14,1e-10,-40,3.6e-07,3,7.08191e-06
1.0,4.109090909090909e-14,1e-10,-25,1.8e-07,3,6.96967e-06
1.0,4.109090909090909e-14,1e-10,-25,3.6e-07,3,7.08509e-06
1.0,4.109090909090909e-14,1e-10,0,1.8e-07,3,6.90461e-06
1.0,4.109090909090909e-14,1e-10,0,3.6e-07,3,7.09149e-06
1.0,4.109090909090909e-14,1e-10,25,1.8e-07,3,6.70294e-06
1.0,4.109090909090909e-14,1e-10,25,3.6e-07,3,7.09516e-06
1.0,4.109090909090909e-14,1e-10,75,1.8e-07,3,5.81364e-06
1.0,4.109090909090909e-14,1e-10,75,3.6e-07,3,7.04094e-06
1.0,4.109090909090909e-14,1e-10,100,1.8e-07,3,5.25152e-06
1.0,4.109090909090909e-14,1e-10,100,3.6e-07,3,6.93382e-06
1.0,4.109090909090909e-14,1e-10,125,1.8e-07,3,4.70613e-06
1.0,4.109090909090909e-14,1e-10,125,3.6e-07,3,6.74833e-06
1.0,4.109090909090909e-14,2e-10,-40,1.8e-07,3,6.9753e-06
1.0,4.109090909090909e-14,2e-10,-40,3.6e-07,3,7.09186e-06
1.0,4.109090909090909e-14,2e-10,-25,1.8e-07,3,6.94311e-06
1.0,4.109090909090909e-14,2e-10,-25,3.6e-07,3,7.09069e-06
1.0,4.109090909090909e-14,2e-10,0,1.8e-07,3,6.78009e-06
1.0,4.109090909090909e-14,2e-10,0,3.6e-07,3,7.09205e-06
1.0,4.109090909090909e-14,2e-10,25,1.8e-07,3,6.40836e-06
1.0,4.109090909090909e-14,2e-10,25,3.6e-07,3,7.08565e-06
1.0,4.109090909090909e-14,2e-10,75,1.8e-07,3,5.22345e-06
1.0,4.109090909090909e-14,2e-10,75,3.6e-07,3,6.93562e-06
1.0,4.109090909090909e-14,2e-10,100,1.8e-07,3,4.61785e-06
1.0,4.109090909090909e-14,2e-10,100,3.6e-07,3,6.73094e-06
1.0,4.109090909090909e-14,2e-10,125,1.8e-07,3,4.08067e-06
1.0,4.109090909090909e-14,2e-10,125,3.6e-07,3,6.43238e-06
1.0,4.109090909090909e-14,4e-10,-40,1.8e-07,3,6.75545e-06
1.0,4.109090909090909e-14,4e-10,-40,3.6e-07,3,7.14479e-06
1.0,4.109090909090909e-14,4e-10,-25,1.8e-07,3,6.42354e-06
1.0,4.109090909090909e-14,4e-10,-25,3.6e-07,3,7.12227e-06
1.0,4.109090909090909e-14,4e-10,0,1.8e-07,3,5.60957e-06
1.0,4.109090909090909e-14,4e-10,0,3.6e-07,3,7.059e-06
1.0,4.109090909090909e-14,4e-10,25,1.8e-07,3,4.7488e-06
1.0,4.109090909090909e-14,4e-10,25,3.6e-07,3,6.88215e-06
1.0,4.109090909090909e-14,4e-10,75,1.8e-07,3,3.44455e-06
1.0,4.109090909090909e-14,4e-10,75,3.6e-07,3,6.01984e-06
1.0,4.109090909090909e-14,4e-10,100,1.8e-07,3,2.98236e-06
1.0,4.109090909090909e-14,4e-10,100,3.6e-07,3,5.44402e-06
1.0,4.109090909090909e-14,4e-10,125,1.8e-07,3,2.61015e-06
1.0,4.109090909090909e-14,4e-10,125,3.6e-07,3,4.88687e-06
1.0,4.5545454545454544e-14,1e-11,-40,1.8e-07,3,7.72849e-06
1.0,4.5545454545454544e-14,1e-11,-40,3.6e-07,3,7.84429e-06
1.0,4.5545454545454544e-14,1e-11,-25,1.8e-07,3,7.72288e-06
1.0,4.5545454545454544e-14,1e-11,-25,3.6e-07,3,7.84907e-06
1.0,4.5545454545454544e-14,1e-11,0,1.8e-07,3,7.66385e-06
1.0,4.5545454545454544e-14,1e-11,0,3.6e-07,3,7.85648e-06
1.0,4.5545454545454544e-14,1e-11,25,1.8e-07,3,7.46941e-06
1.0,4.5545454545454544e-14,1e-11,25,3.6e-07,3,7.8613e-06
1.0,4.5545454545454544e-14,1e-11,75,1.8e-07,3,6.55669e-06
1.0,4.5545454545454544e-14,1e-11,75,3.6e-07,3,7.81311e-06
1.0,4.5545454545454544e-14,1e-11,100,1.8e-07,3,5.9553e-06
1.0,4.5545454545454544e-14,1e-11,100,3.6e-07,3,7.71157e-06
1.0,4.5545454545454544e-14,1e-11,125,1.8e-07,3,5.35884e-06
1.0,4.5545454545454544e-14,1e-11,125,3.6e-07,3,7.52643e-06
1.0,4.5545454545454544e-14,5e-11,-40,1.8e-07,3,7.71969e-06
1.0,4.5545454545454544e-14,5e-11,-40,3.6e-07,3,7.82777e-06
1.0,4.5545454545454544e-14,5e-11,-25,1.8e-07,3,7.70934e-06
1.0,4.5545454545454544e-14,5e-11,-25,3.6e-07,3,7.83204e-06
1.0,4.5545454545454544e-14,5e-11,0,1.8e-07,3,7.62641e-06
1.0,4.5545454545454544e-14,5e-11,0,3.6e-07,3,7.83859e-06
1.0,4.5545454545454544e-14,5e-11,25,1.8e-07,3,7.38143e-06
1.0,4.5545454545454544e-14,5e-11,25,3.6e-07,3,7.84154e-06
1.0,4.5545454545454544e-14,5e-11,75,1.8e-07,3,6.3551e-06
1.0,4.5545454545454544e-14,5e-11,75,3.6e-07,3,7.76989e-06
1.0,4.5545454545454544e-14,5e-11,100,1.8e-07,3,5.72527e-06
1.0,4.5545454545454544e-14,5e-11,100,3.6e-07,3,7.63799e-06
1.0,4.5545454545454544e-14,5e-11,125,1.8e-07,3,5.12095e-06
1.0,4.5545454545454544e-14,5e-11,125,3.6e-07,3,7.41595e-06
1.0,4.5545454545454544e-14,1e-10,-40,1.8e-07,3,7.7155e-06
1.0,4.5545454545454544e-14,1e-10,-40,3.6e-07,3,7.82456e-06
1.0,4.5545454545454544e-14,1e-10,-25,1.8e-07,3,7.69571e-06
1.0,4.5545454545454544e-14,1e-10,-25,3.6e-07,3,7.82798e-06
1.0,4.5545454545454544e-14,1e-10,0,1.8e-07,3,7.57039e-06
1.0,4.5545454545454544e-14,1e-10,0,3.6e-07,3,7.83364e-06
1.0,4.5545454545454544e-14,1e-10,25,1.8e-07,3,7.24773e-06
1.0,4.5545454545454544e-14,1e-10,25,3.6e-07,3,7.83302e-06
1.0,4.5545454545454544e-14,1e-10,75,1.8e-07,3,6.07539e-06
1.0,4.5545454545454544e-14,1e-10,75,3.6e-07,3,7.71949e-06
1.0,4.5545454545454544e-14,1e-10,100,1.8e-07,3,5.41933e-06
1.0,4.5545454545454544e-14,1e-10,100,3.6e-07,3,7.54251e-06
1.0,4.5545454545454544e-14,1e-10,125,1.8e-07,3,4.81492e-06
1.0,4.5545454545454544e-14,1e-10,125,3.6e-07,3,7.26719e-06
1.0,4.5545454545454544e-14,2e-10,-40,1.8e-07,3,7.70107e-06
1.0,4.5545454545454544e-14,2e-10,-40,3.6e-07,3,7.83347e-06
1.0,4.5545454545454544e-14,2e-10,-25,1.8e-07,3,7.63766e-06
1.0,4.5545454545454544e-14,2e-10,-25,3.6e-07,3,7.83246e-06
1.0,4.5545454545454544e-14,2e-10,0,1.8e-07,3,7.36119e-06
1.0,4.5545454545454544e-14,2e-10,0,3.6e-07,3,7.83185e-06
1.0,4.5545454545454544e-14,2e-10,25,1.8e-07,3,6.82194e-06
1.0,4.5545454545454544e-14,2e-10,25,3.6e-07,3,7.81193e-06
1.0,4.5545454545454544e-14,2e-10,75,1.8e-07,3,5.37769e-06
1.0,4.5545454545454544e-14,2e-10,75,3.6e-07,3,7.54703e-06
1.0,4.5545454545454544e-14,2e-10,100,1.8e-07,3,4.71264e-06
1.0,4.5545454545454544e-14,2e-10,100,3.6e-07,3,7.24078e-06
1.0,4.5545454545454544e-14,2e-10,125,1.8e-07,3,4.14384e-06
1.0,4.5545454545454544e-14,2e-10,125,3.6e-07,3,6.83296e-06
1.0,4.5545454545454544e-14,4e-10,-40,1.8e-07,3,7.27255e-06
1.0,4.5545454545454544e-14,4e-10,-40,3.6e-07,3,7.87989e-06
1.0,4.5545454545454544e-14,4e-10,-25,1.8e-07,3,6.7823e-06
1.0,4.5545454545454544e-14,4e-10,-25,3.6e-07,3,7.84958e-06
1.0,4.5545454545454544e-14,4e-10,0,1.8e-07,3,5.76581e-06
1.0,4.5545454545454544e-14,4e-10,0,3.6e-07,3,7.73724e-06
1.0,4.5545454545454544e-14,4e-10,25,1.8e-07,3,4.82852e-06
1.0,4.5545454545454544e-14,4e-10,25,3.6e-07,3,7.44527e-06
1.0,4.5545454545454544e-14,4e-10,75,1.8e-07,3,3.48043e-06
1.0,4.5545454545454544e-14,4e-10,75,3.6e-07,3,6.27257e-06
1.0,4.5545454545454544e-14,4e-10,100,1.8e-07,3,3.00854e-06
1.0,4.5545454545454544e-14,4e-10,100,3.6e-07,3,5.5987e-06
1.0,4.5545454545454544e-14,4e-10,125,1.8e-07,3,2.62972e-06
1.0,4.5545454545454544e-14,4e-10,125,3.6e-07,3,4.98617e-06
1.0,5e-14,1e-11,-40,1.8e-07,3,8.46766e-06
1.0,5e-14,1e-11,-40,3.6e-07,3,8.58665e-06
1.0,5e-14,1e-11,-25,1.8e-07,3,8.45245e-06
1.0,5e-14,1e-11,-25,3.6e-07,3,8.5914e-06
1.0,5e-14,1e-11,0,1.8e-07,3,8.34266e-06
1.0,5e-14,1e-11,0,3.6e-07,3,8.59839e-06
1.0,5e-14,1e-11,25,1.8e-07,3,8.0386e-06
1.0,5e-14,1e-11,25,3.6e-07,3,8.59999e-06
1.0,5e-14,1e-11,75,1.8e-07,3,6.84849e-06
1.0,5e-14,1e-11,75,3.6e-07,3,8.50211e-06
1.0,5e-14,1e-11,100,1.8e-07,3,6.14685e-06
1.0,5e-14,1e-11,100,3.6e-07,3,8.33699e-06
1.0,5e-14,1e-11,125,1.8e-07,3,5.48444e-06
1.0,5e-14,1e-11,125,3.6e-07,3,8.06825e-06
1.0,5e-14,5e-11,-40,1.8e-07,3,8.457e-06
1.0,5e-14,5e-11,-40,3.6e-07,3,8.57045e-06
1.0,5e-14,5e-11,-25,1.8e-07,3,8.4331e-06
1.0,5e-14,5e-11,-25,3.6e-07,3,8.57461e-06
1.0,5e-14,5e-11,0,1.8e-07,3,8.28492e-06
1.0,5e-14,5e-11,0,3.6e-07,3,8.5805e-06
1.0,5e-14,5e-11,25,1.8e-07,3,7.91435e-06
1.0,5e-14,5e-11,25,3.6e-07,3,8.57846e-06
1.0,5e-14,5e-11,75,1.8e-07,3,6.60736e-06
1.0,5e-14,5e-11,75,3.6e-07,3,8.44247e-06
1.0,5e-14,5e-11,100,1.8e-07,3,5.88664e-06
1.0,5e-14,5e-11,100,3.6e-07,3,8.237e-06
1.0,5e-14,5e-11,125,1.8e-07,3,5.22559e-06
1.0,5e-14,5e-11,125,3.6e-07,3,7.92306e-06
1.0,5e-14,1e-10,-40,1.8e-07,3,8.44863e-06
1.0,5e-14,1e-10,-40,3.6e-07,3,8.56718e-06
1.0,5e-14,1e-10,-25,1.8e-07,3,8.40775e-06
1.0,5e-14,1e-10,-25,3.6e-07,3,8.57049e-06
1.0,5e-14,1e-10,0,1.8e-07,3,8.19535e-06
1.0,5e-14,1e-10,0,3.6e-07,3,8.57498e-06
1.0,5e-14,1e-10,25,1.8e-07,3,7.72612e-06
1.0,5e-14,1e-10,25,3.6e-07,3,8.5661e-06
1.0,5e-14,1e-10,75,1.8e-07,3,6.27833e-06
1.0,5e-14,1e-10,75,3.6e-07,3,8.36517e-06
1.0,5e-14,1e-10,100,1.8e-07,3,5.54579e-06
1.0,5e-14,1e-10,100,3.6e-07,3,8.10084e-06
1.0,5e-14,1e-10,125,1.8e-07,3,4.89674e-06
1.0,5e-14,1e-10,125,3.6e-07,3,7.72413e-06
1.0,5e-14,2e-10,-40,1.8e-07,3,8.41262e-06
1.0,5e-14,2e-10,-40,3.6e-07,3,8.57511e-06
1.0,5e-14,2e-10,-25,1.8e-07,3,8.30107e-06
1.0,5e-14,2e-10,-25,3.6e-07,3,8.57404e-06
1.0,5e-14,2e-10,0,1.8e-07,3,7.87768e-06
1.0,5e-14,2e-10,0,3.6e-07,3,8.5687e-06
1.0,5e-14,2e-10,25,1.8e-07,3,7.15851e-06
1.0,5e-14,2e-10,25,3.6e-07,3,8.52562e-06
1.0,5e-14,2e-10,75,1.8e-07,3,5.492e-06
1.0,5e-14,2e-10,75,3.6e-07,3,8.10686e-06
1.0,5e-14,2e-10,100,1.8e-07,3,4.78357e-06
1.0,5e-14,2e-10,100,3.6e-07,3,7.68523e-06
1.0,5e-14,2e-10,125,1.8e-07,3,4.19228e-06
1.0,5e-14,2e-10,125,3.6e-07,3,7.16584e-06
1.0,5e-14,4e-10,-40,1.8e-07,3,7.68946e-06
1.0,5e-14,4e-10,-40,3.6e-07,3,8.61225e-06
1.0,5e-14,4e-10,-25,1.8e-07,3,7.03757e-06
1.0,5e-14,4e-10,-25,3.6e-07,3,8.56693e-06
1.0,5e-14,4e-10,0,1.8e-07,3,5.87324e-06
1.0,5e-14,4e-10,0,3.6e-07,3,8.37904e-06
1.0,5e-14,4e-10,25,1.8e-07,3,4.88982e-06
1.0,5e-14,4e-10,25,3.6e-07,3,7.93847e-06
1.0,5e-14,4e-10,75,1.8e-07,3,3.50963e-06
1.0,5e-14,4e-10,75,3.6e-07,3,6.46077e-06
1.0,5e-14,4e-10,100,1.8e-07,3,3.03008e-06
1.0,5e-14,4e-10,100,3.6e-07,3,5.71246e-06
1.0,5e-14,4e-10,125,1.8e-07,3,2.64621e-06
1.0,5e-14,4e-10,125,3.6e-07,3,5.06197e-06
1.1,1e-15,1e-11,-40,1.8e-07,3,3.6306e-07
1.1,1e-15,1e-11,-40,3.6e-07,3,4.90276e-07
1.1,1e-15,1e-11,-25,1.8e-07,3,3.66949e-07
1.1,1e-15,1e-11,-25,3.6e-07,3,4.9762e-07
1.1,1e-15,1e-11,0,1.8e-07,3,3.73468e-07
1.1,1e-15,1e-11,0,3.6e-07,3,5.1057e-07
1.1,1e-15,1e-11,25,1.8e-07,3,3.79937e-07
1.1,1e-15,1e-11,25,3.6e-07,3,5.23352e-07
1.1,1e-15,1e-11,75,1.8e-07,3,3.92549e-07
1.1,1e-15,1e-11,75,3.6e-07,3,5.48016e-07
1.1,1e-15,1e-11,100,1.8e-07,3,3.98527e-07
1.1,1e-15,1e-11,100,3.6e-07,3,5.59473e-07
1.1,1e-15,1e-11,125,1.8e-07,3,4.04208e-07
1.1,1e-15,1e-11,125,3.6e-07,3,5.7007e-07
1.1,1e-15,5e-11,-40,1.8e-07,3,3.75317e-07
1.1,1e-15,5e-11,-40,3.6e-07,3,5.05475e-07
1.1,1e-15,5e-11,-25,1.8e-07,3,3.71782e-07
1.1,1e-15,5e-11,-25,3.6e-07,3,5.01618e-07
1.1,1e-15,5e-11,0,1.8e-07,3,3.70531e-07
1.1,1e-15,5e-11,0,3.6e-07,3,5.01075e-07
1.1,1e-15,5e-11,25,1.8e-07,3,3.72067e-07
1.1,1e-15,5e-11,25,3.6e-07,3,5.04734e-07
1.1,1e-15,5e-11,75,1.8e-07,3,3.79069e-07
1.1,1e-15,5e-11,75,3.6e-07,3,5.18196e-07
1.1,1e-15,5e-11,100,1.8e-07,3,3.83311e-07
1.1,1e-15,5e-11,100,3.6e-07,3,5.26211e-07
1.1,1e-15,5e-11,125,1.8e-07,3,3.8766e-07
1.1,1e-15,5e-11,125,3.6e-07,3,5.34169e-07
1.1,1e-15,1e-10,-40,1.8e-07,3,4.37609e-07
1.1,1e-15,1e-10,-40,3.6e-07,3,5.99938e-07
1.1,1e-15,1e-10,-25,1.8e-07,3,4.22447e-07
1.1,1e-15,1e-10,-25,3.6e-07,3,5.80155e-07
1.1,1e-15,1e-10,0,1.8e-07,3,4.07158e-07
1.1,1e-15,1e-10,0,3.6e-07,3,5.59452e-07
1.1,1e-15,1e-10,25,1.8e-07,3,3.98948e-07
1.1,1e-15,1e-10,25,3.6e-07,3,5.481e-07
1.1,1e-15,1e-10,75,1.8e-07,3,3.93554e-07
1.1,1e-15,1e-10,75,3.6e-07,3,5.41199e-07
1.1,1e-15,1e-10,100,1.8e-07,3,3.93776e-07
1.1,1e-15,1e-10,100,3.6e-07,3,5.42278e-07
1.1,1e-15,1e-10,125,1.8e-07,3,3.94962e-07
1.1,1e-15,1e-10,125,3.6e-07,3,5.44699e-07
1.1,1e-15,2e-10,-40,1.8e-07,3,6.0092e-07
1.1,1e-15,2e-10,-40,3.6e-07,3,8.38628e-07
1.1,1e-15,2e-10,-25,1.8e-07,3,5.62752e-07
1.1,1e-15,2e-10,-25,3.6e-07,3,7.9077e-07
1.1,1e-15,2e-10,0,1.8e-07,3,5.18328e-07
1.1,1e-15,2e-10,0,3.6e-07,3,7.32195e-07
1.1,1e-15,2e-10,25,1.8e-07,3,4.88683e-07
1.1,1e-15,2e-10,25,3.6e-07,3,6.90964e-07
1.1,1e-15,2e-10,75,1.8e-07,3,4.54374e-07
1.1,1e-15,2e-10,75,3.6e-07,3,6.40369e-07
1.1,1e-15,2e-10,100,1.8e-07,3,4.44592e-07
1.1,1e-15,2e-10,100,3.6e-07,3,6.25462e-07
1.1,1e-15,2e-10,125,1.8e-07,3,4.37785e-07
1.1,1e-15,2e-10,125,3.6e-07,3,6.14821e-07
1.1,1e-15,4e-10,-40,1.8e-07,3,9.71709e-07
1.1,1e-15,4e-10,-40,3.6e-07,3,1.36355e-06
1.1,1e-15,4e-10,-25,1.8e-07,3,8.90497e-07
1.1,1e-15,4e-10,-25,3.6e-07,3,1.2638e-06
1.1,1e-15,4e-10,0,1.8e-07,3,7.90444e-07
1.1,1e-15,4e-10,0,3.6e-07,3,1.13613e-06
1.1,1e-15,4e-10,25,1.8e-07,3,7.18454e-07
1.1,1e-15,4e-10,25,3.6e-07,3,1.04011e-06
1.1,1e-15,4e-10,75,1.8e-07,3,6.24133e-07
1.1,1e-15,4e-10,75,3.6e-07,3,9.07329e-07
1.1,1e-15,4e-10,100,1.8e-07,3,5.92661e-07
1.1,1e-15,4e-10,100,3.6e-07,3,8.61008e-07
1.1,1e-15,4e-10,125,1.8e-07,3,5.68014e-07
1.1,1e-15,4e-10,125,3.6e-07,3,8.23904e-07
1.1,5.454545454545455e-15,1e-11,-40,1.8e-07,3,1.26882e-06
1.1,5.454545454545455e-15,1e-11,-40,3.6e-07,3,1.40322e-06
1.1,5.454545454545455e-15,1e-11,-25,1.8e-07,3,1.2722e-06
1.1,5.454545454545455e-15,1e-11,-25,3.6e-07,3,1.41023e-06
1.1,5.454545454545455e-15,1e-11,0,1.8e-07,3,1.27766e-06
1.1,5.454545454545455e-15,1e-11,0,3.6e-07,3,1.42147e-06
1.1,5.454545454545455e-15,1e-11,25,1.8e-07,3,1.28305e-06
1.1,5.454545454545455e-15,1e-11,25,3.6e-07,3,1.43261e-06
1.1,5.454545454545455e-15,1e-11,75,1.8e-07,3,1.29386e-06
1.1,5.454545454545455e-15,1e-11,75,3.6e-07,3,1.4539e-06
1.1,5.454545454545455e-15,1e-11,100,1.8e-07,3,1.29906e-06
1.1,5.454545454545455e-15,1e-11,100,3.6e-07,3,1.46376e-06
1.1,5.454545454545455e-15,1e-11,125,1.8e-07,3,1.30386e-06
1.1,5.454545454545455e-15,1e-11,125,3.6e-07,3,1.47287e-06
1.1,5.454545454545455e-15,5e-11,-40,1.8e-07,3,1.26516e-06
1.1,5.454545454545455e-15,5e-11,-40,3.6e-07,3,1.39061e-06
1.1,5.454545454545455e-15,5e-11,-25,1.8e-07,3,1.26537e-06
1.1,5.454545454545455e-15,5e-11,-25,3.6e-07,3,1.39223e-06
1.1,5.454545454545455e-15,5e-11,0,1.8e-07,3,1.2681e-06
1.1,5.454545454545455e-15,5e-11,0,3.6e-07,3,1.39843e-06
1.1,5.454545454545455e-15,5e-11,25,1.8e-07,3,1.27192e-06
1.1,5.454545454545455e-15,5e-11,25,3.6e-07,3,1.40648e-06
1.1,5.454545454545455e-15,5e-11,75,1.8e-07,3,1.28062e-06
1.1,5.454545454545455e-15,5e-11,75,3.6e-07,3,1.42406e-06
1.1,5.454545454545455e-15,5e-11,100,1.8e-07,3,1.28497e-06
1.1,5.454545454545455e-15,5e-11,100,3.6e-07,3,1.43264e-06
1.1,5.454545454545455e-15,5e-11,125,1.8e-07,3,1.28904e-06
1.1,5.454545454545455e-15,5e-11,125,3.6e-07,3,1.44066e-06
1.1,5.454545454545455e-15,1e-10,-40,1.8e-07,3,1.29422e-06
1.1,5.454545454545455e-15,1e-10,-40,3.6e-07,3,1.43858e-06
1.1,5.454545454545455e-15,1e-10,-25,1.8e-07,3,1.28655e-06
1.1,5.454545454545455e-15,1e-10,-25,3.6e-07,3,1.42759e-06
1.1,5.454545454545455e-15,1e-10,0,1.8e-07,3,1.28131e-06
1.1,5.454545454545455e-15,1e-10,0,3.6e-07,3,1.41984e-06
1.1,5.454545454545455e-15,1e-10,25,1.8e-07,3,1.28009e-06
1.1,5.454545454545455e-15,1e-10,25,3.6e-07,3,1.41897e-06
1.1,5.454545454545455e-15,1e-10,75,1.8e-07,3,1.28313e-06
1.1,5.454545454545455e-15,1e-10,75,3.6e-07,3,1.42654e-06
1.1,5.454545454545455e-15,1e-10,100,1.8e-07,3,1.2858e-06
1.1,5.454545454545455e-15,1e-10,100,3.6e-07,3,1.43221e-06
1.1,5.454545454545455e-15,1e-10,125,1.8e-07,3,1.28856e-06
1.1,5.454545454545455e-15,1e-10,125,3.6e-07,3,1.43779e-06
1.1,5.454545454545455e-15,2e-10,-40,1.8e-07,3,1.39172e-06
1.1,5.454545454545455e-15,2e-10,-40,3.6e-07,3,1.59836e-06
1.1,5.454545454545455e-15,2e-10,-25,1.8e-07,3,1.36489e-06
1.1,5.454545454545455e-15,2e-10,-25,3.6e-07,3,1.5591e-06
1.1,5.454545454545455e-15,2e-10,0,1.8e-07,3,1.33831e-06
1.1,5.454545454545455e-15,2e-10,0,3.6e-07,3,1.51768e-06
1.1,5.454545454545455e-15,2e-10,25,1.8e-07,3,1.32309e-06
1.1,5.454545454545455e-15,2e-10,25,3.6e-07,3,1.4933e-06
1.1,5.454545454545455e-15,2e-10,75,1.8e-07,3,1.30896e-06
1.1,5.454545454545455e-15,2e-10,75,3.6e-07,3,1.47105e-06
1.1,5.454545454545455e-15,2e-10,100,1.8e-07,3,1.3061e-06
1.1,5.454545454545455e-15,2e-10,100,3.6e-07,3,1.46674e-06
1.1,5.454545454545455e-15,2e-10,125,1.8e-07,3,1.3045e-06
1.1,5.454545454545455e-15,2e-10,125,3.6e-07,3,1.46478e-06
1.1,5.454545454545455e-15,4e-10,-40,1.8e-07,3,1.65635e-06
1.1,5.454545454545455e-15,4e-10,-40,3.6e-07,3,2.02242e-06
1.1,5.454545454545455e-15,4e-10,-25,1.8e-07,3,1.587e-06
1.1,5.454545454545455e-15,4e-10,-25,3.6e-07,3,1.92567e-06
1.1,5.454545454545455e-15,4e-10,0,1.8e-07,3,1.51e-06
1.1,5.454545454545455e-15,4e-10,0,3.6e-07,3,1.81043e-06
1.1,5.454545454545455e-15,4e-10,25,1.8e-07,3,1.46035e-06
1.1,5.454545454545455e-15,4e-10,25,3.6e-07,3,1.73126e-06
1.1,5.454545454545455e-15,4e-10,75,1.8e-07,3,1.40211e-06
1.1,5.454545454545455e-15,4e-10,75,3.6e-07,3,1.63448e-06
1.1,5.454545454545455e-15,4e-10,100,1.8e-07,3,1.38422e-06
1.1,5.454545454545455e-15,4e-10,100,3.6e-07,3,1.60443e-06
1.1,5.454545454545455e-15,4e-10,125,1.8e-07,3,1.37e-06
1.1,5.454545454545455e-15,4e-10,125,3.6e-07,3,1.58186e-06
1.1,9.909090909090907e-15,1e-11,-40,1.8e-07,3,2.16868e-06
1.1,9.909090909090907e-15,1e-11,-40,3.6e-07,3,2.30579e-06
1.1,9.909090909090907e-15,1e-11,-25,1.8e-07,3,2.17169e-06
1.1,9.909090909090907e-15,1e-11,-25,3.6e-07,3,2.31221e-06
1.1,9.909090909090907e-15,1e-11,0,1.8e-07,3,2.17678e-06
1.1,9.909090909090907e-15,1e-11,0,3.6e-07,3,2.32267e-06
1.1,9.909090909090907e-15,1e-11,25,1.8e-07,3,2.18199e-06
1.1,9.909090909090907e-15,1e-11,25,3.6e-07,3,2.33288e-06
1.1,9.909090909090907e-15,1e-11,75,1.8e-07,3,2.19222e-06
1.1,9.909090909090907e-15,1e-11,75,3.6e-07,3,2.35285e-06
1.1,9.909090909090907e-15,1e-11,100,1.8e-07,3,2.19699e-06
1.1,9.909090909090907e-15,1e-11,100,3.6e-07,3,2.36233e-06
1.1,9.909090909090907e-15,1e-11,125,1.8e-07,3,2.20106e-06
1.1,9.909090909090907e-15,1e-11,125,3.6e-07,3,2.37091e-06
1.1,9.909090909090907e-15,5e-11,-40,1.8e-07,3,2.163e-06
1.1,9.909090909090907e-15,5e-11,-40,3.6e-07,3,2.28894e-06
1.1,9.909090909090907e-15,5e-11,-25,1.8e-07,3,2.16399e-06
1.1,9.909090909090907e-15,5e-11,-25,3.6e-07,3,2.29209e-06
1.1,9.909090909090907e-15,5e-11,0,1.8e-07,3,2.16733e-06
1.1,9.909090909090907e-15,5e-11,0,3.6e-07,3,2.29969e-06
1.1,9.909090909090907e-15,5e-11,25,1.8e-07,3,2.17134e-06
1.1,9.909090909090907e-15,5e-11,25,3.6e-07,3,2.3081e-06
1.1,9.909090909090907e-15,5e-11,75,1.8e-07,3,2.17974e-06
1.1,9.909090909090907e-15,5e-11,75,3.6e-07,3,2.32532e-06
1.1,9.909090909090907e-15,5e-11,100,1.8e-07,3,2.18371e-06
1.1,9.909090909090907e-15,5e-11,100,3.6e-07,3,2.33363e-06
1.1,9.909090909090907e-15,5e-11,125,1.8e-07,3,2.1869e-06
1.1,9.909090909090907e-15,5e-11,125,3.6e-07,3,2.34118e-06
1.1,9.909090909090907e-15,1e-10,-40,1.8e-07,3,2.18265e-06
1.1,9.909090909090907e-15,1e-10,-40,3.6e-07,3,2.32092e-06
1.1,9.909090909090907e-15,1e-10,-25,1.8e-07,3,2.17767e-06
1.1,9.909090909090907e-15,1e-10,-25,3.6e-07,3,2.31392e-06
1.1,9.909090909090907e-15,1e-10,0,1.8e-07,3,2.17499e-06
1.1,9.909090909090907e-15,1e-10,0,3.6e-07,3,2.31124e-06
1.1,9.909090909090907e-15,1e-10,25,1.8e-07,3,2.17554e-06
1.1,9.909090909090907e-15,1e-10,25,3.6e-07,3,2.31388e-06
1.1,9.909090909090907e-15,1e-10,75,1.8e-07,3,2.18016e-06
1.1,9.909090909090907e-15,1e-10,75,3.6e-07,3,2.32425e-06
1.1,9.909090909090907e-15,1e-10,100,1.8e-07,3,2.18283e-06
1.1,9.909090909090907e-15,1e-10,100,3.6e-07,3,2.33046e-06
1.1,9.909090909090907e-15,1e-10,125,1.8e-07,3,2.18466e-06
1.1,9.909090909090907e-15,1e-10,125,3.6e-07,3,2.33637e-06
1.1,9.909090909090907e-15,2e-10,-40,1.8e-07,3,2.25675e-06
1.1,9.909090909090907e-15,2e-10,-40,3.6e-07,3,2.44395e-06
1.1,9.909090909090907e-15,2e-10,-25,1.8e-07,3,2.23554e-06
1.1,9.909090909090907e-15,2e-10,-25,3.6e-07,3,2.412e-06
1.1,9.909090909090907e-15,2e-10,0,1.8e-07,3,2.21538e-06
1.1,9.909090909090907e-15,2e-10,0,3.6e-07,3,2.38132e-06
1.1,9.909090909090907e-15,2e-10,25,1.8e-07,3,2.20509e-06
1.1,9.909090909090907e-15,2e-10,25,3.6e-07,3,2.36508e-06
1.1,9.909090909090907e-15,2e-10,75,1.8e-07,3,2.1967e-06
1.1,9.909090909090907e-15,2e-10,75,3.6e-07,3,2.35271e-06
1.1,9.909090909090907e-15,2e-10,100,1.8e-07,3,2.19477e-06
1.1,9.909090909090907e-15,2e-10,100,3.6e-07,3,2.35173e-06
1.1,9.909090909090907e-15,2e-10,125,1.8e-07,3,2.19145e-06
1.1,9.909090909090907e-15,2e-10,125,3.6e-07,3,2.3521e-06
1.1,9.909090909090907e-15,4e-10,-40,1.8e-07,3,2.47043e-06
1.1,9.909090909090907e-15,4e-10,-40,3.6e-07,3,2.79681e-06
1.1,9.909090909090907e-15,4e-10,-25,1.8e-07,3,2.41107e-06
1.1,9.909090909090907e-15,4e-10,-25,3.6e-07,3,2.70877e-06
1.1,9.909090909090907e-15,4e-10,0,1.8e-07,3,2.34803e-06
1.1,9.909090909090907e-15,4e-10,0,3.6e-07,3,2.61e-06
1.1,9.909090909090907e-15,4e-10,25,1.8e-07,3,2.30869e-06
1.1,9.909090909090907e-15,4e-10,25,3.6e-07,3,2.54611e-06
1.1,9.909090909090907e-15,4e-10,75,1.8e-07,3,2.25713e-06
1.1,9.909090909090907e-15,4e-10,75,3.6e-07,3,2.47249e-06
1.1,9.909090909090907e-15,4e-10,100,1.8e-07,3,2.22824e-06
1.1,9.909090909090907e-15,4e-10,100,3.6e-07,3,2.45089e-06
1.1,9.909090909090907e-15,4e-10,125,1.8e-07,3,2.18731e-06
1.1,9.909090909090907e-15,4e-10,125,3.6e-07,3,2.43454e-06
1.1,1.436363636363636e-14,1e-11,-40,1.8e-07,3,3.06757e-06
1.1,1.436363636363636e-14,1e-11,-40,3.6e-07,3,3.20621e-06
1.1,1.436363636363636e-14,1e-11,-25,1.8e-07,3,3.07046e-06
1.1,1.436363636363636e-14,1e-11,-25,3.6e-07,3,3.21222e-06
1.1,1.436363636363636e-14,1e-11,0,1.8e-07,3,3.0754e-06
1.1,1.436363636363636e-14,1e-11,0,3.6e-07,3,3.222e-06
1.1,1.436363636363636e-14,1e-11,25,1.8e-07,3,3.08041e-06
1.1,1.436363636363636e-14,1e-11,25,3.6e-07,3,3.23168e-06
1.1,1.436363636363636e-14,1e-11,75,1.8e-07,3,3.08985e-06
1.1,1.436363636363636e-14,1e-11,75,3.6e-07,3,3.25114e-06
1.1,1.436363636363636e-14,1e-11,100,1.8e-07,3,3.09243e-06
1.1,1.436363636363636e-14,1e-11,100,3.6e-07,3,3.26025e-06
1.1,1.436363636363636e-14,1e-11,125,1.8e-07,3,3.0899e-06
1.1,1.436363636363636e-14,1e-11,125,3.6e-07,3,3.26849e-06
1.1,1.436363636363636e-14,5e-11,-40,1.8e-07,3,3.06132e-06
1.1,1.436363636363636e-14,5e-11,-40,3.6e-07,3,3.18845e-06
1.1,1.436363636363636e-14,5e-11,-25,1.8e-07,3,3.06272e-06
1.1,1.436363636363636e-14,5e-11,-25,3.6e-07,3,3.1923e-06
1.1,1.436363636363636e-14,5e-11,0,1.8e-07,3,3.06615e-06
1.1,1.436363636363636e-14,5e-11,0,3.6e-07,3,3.19998e-06
1.1,1.436363636363636e-14,5e-11,25,1.8e-07,3,3.07014e-06
1.1,1.436363636363636e-14,5e-11,25,3.6e-07,3,3.20821e-06
1.1,1.436363636363636e-14,5e-11,75,1.8e-07,3,3.07746e-06
1.1,1.436363636363636e-14,5e-11,75,3.6e-07,3,3.225e-06
1.1,1.436363636363636e-14,5e-11,100,1.8e-07,3,3.07836e-06
1.1,1.436363636363636e-14,5e-11,100,3.6e-07,3,3.23296e-06
1.1,1.436363636363636e-14,5e-11,125,1.8e-07,3,3.07306e-06
1.1,1.436363636363636e-14,5e-11,125,3.6e-07,3,3.24009e-06
1.1,1.436363636363636e-14,1e-10,-40,1.8e-07,3,3.07626e-06
1.1,1.436363636363636e-14,1e-10,-40,3.6e-07,3,3.21189e-06
1.1,1.436363636363636e-14,1e-10,-25,1.8e-07,3,3.07262e-06
1.1,1.436363636363636e-14,1e-10,-25,3.6e-07,3,3.2077e-06
1.1,1.436363636363636e-14,1e-10,0,1.8e-07,3,3.0714e-06
1.1,1.436363636363636e-14,1e-10,0,3.6e-07,3,3.20743e-06
1.1,1.436363636363636e-14,1e-10,25,1.8e-07,3,3.0726e-06
1.1,1.436363636363636e-14,1e-10,25,3.6e-07,3,3.21086e-06
1.1,1.436363636363636e-14,1e-10,75,1.8e-07,3,3.07638e-06
1.1,1.436363636363636e-14,1e-10,75,3.6e-07,3,3.22249e-06
1.1,1.436363636363636e-14,1e-10,100,1.8e-07,3,3.07451e-06
1.1,1.436363636363636e-14,1e-10,100,3.6e-07,3,3.22879e-06
1.1,1.436363636363636e-14,1e-10,125,1.8e-07,3,3.06384e-06
1.1,1.436363636363636e-14,1e-10,125,3.6e-07,3,3.23451e-06
1.1,1.436363636363636e-14,2e-10,-40,1.8e-07,3,3.13702e-06
1.1,1.436363636363636e-14,2e-10,-40,3.6e-07,3,3.31412e-06
1.1,1.436363636363636e-14,2e-10,-25,1.8e-07,3,3.11909e-06
1.1,1.436363636363636e-14,2e-10,-25,3.6e-07,3,3.28692e-06
1.1,1.436363636363636e-14,2e-10,0,1.8e-07,3,3.10311e-06
1.1,1.436363636363636e-14,2e-10,0,3.6e-07,3,3.26218e-06
1.1,1.436363636363636e-14,2e-10,25,1.8e-07,3,3.09525e-06
1.1,1.436363636363636e-14,2e-10,25,3.6e-07,3,3.25001e-06
1.1,1.436363636363636e-14,2e-10,75,1.8e-07,3,3.08496e-06
1.1,1.436363636363636e-14,2e-10,75,3.6e-07,3,3.24321e-06
1.1,1.436363636363636e-14,2e-10,100,1.8e-07,3,3.07133e-06
1.1,1.436363636363636e-14,2e-10,100,3.6e-07,3,3.24373e-06
1.1,1.436363636363636e-14,2e-10,125,1.8e-07,3,3.04184e-06
1.1,1.436363636363636e-14,2e-10,125,3.6e-07,3,3.24488e-06
1.1,1.436363636363636e-14,4e-10,-40,1.8e-07,3,3.32084e-06
1.1,1.436363636363636e-14,4e-10,-40,3.6e-07,3,3.61868e-06
1.1,1.436363636363636e-14,4e-10,-25,1.8e-07,3,3.26788e-06
1.1,1.436363636363636e-14,4e-10,-25,3.6e-07,3,3.53915e-06
1.1,1.436363636363636e-14,4e-10,0,1.8e-07,3,3.21259e-06
1.1,1.436363636363636e-14,4e-10,0,3.6e-07,3,3.45287e-06
1.1,1.436363636363636e-14,4e-10,25,1.8e-07,3,3.17411e-06
1.1,1.436363636363636e-14,4e-10,25,3.6e-07,3,3.39893e-06
1.1,1.436363636363636e-14,4e-10,75,1.8e-07,3,3.06504e-06
1.1,1.436363636363636e-14,4e-10,75,3.6e-07,3,3.33855e-06
1.1,1.436363636363636e-14,4e-10,100,1.8e-07,3,2.96228e-06
1.1,1.436363636363636e-14,4e-10,100,3.6e-07,3,3.31896e-06
1.1,1.436363636363636e-14,4e-10,125,1.8e-07,3,2.82215e-06
1.1,1.436363636363636e-14,4e-10,125,3.6e-07,3,3.29856e-06
1.1,1.8818181818181816e-14,1e-11,-40,1.8e-07,3,3.96618e-06
1.1,1.8818181818181816e-14,1e-11,-40,3.6e-07,3,4.10574e-06
1.1,1.8818181818181816e-14,1e-11,-25,1.8e-07,3,3.96901e-06
1.1,1.8818181818181816e-14,1e-11,-25,3.6e-07,3,4.11101e-06
1.1,1.8818181818181816e-14,1e-11,0,1.8e-07,3,3.97381e-06
1.1,1.8818181818181816e-14,1e-11,0,3.6e-07,3,4.12052e-06
1.1,1.8818181818181816e-14,1e-11,25,1.8e-07,3,3.97865e-06
1.1,1.8818181818181816e-14,1e-11,25,3.6e-07,3,4.1302e-06
1.1,1.8818181818181816e-14,1e-11,75,1.8e-07,3,3.98291e-06
1.1,1.8818181818181816e-14,1e-11,75,3.6e-07,3,4.14919e-06
1.1,1.8818181818181816e-14,1e-11,100,1.8e-07,3,3.97231e-06
1.1,1.8818181818181816e-14,1e-11,100,3.6e-07,3,4.158e-06
1.1,1.8818181818181816e-14,1e-11,125,1.8e-07,3,3.94223e-06
1.1,1.8818181818181816e-14,1e-11,125,3.6e-07,3,4.16567e-06
1.1,1.8818181818181816e-14,5e-11,-40,1.8e-07,3,3.95965e-06
1.1,1.8818181818181816e-14,5e-11,-40,3.6e-07,3,4.08802e-06
1.1,1.8818181818181816e-14,5e-11,-25,1.8e-07,3,3.96121e-06
1.1,1.8818181818181816e-14,5e-11,-25,3.6e-07,3,4.09154e-06
1.1,1.8818181818181816e-14,5e-11,0,1.8e-07,3,3.96479e-06
1.1,1.8818181818181816e-14,5e-11,0,3.6e-07,3,4.0994e-06
1.1,1.8818181818181816e-14,5e-11,25,1.8e-07,3,3.96856e-06
1.1,1.8818181818181816e-14,5e-11,25,3.6e-07,3,4.10769e-06
1.1,1.8818181818181816e-14,5e-11,75,1.8e-07,3,3.96851e-06
1.1,1.8818181818181816e-14,5e-11,75,3.6e-07,3,4.12398e-06
1.1,1.8818181818181816e-14,5e-11,100,1.8e-07,3,3.9524e-06
1.1,1.8818181818181816e-14,5e-11,100,3.6e-07,3,4.13155e-06
1.1,1.8818181818181816e-14,5e-11,125,1.8e-07,3,3.91242e-06
1.1,1.8818181818181816e-14,5e-11,125,3.6e-07,3,4.13793e-06
1.1,1.8818181818181816e-14,1e-10,-40,1.8e-07,3,3.97167e-06
1.1,1.8818181818181816e-14,1e-10,-40,3.6e-07,3,4.10655e-06
1.1,1.8818181818181816e-14,1e-10,-25,1.8e-07,3,3.96892e-06
1.1,1.8818181818181816e-14,1e-10,-25,3.6e-07,3,4.10315e-06
1.1,1.8818181818181816e-14,1e-10,0,1.8e-07,3,3.96851e-06
1.1,1.8818181818181816e-14,1e-10,0,3.6e-07,3,4.10423e-06
1.1,1.8818181818181816e-14,1e-10,25,1.8e-07,3,3.96983e-06
1.1,1.8818181818181816e-14,1e-10,25,3.6e-07,3,4.10864e-06
1.1,1.8818181818181816e-14,1e-10,75,1.8e-07,3,3.96239e-06
1.1,1.8818181818181816e-14,1e-10,75,3.6e-07,3,4.1207e-06
1.1,1.8818181818181816e-14,1e-10,100,1.8e-07,3,3.93649e-06
1.1,1.8818181818181816e-14,1e-10,100,3.6e-07,3,4.12677e-06
1.1,1.8818181818181816e-14,1e-10,125,1.8e-07,3,3.88109e-06
1.1,1.8818181818181816e-14,1e-10,125,3.6e-07,3,4.13151e-06
1.1,1.8818181818181816e-14,2e-10,-40,1.8e-07,3,4.02367e-06
1.1,1.8818181818181816e-14,2e-10,-40,3.6e-07,3,4.1938e-06
1.1,1.8818181818181816e-14,2e-10,-25,1.8e-07,3,4.00809e-06
1.1,1.8818181818181816e-14,2e-10,-25,3.6e-07,3,4.17028e-06
1.1,1.8818181818181816e-14,2e-10,0,1.8e-07,3,3.99465e-06
1.1,1.8818181818181816e-14,2e-10,0,3.6e-07,3,4.14955e-06
1.1,1.8818181818181816e-14,2e-10,25,1.8e-07,3,3.98713e-06
1.1,1.8818181818181816e-14,2e-10,25,3.6e-07,3,4.14025e-06
1.1,1.8818181818181816e-14,2e-10,75,1.8e-07,3,3.94841e-06
1.1,1.8818181818181816e-14,2e-10,75,3.6e-07,3,4.1367e-06
1.1,1.8818181818181816e-14,2e-10,100,1.8e-07,3,3.88839e-06
1.1,1.8818181818181816e-14,2e-10,100,3.6e-07,3,4.13737e-06
1.1,1.8818181818181816e-14,2e-10,125,1.8e-07,3,3.78646e-06
1.1,1.8818181818181816e-14,2e-10,125,3.6e-07,3,4.13632e-06
1.1,1.8818181818181816e-14,4e-10,-40,1.8e-07,3,4.18656e-06
1.1,1.8818181818181816e-14,4e-10,-40,3.6e-07,3,4.46526e-06
1.1,1.8818181818181816e-14,4e-10,-25,1.8e-07,3,4.13761e-06
1.1,1.8818181818181816e-14,4e-10,-25,3.6e-07,3,4.39188e-06
1.1,1.8818181818181816e-14,4e-10,0,1.8e-07,3,4.08139e-06
1.1,1.8818181818181816e-14,4e-10,0,3.6e-07,3,4.31497e-06
1.1,1.8818181818181816e-14,4e-10,25,1.8e-07,3,4.01752e-06
1.1,1.8818181818181816e-14,4e-10,25,3.6e-07,3,4.26787e-06
1.1,1.8818181818181816e-14,4e-10,75,1.8e-07,3,3.72935e-06
1.1,1.8818181818181816e-14,4e-10,75,3.6e-07,3,4.21011e-06
1.1,1.8818181818181816e-14,4e-10,100,1.8e-07,3,3.48971e-06
1.1,1.8818181818181816e-14,4e-10,100,3.6e-07,3,4.17814e-06
1.1,1.8818181818181816e-14,4e-10,125,1.8e-07,3,3.21396e-06
1.1,1.8818181818181816e-14,4e-10,125,3.6e-07,3,4.12855e-06
1.1,2.3272727272727276e-14,1e-11,-40,1.8e-07,3,4.86465e-06
1.1,2.3272727272727276e-14,1e-11,-40,3.6e-07,3,5.00424e-06
1.1,2.3272727272727276e-14,1e-11,-25,1.8e-07,3,4.86743e-06
1.1,2.3272727272727276e-14,1e-11,-25,3.6e-07,3,5.00949e-06
1.1,2.3272727272727276e-14,1e-11,0,1.8e-07,3,4.87209e-06
1.1,2.3272727272727276e-14,1e-11,0,3.6e-07,3,5.01907e-06
1.1,2.3272727272727276e-14,1e-11,25,1.8e-07,3,4.87612e-06
1.1,2.3272727272727276e-14,1e-11,25,3.6e-07,3,5.02854e-06
1.1,2.3272727272727276e-14,1e-11,75,1.8e-07,3,4.85855e-06
1.1,2.3272727272727276e-14,1e-11,75,3.6e-07,3,5.04709e-06
1.1,2.3272727272727276e-14,1e-11,100,1.8e-07,3,4.81115e-06
1.1,2.3272727272727276e-14,1e-11,100,3.6e-07,3,5.05528e-06
1.1,2.3272727272727276e-14,1e-11,125,1.8e-07,3,4.71896e-06
1.1,2.3272727272727276e-14,1e-11,125,3.6e-07,3,5.06092e-06
1.1,2.3272727272727276e-14,5e-11,-40,1.8e-07,3,4.858e-06
1.1,2.3272727272727276e-14,5e-11,-40,3.6e-07,3,4.9867e-06
1.1,2.3272727272727276e-14,5e-11,-25,1.8e-07,3,4.85966e-06
1.1,2.3272727272727276e-14,5e-11,-25,3.6e-07,3,4.99061e-06
1.1,2.3272727272727276e-14,5e-11,0,1.8e-07,3,4.86315e-06
1.1,2.3272727272727276e-14,5e-11,0,3.6e-07,3,4.99857e-06
1.1,2.3272727272727276e-14,5e-11,25,1.8e-07,3,4.86571e-06
1.1,2.3272727272727276e-14,5e-11,25,3.6e-07,3,5.00672e-06
1.1,2.3272727272727276e-14,5e-11,75,1.8e-07,3,4.83683e-06
1.1,2.3272727272727276e-14,5e-11,75,3.6e-07,3,5.02246e-06
1.1,2.3272727272727276e-14,5e-11,100,1.8e-07,3,4.77471e-06
1.1,2.3272727272727276e-14,5e-11,100,3.6e-07,3,5.02916e-06
1.1,2.3272727272727276e-14,5e-11,125,1.8e-07,3,4.66289e-06
1.1,2.3272727272727276e-14,5e-11,125,3.6e-07,3,5.03265e-06
1.1,2.3272727272727276e-14,1e-10,-40,1.8e-07,3,4.86794e-06
1.1,2.3272727272727276e-14,1e-10,-40,3.6e-07,3,5.00165e-06
1.1,2.3272727272727276e-14,1e-10,-25,1.8e-07,3,4.86586e-06
1.1,2.3272727272727276e-14,1e-10,-25,3.6e-07,3,4.9995e-06
1.1,2.3272727272727276e-14,1e-10,0,1.8e-07,3,4.86583e-06
1.1,2.3272727272727276e-14,1e-10,0,3.6e-07,3,5.00175e-06
1.1,2.3272727272727276e-14,1e-10,25,1.8e-07,3,4.86515e-06
1.1,2.3272727272727276e-14,1e-10,25,3.6e-07,3,5.00665e-06
1.1,2.3272727272727276e-14,1e-10,75,1.8e-07,3,4.81623e-06
1.1,2.3272727272727276e-14,1e-10,75,3.6e-07,3,5.01858e-06
1.1,2.3272727272727276e-14,1e-10,100,1.8e-07,3,4.73158e-06
1.1,2.3272727272727276e-14,1e-10,100,3.6e-07,3,5.02338e-06
1.1,2.3272727272727276e-14,1e-10,125,1.8e-07,3,4.5911e-06
1.1,2.3272727272727276e-14,1e-10,125,3.6e-07,3,5.02382e-06
1.1,2.3272727272727276e-14,2e-10,-40,1.8e-07,3,4.91359e-06
1.1,2.3272727272727276e-14,2e-10,-40,3.6e-07,3,5.07903e-06
1.1,2.3272727272727276e-14,2e-10,-25,1.8e-07,3,4.89974e-06
1.1,2.3272727272727276e-14,2e-10,-25,3.6e-07,3,5.05762e-06
1.1,2.3272727272727276e-14,2e-10,0,1.8e-07,3,4.88721e-06
1.1,2.3272727272727276e-14,2e-10,0,3.6e-07,3,5.0404e-06
1.1,2.3272727272727276e-14,2e-10,25,1.8e-07,3,4.87326e-06
1.1,2.3272727272727276e-14,2e-10,25,3.6e-07,3,5.03326e-06
1.1,2.3272727272727276e-14,2e-10,75,1.8e-07,3,4.74967e-06
1.1,2.3272727272727276e-14,2e-10,75,3.6e-07,3,5.03069e-06
1.1,2.3272727272727276e-14,2e-10,100,1.8e-07,3,4.59788e-06
1.1,2.3272727272727276e-14,2e-10,100,3.6e-07,3,5.02786e-06
1.1,2.3272727272727276e-14,2e-10,125,1.8e-07,3,4.38321e-06
1.1,2.3272727272727276e-14,2e-10,125,3.6e-07,3,5.01589e-06
1.1,2.3272727272727276e-14,4e-10,-40,1.8e-07,3,5.05963e-06
1.1,2.3272727272727276e-14,4e-10,-40,3.6e-07,3,5.32475e-06
1.1,2.3272727272727276e-14,4e-10,-25,1.8e-07,3,5.01044e-06
1.1,2.3272727272727276e-14,4e-10,-25,3.6e-07,3,5.25728e-06
1.1,2.3272727272727276e-14,4e-10,0,1.8e-07,3,4.93072e-06
1.1,2.3272727272727276e-14,4e-10,0,3.6e-07,3,5.18723e-06
1.1,2.3272727272727276e-14,4e-10,25,1.8e-07,3,4.79098e-06
1.1,2.3272727272727276e-14,4e-10,25,3.6e-07,3,5.14417e-06
1.1,2.3272727272727276e-14,4e-10,75,1.8e-07,3,4.2054e-06
1.1,2.3272727272727276e-14,4e-10,75,3.6e-07,3,5.06682e-06
1.1,2.3272727272727276e-14,4e-10,100,1.8e-07,3,3.81507e-06
1.1,2.3272727272727276e-14,4e-10,100,3.6e-07,3,4.99491e-06
1.1,2.3272727272727276e-14,4e-10,125,1.8e-07,3,3.42984e-06
1.1,2.3272727272727276e-14,4e-10,125,3.6e-07,3,4.87961e-06
1.1,2.7727272727272724e-14,1e-11,-40,1.8e-07,3,5.76303e-06
1.1,2.7727272727272724e-14,1e-11,-40,3.6e-07,3,5.90254e-06
1.1,2.7727272727272724e-14,1e-11,-25,1.8e-07,3,5.76575e-06
1.1,2.7727272727272724e-14,1e-11,-25,3.6e-07,3,5.90818e-06
1.1,2.7727272727272724e-14,1e-11,0,1.8e-07,3,5.77001e-06
1.1,2.7727272727272724e-14,1e-11,0,3.6e-07,3,5.91743e-06
1.1,2.7727272727272724e-14,1e-11,25,1.8e-07,3,5.77047e-06
1.1,2.7727272727272724e-14,1e-11,25,3.6e-07,3,5.92678e-06
1.1,2.7727272727272724e-14,1e-11,75,1.8e-07,3,5.69783e-06
1.1,2.7727272727272724e-14,1e-11,75,3.6e-07,3,5.94462e-06
1.1,2.7727272727272724e-14,1e-11,100,1.8e-07,3,5.57984e-06
1.1,2.7727272727272724e-14,1e-11,100,3.6e-07,3,5.95072e-06
1.1,2.7727272727272724e-14,1e-11,125,1.8e-07,3,5.39184e-06
1.1,2.7727272727272724e-14,1e-11,125,3.6e-07,3,5.9498e-06
1.1,2.7727272727272724e-14,5e-11,-40,1.8e-07,3,5.75633e-06
1.1,2.7727272727272724e-14,5e-11,-40,3.6e-07,3,5.88529e-06
1.1,2.7727272727272724e-14,5e-11,-25,1.8e-07,3,5.758e-06
1.1,2.7727272727272724e-14,5e-11,-25,3.6e-07,3,5.88961e-06
1.1,2.7727272727272724e-14,5e-11,0,1.8e-07,3,5.7609e-06
1.1,2.7727272727272724e-14,5e-11,0,3.6e-07,3,5.89746e-06
1.1,2.7727272727272724e-14,5e-11,25,1.8e-07,3,5.75819e-06
1.1,2.7727272727272724e-14,5e-11,25,3.6e-07,3,5.90547e-06
1.1,2.7727272727272724e-14,5e-11,75,1.8e-07,3,5.6593e-06
1.1,2.7727272727272724e-14,5e-11,75,3.6e-07,3,5.92022e-06
1.1,2.7727272727272724e-14,5e-11,100,1.8e-07,3,5.51548e-06
1.1,2.7727272727272724e-14,5e-11,100,3.6e-07,3,5.92381e-06
1.1,2.7727272727272724e-14,5e-11,125,1.8e-07,3,5.29878e-06
1.1,2.7727272727272724e-14,5e-11,125,3.6e-07,3,5.9187e-06
1.1,2.7727272727272724e-14,1e-10,-40,1.8e-07,3,5.76482e-06
1.1,2.7727272727272724e-14,1e-10,-40,3.6e-07,3,5.898e-06
1.1,2.7727272727272724e-14,1e-10,-25,1.8e-07,3,5.76313e-06
1.1,2.7727272727272724e-14,1e-10,-25,3.6e-07,3,5.89679e-06
1.1,2.7727272727272724e-14,1e-10,0,1.8e-07,3,5.76227e-06
1.1,2.7727272727272724e-14,1e-10,0,3.6e-07,3,5.89958e-06
1.1,2.7727272727272724e-14,1e-10,25,1.8e-07,3,5.75322e-06
1.1,2.7727272727272724e-14,1e-10,25,3.6e-07,3,5.90465e-06
1.1,2.7727272727272724e-14,1e-10,75,1.8e-07,3,5.61073e-06
1.1,2.7727272727272724e-14,1e-10,75,3.6e-07,3,5.91539e-06
1.1,2.7727272727272724e-14,1e-10,100,1.8e-07,3,5.42945e-06
1.1,2.7727272727272724e-14,1e-10,100,3.6e-07,3,5.91547e-06
1.1,2.7727272727272724e-14,1e-10,125,1.8e-07,3,5.17341e-06
1.1,2.7727272727272724e-14,1e-10,125,3.6e-07,3,5.90305e-06
1.1,2.7727272727272724e-14,2e-10,-40,1.8e-07,3,5.80552e-06
1.1,2.7727272727272724e-14,2e-10,-40,3.6e-07,3,5.96676e-06
1.1,2.7727272727272724e-14,2e-10,-25,1.8e-07,3,5.79268e-06
1.1,2.7727272727272724e-14,2e-10,-25,3.6e-07,3,5.94826e-06
1.1,2.7727272727272724e-14,2e-10,0,1.8e-07,3,5.7768e-06
1.1,2.7727272727272724e-14,2e-10,0,3.6e-07,3,5.9332e-06
1.1,2.7727272727272724e-14,2e-10,25,1.8e-07,3,5.74051e-06
1.1,2.7727272727272724e-14,2e-10,25,3.6e-07,3,5.92753e-06
1.1,2.7727272727272724e-14,2e-10,75,1.8e-07,3,5.45572e-06
1.1,2.7727272727272724e-14,2e-10,75,3.6e-07,3,5.92173e-06
1.1,2.7727272727272724e-14,2e-10,100,1.8e-07,3,5.17574e-06
1.1,2.7727272727272724e-14,2e-10,100,3.6e-07,3,5.90667e-06
1.1,2.7727272727272724e-14,2e-10,125,1.8e-07,3,4.83068e-06
1.1,2.7727272727272724e-14,2e-10,125,3.6e-07,3,5.86742e-06
1.1,2.7727272727272724e-14,4e-10,-40,1.8e-07,3,5.93371e-06
1.1,2.7727272727272724e-14,4e-10,-40,3.6e-07,3,6.19344e-06
1.1,2.7727272727272724e-14,4e-10,-25,1.8e-07,3,5.87373e-06
1.1,2.7727272727272724e-14,4e-10,-25,3.6e-07,3,6.1301e-06
1.1,2.7727272727272724e-14,4e-10,0,1.8e-07,3,5.72936e-06
1.1,2.7727272727272724e-14,4e-10,0,3.6e-07,3,6.06513e-06
1.1,2.7727272727272724e-14,4e-10,25,1.8e-07,3,5.45143e-06
1.1,2.7727272727272724e-14,4e-10,25,3.6e-07,3,6.02129e-06
1.1,2.7727272727272724e-14,4e-10,75,1.8e-07,3,4.5117e-06
1.1,2.7727272727272724e-14,4e-10,75,3.6e-07,3,5.8845e-06
1.1,2.7727272727272724e-14,4e-10,100,1.8e-07,3,4.00577e-06
1.1,2.7727272727272724e-14,4e-10,100,3.6e-07,3,5.73632e-06
1.1,2.7727272727272724e-14,4e-10,125,1.8e-07,3,3.55214e-06
1.1,2.7727272727272724e-14,4e-10,125,3.6e-07,3,5.5177e-06
1.1,3.2181818181818185e-14,1e-11,-40,1.8e-07,3,6.66137e-06
1.1,3.2181818181818185e-14,1e-11,-40,3.6e-07,3,6.80118e-06
1.1,3.2181818181818185e-14,1e-11,-25,1.8e-07,3,6.66397e-06
1.1,3.2181818181818185e-14,1e-11,-25,3.6e-07,3,6.80666e-06
1.1,3.2181818181818185e-14,1e-11,0,1.8e-07,3,6.6666e-06
1.1,3.2181818181818185e-14,1e-11,0,3.6e-07,3,6.81573e-06
1.1,3.2181818181818185e-14,1e-11,25,1.8e-07,3,6.65645e-06
1.1,3.2181818181818185e-14,1e-11,25,3.6e-07,3,6.82497e-06
1.1,3.2181818181818185e-14,1e-11,75,1.8e-07,3,6.47966e-06
1.1,3.2181818181818185e-14,1e-11,75,3.6e-07,3,6.84086e-06
1.1,3.2181818181818185e-14,1e-11,100,1.8e-07,3,6.25885e-06
1.1,3.2181818181818185e-14,1e-11,100,3.6e-07,3,6.84101e-06
1.1,3.2181818181818185e-14,1e-11,125,1.8e-07,3,5.95292e-06
1.1,3.2181818181818185e-14,1e-11,125,3.6e-07,3,6.82479e-06
1.1,3.2181818181818185e-14,5e-11,-40,1.8e-07,3,6.65464e-06
1.1,3.2181818181818185e-14,5e-11,-40,3.6e-07,3,6.78421e-06
1.1,3.2181818181818185e-14,5e-11,-25,1.8e-07,3,6.65619e-06
1.1,3.2181818181818185e-14,5e-11,-25,3.6e-07,3,6.78842e-06
1.1,3.2181818181818185e-14,5e-11,0,1.8e-07,3,6.65655e-06
1.1,3.2181818181818185e-14,5e-11,0,3.6e-07,3,6.79618e-06
1.1,3.2181818181818185e-14,5e-11,25,1.8e-07,3,6.63915e-06
1.1,3.2181818181818185e-14,5e-11,25,3.6e-07,3,6.80403e-06
1.1,3.2181818181818185e-14,5e-11,75,1.8e-07,3,6.41411e-06
1.1,3.2181818181818185e-14,5e-11,75,3.6e-07,3,6.81591e-06
1.1,3.2181818181818185e-14,5e-11,100,1.8e-07,3,6.15715e-06
1.1,3.2181818181818185e-14,5e-11,100,3.6e-07,3,6.81138e-06
1.1,3.2181818181818185e-14,5e-11,125,1.8e-07,3,5.81653e-06
1.1,3.2181818181818185e-14,5e-11,125,3.6e-07,3,6.78668e-06
1.1,3.2181818181818185e-14,1e-10,-40,1.8e-07,3,6.662e-06
1.1,3.2181818181818185e-14,1e-10,-40,3.6e-07,3,6.79511e-06
1.1,3.2181818181818185e-14,1e-10,-25,1.8e-07,3,6.66027e-06
1.1,3.2181818181818185e-14,1e-10,-25,3.6e-07,3,6.79426e-06
1.1,3.2181818181818185e-14,1e-10,0,1.8e-07,3,6.65523e-06
1.1,3.2181818181818185e-14,1e-10,0,3.6e-07,3,6.79747e-06
1.1,3.2181818181818185e-14,1e-10,25,1.8e-07,3,6.62411e-06
1.1,3.2181818181818185e-14,1e-10,25,3.6e-07,3,6.80263e-06
1.1,3.2181818181818185e-14,1e-10,75,1.8e-07,3,6.32387e-06
1.1,3.2181818181818185e-14,1e-10,75,3.6e-07,3,6.80893e-06
1.1,3.2181818181818185e-14,1e-10,100,1.8e-07,3,6.0165e-06
1.1,3.2181818181818185e-14,1e-10,100,3.6e-07,3,6.79665e-06
1.1,3.2181818181818185e-14,1e-10,125,1.8e-07,3,5.6318e-06
1.1,3.2181818181818185e-14,1e-10,125,3.6e-07,3,6.75743e-06
1.1,3.2181818181818185e-14,2e-10,-40,1.8e-07,3,6.69846e-06
1.1,3.2181818181818185e-14,2e-10,-40,3.6e-07,3,6.85745e-06
1.1,3.2181818181818185e-14,2e-10,-25,1.8e-07,3,6.6852e-06
1.1,3.2181818181818185e-14,2e-10,-25,3.6e-07,3,6.8404e-06
1.1,3.2181818181818185e-14,2e-10,0,1.8e-07,3,6.65622e-06
1.1,3.2181818181818185e-14,2e-10,0,3.6e-07,3,6.82729e-06
1.1,3.2181818181818185e-14,2e-10,25,1.8e-07,3,6.57116e-06
1.1,3.2181818181818185e-14,2e-10,25,3.6e-07,3,6.82238e-06
1.1,3.2181818181818185e-14,2e-10,75,1.8e-07,3,6.04935e-06
1.1,3.2181818181818185e-14,2e-10,75,3.6e-07,3,6.80399e-06
1.1,3.2181818181818185e-14,2e-10,100,1.8e-07,3,5.62438e-06
1.1,3.2181818181818185e-14,2e-10,100,3.6e-07,3,6.76174e-06
1.1,3.2181818181818185e-14,2e-10,125,1.8e-07,3,5.15371e-06
1.1,3.2181818181818185e-14,2e-10,125,3.6e-07,3,6.67318e-06
1.1,3.2181818181818185e-14,4e-10,-40,1.8e-07,3,6.79951e-06
1.1,3.2181818181818185e-14,4e-10,-40,3.6e-07,3,7.06765e-06
1.1,3.2181818181818185e-14,4e-10,-25,1.8e-07,3,6.70946e-06
1.1,3.2181818181818185e-14,4e-10,-25,3.6e-07,3,7.00786e-06
1.1,3.2181818181818185e-14,4e-10,0,1.8e-07,3,6.44586e-06
1.1,3.2181818181818185e-14,4e-10,0,3.6e-07,3,6.9452e-06
1.1,3.2181818181818185e-14,4e-10,25,1.8e-07,3,5.97313e-06
1.1,3.2181818181818185e-14,4e-10,25,3.6e-07,3,6.89119e-06
1.1,3.2181818181818185e-14,4e-10,75,1.8e-07,3,4.70275e-06
1.1,3.2181818181818185e-14,4e-10,75,3.6e-07,3,6.63908e-06
1.1,3.2181818181818185e-14,4e-10,100,1.8e-07,3,4.12236e-06
1.1,3.2181818181818185e-14,4e-10,100,3.6e-07,3,6.37841e-06
1.1,3.2181818181818185e-14,4e-10,125,1.8e-07,3,3.63062e-06
1.1,3.2181818181818185e-14,4e-10,125,3.6e-07,3,6.02991e-06
1.1,3.663636363636364e-14,1e-11,-40,1.8e-07,3,7.55966e-06
1.1,3.663636363636364e-14,1e-11,-40,3.6e-07,3,7.69973e-06
1.1,3.663636363636364e-14,1e-11,-25,1.8e-07,3,7.56185e-06
1.1,3.663636363636364e-14,1e-11,-25,3.6e-07,3,7.70504e-06
1.1,3.663636363636364e-14,1e-11,0,1.8e-07,3,7.55963e-06
1.1,3.663636363636364e-14,1e-11,0,3.6e-07,3,7.71398e-06
1.1,3.663636363636364e-14,1e-11,25,1.8e-07,3,7.52587e-06
1.1,3.663636363636364e-14,1e-11,25,3.6e-07,3,7.72303e-06
1.1,3.663636363636364e-14,1e-11,75,1.8e-07,3,7.18775e-06
1.1,3.663636363636364e-14,1e-11,75,3.6e-07,3,7.73387e-06
1.1,3.663636363636364e-14,1e-11,100,1.8e-07,3,6.84146e-06
1.1,3.663636363636364e-14,1e-11,100,3.6e-07,3,7.72091e-06
1.1,3.663636363636364e-14,1e-11,125,1.8e-07,3,6.40798e-06
1.1,3.663636363636364e-14,1e-11,125,3.6e-07,3,7.67652e-06
1.1,3.663636363636364e-14,5e-11,-40,1.8e-07,3,7.55283e-06
1.1,3.663636363636364e-14,5e-11,-40,3.6e-07,3,7.68293e-06
1.1,3.663636363636364e-14,5e-11,-25,1.8e-07,3,7.55377e-06
1.1,3.663636363636364e-14,5e-11,-25,3.6e-07,3,7.6871e-06
1.1,3.663636363636364e-14,5e-11,0,1.8e-07,3,7.54697e-06
1.1,3.663636363636364e-14,5e-11,0,3.6e-07,3,7.69476e-06
1.1,3.663636363636364e-14,5e-11,25,1.8e-07,3,7.49873e-06
1.1,3.663636363636364e-14,5e-11,25,3.6e-07,3,7.70239e-06
1.1,3.663636363636364e-14,5e-11,75,1.8e-07,3,7.08688e-06
1.1,3.663636363636364e-14,5e-11,75,3.6e-07,3,7.70687e-06
1.1,3.663636363636364e-14,5e-11,100,1.8e-07,3,6.69597e-06
1.1,3.663636363636364e-14,5e-11,100,3.6e-07,3,7.68548e-06
1.1,3.663636363636364e-14,5e-11,125,1.8e-07,3,6.227e-06
1.1,3.663636363636364e-14,5e-11,125,3.6e-07,3,7.62554e-06
1.1,3.663636363636364e-14,1e-10,-40,1.8e-07,3,7.55908e-06
1.1,3.663636363636364e-14,1e-10,-40,3.6e-07,3,7.69232e-06
1.1,3.663636363636364e-14,1e-10,-25,1.8e-07,3,7.55647e-06
1.1,3.663636363636364e-14,1e-10,-25,3.6e-07,3,7.69193e-06
1.1,3.663636363636364e-14,1e-10,0,1.8e-07,3,7.53991e-06
1.1,3.663636363636364e-14,1e-10,0,3.6e-07,3,7.69544e-06
1.1,3.663636363636364e-14,1e-10,25,1.8e-07,3,7.46551e-06
1.1,3.663636363636364e-14,1e-10,25,3.6e-07,3,7.70045e-06
1.1,3.663636363636364e-14,1e-10,75,1.8e-07,3,6.94364e-06
1.1,3.663636363636364e-14,1e-10,75,3.6e-07,3,7.69533e-06
1.1,3.663636363636364e-14,1e-10,100,1.8e-07,3,6.49484e-06
1.1,3.663636363636364e-14,1e-10,100,3.6e-07,3,7.65886e-06
1.1,3.663636363636364e-14,1e-10,125,1.8e-07,3,5.98398e-06
1.1,3.663636363636364e-14,1e-10,125,3.6e-07,3,7.57413e-06
1.1,3.663636363636364e-14,2e-10,-40,1.8e-07,3,7.59137e-06
1.1,3.663636363636364e-14,2e-10,-40,3.6e-07,3,7.74931e-06
1.1,3.663636363636364e-14,2e-10,-25,1.8e-07,3,7.57436e-06
1.1,3.663636363636364e-14,2e-10,-25,3.6e-07,3,7.73377e-06
1.1,3.663636363636364e-14,2e-10,0,1.8e-07,3,7.51538e-06
1.1,3.663636363636364e-14,2e-10,0,3.6e-07,3,7.72209e-06
1.1,3.663636363636364e-14,2e-10,25,1.8e-07,3,7.34736e-06
1.1,3.663636363636364e-14,2e-10,25,3.6e-07,3,7.7168e-06
1.1,3.663636363636364e-14,2e-10,75,1.8e-07,3,6.52988e-06
1.1,3.663636363636364e-14,2e-10,75,3.6e-07,3,7.66922e-06
1.1,3.663636363636364e-14,2e-10,100,1.8e-07,3,5.96237e-06
1.1,3.663636363636364e-14,2e-10,100,3.6e-07,3,7.5799e-06
1.1,3.663636363636364e-14,2e-10,125,1.8e-07,3,5.38401e-06
1.1,3.663636363636364e-14,2e-10,125,3.6e-07,3,7.41804e-06
1.1,3.663636363636364e-14,4e-10,-40,1.8e-07,3,7.64454e-06
1.1,3.663636363636364e-14,4e-10,-40,3.6e-07,3,7.94578e-06
1.1,3.663636363636364e-14,4e-10,-25,1.8e-07,3,7.49705e-06
1.1,3.663636363636364e-14,4e-10,-25,3.6e-07,3,7.88859e-06
1.1,3.663636363636364e-14,4e-10,0,1.8e-07,3,7.05457e-06
1.1,3.663636363636364e-14,4e-10,0,3.6e-07,3,7.82339e-06
1.1,3.663636363636364e-14,4e-10,25,1.8e-07,3,6.35847e-06
1.1,3.663636363636364e-14,4e-10,25,3.6e-07,3,7.74366e-06
1.1,3.663636363636364e-14,4e-10,75,1.8e-07,3,4.82613e-06
1.1,3.663636363636364e-14,4e-10,75,3.6e-07,3,7.3115e-06
1.1,3.663636363636364e-14,4e-10,100,1.8e-07,3,4.20197e-06
1.1,3.663636363636364e-14,4e-10,100,3.6e-07,3,6.91032e-06
1.1,3.663636363636364e-14,4e-10,125,1.8e-07,3,3.68681e-06
1.1,3.663636363636364e-14,4e-10,125,3.6e-07,3,6.42265e-06
1.1,4.109090909090909e-14,1e-11,-40,1.8e-07,3,8.45777e-06
1.1,4.109090909090909e-14,1e-11,-40,3.6e-07,3,8.59812e-06
1.1,4.109090909090909e-14,1e-11,-25,1.8e-07,3,8.4588e-06
1.1,4.109090909090909e-14,1e-11,-25,3.6e-07,3,8.60336e-06
1.1,4.109090909090909e-14,1e-11,0,1.8e-07,3,8.4452e-06
1.1,4.109090909090909e-14,1e-11,0,3.6e-07,3,8.6122e-06
1.1,4.109090909090909e-14,1e-11,25,1.8e-07,3,8.36978e-06
1.1,4.109090909090909e-14,1e-11,25,3.6e-07,3,8.62089e-06
1.1,4.109090909090909e-14,1e-11,75,1.8e-07,3,7.81548e-06
1.1,4.109090909090909e-14,1e-11,75,3.6e-07,3,8.62045e-06
1.1,4.109090909090909e-14,1e-11,100,1.8e-07,3,7.32975e-06
1.1,4.109090909090909e-14,1e-11,100,3.6e-07,3,8.58364e-06
1.1,4.109090909090909e-14,1e-11,125,1.8e-07,3,6.77067e-06
1.1,4.109090909090909e-14,1e-11,125,3.6e-07,3,8.49629e-06
1.1,4.109090909090909e-14,5e-11,-40,1.8e-07,3,8.45067e-06
1.1,4.109090909090909e-14,5e-11,-40,3.6e-07,3,8.58154e-06
1.1,4.109090909090909e-14,5e-11,-25,1.8e-07,3,8.44982e-06
1.1,4.109090909090909e-14,5e-11,-25,3.6e-07,3,8.5857e-06
1.1,4.109090909090909e-14,5e-11,0,1.8e-07,3,8.42734e-06
1.1,4.109090909090909e-14,5e-11,0,3.6e-07,3,8.59325e-06
1.1,4.109090909090909e-14,5e-11,25,1.8e-07,3,8.32599e-06
1.1,4.109090909090909e-14,5e-11,25,3.6e-07,3,8.60034e-06
1.1,4.109090909090909e-14,5e-11,75,1.8e-07,3,7.67181e-06
1.1,4.109090909090909e-14,5e-11,75,3.6e-07,3,8.58939e-06
1.1,4.109090909090909e-14,5e-11,100,1.8e-07,3,7.13854e-06
1.1,4.109090909090909e-14,5e-11,100,3.6e-07,3,8.53756e-06
1.1,4.109090909090909e-14,5e-11,125,1.8e-07,3,6.54772e-06
1.1,4.109090909090909e-14,5e-11,125,3.6e-07,3,8.42484e-06
1.1,4.109090909090909e-14,1e-10,-40,1.8e-07,3,8.45578e-06
1.1,4.109090909090909e-14,1e-10,-40,3.6e-07,3,8.58962e-06
1.1,4.109090909090909e-14,1e-10,-25,1.8e-07,3,8.45003e-06
1.1,4.109090909090909e-14,1e-10,-25,3.6e-07,3,8.5897e-06
1.1,4.109090909090909e-14,1e-10,0,1.8e-07,3,8.40961e-06
1.1,4.109090909090909e-14,1e-10,0,3.6e-07,3,8.59341e-06
1.1,4.109090909090909e-14,1e-10,25,1.8e-07,3,8.26468e-06
1.1,4.109090909090909e-14,1e-10,25,3.6e-07,3,8.59764e-06
1.1,4.109090909090909e-14,1e-10,75,1.8e-07,3,7.46838e-06
1.1,4.109090909090909e-14,1e-10,75,3.6e-07,3,8.56887e-06
1.1,4.109090909090909e-14,1e-10,100,1.8e-07,3,6.87656e-06
1.1,4.109090909090909e-14,1e-10,100,3.6e-07,3,8.49242e-06
1.1,4.109090909090909e-14,1e-10,125,1.8e-07,3,6.25161e-06
1.1,4.109090909090909e-14,1e-10,125,3.6e-07,3,8.34207e-06
1.1,4.109090909090909e-14,2e-10,-40,1.8e-07,3,8.48243e-06
1.1,4.109090909090909e-14,2e-10,-40,3.6e-07,3,8.64229e-06
1.1,4.109090909090909e-14,2e-10,-25,1.8e-07,3,8.45561e-06
1.1,4.109090909090909e-14,2e-10,-25,3.6e-07,3,8.62795e-06
1.1,4.109090909090909e-14,2e-10,0,1.8e-07,3,8.34239e-06
1.1,4.109090909090909e-14,2e-10,0,3.6e-07,3,8.61719e-06
1.1,4.109090909090909e-14,2e-10,25,1.8e-07,3,8.05469e-06
1.1,4.109090909090909e-14,2e-10,25,3.6e-07,3,8.60925e-06
1.1,4.109090909090909e-14,2e-10,75,1.8e-07,3,6.90891e-06
1.1,4.109090909090909e-14,2e-10,75,3.6e-07,3,8.50812e-06
1.1,4.109090909090909e-14,2e-10,100,1.8e-07,3,6.21359e-06
1.1,4.109090909090909e-14,2e-10,100,3.6e-07,3,8.34938e-06
1.1,4.109090909090909e-14,2e-10,125,1.8e-07,3,5.54962e-06
1.1,4.109090909090909e-14,2e-10,125,3.6e-07,3,8.09202e-06
1.1,4.109090909090909e-14,4e-10,-40,1.8e-07,3,8.45269e-06
1.1,4.109090909090909e-14,4e-10,-40,3.6e-07,3,8.82666e-06
1.1,4.109090909090909e-14,4e-10,-25,1.8e-07,3,8.21489e-06
1.1,4.109090909090909e-14,4e-10,-25,3.6e-07,3,8.7706e-06
1.1,4.109090909090909e-14,4e-10,0,1.8e-07,3,7.54497e-06
1.1,4.109090909090909e-14,4e-10,0,3.6e-07,3,8.69452e-06
1.1,4.109090909090909e-14,4e-10,25,1.8e-07,3,6.62905e-06
1.1,4.109090909090909e-14,4e-10,25,3.6e-07,3,8.56746e-06
1.1,4.109090909090909e-14,4e-10,75,1.8e-07,3,4.91225e-06
1.1,4.109090909090909e-14,4e-10,75,3.6e-07,3,7.89009e-06
1.1,4.109090909090909e-14,4e-10,100,1.8e-07,3,4.26096e-06
1.1,4.109090909090909e-14,4e-10,100,3.6e-07,3,7.33456e-06
1.1,4.109090909090909e-14,4e-10,125,1.8e-07,3,3.72985e-06
1.1,4.109090909090909e-14,4e-10,125,3.6e-07,3,6.71537e-06
1.1,4.5545454545454544e-14,1e-11,-40,1.8e-07,3,9.35533e-06
1.1,4.5545454545454544e-14,1e-11,-40,3.6e-07,3,9.49649e-06
1.1,4.5545454545454544e-14,1e-11,-25,1.8e-07,3,9.3535e-06
1.1,4.5545454545454544e-14,1e-11,-25,3.6e-07,3,9.50167e-06
1.1,4.5545454545454544e-14,1e-11,0,1.8e-07,3,9.31829e-06
1.1,4.5545454545454544e-14,1e-11,0,3.6e-07,3,9.5103e-06
1.1,4.5545454545454544e-14,1e-11,25,1.8e-07,3,9.17835e-06
1.1,4.5545454545454544e-14,1e-11,25,3.6e-07,3,9.51825e-06
1.1,4.5545454545454544e-14,1e-11,75,1.8e-07,3,8.36019e-06
1.1,4.5545454545454544e-14,1e-11,75,3.6e-07,3,9.49636e-06
1.1,4.5545454545454544e-14,1e-11,100,1.8e-07,3,7.73259e-06
1.1,4.5545454545454544e-14,1e-11,100,3.6e-07,3,9.42285e-06
1.1,4.5545454545454544e-14,1e-11,125,1.8e-07,3,7.05779e-06
1.1,4.5545454545454544e-14,1e-11,125,3.6e-07,3,9.27379e-06
1.1,4.5545454545454544e-14,5e-11,-40,1.8e-07,3,9.34777e-06
1.1,4.5545454545454544e-14,5e-11,-40,3.6e-07,3,9.48007e-06
1.1,4.5545454545454544e-14,5e-11,-25,1.8e-07,3,9.34257e-06
1.1,4.5545454545454544e-14,5e-11,-25,3.6e-07,3,9.48422e-06
1.1,4.5545454545454544e-14,5e-11,0,1.8e-07,3,9.29108e-06
1.1,4.5545454545454544e-14,5e-11,0,3.6e-07,3,9.49159e-06
1.1,4.5545454545454544e-14,5e-11,25,1.8e-07,3,9.11029e-06
1.1,4.5545454545454544e-14,5e-11,25,3.6e-07,3,9.49742e-06
1.1,4.5545454545454544e-14,5e-11,75,1.8e-07,3,8.17057e-06
1.1,4.5545454545454544e-14,5e-11,75,3.6e-07,3,9.45788e-06
1.1,4.5545454545454544e-14,5e-11,100,1.8e-07,3,7.49688e-06
1.1,4.5545454545454544e-14,5e-11,100,3.6e-07,3,9.36037e-06
1.1,4.5545454545454544e-14,5e-11,125,1.8e-07,3,6.79706e-06
1.1,4.5545454545454544e-14,5e-11,125,3.6e-07,3,9.1758e-06
1.1,4.5545454545454544e-14,1e-10,-40,1.8e-07,3,9.35108e-06
1.1,4.5545454545454544e-14,1e-10,-40,3.6e-07,3,9.4872e-06
1.1,4.5545454545454544e-14,1e-10,-25,1.8e-07,3,9.33837e-06
1.1,4.5545454545454544e-14,1e-10,-25,3.6e-07,3,9.48752e-06
1.1,4.5545454545454544e-14,1e-10,0,1.8e-07,3,9.25615e-06
1.1,4.5545454545454544e-14,1e-10,0,3.6e-07,3,9.4911e-06
1.1,4.5545454545454544e-14,1e-10,25,1.8e-07,3,9.01052e-06
1.1,4.5545454545454544e-14,1e-10,25,3.6e-07,3,9.49332e-06
1.1,4.5545454545454544e-14,1e-10,75,1.8e-07,3,7.90384e-06
1.1,4.5545454545454544e-14,1e-10,75,3.6e-07,3,9.42325e-06
1.1,4.5545454545454544e-14,1e-10,100,1.8e-07,3,7.17749e-06
1.1,4.5545454545454544e-14,1e-10,100,3.6e-07,3,9.28828e-06
1.1,4.5545454545454544e-14,1e-10,125,1.8e-07,3,6.45495e-06
1.1,4.5545454545454544e-14,1e-10,125,3.6e-07,3,9.0527e-06
1.1,4.5545454545454544e-14,2e-10,-40,1.8e-07,3,9.36874e-06
1.1,4.5545454545454544e-14,2e-10,-40,3.6e-07,3,9.53607e-06
1.1,4.5545454545454544e-14,2e-10,-25,1.8e-07,3,9.32273e-06
1.1,4.5545454545454544e-14,2e-10,-25,3.6e-07,3,9.52276e-06
1.1,4.5545454545454544e-14,2e-10,0,1.8e-07,3,9.12543e-06
1.1,4.5545454545454544e-14,2e-10,0,3.6e-07,3,9.51206e-06
1.1,4.5545454545454544e-14,2e-10,25,1.8e-07,3,8.68386e-06
1.1,4.5545454545454544e-14,2e-10,25,3.6e-07,3,9.49723e-06
1.1,4.5545454545454544e-14,2e-10,75,1.8e-07,3,7.20249e-06
1.1,4.5545454545454544e-14,2e-10,75,3.6e-07,3,9.31145e-06
1.1,4.5545454545454544e-14,2e-10,100,1.8e-07,3,6.40085e-06
1.1,4.5545454545454544e-14,2e-10,100,3.6e-07,3,9.06106e-06
1.1,4.5545454545454544e-14,2e-10,125,1.8e-07,3,5.67119e-06
1.1,4.5545454545454544e-14,2e-10,125,3.6e-07,3,8.69035e-06
1.1,4.5545454545454544e-14,4e-10,-40,1.8e-07,3,9.20656e-06
1.1,4.5545454545454544e-14,4e-10,-40,3.6e-07,3,9.70911e-06
1.1,4.5545454545454544e-14,4e-10,-25,1.8e-07,3,8.84463e-06
1.1,4.5545454545454544e-14,4e-10,-25,3.6e-07,3,9.65187e-06
1.1,4.5545454545454544e-14,4e-10,0,1.8e-07,3,7.91804e-06
1.1,4.5545454545454544e-14,4e-10,0,3.6e-07,3,9.55219e-06
1.1,4.5545454545454544e-14,4e-10,25,1.8e-07,3,6.81573e-06
1.1,4.5545454545454544e-14,4e-10,25,3.6e-07,3,9.35047e-06
1.1,4.5545454545454544e-14,4e-10,75,1.8e-07,3,4.97816e-06
1.1,4.5545454545454544e-14,4e-10,75,3.6e-07,3,8.37324e-06
1.1,4.5545454545454544e-14,4e-10,100,1.8e-07,3,4.30727e-06
1.1,4.5545454545454544e-14,4e-10,100,3.6e-07,3,7.66382e-06
1.1,4.5545454545454544e-14,4e-10,125,1.8e-07,3,3.76421e-06
1.1,4.5545454545454544e-14,4e-10,125,3.6e-07,3,6.93069e-06
1.1,5e-14,1e-11,-40,1.8e-07,3,1.02518e-05
1.1,5e-14,1e-11,-40,3.6e-07,3,1.03948e-05
1.1,5e-14,1e-11,-25,1.8e-07,3,1.0244e-05
1.1,5e-14,1e-11,-25,3.6e-07,3,1.03999e-05
1.1,5e-14,1e-11,0,1.8e-07,3,1.01728e-05
1.1,5e-14,1e-11,0,3.6e-07,3,1.04083e-05
1.1,5e-14,1e-11,25,1.8e-07,3,9.94179e-06
1.1,5e-14,1e-11,25,3.6e-07,3,1.04145e-05
1.1,5e-14,1e-11,75,1.8e-07,3,8.8263e-06
1.1,5e-14,1e-11,75,3.6e-07,3,1.03566e-05
1.1,5e-14,1e-11,100,1.8e-07,3,8.06192e-06
1.1,5e-14,1e-11,100,3.6e-07,3,1.02314e-05
1.1,5e-14,1e-11,125,1.8e-07,3,7.28447e-06
1.1,5e-14,1e-11,125,3.6e-07,3,1.00014e-05
1.1,5e-14,5e-11,-40,1.8e-07,3,1.02431e-05
1.1,5e-14,5e-11,-40,3.6e-07,3,1.03786e-05
1.1,5e-14,5e-11,-25,1.8e-07,3,1.02295e-05
1.1,5e-14,5e-11,-25,3.6e-07,3,1.03827e-05
1.1,5e-14,5e-11,0,1.8e-07,3,1.01312e-05
1.1,5e-14,5e-11,0,3.6e-07,3,1.03897e-05
1.1,5e-14,5e-11,25,1.8e-07,3,9.84291e-06
1.1,5e-14,5e-11,25,3.6e-07,3,1.03928e-05
1.1,5e-14,5e-11,75,1.8e-07,3,8.58957e-06
1.1,5e-14,5e-11,75,3.6e-07,3,1.03066e-05
1.1,5e-14,5e-11,100,1.8e-07,3,7.78494e-06
1.1,5e-14,5e-11,100,3.6e-07,3,1.01461e-05
1.1,5e-14,5e-11,125,1.8e-07,3,6.99125e-06
1.1,5e-14,5e-11,125,3.6e-07,3,9.87228e-06
1.1,5e-14,1e-10,-40,1.8e-07,3,1.02435e-05
1.1,5e-14,1e-10,-40,3.6e-07,3,1.03848e-05
1.1,5e-14,1e-10,-25,1.8e-07,3,1.02175e-05
1.1,5e-14,1e-10,-25,3.6e-07,3,1.03853e-05
1.1,5e-14,1e-10,0,1.8e-07,3,1.0071e-05
1.1,5e-14,1e-10,0,3.6e-07,3,1.03889e-05
1.1,5e-14,1e-10,25,1.8e-07,3,9.69498e-06
1.1,5e-14,1e-10,25,3.6e-07,3,1.03863e-05
1.1,5e-14,1e-10,75,1.8e-07,3,8.2606e-06
1.1,5e-14,1e-10,75,3.6e-07,3,1.02517e-05
1.1,5e-14,1e-10,100,1.8e-07,3,7.41377e-06
1.1,5e-14,1e-10,100,3.6e-07,3,1.00391e-05
1.1,5e-14,1e-10,125,1.8e-07,3,6.61084e-06
1.1,5e-14,1e-10,125,3.6e-07,3,9.70182e-06
1.1,5e-14,2e-10,-40,1.8e-07,3,1.02464e-05
1.1,5e-14,2e-10,-40,3.6e-07,3,1.04305e-05
1.1,5e-14,2e-10,-25,1.8e-07,3,1.01684e-05
1.1,5e-14,2e-10,-25,3.6e-07,3,1.04179e-05
1.1,5e-14,2e-10,0,1.8e-07,3,9.85421e-06
1.1,5e-14,2e-10,0,3.6e-07,3,1.04059e-05
1.1,5e-14,2e-10,25,1.8e-07,3,9.23171e-06
1.1,5e-14,2e-10,25,3.6e-07,3,1.03777e-05
1.1,5e-14,2e-10,75,1.8e-07,3,7.42938e-06
1.1,5e-14,2e-10,75,3.6e-07,3,1.00711e-05
1.1,5e-14,2e-10,100,1.8e-07,3,6.54216e-06
1.1,5e-14,2e-10,100,3.6e-07,3,9.70905e-06
1.1,5e-14,2e-10,125,1.8e-07,3,5.7622e-06
1.1,5e-14,2e-10,125,3.6e-07,3,9.21333e-06
1.1,5e-14,4e-10,-40,1.8e-07,3,9.88894e-06
1.1,5e-14,4e-10,-40,3.6e-07,3,1.05921e-05
1.1,5e-14,4e-10,-25,1.8e-07,3,9.373e-06
1.1,5e-14,4e-10,-25,3.6e-07,3,1.05296e-05
1.1,5e-14,4e-10,0,1.8e-07,3,8.19156e-06
1.1,5e-14,4e-10,0,3.6e-07,3,1.03888e-05
1.1,5e-14,4e-10,25,1.8e-07,3,6.94905e-06
1.1,5e-14,4e-10,25,3.6e-07,3,1.00821e-05
1.1,5e-14,4e-10,75,1.8e-07,3,5.03059e-06
1.1,5e-14,4e-10,75,3.6e-07,3,8.76555e-06
1.1,5e-14,4e-10,100,1.8e-07,3,4.34493e-06
1.1,5e-14,4e-10,100,3.6e-07,3,7.91611e-06
1.1,5e-14,4e-10,125,1.8e-07,3,3.79204e-06
1.1,5e-14,4e-10,125,3.6e-07,3,7.09373e-06
1.1999999999999995,1e-15,1e-11,-40,1.8e-07,3,4.36165e-07
1.1999999999999995,1e-15,1e-11,-40,3.6e-07,3,5.91569e-07
1.1999999999999995,1e-15,1e-11,-25,1.8e-07,3,4.40048e-07
1.1999999999999995,1e-15,1e-11,-25,3.6e-07,3,5.98907e-07
1.1999999999999995,1e-15,1e-11,0,1.8e-07,3,4.47015e-07
1.1999999999999995,1e-15,1e-11,0,3.6e-07,3,6.12537e-07
1.1999999999999995,1e-15,1e-11,25,1.8e-07,3,4.54446e-07
1.1999999999999995,1e-15,1e-11,25,3.6e-07,3,6.26965e-07
1.1999999999999995,1e-15,1e-11,75,1.8e-07,3,4.70107e-07
1.1999999999999995,1e-15,1e-11,75,3.6e-07,3,6.57047e-07
1.1999999999999995,1e-15,1e-11,100,1.8e-07,3,4.77999e-07
1.1999999999999995,1e-15,1e-11,100,3.6e-07,3,6.71939e-07
1.1999999999999995,1e-15,1e-11,125,1.8e-07,3,4.8556e-07
1.1999999999999995,1e-15,1e-11,125,3.6e-07,3,6.85993e-07
1.1999999999999995,1e-15,5e-11,-40,1.8e-07,3,4.8972e-07
1.1999999999999995,1e-15,5e-11,-40,3.6e-07,3,6.68019e-07
1.1999999999999995,1e-15,5e-11,-25,1.8e-07,3,4.78768e-07
1.1999999999999995,1e-15,5e-11,-25,3.6e-07,3,6.54205e-07
1.1999999999999995,1e-15,5e-11,0,1.8e-07,3,4.68319e-07
1.1999999999999995,1e-15,5e-11,0,3.6e-07,3,6.40505e-07
1.1999999999999995,1e-15,5e-11,25,1.8e-07,3,4.63956e-07
1.1999999999999995,1e-15,5e-11,25,3.6e-07,3,6.35392e-07
1.1999999999999995,1e-15,5e-11,75,1.8e-07,3,4.64901e-07
1.1999999999999995,1e-15,5e-11,75,3.6e-07,3,6.39801e-07
1.1999999999999995,1e-15,5e-11,100,1.8e-07,3,4.68123e-07
1.1999999999999995,1e-15,5e-11,100,3.6e-07,3,6.4644e-07
1.1999999999999995,1e-15,5e-11,125,1.8e-07,3,4.72083e-07
1.1999999999999995,1e-15,5e-11,125,3.6e-07,3,6.54007e-07
1.1999999999999995,1e-15,1e-10,-40,1.8e-07,3,6.31094e-07
1.1999999999999995,1e-15,1e-10,-40,3.6e-07,3,8.76047e-07
1.1999999999999995,1e-15,1e-10,-25,1.8e-07,3,5.98946e-07
1.1999999999999995,1e-15,1e-10,-25,3.6e-07,3,8.3608e-07
1.1999999999999995,1e-15,1e-10,0,1.8e-07,3,5.60523e-07
1.1999999999999995,1e-15,1e-10,0,3.6e-07,3,7.85516e-07
1.1999999999999995,1e-15,1e-10,25,1.8e-07,3,5.35121e-07
1.1999999999999995,1e-15,1e-10,25,3.6e-07,3,7.50044e-07
1.1999999999999995,1e-15,1e-10,75,1.8e-07,3,5.08173e-07
1.1999999999999995,1e-15,1e-10,75,3.6e-07,3,7.10393e-07
1.1999999999999995,1e-15,1e-10,100,1.8e-07,3,5.02004e-07
1.1999999999999995,1e-15,1e-10,100,3.6e-07,3,7.01123e-07
1.1999999999999995,1e-15,1e-10,125,1.8e-07,3,4.98621e-07
1.1999999999999995,1e-15,1e-10,125,3.6e-07,3,6.96132e-07
1.1999999999999995,1e-15,2e-10,-40,1.8e-07,3,9.68418e-07
1.1999999999999995,1e-15,2e-10,-40,3.6e-07,3,1.35238e-06
1.1999999999999995,1e-15,2e-10,-25,1.8e-07,3,8.96867e-07
1.1999999999999995,1e-15,2e-10,-25,3.6e-07,3,1.26615e-06
1.1999999999999995,1e-15,2e-10,0,1.8e-07,3,8.04095e-07
1.1999999999999995,1e-15,2e-10,0,3.6e-07,3,1.14988e-06
1.1999999999999995,1e-15,2e-10,25,1.8e-07,3,7.35698e-07
1.1999999999999995,1e-15,2e-10,25,3.6e-07,3,1.0595e-06
1.1999999999999995,1e-15,2e-10,75,1.8e-07,3,6.47044e-07
1.1999999999999995,1e-15,2e-10,75,3.6e-07,3,9.34338e-07
1.1999999999999995,1e-15,2e-10,100,1.8e-07,3,6.18917e-07
1.1999999999999995,1e-15,2e-10,100,3.6e-07,3,8.92035e-07
1.1999999999999995,1e-15,2e-10,125,1.8e-07,3,5.97687e-07
1.1999999999999995,1e-15,2e-10,125,3.6e-07,3,8.59369e-07
1.1999999999999995,1e-15,4e-10,-40,1.8e-07,3,1.69476e-06
1.1999999999999995,1e-15,4e-10,-40,3.6e-07,3,2.36031e-06
1.1999999999999995,1e-15,4e-10,-25,1.8e-07,3,1.5485e-06
1.1999999999999995,1e-15,4e-10,-25,3.6e-07,3,2.18559e-06
1.1999999999999995,1e-15,4e-10,0,1.8e-07,3,1.35367e-06
1.1999999999999995,1e-15,4e-10,0,3.6e-07,3,1.94509e-06
1.1999999999999995,1e-15,4e-10,25,1.8e-07,3,1.20385e-06
1.1999999999999995,1e-15,4e-10,25,3.6e-07,3,1.75232e-06
1.1999999999999995,1e-15,4e-10,75,1.8e-07,3,9.95037e-07
1.1999999999999995,1e-15,4e-10,75,3.6e-07,3,1.46917e-06
1.1999999999999995,1e-15,4e-10,100,1.8e-07,3,9.22068e-07
1.1999999999999995,1e-15,4e-10,100,3.6e-07,3,1.36537e-06
1.1999999999999995,1e-15,4e-10,125,1.8e-07,3,8.63593e-07
1.1999999999999995,1e-15,4e-10,125,3.6e-07,3,1.28014e-06
1.1999999999999995,5.454545454545455e-15,1e-11,-40,1.8e-07,3,1.51296e-06
1.1999999999999995,5.454545454545455e-15,1e-11,-40,3.6e-07,3,1.67509e-06
1.1999999999999995,5.454545454545455e-15,1e-11,-25,1.8e-07,3,1.51668e-06
1.1999999999999995,5.454545454545455e-15,1e-11,-25,3.6e-07,3,1.68283e-06
1.1999999999999995,5.454545454545455e-15,1e-11,0,1.8e-07,3,1.52286e-06
1.1999999999999995,5.454545454545455e-15,1e-11,0,3.6e-07,3,1.69576e-06
1.1999999999999995,5.454545454545455e-15,1e-11,25,1.8e-07,3,1.52932e-06
1.1999999999999995,5.454545454545455e-15,1e-11,25,3.6e-07,3,1.70889e-06
1.1999999999999995,5.454545454545455e-15,1e-11,75,1.8e-07,3,1.54299e-06
1.1999999999999995,5.454545454545455e-15,1e-11,75,3.6e-07,3,1.7358e-06
1.1999999999999995,5.454545454545455e-15,1e-11,100,1.8e-07,3,1.54986e-06
1.1999999999999995,5.454545454545455e-15,1e-11,100,3.6e-07,3,1.74896e-06
1.1999999999999995,5.454545454545455e-15,1e-11,125,1.8e-07,3,1.55637e-06
1.1999999999999995,5.454545454545455e-15,1e-11,125,3.6e-07,3,1.76116e-06
1.1999999999999995,5.454545454545455e-15,5e-11,-40,1.8e-07,3,1.52865e-06
1.1999999999999995,5.454545454545455e-15,5e-11,-40,3.6e-07,3,1.69318e-06
1.1999999999999995,5.454545454545455e-15,5e-11,-25,1.8e-07,3,1.52456e-06
1.1999999999999995,5.454545454545455e-15,5e-11,-25,3.6e-07,3,1.6883e-06
1.1999999999999995,5.454545454545455e-15,5e-11,0,1.8e-07,3,1.52259e-06
1.1999999999999995,5.454545454545455e-15,5e-11,0,3.6e-07,3,1.6878e-06
1.1999999999999995,5.454545454545455e-15,5e-11,25,1.8e-07,3,1.5241e-06
1.1999999999999995,5.454545454545455e-15,5e-11,25,3.6e-07,3,1.6923e-06
1.1999999999999995,5.454545454545455e-15,5e-11,75,1.8e-07,3,1.53148e-06
1.1999999999999995,5.454545454545455e-15,5e-11,75,3.6e-07,3,1.70818e-06
1.1999999999999995,5.454545454545455e-15,5e-11,100,1.8e-07,3,1.53615e-06
1.1999999999999995,5.454545454545455e-15,5e-11,100,3.6e-07,3,1.7175e-06
1.1999999999999995,5.454545454545455e-15,5e-11,125,1.8e-07,3,1.54084e-06
1.1999999999999995,5.454545454545455e-15,5e-11,125,3.6e-07,3,1.72663e-06
1.1999999999999995,5.454545454545455e-15,1e-10,-40,1.8e-07,3,1.60563e-06
1.1999999999999995,5.454545454545455e-15,1e-10,-40,3.6e-07,3,1.81874e-06
1.1999999999999995,5.454545454545455e-15,1e-10,-25,1.8e-07,3,1.58563e-06
1.1999999999999995,5.454545454545455e-15,1e-10,-25,3.6e-07,3,1.78965e-06
1.1999999999999995,5.454545454545455e-15,1e-10,0,1.8e-07,3,1.56533e-06
1.1999999999999995,5.454545454545455e-15,1e-10,0,3.6e-07,3,1.75942e-06
1.1999999999999995,5.454545454545455e-15,1e-10,25,1.8e-07,3,1.55457e-06
1.1999999999999995,5.454545454545455e-15,1e-10,25,3.6e-07,3,1.74311e-06
1.1999999999999995,5.454545454545455e-15,1e-10,75,1.8e-07,3,1.54702e-06
1.1999999999999995,5.454545454545455e-15,1e-10,75,3.6e-07,3,1.73329e-06
1.1999999999999995,5.454545454545455e-15,1e-10,100,1.8e-07,3,1.547e-06
1.1999999999999995,5.454545454545455e-15,1e-10,100,3.6e-07,3,1.73446e-06
1.1999999999999995,5.454545454545455e-15,1e-10,125,1.8e-07,3,1.54812e-06
1.1999999999999995,5.454545454545455e-15,1e-10,125,3.6e-07,3,1.73749e-06
1.1999999999999995,5.454545454545455e-15,2e-10,-40,1.8e-07,3,1.82875e-06
1.1999999999999995,5.454545454545455e-15,2e-10,-40,3.6e-07,3,2.18053e-06
1.1999999999999995,5.454545454545455e-15,2e-10,-25,1.8e-07,3,1.77201e-06
1.1999999999999995,5.454545454545455e-15,2e-10,-25,3.6e-07,3,2.09956e-06
1.1999999999999995,5.454545454545455e-15,2e-10,0,1.8e-07,3,1.70672e-06
1.1999999999999995,5.454545454545455e-15,2e-10,0,3.6e-07,3,2.00022e-06
1.1999999999999995,5.454545454545455e-15,2e-10,25,1.8e-07,3,1.66423e-06
1.1999999999999995,5.454545454545455e-15,2e-10,25,3.6e-07,3,1.93206e-06
1.1999999999999995,5.454545454545455e-15,2e-10,75,1.8e-07,3,1.6161e-06
1.1999999999999995,5.454545454545455e-15,2e-10,75,3.6e-07,3,1.85304e-06
1.1999999999999995,5.454545454545455e-15,2e-10,100,1.8e-07,3,1.60267e-06
1.1999999999999995,5.454545454545455e-15,2e-10,100,3.6e-07,3,1.83092e-06
1.1999999999999995,5.454545454545455e-15,2e-10,125,1.8e-07,3,1.59327e-06
1.1999999999999995,5.454545454545455e-15,2e-10,125,3.6e-07,3,1.81562e-06
1.1999999999999995,5.454545454545455e-15,4e-10,-40,1.8e-07,3,2.40551e-06
1.1999999999999995,5.454545454545455e-15,4e-10,-40,3.6e-07,3,3.06128e-06
1.1999999999999995,5.454545454545455e-15,4e-10,-25,1.8e-07,3,2.26837e-06
1.1999999999999995,5.454545454545455e-15,4e-10,-25,3.6e-07,3,2.88403e-06
1.1999999999999995,5.454545454545455e-15,4e-10,0,1.8e-07,3,2.09863e-06
1.1999999999999995,5.454545454545455e-15,4e-10,0,3.6e-07,3,2.64891e-06
1.1999999999999995,5.454545454545455e-15,4e-10,25,1.8e-07,3,1.97922e-06
1.1999999999999995,5.454545454545455e-15,4e-10,25,3.6e-07,3,2.46984e-06
1.1999999999999995,5.454545454545455e-15,4e-10,75,1.8e-07,3,1.82974e-06
1.1999999999999995,5.454545454545455e-15,4e-10,75,3.6e-07,3,2.22812e-06
1.1999999999999995,5.454545454545455e-15,4e-10,100,1.8e-07,3,1.78192e-06
1.1999999999999995,5.454545454545455e-15,4e-10,100,3.6e-07,3,2.14742e-06
1.1999999999999995,5.454545454545455e-15,4e-10,125,1.8e-07,3,1.74474e-06
1.1999999999999995,5.454545454545455e-15,4e-10,125,3.6e-07,3,2.08484e-06
1.1999999999999995,9.909090909090907e-15,1e-11,-40,1.8e-07,3,2.58407e-06
1.1999999999999995,9.909090909090907e-15,1e-11,-40,3.6e-07,3,2.74926e-06
1.1999999999999995,9.909090909090907e-15,1e-11,-25,1.8e-07,3,2.58731e-06
1.1999999999999995,9.909090909090907e-15,1e-11,-25,3.6e-07,3,2.7565e-06
1.1999999999999995,9.909090909090907e-15,1e-11,0,1.8e-07,3,2.593e-06
1.1999999999999995,9.909090909090907e-15,1e-11,0,3.6e-07,3,2.76853e-06
1.1999999999999995,9.909090909090907e-15,1e-11,25,1.8e-07,3,2.59911e-06
1.1999999999999995,9.909090909090907e-15,1e-11,25,3.6e-07,3,2.78078e-06
1.1999999999999995,9.909090909090907e-15,1e-11,75,1.8e-07,3,2.61209e-06
1.1999999999999995,9.909090909090907e-15,1e-11,75,3.6e-07,3,2.80583e-06
1.1999999999999995,9.909090909090907e-15,1e-11,100,1.8e-07,3,2.61849e-06
1.1999999999999995,9.909090909090907e-15,1e-11,100,3.6e-07,3,2.81845e-06
1.1999999999999995,9.909090909090907e-15,1e-11,125,1.8e-07,3,2.62422e-06
1.1999999999999995,9.909090909090907e-15,1e-11,125,3.6e-07,3,2.83009e-06
1.1999999999999995,9.909090909090907e-15,5e-11,-40,1.8e-07,3,2.59149e-06
1.1999999999999995,9.909090909090907e-15,5e-11,-40,3.6e-07,3,2.75335e-06
1.1999999999999995,9.909090909090907e-15,5e-11,-25,1.8e-07,3,2.58913e-06
1.1999999999999995,9.909090909090907e-15,5e-11,-25,3.6e-07,3,2.75151e-06
1.1999999999999995,9.909090909090907e-15,5e-11,0,1.8e-07,3,2.58928e-06
1.1999999999999995,9.909090909090907e-15,5e-11,0,3.6e-07,3,2.75477e-06
1.1999999999999995,9.909090909090907e-15,5e-11,25,1.8e-07,3,2.59193e-06
1.1999999999999995,9.909090909090907e-15,5e-11,25,3.6e-07,3,2.76123e-06
1.1999999999999995,9.909090909090907e-15,5e-11,75,1.8e-07,3,2.60017e-06
1.1999999999999995,9.909090909090907e-15,5e-11,75,3.6e-07,3,2.77836e-06
1.1999999999999995,9.909090909090907e-15,5e-11,100,1.8e-07,3,2.6047e-06
1.1999999999999995,9.909090909090907e-15,5e-11,100,3.6e-07,3,2.78786e-06
1.1999999999999995,9.909090909090907e-15,5e-11,125,1.8e-07,3,2.60873e-06
1.1999999999999995,9.909090909090907e-15,5e-11,125,3.6e-07,3,2.79694e-06
1.1999999999999995,9.909090909090907e-15,1e-10,-40,1.8e-07,3,2.64818e-06
1.1999999999999995,9.909090909090907e-15,1e-10,-40,3.6e-07,3,2.84625e-06
1.1999999999999995,9.909090909090907e-15,1e-10,-25,1.8e-07,3,2.63268e-06
1.1999999999999995,9.909090909090907e-15,1e-10,-25,3.6e-07,3,2.82401e-06
1.1999999999999995,9.909090909090907e-15,1e-10,0,1.8e-07,3,2.61845e-06
1.1999999999999995,9.909090909090907e-15,1e-10,0,3.6e-07,3,2.80339e-06
1.1999999999999995,9.909090909090907e-15,1e-10,25,1.8e-07,3,2.61187e-06
1.1999999999999995,9.909090909090907e-15,1e-10,25,3.6e-07,3,2.79455e-06
1.1999999999999995,9.909090909090907e-15,1e-10,75,1.8e-07,3,2.60928e-06
1.1999999999999995,9.909090909090907e-15,1e-10,75,3.6e-07,3,2.79278e-06
1.1999999999999995,9.909090909090907e-15,1e-10,100,1.8e-07,3,2.61047e-06
1.1999999999999995,9.909090909090907e-15,1e-10,100,3.6e-07,3,2.79647e-06
1.1999999999999995,9.909090909090907e-15,1e-10,125,1.8e-07,3,2.61173e-06
1.1999999999999995,9.909090909090907e-15,1e-10,125,3.6e-07,3,2.80112e-06
1.1999999999999995,9.909090909090907e-15,2e-10,-40,1.8e-07,3,2.82393e-06
1.1999999999999995,9.909090909090907e-15,2e-10,-40,3.6e-07,3,3.13593e-06
1.1999999999999995,9.909090909090907e-15,2e-10,-25,1.8e-07,3,2.77667e-06
1.1999999999999995,9.909090909090907e-15,2e-10,-25,3.6e-07,3,3.06584e-06
1.1999999999999995,9.909090909090907e-15,2e-10,0,1.8e-07,3,2.72477e-06
1.1999999999999995,9.909090909090907e-15,2e-10,0,3.6e-07,3,2.98527e-06
1.1999999999999995,9.909090909090907e-15,2e-10,25,1.8e-07,3,2.69227e-06
1.1999999999999995,9.909090909090907e-15,2e-10,25,3.6e-07,3,2.93339e-06
1.1999999999999995,9.909090909090907e-15,2e-10,75,1.8e-07,3,2.65773e-06
1.1999999999999995,9.909090909090907e-15,2e-10,75,3.6e-07,3,2.87748e-06
1.1999999999999995,9.909090909090907e-15,2e-10,100,1.8e-07,3,2.64825e-06
1.1999999999999995,9.909090909090907e-15,2e-10,100,3.6e-07,3,2.8633e-06
1.1999999999999995,9.909090909090907e-15,2e-10,125,1.8e-07,3,2.64016e-06
1.1999999999999995,9.909090909090907e-15,2e-10,125,3.6e-07,3,2.85405e-06
1.1999999999999995,9.909090909090907e-15,4e-10,-40,1.8e-07,3,3.30116e-06
1.1999999999999995,9.909090909090907e-15,4e-10,-40,3.6e-07,3,3.90919e-06
1.1999999999999995,9.909090909090907e-15,4e-10,-25,1.8e-07,3,3.17969e-06
1.1999999999999995,9.909090909090907e-15,4e-10,-25,3.6e-07,3,3.73741e-06
1.1999999999999995,9.909090909090907e-15,4e-10,0,1.8e-07,3,3.03612e-06
1.1999999999999995,9.909090909090907e-15,4e-10,0,3.6e-07,3,3.51953e-06
1.1999999999999995,9.909090909090907e-15,4e-10,25,1.8e-07,3,2.93874e-06
1.1999999999999995,9.909090909090907e-15,4e-10,25,3.6e-07,3,3.36288e-06
1.1999999999999995,9.909090909090907e-15,4e-10,75,1.8e-07,3,2.81585e-06
1.1999999999999995,9.909090909090907e-15,4e-10,75,3.6e-07,3,3.16457e-06
1.1999999999999995,9.909090909090907e-15,4e-10,100,1.8e-07,3,2.76776e-06
1.1999999999999995,9.909090909090907e-15,4e-10,100,3.6e-07,3,3.10187e-06
1.1999999999999995,9.909090909090907e-15,4e-10,125,1.8e-07,3,2.71539e-06
1.1999999999999995,9.909090909090907e-15,4e-10,125,3.6e-07,3,3.0539e-06
1.1999999999999995,1.436363636363636e-14,1e-11,-40,1.8e-07,3,3.65351e-06
1.1999999999999995,1.436363636363636e-14,1e-11,-40,3.6e-07,3,3.82107e-06
1.1999999999999995,1.436363636363636e-14,1e-11,-25,1.8e-07,3,3.65686e-06
1.1999999999999995,1.436363636363636e-14,1e-11,-25,3.6e-07,3,3.82783e-06
1.1999999999999995,1.436363636363636e-14,1e-11,0,1.8e-07,3,3.66248e-06
1.1999999999999995,1.436363636363636e-14,1e-11,0,3.6e-07,3,3.83891e-06
1.1999999999999995,1.436363636363636e-14,1e-11,25,1.8e-07,3,3.66837e-06
1.1999999999999995,1.436363636363636e-14,1e-11,25,3.6e-07,3,3.8505e-06
1.1999999999999995,1.436363636363636e-14,1e-11,75,1.8e-07,3,3.68058e-06
1.1999999999999995,1.436363636363636e-14,1e-11,75,3.6e-07,3,3.87504e-06
1.1999999999999995,1.436363636363636e-14,1e-11,100,1.8e-07,3,3.68533e-06
1.1999999999999995,1.436363636363636e-14,1e-11,100,3.6e-07,3,3.88716e-06
1.1999999999999995,1.436363636363636e-14,1e-11,125,1.8e-07,3,3.68596e-06
1.1999999999999995,1.436363636363636e-14,1e-11,125,3.6e-07,3,3.89833e-06
1.1999999999999995,1.436363636363636e-14,5e-11,-40,1.8e-07,3,3.65713e-06
1.1999999999999995,1.436363636363636e-14,5e-11,-40,3.6e-07,3,3.81897e-06
1.1999999999999995,1.436363636363636e-14,5e-11,-25,1.8e-07,3,3.65601e-06
1.1999999999999995,1.436363636363636e-14,5e-11,-25,3.6e-07,3,3.81895e-06
1.1999999999999995,1.436363636363636e-14,5e-11,0,1.8e-07,3,3.6573e-06
1.1999999999999995,1.436363636363636e-14,5e-11,0,3.6e-07,3,3.82324e-06
1.1999999999999995,1.436363636363636e-14,5e-11,25,1.8e-07,3,3.66043e-06
1.1999999999999995,1.436363636363636e-14,5e-11,25,3.6e-07,3,3.83039e-06
1.1999999999999995,1.436363636363636e-14,5e-11,75,1.8e-07,3,3.66836e-06
1.1999999999999995,1.436363636363636e-14,5e-11,75,3.6e-07,3,3.8481e-06
1.1999999999999995,1.436363636363636e-14,5e-11,100,1.8e-07,3,3.67077e-06
1.1999999999999995,1.436363636363636e-14,5e-11,100,3.6e-07,3,3.85734e-06
1.1999999999999995,1.436363636363636e-14,5e-11,125,1.8e-07,3,3.66826e-06
1.1999999999999995,1.436363636363636e-14,5e-11,125,3.6e-07,3,3.8661e-06
1.1999999999999995,1.436363636363636e-14,1e-10,-40,1.8e-07,3,3.7024e-06
1.1999999999999995,1.436363636363636e-14,1e-10,-40,3.6e-07,3,3.89364e-06
1.1999999999999995,1.436363636363636e-14,1e-10,-25,1.8e-07,3,3.69025e-06
1.1999999999999995,1.436363636363636e-14,1e-10,-25,3.6e-07,3,3.87563e-06
1.1999999999999995,1.436363636363636e-14,1e-10,0,1.8e-07,3,3.67954e-06
1.1999999999999995,1.436363636363636e-14,1e-10,0,3.6e-07,3,3.86056e-06
1.1999999999999995,1.436363636363636e-14,1e-10,25,1.8e-07,3,3.67512e-06
1.1999999999999995,1.436363636363636e-14,1e-10,25,3.6e-07,3,3.8547e-06
1.1999999999999995,1.436363636363636e-14,1e-10,75,1.8e-07,3,3.67406e-06
1.1999999999999995,1.436363636363636e-14,1e-10,75,3.6e-07,3,3.85744e-06
1.1999999999999995,1.436363636363636e-14,1e-10,100,1.8e-07,3,3.67259e-06
1.1999999999999995,1.436363636363636e-14,1e-10,100,3.6e-07,3,3.86211e-06
1.1999999999999995,1.436363636363636e-14,1e-10,125,1.8e-07,3,3.66451e-06
1.1999999999999995,1.436363636363636e-14,1e-10,125,3.6e-07,3,3.86728e-06
1.1999999999999995,1.436363636363636e-14,2e-10,-40,1.8e-07,3,3.85148e-06
1.1999999999999995,1.436363636363636e-14,2e-10,-40,3.6e-07,3,4.14006e-06
1.1999999999999995,1.436363636363636e-14,2e-10,-25,1.8e-07,3,3.8103e-06
1.1999999999999995,1.436363636363636e-14,2e-10,-25,3.6e-07,3,4.07809e-06
1.1999999999999995,1.436363636363636e-14,2e-10,0,1.8e-07,3,3.76633e-06
1.1999999999999995,1.436363636363636e-14,2e-10,0,3.6e-07,3,4.00929e-06
1.1999999999999995,1.436363636363636e-14,2e-10,25,1.8e-07,3,3.73975e-06
1.1999999999999995,1.436363636363636e-14,2e-10,25,3.6e-07,3,3.96714e-06
1.1999999999999995,1.436363636363636e-14,2e-10,75,1.8e-07,3,3.7096e-06
1.1999999999999995,1.436363636363636e-14,2e-10,75,3.6e-07,3,3.92385e-06
1.1999999999999995,1.436363636363636e-14,2e-10,100,1.8e-07,3,3.69337e-06
1.1999999999999995,1.436363636363636e-14,2e-10,100,3.6e-07,3,3.91367e-06
1.1999999999999995,1.436363636363636e-14,2e-10,125,1.8e-07,3,3.66551e-06
1.1999999999999995,1.436363636363636e-14,2e-10,125,3.6e-07,3,3.90721e-06
1.1999999999999995,1.436363636363636e-14,4e-10,-40,1.8e-07,3,4.26806e-06
1.1999999999999995,1.436363636363636e-14,4e-10,-40,3.6e-07,3,4.82528e-06
1.1999999999999995,1.436363636363636e-14,4e-10,-25,1.8e-07,3,4.15811e-06
1.1999999999999995,1.436363636363636e-14,4e-10,-25,3.6e-07,3,4.66344e-06
1.1999999999999995,1.436363636363636e-14,4e-10,0,1.8e-07,3,4.03103e-06
1.1999999999999995,1.436363636363636e-14,4e-10,0,3.6e-07,3,4.46562e-06
1.1999999999999995,1.436363636363636e-14,4e-10,25,1.8e-07,3,3.94366e-06
1.1999999999999995,1.436363636363636e-14,4e-10,25,3.6e-07,3,4.32845e-06
1.1999999999999995,1.436363636363636e-14,4e-10,75,1.8e-07,3,3.7914e-06
1.1999999999999995,1.436363636363636e-14,4e-10,75,3.6e-07,3,4.1605e-06
1.1999999999999995,1.436363636363636e-14,4e-10,100,1.8e-07,3,3.68589e-06
1.1999999999999995,1.436363636363636e-14,4e-10,100,3.6e-07,3,4.10711e-06
1.1999999999999995,1.436363636363636e-14,4e-10,125,1.8e-07,3,3.5462e-06
1.1999999999999995,1.436363636363636e-14,4e-10,125,3.6e-07,3,4.06281e-06
1.1999999999999995,1.8818181818181816e-14,1e-11,-40,1.8e-07,3,4.72309e-06
1.1999999999999995,1.8818181818181816e-14,1e-11,-40,3.6e-07,3,4.8917e-06
1.1999999999999995,1.8818181818181816e-14,1e-11,-25,1.8e-07,3,4.72624e-06
1.1999999999999995,1.8818181818181816e-14,1e-11,-25,3.6e-07,3,4.89795e-06
1.1999999999999995,1.8818181818181816e-14,1e-11,0,1.8e-07,3,4.73169e-06
1.1999999999999995,1.8818181818181816e-14,1e-11,0,3.6e-07,3,4.90847e-06
1.1999999999999995,1.8818181818181816e-14,1e-11,25,1.8e-07,3,4.73741e-06
1.1999999999999995,1.8818181818181816e-14,1e-11,25,3.6e-07,3,4.91992e-06
1.1999999999999995,1.8818181818181816e-14,1e-11,75,1.8e-07,3,4.74595e-06
1.1999999999999995,1.8818181818181816e-14,1e-11,75,3.6e-07,3,4.94385e-06
1.1999999999999995,1.8818181818181816e-14,1e-11,100,1.8e-07,3,4.74051e-06
1.1999999999999995,1.8818181818181816e-14,1e-11,100,3.6e-07,3,4.95563e-06
1.1999999999999995,1.8818181818181816e-14,1e-11,125,1.8e-07,3,4.7171e-06
1.1999999999999995,1.8818181818181816e-14,1e-11,125,3.6e-07,3,4.96626e-06
1.1999999999999995,1.8818181818181816e-14,5e-11,-40,1.8e-07,3,4.72441e-06
1.1999999999999995,1.8818181818181816e-14,5e-11,-40,3.6e-07,3,4.8863e-06
1.1999999999999995,1.8818181818181816e-14,5e-11,-25,1.8e-07,3,4.72386e-06
1.1999999999999995,1.8818181818181816e-14,5e-11,-25,3.6e-07,3,4.88695e-06
1.1999999999999995,1.8818181818181816e-14,5e-11,0,1.8e-07,3,4.7257e-06
1.1999999999999995,1.8818181818181816e-14,5e-11,0,3.6e-07,3,4.89192e-06
1.1999999999999995,1.8818181818181816e-14,5e-11,25,1.8e-07,3,4.72898e-06
1.1999999999999995,1.8818181818181816e-14,5e-11,25,3.6e-07,3,4.8996e-06
1.1999999999999995,1.8818181818181816e-14,5e-11,75,1.8e-07,3,4.73207e-06
1.1999999999999995,1.8818181818181816e-14,5e-11,75,3.6e-07,3,4.91734e-06
1.1999999999999995,1.8818181818181816e-14,5e-11,100,1.8e-07,3,4.72138e-06
1.1999999999999995,1.8818181818181816e-14,5e-11,100,3.6e-07,3,4.92636e-06
1.1999999999999995,1.8818181818181816e-14,5e-11,125,1.8e-07,3,4.68911e-06
1.1999999999999995,1.8818181818181816e-14,5e-11,125,3.6e-07,3,4.93453e-06
1.1999999999999995,1.8818181818181816e-14,1e-10,-40,1.8e-07,3,4.76263e-06
1.1999999999999995,1.8818181818181816e-14,1e-10,-40,3.6e-07,3,4.94889e-06
1.1999999999999995,1.8818181818181816e-14,1e-10,-25,1.8e-07,3,4.75206e-06
1.1999999999999995,1.8818181818181816e-14,1e-10,-25,3.6e-07,3,4.93413e-06
1.1999999999999995,1.8818181818181816e-14,1e-10,0,1.8e-07,3,4.74359e-06
1.1999999999999995,1.8818181818181816e-14,1e-10,0,3.6e-07,3,4.92174e-06
1.1999999999999995,1.8818181818181816e-14,1e-10,25,1.8e-07,3,4.74047e-06
1.1999999999999995,1.8818181818181816e-14,1e-10,25,3.6e-07,3,4.91853e-06
1.1999999999999995,1.8818181818181816e-14,1e-10,75,1.8e-07,3,4.733e-06
1.1999999999999995,1.8818181818181816e-14,1e-10,75,3.6e-07,3,4.92369e-06
1.1999999999999995,1.8818181818181816e-14,1e-10,100,1.8e-07,3,4.71273e-06
1.1999999999999995,1.8818181818181816e-14,1e-10,100,3.6e-07,3,4.92878e-06
1.1999999999999995,1.8818181818181816e-14,1e-10,125,1.8e-07,3,4.66593e-06
1.1999999999999995,1.8818181818181816e-14,1e-10,125,3.6e-07,3,4.93366e-06
1.1999999999999995,1.8818181818181816e-14,2e-10,-40,1.8e-07,3,4.89292e-06
1.1999999999999995,1.8818181818181816e-14,2e-10,-40,3.6e-07,3,5.16567e-06
1.1999999999999995,1.8818181818181816e-14,2e-10,-25,1.8e-07,3,4.85598e-06
1.1999999999999995,1.8818181818181816e-14,2e-10,-25,3.6e-07,3,5.11013e-06
1.1999999999999995,1.8818181818181816e-14,2e-10,0,1.8e-07,3,4.81751e-06
1.1999999999999995,1.8818181818181816e-14,2e-10,0,3.6e-07,3,5.04972e-06
1.1999999999999995,1.8818181818181816e-14,2e-10,25,1.8e-07,3,4.79416e-06
1.1999999999999995,1.8818181818181816e-14,2e-10,25,3.6e-07,3,5.01365e-06
1.1999999999999995,1.8818181818181816e-14,2e-10,75,1.8e-07,3,4.74723e-06
1.1999999999999995,1.8818181818181816e-14,2e-10,75,3.6e-07,3,4.97849e-06
1.1999999999999995,1.8818181818181816e-14,2e-10,100,1.8e-07,3,4.69376e-06
1.1999999999999995,1.8818181818181816e-14,2e-10,100,3.6e-07,3,4.97042e-06
1.1999999999999995,1.8818181818181816e-14,2e-10,125,1.8e-07,3,4.60115e-06
1.1999999999999995,1.8818181818181816e-14,2e-10,125,3.6e-07,3,4.96413e-06
1.1999999999999995,1.8818181818181816e-14,4e-10,-40,1.8e-07,3,5.26721e-06
1.1999999999999995,1.8818181818181816e-14,4e-10,-40,3.6e-07,3,5.7841e-06
1.1999999999999995,1.8818181818181816e-14,4e-10,-25,1.8e-07,3,5.16547e-06
1.1999999999999995,1.8818181818181816e-14,4e-10,-25,3.6e-07,3,5.63213e-06
1.1999999999999995,1.8818181818181816e-14,4e-10,0,1.8e-07,3,5.04625e-06
1.1999999999999995,1.8818181818181816e-14,4e-10,0,3.6e-07,3,5.45161e-06
1.1999999999999995,1.8818181818181816e-14,4e-10,25,1.8e-07,3,4.94845e-06
1.1999999999999995,1.8818181818181816e-14,4e-10,25,3.6e-07,3,5.32928e-06
1.1999999999999995,1.8818181818181816e-14,4e-10,75,1.8e-07,3,4.65847e-06
1.1999999999999995,1.8818181818181816e-14,4e-10,75,3.6e-07,3,5.17857e-06
1.1999999999999995,1.8818181818181816e-14,4e-10,100,1.8e-07,3,4.42444e-06
1.1999999999999995,1.8818181818181816e-14,4e-10,100,3.6e-07,3,5.12227e-06
1.1999999999999995,1.8818181818181816e-14,4e-10,125,1.8e-07,3,4.14015e-06
1.1999999999999995,1.8818181818181816e-14,4e-10,125,3.6e-07,3,5.06064e-06
1.1999999999999995,2.3272727272727276e-14,1e-11,-40,1.8e-07,3,5.79239e-06
1.1999999999999995,2.3272727272727276e-14,1e-11,-40,3.6e-07,3,5.96122e-06
1.1999999999999995,2.3272727272727276e-14,1e-11,-25,1.8e-07,3,5.79543e-06
1.1999999999999995,2.3272727272727276e-14,1e-11,-25,3.6e-07,3,5.96694e-06
1.1999999999999995,2.3272727272727276e-14,1e-11,0,1.8e-07,3,5.80077e-06
1.1999999999999995,2.3272727272727276e-14,1e-11,0,3.6e-07,3,5.97789e-06
1.1999999999999995,2.3272727272727276e-14,1e-11,25,1.8e-07,3,5.80595e-06
1.1999999999999995,2.3272727272727276e-14,1e-11,25,3.6e-07,3,5.98909e-06
1.1999999999999995,2.3272727272727276e-14,1e-11,75,1.8e-07,3,5.79825e-06
1.1999999999999995,2.3272727272727276e-14,1e-11,75,3.6e-07,3,6.01251e-06
1.1999999999999995,2.3272727272727276e-14,1e-11,100,1.8e-07,3,5.76084e-06
1.1999999999999995,2.3272727272727276e-14,1e-11,100,3.6e-07,3,6.02375e-06
1.1999999999999995,2.3272727272727276e-14,1e-11,125,1.8e-07,3,5.68148e-06
1.1999999999999995,2.3272727272727276e-14,1e-11,125,3.6e-07,3,6.03286e-06
1.1999999999999995,2.3272727272727276e-14,5e-11,-40,1.8e-07,3,5.79221e-06
1.1999999999999995,2.3272727272727276e-14,5e-11,-40,3.6e-07,3,5.95377e-06
1.1999999999999995,2.3272727272727276e-14,5e-11,-25,1.8e-07,3,5.79206e-06
1.1999999999999995,2.3272727272727276e-14,5e-11,-25,3.6e-07,3,5.95467e-06
1.1999999999999995,2.3272727272727276e-14,5e-11,0,1.8e-07,3,5.79427e-06
1.1999999999999995,2.3272727272727276e-14,5e-11,0,3.6e-07,3,5.96095e-06
1.1999999999999995,2.3272727272727276e-14,5e-11,25,1.8e-07,3,5.79701e-06
1.1999999999999995,2.3272727272727276e-14,5e-11,25,3.6e-07,3,5.96875e-06
1.1999999999999995,2.3272727272727276e-14,5e-11,75,1.8e-07,3,5.77856e-06
1.1999999999999995,2.3272727272727276e-14,5e-11,75,3.6e-07,3,5.98631e-06
1.1999999999999995,2.3272727272727276e-14,5e-11,100,1.8e-07,3,5.72837e-06
1.1999999999999995,2.3272727272727276e-14,5e-11,100,3.6e-07,3,5.99475e-06
1.1999999999999995,2.3272727272727276e-14,5e-11,125,1.8e-07,3,5.62906e-06
1.1999999999999995,2.3272727272727276e-14,5e-11,125,3.6e-07,3,6.00083e-06
1.1999999999999995,2.3272727272727276e-14,1e-10,-40,1.8e-07,3,5.82506e-06
1.1999999999999995,2.3272727272727276e-14,1e-10,-40,3.6e-07,3,6.00807e-06
1.1999999999999995,2.3272727272727276e-14,1e-10,-25,1.8e-07,3,5.81608e-06
1.1999999999999995,2.3272727272727276e-14,1e-10,-25,3.6e-07,3,5.99472e-06
1.1999999999999995,2.3272727272727276e-14,1e-10,0,1.8e-07,3,5.80912e-06
1.1999999999999995,2.3272727272727276e-14,1e-10,0,3.6e-07,3,5.98573e-06
1.1999999999999995,2.3272727272727276e-14,1e-10,25,1.8e-07,3,5.80561e-06
1.1999999999999995,2.3272727272727276e-14,1e-10,25,3.6e-07,3,5.98402e-06
1.1999999999999995,2.3272727272727276e-14,1e-10,75,1.8e-07,3,5.76729e-06
1.1999999999999995,2.3272727272727276e-14,1e-10,75,3.6e-07,3,5.99064e-06
1.1999999999999995,2.3272727272727276e-14,1e-10,100,1.8e-07,3,5.69597e-06
1.1999999999999995,2.3272727272727276e-14,1e-10,100,3.6e-07,3,5.99527e-06
1.1999999999999995,2.3272727272727276e-14,1e-10,125,1.8e-07,3,5.56842e-06
1.1999999999999995,2.3272727272727276e-14,1e-10,125,3.6e-07,3,5.9972e-06
1.1999999999999995,2.3272727272727276e-14,2e-10,-40,1.8e-07,3,5.94166e-06
1.1999999999999995,2.3272727272727276e-14,2e-10,-40,3.6e-07,3,6.20304e-06
1.1999999999999995,2.3272727272727276e-14,2e-10,-25,1.8e-07,3,5.90808e-06
1.1999999999999995,2.3272727272727276e-14,2e-10,-25,3.6e-07,3,6.15146e-06
1.1999999999999995,2.3272727272727276e-14,2e-10,0,1.8e-07,3,5.87324e-06
1.1999999999999995,2.3272727272727276e-14,2e-10,0,3.6e-07,3,6.09817e-06
1.1999999999999995,2.3272727272727276e-14,2e-10,25,1.8e-07,3,5.84805e-06
1.1999999999999995,2.3272727272727276e-14,2e-10,25,3.6e-07,3,6.06676e-06
1.1999999999999995,2.3272727272727276e-14,2e-10,75,1.8e-07,3,5.73621e-06
1.1999999999999995,2.3272727272727276e-14,2e-10,75,3.6e-07,3,6.03683e-06
1.1999999999999995,2.3272727272727276e-14,2e-10,100,1.8e-07,3,5.59963e-06
1.1999999999999995,2.3272727272727276e-14,2e-10,100,3.6e-07,3,6.02802e-06
1.1999999999999995,2.3272727272727276e-14,2e-10,125,1.8e-07,3,5.39444e-06
1.1999999999999995,2.3272727272727276e-14,2e-10,125,3.6e-07,3,6.01469e-06
1.1999999999999995,2.3272727272727276e-14,4e-10,-40,1.8e-07,3,6.28349e-06
1.1999999999999995,2.3272727272727276e-14,4e-10,-40,3.6e-07,3,6.7695e-06
1.1999999999999995,2.3272727272727276e-14,4e-10,-25,1.8e-07,3,6.18614e-06
1.1999999999999995,2.3272727272727276e-14,4e-10,-25,3.6e-07,3,6.62675e-06
1.1999999999999995,2.3272727272727276e-14,4e-10,0,1.8e-07,3,6.05818e-06
1.1999999999999995,2.3272727272727276e-14,4e-10,0,3.6e-07,3,6.46029e-06
1.1999999999999995,2.3272727272727276e-14,4e-10,25,1.8e-07,3,5.90936e-06
1.1999999999999995,2.3272727272727276e-14,4e-10,25,3.6e-07,3,6.34853e-06
1.1999999999999995,2.3272727272727276e-14,4e-10,75,1.8e-07,3,5.35392e-06
1.1999999999999995,2.3272727272727276e-14,4e-10,75,3.6e-07,3,6.19673e-06
1.1999999999999995,2.3272727272727276e-14,4e-10,100,1.8e-07,3,4.94996e-06
1.1999999999999995,2.3272727272727276e-14,4e-10,100,3.6e-07,3,6.11467e-06
1.1999999999999995,2.3272727272727276e-14,4e-10,125,1.8e-07,3,4.51488e-06
1.1999999999999995,2.3272727272727276e-14,4e-10,125,3.6e-07,3,6.00195e-06
1.1999999999999995,2.7727272727272724e-14,1e-11,-40,1.8e-07,3,6.86156e-06
1.1999999999999995,2.7727272727272724e-14,1e-11,-40,3.6e-07,3,7.03035e-06
1.1999999999999995,2.7727272727272724e-14,1e-11,-25,1.8e-07,3,6.8646e-06
1.1999999999999995,2.7727272727272724e-14,1e-11,-25,3.6e-07,3,7.03645e-06
1.1999999999999995,2.7727272727272724e-14,1e-11,0,1.8e-07,3,6.86962e-06
1.1999999999999995,2.7727272727272724e-14,1e-11,0,3.6e-07,3,7.04711e-06
1.1999999999999995,2.7727272727272724e-14,1e-11,25,1.8e-07,3,6.87245e-06
1.1999999999999995,2.7727272727272724e-14,1e-11,25,3.6e-07,3,7.05811e-06
1.1999999999999995,2.7727272727272724e-14,1e-11,75,1.8e-07,3,6.81977e-06
1.1999999999999995,2.7727272727272724e-14,1e-11,75,3.6e-07,3,7.0809e-06
1.1999999999999995,2.7727272727272724e-14,1e-11,100,1.8e-07,3,6.71944e-06
1.1999999999999995,2.7727272727272724e-14,1e-11,100,3.6e-07,3,7.09063e-06
1.1999999999999995,2.7727272727272724e-14,1e-11,125,1.8e-07,3,6.54352e-06
1.1999999999999995,2.7727272727272724e-14,1e-11,125,3.6e-07,3,7.09474e-06
1.1999999999999995,2.7727272727272724e-14,5e-11,-40,1.8e-07,3,6.86033e-06
1.1999999999999995,2.7727272727272724e-14,5e-11,-40,3.6e-07,3,7.02145e-06
1.1999999999999995,2.7727272727272724e-14,5e-11,-25,1.8e-07,3,6.86046e-06
1.1999999999999995,2.7727272727272724e-14,5e-11,-25,3.6e-07,3,7.02343e-06
1.1999999999999995,2.7727272727272724e-14,5e-11,0,1.8e-07,3,6.86256e-06
1.1999999999999995,2.7727272727272724e-14,5e-11,0,3.6e-07,3,7.02994e-06
1.1999999999999995,2.7727272727272724e-14,5e-11,25,1.8e-07,3,6.86199e-06
1.1999999999999995,2.7727272727272724e-14,5e-11,25,3.6e-07,3,7.03781e-06
1.1999999999999995,2.7727272727272724e-14,5e-11,75,1.8e-07,3,6.78675e-06
1.1999999999999995,2.7727272727272724e-14,5e-11,75,3.6e-07,3,7.05484e-06
1.1999999999999995,2.7727272727272724e-14,5e-11,100,1.8e-07,3,6.6611e-06
1.1999999999999995,2.7727272727272724e-14,5e-11,100,3.6e-07,3,7.06114e-06
1.1999999999999995,2.7727272727272724e-14,5e-11,125,1.8e-07,3,6.45632e-06
1.1999999999999995,2.7727272727272724e-14,5e-11,125,3.6e-07,3,7.06052e-06
1.1999999999999995,2.7727272727272724e-14,1e-10,-40,1.8e-07,3,6.88946e-06
1.1999999999999995,2.7727272727272724e-14,1e-10,-40,3.6e-07,3,7.06922e-06
1.1999999999999995,2.7727272727272724e-14,1e-10,-25,1.8e-07,3,6.88134e-06
1.1999999999999995,2.7727272727272724e-14,1e-10,-25,3.6e-07,3,7.0582e-06
1.1999999999999995,2.7727272727272724e-14,1e-10,0,1.8e-07,3,6.87487e-06
1.1999999999999995,2.7727272727272724e-14,1e-10,0,3.6e-07,3,7.05102e-06
1.1999999999999995,2.7727272727272724e-14,1e-10,25,1.8e-07,3,6.86639e-06
1.1999999999999995,2.7727272727272724e-14,1e-10,25,3.6e-07,3,7.05045e-06
1.1999999999999995,2.7727272727272724e-14,1e-10,75,1.8e-07,3,6.75158e-06
1.1999999999999995,2.7727272727272724e-14,1e-10,75,3.6e-07,3,7.05734e-06
1.1999999999999995,2.7727272727272724e-14,1e-10,100,1.8e-07,3,6.58918e-06
1.1999999999999995,2.7727272727272724e-14,1e-10,100,3.6e-07,3,7.05896e-06
1.1999999999999995,2.7727272727272724e-14,1e-10,125,1.8e-07,3,6.34261e-06
1.1999999999999995,2.7727272727272724e-14,1e-10,125,3.6e-07,3,7.05134e-06
1.1999999999999995,2.7727272727272724e-14,2e-10,-40,1.8e-07,3,6.99493e-06
1.1999999999999995,2.7727272727272724e-14,2e-10,-40,3.6e-07,3,7.24728e-06
1.1999999999999995,2.7727272727272724e-14,2e-10,-25,1.8e-07,3,6.96386e-06
1.1999999999999995,2.7727272727272724e-14,2e-10,-25,3.6e-07,3,7.19997e-06
1.1999999999999995,2.7727272727272724e-14,2e-10,0,1.8e-07,3,6.92948e-06
1.1999999999999995,2.7727272727272724e-14,2e-10,0,3.6e-07,3,7.15153e-06
1.1999999999999995,2.7727272727272724e-14,2e-10,25,1.8e-07,3,6.89028e-06
1.1999999999999995,2.7727272727272724e-14,2e-10,25,3.6e-07,3,7.12375e-06
1.1999999999999995,2.7727272727272724e-14,2e-10,75,1.8e-07,3,6.64168e-06
1.1999999999999995,2.7727272727272724e-14,2e-10,75,3.6e-07,3,7.09544e-06
1.1999999999999995,2.7727272727272724e-14,2e-10,100,1.8e-07,3,6.37774e-06
1.1999999999999995,2.7727272727272724e-14,2e-10,100,3.6e-07,3,7.07885e-06
1.1999999999999995,2.7727272727272724e-14,2e-10,125,1.8e-07,3,6.0291e-06
1.1999999999999995,2.7727272727272724e-14,2e-10,125,3.6e-07,3,7.04469e-06
1.1999999999999995,2.7727272727272724e-14,4e-10,-40,1.8e-07,3,7.30818e-06
1.1999999999999995,2.7727272727272724e-14,4e-10,-40,3.6e-07,3,7.77269e-06
1.1999999999999995,2.7727272727272724e-14,4e-10,-25,1.8e-07,3,7.20783e-06
1.1999999999999995,2.7727272727272724e-14,4e-10,-25,3.6e-07,3,7.63811e-06
1.1999999999999995,2.7727272727272724e-14,4e-10,0,1.8e-07,3,7.03955e-06
1.1999999999999995,2.7727272727272724e-14,4e-10,0,3.6e-07,3,7.48248e-06
1.1999999999999995,2.7727272727272724e-14,4e-10,25,1.8e-07,3,6.78294e-06
1.1999999999999995,2.7727272727272724e-14,4e-10,25,3.6e-07,3,7.37695e-06
1.1999999999999995,2.7727272727272724e-14,4e-10,75,1.8e-07,3,5.86464e-06
1.1999999999999995,2.7727272727272724e-14,4e-10,75,3.6e-07,3,7.19277e-06
1.1999999999999995,2.7727272727272724e-14,4e-10,100,1.8e-07,3,5.29397e-06
1.1999999999999995,2.7727272727272724e-14,4e-10,100,3.6e-07,3,7.05213e-06
1.1999999999999995,2.7727272727272724e-14,4e-10,125,1.8e-07,3,4.74206e-06
1.1999999999999995,2.7727272727272724e-14,4e-10,125,3.6e-07,3,6.84935e-06
1.1999999999999995,3.2181818181818185e-14,1e-11,-40,1.8e-07,3,7.93067e-06
1.1999999999999995,3.2181818181818185e-14,1e-11,-40,3.6e-07,3,8.0996e-06
1.1999999999999995,3.2181818181818185e-14,1e-11,-25,1.8e-07,3,7.93363e-06
1.1999999999999995,3.2181818181818185e-14,1e-11,-25,3.6e-07,3,8.10591e-06
1.1999999999999995,3.2181818181818185e-14,1e-11,0,1.8e-07,3,7.93763e-06
1.1999999999999995,3.2181818181818185e-14,1e-11,0,3.6e-07,3,8.11625e-06
1.1999999999999995,3.2181818181818185e-14,1e-11,25,1.8e-07,3,7.93303e-06
1.1999999999999995,3.2181818181818185e-14,1e-11,25,3.6e-07,3,8.12707e-06
1.1999999999999995,3.2181818181818185e-14,1e-11,75,1.8e-07,3,7.79175e-06
1.1999999999999995,3.2181818181818185e-14,1e-11,75,3.6e-07,3,8.14848e-06
1.1999999999999995,3.2181818181818185e-14,1e-11,100,1.8e-07,3,7.59026e-06
1.1999999999999995,3.2181818181818185e-14,1e-11,100,3.6e-07,3,8.15383e-06
1.1999999999999995,3.2181818181818185e-14,1e-11,125,1.8e-07,3,7.29083e-06
1.1999999999999995,3.2181818181818185e-14,1e-11,125,3.6e-07,3,8.14555e-06
1.1999999999999995,3.2181818181818185e-14,5e-11,-40,1.8e-07,3,7.9286e-06
1.1999999999999995,3.2181818181818185e-14,5e-11,-40,3.6e-07,3,8.08975e-06
1.1999999999999995,3.2181818181818185e-14,5e-11,-25,1.8e-07,3,7.92893e-06
1.1999999999999995,3.2181818181818185e-14,5e-11,-25,3.6e-07,3,8.09229e-06
1.1999999999999995,3.2181818181818185e-14,5e-11,0,1.8e-07,3,7.92967e-06
1.1999999999999995,3.2181818181818185e-14,5e-11,0,3.6e-07,3,8.09884e-06
1.1999999999999995,3.2181818181818185e-14,5e-11,25,1.8e-07,3,7.91868e-06
1.1999999999999995,3.2181818181818185e-14,5e-11,25,3.6e-07,3,8.10681e-06
1.1999999999999995,3.2181818181818185e-14,5e-11,75,1.8e-07,3,7.73453e-06
1.1999999999999995,3.2181818181818185e-14,5e-11,75,3.6e-07,3,8.12205e-06
1.1999999999999995,3.2181818181818185e-14,5e-11,100,1.8e-07,3,7.49713e-06
1.1999999999999995,3.2181818181818185e-14,5e-11,100,3.6e-07,3,8.12226e-06
1.1999999999999995,3.2181818181818185e-14,5e-11,125,1.8e-07,3,7.1587e-06
1.1999999999999995,3.2181818181818185e-14,5e-11,125,3.6e-07,3,8.10627e-06
1.1999999999999995,3.2181818181818185e-14,1e-10,-40,1.8e-07,3,7.95441e-06
1.1999999999999995,3.2181818181818185e-14,1e-10,-40,3.6e-07,3,8.13239e-06
1.1999999999999995,3.2181818181818185e-14,1e-10,-25,1.8e-07,3,7.94729e-06
1.1999999999999995,3.2181818181818185e-14,1e-10,-25,3.6e-07,3,8.12301e-06
1.1999999999999995,3.2181818181818185e-14,1e-10,0,1.8e-07,3,7.9389e-06
1.1999999999999995,3.2181818181818185e-14,1e-10,0,3.6e-07,3,8.1171e-06
1.1999999999999995,3.2181818181818185e-14,1e-10,25,1.8e-07,3,7.91485e-06
1.1999999999999995,3.2181818181818185e-14,1e-10,25,3.6e-07,3,8.11742e-06
1.1999999999999995,3.2181818181818185e-14,1e-10,75,1.8e-07,3,7.66169e-06
1.1999999999999995,3.2181818181818185e-14,1e-10,75,3.6e-07,3,8.12219e-06
1.1999999999999995,3.2181818181818185e-14,1e-10,100,1.8e-07,3,7.37179e-06
1.1999999999999995,3.2181818181818185e-14,1e-10,100,3.6e-07,3,8.11512e-06
1.1999999999999995,3.2181818181818185e-14,1e-10,125,1.8e-07,3,6.98243e-06
1.1999999999999995,3.2181818181818185e-14,1e-10,125,3.6e-07,3,8.08536e-06
1.1999999999999995,3.2181818181818185e-14,2e-10,-40,1.8e-07,3,8.05118e-06
1.1999999999999995,3.2181818181818185e-14,2e-10,-40,3.6e-07,3,8.29619e-06
1.1999999999999995,3.2181818181818185e-14,2e-10,-25,1.8e-07,3,8.02143e-06
1.1999999999999995,3.2181818181818185e-14,2e-10,-25,3.6e-07,3,8.25263e-06
1.1999999999999995,3.2181818181818185e-14,2e-10,0,1.8e-07,3,7.98052e-06
1.1999999999999995,3.2181818181818185e-14,2e-10,0,3.6e-07,3,8.20818e-06
1.1999999999999995,3.2181818181818185e-14,2e-10,25,1.8e-07,3,7.90563e-06
1.1999999999999995,3.2181818181818185e-14,2e-10,25,3.6e-07,3,8.18313e-06
1.1999999999999995,3.2181818181818185e-14,2e-10,75,1.8e-07,3,7.43952e-06
1.1999999999999995,3.2181818181818185e-14,2e-10,75,3.6e-07,3,8.14919e-06
1.1999999999999995,3.2181818181818185e-14,2e-10,100,1.8e-07,3,7.01838e-06
1.1999999999999995,3.2181818181818185e-14,2e-10,100,3.6e-07,3,8.11257e-06
1.1999999999999995,3.2181818181818185e-14,2e-10,125,1.8e-07,3,6.51746e-06
1.1999999999999995,3.2181818181818185e-14,2e-10,125,3.6e-07,3,8.03705e-06
1.1999999999999995,3.2181818181818185e-14,4e-10,-40,1.8e-07,3,8.3326e-06
1.1999999999999995,3.2181818181818185e-14,4e-10,-40,3.6e-07,3,8.78868e-06
1.1999999999999995,3.2181818181818185e-14,4e-10,-25,1.8e-07,3,8.21584e-06
1.1999999999999995,3.2181818181818185e-14,4e-10,-25,3.6e-07,3,8.66022e-06
1.1999999999999995,3.2181818181818185e-14,4e-10,0,1.8e-07,3,7.96266e-06
1.1999999999999995,3.2181818181818185e-14,4e-10,0,3.6e-07,3,8.51285e-06
1.1999999999999995,3.2181818181818185e-14,4e-10,25,1.8e-07,3,7.53793e-06
1.1999999999999995,3.2181818181818185e-14,4e-10,25,3.6e-07,3,8.40682e-06
1.1999999999999995,3.2181818181818185e-14,4e-10,75,1.8e-07,3,6.21665e-06
1.1999999999999995,3.2181818181818185e-14,4e-10,75,3.6e-07,3,8.14386e-06
1.1999999999999995,3.2181818181818185e-14,4e-10,100,1.8e-07,3,5.51508e-06
1.1999999999999995,3.2181818181818185e-14,4e-10,100,3.6e-07,3,7.90757e-06
1.1999999999999995,3.2181818181818185e-14,4e-10,125,1.8e-07,3,4.88452e-06
1.1999999999999995,3.2181818181818185e-14,4e-10,125,3.6e-07,3,7.57983e-06
1.1999999999999995,3.663636363636364e-14,1e-11,-40,1.8e-07,3,8.99971e-06
1.1999999999999995,3.663636363636364e-14,1e-11,-40,3.6e-07,3,9.16904e-06
1.1999999999999995,3.663636363636364e-14,1e-11,-25,1.8e-07,3,9.00241e-06
1.1999999999999995,3.663636363636364e-14,1e-11,-25,3.6e-07,3,9.1751e-06
1.1999999999999995,3.663636363636364e-14,1e-11,0,1.8e-07,3,9.00323e-06
1.1999999999999995,3.663636363636364e-14,1e-11,0,3.6e-07,3,9.18531e-06
1.1999999999999995,3.663636363636364e-14,1e-11,25,1.8e-07,3,8.98114e-06
1.1999999999999995,3.663636363636364e-14,1e-11,25,3.6e-07,3,9.19595e-06
1.1999999999999995,3.663636363636364e-14,1e-11,75,1.8e-07,3,8.69422e-06
1.1999999999999995,3.663636363636364e-14,1e-11,75,3.6e-07,3,9.21382e-06
1.1999999999999995,3.663636363636364e-14,1e-11,100,1.8e-07,3,8.36346e-06
1.1999999999999995,3.663636363636364e-14,1e-11,100,3.6e-07,3,9.20901e-06
1.1999999999999995,3.663636363636364e-14,1e-11,125,1.8e-07,3,7.92024e-06
1.1999999999999995,3.663636363636364e-14,1e-11,125,3.6e-07,3,9.17655e-06
1.1999999999999995,3.663636363636364e-14,5e-11,-40,1.8e-07,3,8.99699e-06
1.1999999999999995,3.663636363636364e-14,5e-11,-40,3.6e-07,3,9.15848e-06
1.1999999999999995,3.663636363636364e-14,5e-11,-25,1.8e-07,3,8.99716e-06
1.1999999999999995,3.663636363636364e-14,5e-11,-25,3.6e-07,3,9.16105e-06
1.1999999999999995,3.663636363636364e-14,5e-11,0,1.8e-07,3,8.99329e-06
1.1999999999999995,3.663636363636364e-14,5e-11,0,3.6e-07,3,9.1678e-06
1.1999999999999995,3.663636363636364e-14,5e-11,25,1.8e-07,3,8.95918e-06
1.1999999999999995,3.663636363636364e-14,5e-11,25,3.6e-07,3,9.17573e-06
1.1999999999999995,3.663636363636364e-14,5e-11,75,1.8e-07,3,8.60421e-06
1.1999999999999995,3.663636363636364e-14,5e-11,75,3.6e-07,3,9.18598e-06
1.1999999999999995,3.663636363636364e-14,5e-11,100,1.8e-07,3,8.2261e-06
1.1999999999999995,3.663636363636364e-14,5e-11,100,3.6e-07,3,9.17314e-06
1.1999999999999995,3.663636363636364e-14,5e-11,125,1.8e-07,3,7.73983e-06
1.1999999999999995,3.663636363636364e-14,5e-11,125,3.6e-07,3,9.12668e-06
1.1999999999999995,3.663636363636364e-14,1e-10,-40,1.8e-07,3,9.02022e-06
1.1999999999999995,3.663636363636364e-14,1e-10,-40,3.6e-07,3,9.19714e-06
1.1999999999999995,3.663636363636364e-14,1e-10,-25,1.8e-07,3,9.01313e-06
1.1999999999999995,3.663636363636364e-14,1e-10,-25,3.6e-07,3,9.18853e-06
1.1999999999999995,3.663636363636364e-14,1e-10,0,1.8e-07,3,8.99766e-06
1.1999999999999995,3.663636363636364e-14,1e-10,0,3.6e-07,3,9.18379e-06
1.1999999999999995,3.663636363636364e-14,1e-10,25,1.8e-07,3,8.94056e-06
1.1999999999999995,3.663636363636364e-14,1e-10,25,3.6e-07,3,9.18462e-06
1.1999999999999995,3.663636363636364e-14,1e-10,75,1.8e-07,3,8.48091e-06
1.1999999999999995,3.663636363636364e-14,1e-10,75,3.6e-07,3,9.18229e-06
1.1999999999999995,3.663636363636364e-14,1e-10,100,1.8e-07,3,8.03794e-06
1.1999999999999995,3.663636363636364e-14,1e-10,100,3.6e-07,3,9.15605e-06
1.1999999999999995,3.663636363636364e-14,1e-10,125,1.8e-07,3,7.49773e-06
1.1999999999999995,3.663636363636364e-14,1e-10,125,3.6e-07,3,9.08716e-06
1.1999999999999995,3.663636363636364e-14,2e-10,-40,1.8e-07,3,9.10902e-06
1.1999999999999995,3.663636363636364e-14,2e-10,-40,3.6e-07,3,9.34902e-06
1.1999999999999995,3.663636363636364e-14,2e-10,-25,1.8e-07,3,9.07841e-06
1.1999999999999995,3.663636363636364e-14,2e-10,-25,3.6e-07,3,9.30805e-06
1.1999999999999995,3.663636363636364e-14,2e-10,0,1.8e-07,3,9.01788e-06
1.1999999999999995,3.663636363636364e-14,2e-10,0,3.6e-07,3,9.26708e-06
1.1999999999999995,3.663636363636364e-14,2e-10,25,1.8e-07,3,8.87705e-06
1.1999999999999995,3.663636363636364e-14,2e-10,25,3.6e-07,3,9.24373e-06
1.1999999999999995,3.663636363636364e-14,2e-10,75,1.8e-07,3,8.12003e-06
1.1999999999999995,3.663636363636364e-14,2e-10,75,3.6e-07,3,9.19132e-06
1.1999999999999995,3.663636363636364e-14,2e-10,100,1.8e-07,3,7.52993e-06
1.1999999999999995,3.663636363636364e-14,2e-10,100,3.6e-07,3,9.11682e-06
1.1999999999999995,3.663636363636364e-14,2e-10,125,1.8e-07,3,6.88531e-06
1.1999999999999995,3.663636363636364e-14,2e-10,125,3.6e-07,3,8.97566e-06
1.1999999999999995,3.663636363636364e-14,4e-10,-40,1.8e-07,3,9.34749e-06
1.1999999999999995,3.663636363636364e-14,4e-10,-40,3.6e-07,3,9.81286e-06
1.1999999999999995,3.663636363636364e-14,4e-10,-25,1.8e-07,3,9.19268e-06
1.1999999999999995,3.663636363636364e-14,4e-10,-25,3.6e-07,3,9.68994e-06
1.1999999999999995,3.663636363636364e-14,4e-10,0,1.8e-07,3,8.80027e-06
1.1999999999999995,3.663636363636364e-14,4e-10,0,3.6e-07,3,9.54711e-06
1.1999999999999995,3.663636363636364e-14,4e-10,25,1.8e-07,3,8.15735e-06
1.1999999999999995,3.663636363636364e-14,4e-10,25,3.6e-07,3,9.42945e-06
1.1999999999999995,3.663636363636364e-14,4e-10,75,1.8e-07,3,6.45544e-06
1.1999999999999995,3.663636363636364e-14,4e-10,75,3.6e-07,3,9.0296e-06
1.1999999999999995,3.663636363636364e-14,4e-10,100,1.8e-07,3,5.66156e-06
1.1999999999999995,3.663636363636364e-14,4e-10,100,3.6e-07,3,8.66278e-06
1.1999999999999995,3.663636363636364e-14,4e-10,125,1.8e-07,3,4.98156e-06
1.1999999999999995,3.663636363636364e-14,4e-10,125,3.6e-07,3,8.18582e-06
1.1999999999999995,4.109090909090909e-14,1e-11,-40,1.8e-07,3,1.00687e-05
1.1999999999999995,4.109090909090909e-14,1e-11,-40,3.6e-07,3,1.02384e-05
1.1999999999999995,4.109090909090909e-14,1e-11,-25,1.8e-07,3,1.00706e-05
1.1999999999999995,4.109090909090909e-14,1e-11,-25,3.6e-07,3,1.02442e-05
1.1999999999999995,4.109090909090909e-14,1e-11,0,1.8e-07,3,1.00636e-05
1.1999999999999995,4.109090909090909e-14,1e-11,0,3.6e-07,3,1.02543e-05
1.1999999999999995,4.109090909090909e-14,1e-11,25,1.8e-07,3,1.00082e-05
1.1999999999999995,4.109090909090909e-14,1e-11,25,3.6e-07,3,1.02647e-05
1.1999999999999995,4.109090909090909e-14,1e-11,75,1.8e-07,3,9.5164e-06
1.1999999999999995,4.109090909090909e-14,1e-11,75,3.6e-07,3,1.02745e-05
1.1999999999999995,4.109090909090909e-14,1e-11,100,1.8e-07,3,9.03445e-06
1.1999999999999995,4.109090909090909e-14,1e-11,100,3.6e-07,3,1.02503e-05
1.1999999999999995,4.109090909090909e-14,1e-11,125,1.8e-07,3,8.44214e-06
1.1999999999999995,4.109090909090909e-14,1e-11,125,3.6e-07,3,1.01791e-05
1.1999999999999995,4.109090909090909e-14,5e-11,-40,1.8e-07,3,1.00653e-05
1.1999999999999995,4.109090909090909e-14,5e-11,-40,3.6e-07,3,1.02272e-05
1.1999999999999995,4.109090909090909e-14,5e-11,-25,1.8e-07,3,1.00645e-05
1.1999999999999995,4.109090909090909e-14,5e-11,-25,3.6e-07,3,1.02299e-05
1.1999999999999995,4.109090909090909e-14,5e-11,0,1.8e-07,3,1.00497e-05
1.1999999999999995,4.109090909090909e-14,5e-11,0,3.6e-07,3,1.02367e-05
1.1999999999999995,4.109090909090909e-14,5e-11,25,1.8e-07,3,9.97311e-06
1.1999999999999995,4.109090909090909e-14,5e-11,25,3.6e-07,3,1.02444e-05
1.1999999999999995,4.109090909090909e-14,5e-11,75,1.8e-07,3,9.38539e-06
1.1999999999999995,4.109090909090909e-14,5e-11,75,3.6e-07,3,1.02434e-05
1.1999999999999995,4.109090909090909e-14,5e-11,100,1.8e-07,3,8.84843e-06
1.1999999999999995,4.109090909090909e-14,5e-11,100,3.6e-07,3,1.02062e-05
1.1999999999999995,4.109090909090909e-14,5e-11,125,1.8e-07,3,8.21294e-06
1.1999999999999995,4.109090909090909e-14,5e-11,125,3.6e-07,3,1.01124e-05
1.1999999999999995,4.109090909090909e-14,1e-10,-40,1.8e-07,3,1.00862e-05
1.1999999999999995,4.109090909090909e-14,1e-10,-40,3.6e-07,3,1.02623e-05
1.1999999999999995,4.109090909090909e-14,1e-10,-25,1.8e-07,3,1.00775e-05
1.1999999999999995,4.109090909090909e-14,1e-10,-25,3.6e-07,3,1.02547e-05
1.1999999999999995,4.109090909090909e-14,1e-10,0,1.8e-07,3,1.00455e-05
1.1999999999999995,4.109090909090909e-14,1e-10,0,3.6e-07,3,1.02508e-05
1.1999999999999995,4.109090909090909e-14,1e-10,25,1.8e-07,3,9.93117e-06
1.1999999999999995,4.109090909090909e-14,1e-10,25,3.6e-07,3,1.02518e-05
1.1999999999999995,4.109090909090909e-14,1e-10,75,1.8e-07,3,9.2016e-06
1.1999999999999995,4.109090909090909e-14,1e-10,75,3.6e-07,3,1.02328e-05
1.1999999999999995,4.109090909090909e-14,1e-10,100,1.8e-07,3,8.59319e-06
1.1999999999999995,4.109090909090909e-14,1e-10,100,3.6e-07,3,1.01733e-05
1.1999999999999995,4.109090909090909e-14,1e-10,125,1.8e-07,3,7.90689e-06
1.1999999999999995,4.109090909090909e-14,1e-10,125,3.6e-07,3,1.0045e-05
1.1999999999999995,4.109090909090909e-14,2e-10,-40,1.8e-07,3,1.01669e-05
1.1999999999999995,4.109090909090909e-14,2e-10,-40,3.6e-07,3,1.04042e-05
1.1999999999999995,4.109090909090909e-14,2e-10,-25,1.8e-07,3,1.01308e-05
1.1999999999999995,4.109090909090909e-14,2e-10,-25,3.6e-07,3,1.03657e-05
1.1999999999999995,4.109090909090909e-14,2e-10,0,1.8e-07,3,1.00311e-05
1.1999999999999995,4.109090909090909e-14,2e-10,0,3.6e-07,3,1.03275e-05
1.1999999999999995,4.109090909090909e-14,2e-10,25,1.8e-07,3,9.78859e-06
1.1999999999999995,4.109090909090909e-14,2e-10,25,3.6e-07,3,1.03042e-05
1.1999999999999995,4.109090909090909e-14,2e-10,75,1.8e-07,3,8.68561e-06
1.1999999999999995,4.109090909090909e-14,2e-10,75,3.6e-07,3,1.02134e-05
1.1999999999999995,4.109090909090909e-14,2e-10,100,1.8e-07,3,7.93087e-06
1.1999999999999995,4.109090909090909e-14,2e-10,100,3.6e-07,3,1.00793e-05
1.1999999999999995,4.109090909090909e-14,2e-10,125,1.8e-07,3,7.16077e-06
1.1999999999999995,4.109090909090909e-14,2e-10,125,3.6e-07,3,9.84779e-06
1.1999999999999995,4.109090909090909e-14,4e-10,-40,1.8e-07,3,1.03388e-05
1.1999999999999995,4.109090909090909e-14,4e-10,-40,3.6e-07,3,1.08435e-05
1.1999999999999995,4.109090909090909e-14,4e-10,-25,1.8e-07,3,1.01195e-05
1.1999999999999995,4.109090909090909e-14,4e-10,-25,3.6e-07,3,1.07249e-05
1.1999999999999995,4.109090909090909e-14,4e-10,0,1.8e-07,3,9.53338e-06
1.1999999999999995,4.109090909090909e-14,4e-10,0,3.6e-07,3,1.05809e-05
1.1999999999999995,4.109090909090909e-14,4e-10,25,1.8e-07,3,8.6425e-06
1.1999999999999995,4.109090909090909e-14,4e-10,25,3.6e-07,3,1.0435e-05
1.1999999999999995,4.109090909090909e-14,4e-10,75,1.8e-07,3,6.61925e-06
1.1999999999999995,4.109090909090909e-14,4e-10,75,3.6e-07,3,9.83425e-06
1.1999999999999995,4.109090909090909e-14,4e-10,100,1.8e-07,3,5.76492e-06
1.1999999999999995,4.109090909090909e-14,4e-10,100,3.6e-07,3,9.3096e-06
1.1999999999999995,4.109090909090909e-14,4e-10,125,1.8e-07,3,5.05308e-06
1.1999999999999995,4.109090909090909e-14,4e-10,125,3.6e-07,3,8.67319e-06
1.1999999999999995,4.5545454545454544e-14,1e-11,-40,1.8e-07,3,1.11373e-05
1.1999999999999995,4.5545454545454544e-14,1e-11,-40,3.6e-07,3,1.13076e-05
1.1999999999999995,4.5545454545454544e-14,1e-11,-25,1.8e-07,3,1.11373e-05
1.1999999999999995,4.5545454545454544e-14,1e-11,-25,3.6e-07,3,1.13133e-05
1.1999999999999995,4.5545454545454544e-14,1e-11,0,1.8e-07,3,1.11145e-05
1.1999999999999995,4.5545454545454544e-14,1e-11,0,3.6e-07,3,1.13232e-05
1.1999999999999995,4.5545454545454544e-14,1e-11,25,1.8e-07,3,1.10054e-05
1.1999999999999995,4.5545454545454544e-14,1e-11,25,3.6e-07,3,1.13331e-05
1.1999999999999995,4.5545454545454544e-14,1e-11,75,1.8e-07,3,1.02531e-05
1.1999999999999995,4.5545454545454544e-14,1e-11,75,3.6e-07,3,1.13268e-05
1.1999999999999995,4.5545454545454544e-14,1e-11,100,1.8e-07,3,9.60865e-06
1.1999999999999995,4.5545454545454544e-14,1e-11,100,3.6e-07,3,1.12708e-05
1.1999999999999995,4.5545454545454544e-14,1e-11,125,1.8e-07,3,8.86996e-06
1.1999999999999995,4.5545454545454544e-14,1e-11,125,3.6e-07,3,1.11441e-05
1.1999999999999995,4.5545454545454544e-14,5e-11,-40,1.8e-07,3,1.11332e-05
1.1999999999999995,4.5545454545454544e-14,5e-11,-40,3.6e-07,3,1.12959e-05
1.1999999999999995,4.5545454545454544e-14,5e-11,-25,1.8e-07,3,1.11296e-05
1.1999999999999995,4.5545454545454544e-14,5e-11,-25,3.6e-07,3,1.12987e-05
1.1999999999999995,4.5545454545454544e-14,5e-11,0,1.8e-07,3,1.10936e-05
1.1999999999999995,4.5545454545454544e-14,5e-11,0,3.6e-07,3,1.13056e-05
1.1999999999999995,4.5545454545454544e-14,5e-11,25,1.8e-07,3,1.09502e-05
1.1999999999999995,4.5545454545454544e-14,5e-11,25,3.6e-07,3,1.13126e-05
1.1999999999999995,4.5545454545454544e-14,5e-11,75,1.8e-07,3,1.00747e-05
1.1999999999999995,4.5545454545454544e-14,5e-11,75,3.6e-07,3,1.12904e-05
1.1999999999999995,4.5545454545454544e-14,5e-11,100,1.8e-07,3,9.37189e-06
1.1999999999999995,4.5545454545454544e-14,5e-11,100,3.6e-07,3,1.12136e-05
1.1999999999999995,4.5545454545454544e-14,5e-11,125,1.8e-07,3,8.59458e-06
1.1999999999999995,4.5545454545454544e-14,5e-11,125,3.6e-07,3,1.1053e-05
1.1999999999999995,4.5545454545454544e-14,1e-10,-40,1.8e-07,3,1.11516e-05
1.1999999999999995,4.5545454545454544e-14,1e-10,-40,3.6e-07,3,1.13281e-05
1.1999999999999995,4.5545454545454544e-14,1e-10,-25,1.8e-07,3,1.11387e-05
1.1999999999999995,4.5545454545454544e-14,1e-10,-25,3.6e-07,3,1.13212e-05
1.1999999999999995,4.5545454545454544e-14,1e-10,0,1.8e-07,3,1.10756e-05
1.1999999999999995,4.5545454545454544e-14,1e-10,0,3.6e-07,3,1.13181e-05
1.1999999999999995,4.5545454545454544e-14,1e-10,25,1.8e-07,3,1.08751e-05
1.1999999999999995,4.5545454545454544e-14,1e-10,25,3.6e-07,3,1.13182e-05
1.1999999999999995,4.5545454545454544e-14,1e-10,75,1.8e-07,3,9.82446e-06
1.1999999999999995,4.5545454545454544e-14,1e-10,75,3.6e-07,3,1.12683e-05
1.1999999999999995,4.5545454545454544e-14,1e-10,100,1.8e-07,3,9.04948e-06
1.1999999999999995,4.5545454545454544e-14,1e-10,100,3.6e-07,3,1.11579e-05
1.1999999999999995,4.5545454545454544e-14,1e-10,125,1.8e-07,3,8.22968e-06
1.1999999999999995,4.5545454545454544e-14,1e-10,125,3.6e-07,3,1.09488e-05
1.1999999999999995,4.5545454545454544e-14,2e-10,-40,1.8e-07,3,1.12226e-05
1.1999999999999995,4.5545454545454544e-14,2e-10,-40,3.6e-07,3,1.14613e-05
1.1999999999999995,4.5545454545454544e-14,2e-10,-25,1.8e-07,3,1.1174e-05
1.1999999999999995,4.5545454545454544e-14,2e-10,-25,3.6e-07,3,1.14249e-05
1.1999999999999995,4.5545454545454544e-14,2e-10,0,1.8e-07,3,1.10091e-05
1.1999999999999995,4.5545454545454544e-14,2e-10,0,3.6e-07,3,1.13888e-05
1.1999999999999995,4.5545454545454544e-14,2e-10,25,1.8e-07,3,1.0628e-05
1.1999999999999995,4.5545454545454544e-14,2e-10,25,3.6e-07,3,1.13626e-05
1.1999999999999995,4.5545454545454544e-14,2e-10,75,1.8e-07,3,9.14722e-06
1.1999999999999995,4.5545454545454544e-14,2e-10,75,3.6e-07,3,1.12066e-05
1.1999999999999995,4.5545454545454544e-14,2e-10,100,1.8e-07,3,8.24205e-06
1.1999999999999995,4.5545454545454544e-14,2e-10,100,3.6e-07,3,1.09896e-05
1.1999999999999995,4.5545454545454544e-14,2e-10,125,1.8e-07,3,7.3682e-06
1.1999999999999995,4.5545454545454544e-14,2e-10,125,3.6e-07,3,1.06452e-05
1.1999999999999995,4.5545454545454544e-14,4e-10,-40,1.8e-07,3,1.12926e-05
1.1999999999999995,4.5545454545454544e-14,4e-10,-40,3.6e-07,3,1.18787e-05
1.1999999999999995,4.5545454545454544e-14,4e-10,-25,1.8e-07,3,1.0978e-05
1.1999999999999995,4.5545454545454544e-14,4e-10,-25,3.6e-07,3,1.17627e-05
1.1999999999999995,4.5545454545454544e-14,4e-10,0,1.8e-07,3,1.01497e-05
1.1999999999999995,4.5545454545454544e-14,4e-10,0,3.6e-07,3,1.16087e-05
1.1999999999999995,4.5545454545454544e-14,4e-10,25,1.8e-07,3,9.00884e-06
1.1999999999999995,4.5545454545454544e-14,4e-10,25,3.6e-07,3,1.14133e-05
1.1999999999999995,4.5545454545454544e-14,4e-10,75,1.8e-07,3,6.73709e-06
1.1999999999999995,4.5545454545454544e-14,4e-10,75,3.6e-07,3,1.05479e-05
1.1999999999999995,4.5545454545454544e-14,4e-10,100,1.8e-07,3,5.84287e-06
1.1999999999999995,4.5545454545454544e-14,4e-10,100,3.6e-07,3,9.84912e-06
1.1999999999999995,4.5545454545454544e-14,4e-10,125,1.8e-07,3,5.10848e-06
1.1999999999999995,4.5545454545454544e-14,4e-10,125,3.6e-07,3,9.05704e-06
1.1999999999999995,5e-14,1e-11,-40,1.8e-07,3,1.22052e-05
1.1999999999999995,5e-14,1e-11,-40,3.6e-07,3,1.23767e-05
1.1999999999999995,5e-14,1e-11,-25,1.8e-07,3,1.22011e-05
1.1999999999999995,5e-14,1e-11,-25,3.6e-07,3,1.23824e-05
1.1999999999999995,5e-14,1e-11,0,1.8e-07,3,1.21505e-05
1.1999999999999995,5e-14,1e-11,0,3.6e-07,3,1.23921e-05
1.1999999999999995,5e-14,1e-11,25,1.8e-07,3,1.19632e-05
1.1999999999999995,5e-14,1e-11,25,3.6e-07,3,1.24008e-05
1.1999999999999995,5e-14,1e-11,75,1.8e-07,3,1.09035e-05
1.1999999999999995,5e-14,1e-11,75,3.6e-07,3,1.23666e-05
1.1999999999999995,5e-14,1e-11,100,1.8e-07,3,1.00935e-05
1.1999999999999995,5e-14,1e-11,100,3.6e-07,3,1.22648e-05
1.1999999999999995,5e-14,1e-11,125,1.8e-07,3,9.21926e-06
1.1999999999999995,5e-14,1e-11,125,3.6e-07,3,1.20619e-05
1.1999999999999995,5e-14,5e-11,-40,1.8e-07,3,1.22e-05
1.1999999999999995,5e-14,5e-11,-40,3.6e-07,3,1.23646e-05
1.1999999999999995,5e-14,5e-11,-25,1.8e-07,3,1.21906e-05
1.1999999999999995,5e-14,5e-11,-25,3.6e-07,3,1.23675e-05
1.1999999999999995,5e-14,5e-11,0,1.8e-07,3,1.21184e-05
1.1999999999999995,5e-14,5e-11,0,3.6e-07,3,1.23744e-05
1.1999999999999995,5e-14,5e-11,25,1.8e-07,3,1.18807e-05
1.1999999999999995,5e-14,5e-11,25,3.6e-07,3,1.23797e-05
1.1999999999999995,5e-14,5e-11,75,1.8e-07,3,1.06747e-05
1.1999999999999995,5e-14,5e-11,75,3.6e-07,3,1.23212e-05
1.1999999999999995,5e-14,5e-11,100,1.8e-07,3,9.8079e-06
1.1999999999999995,5e-14,5e-11,100,3.6e-07,3,1.21882e-05
1.1999999999999995,5e-14,5e-11,125,1.8e-07,3,8.90156e-06
1.1999999999999995,5e-14,5e-11,125,3.6e-07,3,1.1941e-05
1.1999999999999995,5e-14,1e-10,-40,1.8e-07,3,1.22152e-05
1.1999999999999995,5e-14,1e-10,-40,3.6e-07,3,1.23944e-05
1.1999999999999995,5e-14,1e-10,-25,1.8e-07,3,1.21933e-05
1.1999999999999995,5e-14,1e-10,-25,3.6e-07,3,1.23882e-05
1.1999999999999995,5e-14,1e-10,0,1.8e-07,3,1.20797e-05
1.1999999999999995,5e-14,1e-10,0,3.6e-07,3,1.23855e-05
1.1999999999999995,5e-14,1e-10,25,1.8e-07,3,1.17624e-05
1.1999999999999995,5e-14,1e-10,25,3.6e-07,3,1.2383e-05
1.1999999999999995,5e-14,1e-10,75,1.8e-07,3,1.03541e-05
1.1999999999999995,5e-14,1e-10,75,3.6e-07,3,1.22823e-05
1.1999999999999995,5e-14,1e-10,100,1.8e-07,3,9.42139e-06
1.1999999999999995,5e-14,1e-10,100,3.6e-07,3,1.21017e-05
1.1999999999999995,5e-14,1e-10,125,1.8e-07,3,8.48441e-06
1.1999999999999995,5e-14,1e-10,125,3.6e-07,3,1.17917e-05
1.1999999999999995,5e-14,2e-10,-40,1.8e-07,3,1.22727e-05
1.1999999999999995,5e-14,2e-10,-40,3.6e-07,3,1.252e-05
1.1999999999999995,5e-14,2e-10,-25,1.8e-07,3,1.22016e-05
1.1999999999999995,5e-14,2e-10,-25,3.6e-07,3,1.24854e-05
1.1999999999999995,5e-14,2e-10,0,1.8e-07,3,1.19411e-05
1.1999999999999995,5e-14,2e-10,0,3.6e-07,3,1.24503e-05
1.1999999999999995,5e-14,2e-10,25,1.8e-07,3,1.13874e-05
1.1999999999999995,5e-14,2e-10,25,3.6e-07,3,1.24165e-05
1.1999999999999995,5e-14,2e-10,75,1.8e-07,3,9.51968e-06
1.1999999999999995,5e-14,2e-10,75,3.6e-07,3,1.21624e-05
1.1999999999999995,5e-14,2e-10,100,1.8e-07,3,8.48398e-06
1.1999999999999995,5e-14,2e-10,100,3.6e-07,3,1.18395e-05
1.1999999999999995,5e-14,2e-10,125,1.8e-07,3,7.5266e-06
1.1999999999999995,5e-14,2e-10,125,3.6e-07,3,1.13643e-05
1.1999999999999995,5e-14,4e-10,-40,1.8e-07,3,1.21934e-05
1.1999999999999995,5e-14,4e-10,-40,3.6e-07,3,1.29172e-05
1.1999999999999995,5e-14,4e-10,-25,1.8e-07,3,1.17526e-05
1.1999999999999995,5e-14,4e-10,-25,3.6e-07,3,1.28012e-05
1.1999999999999995,5e-14,4e-10,0,1.8e-07,3,1.06508e-05
1.1999999999999995,5e-14,4e-10,0,3.6e-07,3,1.26248e-05
1.1999999999999995,5e-14,4e-10,25,1.8e-07,3,9.27926e-06
1.1999999999999995,5e-14,4e-10,25,3.6e-07,3,1.23538e-05
1.1999999999999995,5e-14,4e-10,75,1.8e-07,3,6.82734e-06
1.1999999999999995,5e-14,4e-10,75,3.6e-07,3,1.11672e-05
1.1999999999999995,5e-14,4e-10,100,1.8e-07,3,5.90465e-06
1.1999999999999995,5e-14,4e-10,100,3.6e-07,3,1.029e-05
1.1999999999999995,5e-14,4e-10,125,1.8e-07,3,5.15398e-06
1.1999999999999995,5e-14,4e-10,125,3.6e-07,3,9.35575e-06
1.2999999999999998,1e-15,1e-11,-40,1.8e-07,3,5.18387e-07
1.2999999999999998,1e-15,1e-11,-40,3.6e-07,3,7.05505e-07
1.2999999999999998,1e-15,1e-11,-25,1.8e-07,3,5.22237e-07
1.2999999999999998,1e-15,1e-11,-25,3.6e-07,3,7.13613e-07
1.2999999999999998,1e-15,1e-11,0,1.8e-07,3,5.29987e-07
1.2999999999999998,1e-15,1e-11,0,3.6e-07,3,7.29105e-07
1.2999999999999998,1e-15,1e-11,25,1.8e-07,3,5.38707e-07
1.2999999999999998,1e-15,1e-11,25,3.6e-07,3,7.45384e-07
1.2999999999999998,1e-15,1e-11,75,1.8e-07,3,5.57637e-07
1.2999999999999998,1e-15,1e-11,75,3.6e-07,3,7.81388e-07
1.2999999999999998,1e-15,1e-11,100,1.8e-07,3,5.67728e-07
1.2999999999999998,1e-15,1e-11,100,3.6e-07,3,8.00141e-07
1.2999999999999998,1e-15,1e-11,125,1.8e-07,3,5.77667e-07
1.2999999999999998,1e-15,1e-11,125,3.6e-07,3,8.18541e-07
1.2999999999999998,1e-15,5e-11,-40,1.8e-07,3,6.42102e-07
1.2999999999999998,1e-15,5e-11,-40,3.6e-07,3,8.85145e-07
1.2999999999999998,1e-15,5e-11,-25,1.8e-07,3,6.20766e-07
1.2999999999999998,1e-15,5e-11,-25,3.6e-07,3,8.58471e-07
1.2999999999999998,1e-15,5e-11,0,1.8e-07,3,5.96247e-07
1.2999999999999998,1e-15,5e-11,0,3.6e-07,3,8.26061e-07
1.2999999999999998,1e-15,5e-11,25,1.8e-07,3,5.81616e-07
1.2999999999999998,1e-15,5e-11,25,3.6e-07,3,8.06333e-07
1.2999999999999998,1e-15,5e-11,75,1.8e-07,3,5.70995e-07
1.2999999999999998,1e-15,5e-11,75,3.6e-07,3,7.93351e-07
1.2999999999999998,1e-15,5e-11,100,1.8e-07,3,5.71388e-07
1.2999999999999998,1e-15,5e-11,100,3.6e-07,3,7.9576e-07
1.2999999999999998,1e-15,5e-11,125,1.8e-07,3,5.74114e-07
1.2999999999999998,1e-15,5e-11,125,3.6e-07,3,8.01353e-07
1.2999999999999998,1e-15,1e-10,-40,1.8e-07,3,9.0203e-07
1.2999999999999998,1e-15,1e-10,-40,3.6e-07,3,1.25544e-06
1.2999999999999998,1e-15,1e-10,-25,1.8e-07,3,8.48179e-07
1.2999999999999998,1e-15,1e-10,-25,3.6e-07,3,1.19086e-06
1.2999999999999998,1e-15,1e-10,0,1.8e-07,3,7.7732e-07
1.2999999999999998,1e-15,1e-10,0,3.6e-07,3,1.10216e-06
1.2999999999999998,1e-15,1e-10,25,1.8e-07,3,7.25727e-07
1.2999999999999998,1e-15,1e-10,25,3.6e-07,3,1.03359e-06
1.2999999999999998,1e-15,1e-10,75,1.8e-07,3,6.63353e-07
1.2999999999999998,1e-15,1e-10,75,3.6e-07,3,9.44162e-07
1.2999999999999998,1e-15,1e-10,100,1.8e-07,3,6.45946e-07
1.2999999999999998,1e-15,1e-10,100,3.6e-07,3,9.17658e-07
1.2999999999999998,1e-15,1e-10,125,1.8e-07,3,6.34368e-07
1.2999999999999998,1e-15,1e-10,125,3.6e-07,3,8.99659e-07
1.2999999999999998,1e-15,2e-10,-40,1.8e-07,3,1.48707e-06
1.2999999999999998,1e-15,2e-10,-40,3.6e-07,3,2.06521e-06
1.2999999999999998,1e-15,2e-10,-25,1.8e-07,3,1.37343e-06
1.2999999999999998,1e-15,2e-10,-25,3.6e-07,3,1.9313e-06
1.2999999999999998,1e-15,2e-10,0,1.8e-07,3,1.21661e-06
1.2999999999999998,1e-15,2e-10,0,3.6e-07,3,1.74062e-06
1.2999999999999998,1e-15,2e-10,25,1.8e-07,3,1.09372e-06
1.2999999999999998,1e-15,2e-10,25,3.6e-07,3,1.5845e-06
1.2999999999999998,1e-15,2e-10,75,1.8e-07,3,9.23969e-07
1.2999999999999998,1e-15,2e-10,75,3.6e-07,3,1.3548e-06
1.2999999999999998,1e-15,2e-10,100,1.8e-07,3,8.66775e-07
1.2999999999999998,1e-15,2e-10,100,3.6e-07,3,1.27251e-06
1.2999999999999998,1e-15,2e-10,125,1.8e-07,3,8.2256e-07
1.2999999999999998,1e-15,2e-10,125,3.6e-07,3,1.20681e-06
1.2999999999999998,1e-15,4e-10,-40,1.8e-07,3,2.71359e-06
1.2999999999999998,1e-15,4e-10,-40,3.6e-07,3,3.74977e-06
1.2999999999999998,1e-15,4e-10,-25,1.8e-07,3,2.48428e-06
1.2999999999999998,1e-15,4e-10,-25,3.6e-07,3,3.48029e-06
1.2999999999999998,1e-15,4e-10,0,1.8e-07,3,2.16304e-06
1.2999999999999998,1e-15,4e-10,0,3.6e-07,3,3.0918e-06
1.2999999999999998,1e-15,4e-10,25,1.8e-07,3,1.90539e-06
1.2999999999999998,1e-15,4e-10,25,3.6e-07,3,2.76777e-06
1.2999999999999998,1e-15,4e-10,75,1.8e-07,3,1.53225e-06
1.2999999999999998,1e-15,4e-10,75,3.6e-07,3,2.27405e-06
1.2999999999999998,1e-15,4e-10,100,1.8e-07,3,1.39785e-06
1.2999999999999998,1e-15,4e-10,100,3.6e-07,3,2.08795e-06
1.2999999999999998,1e-15,4e-10,125,1.8e-07,3,1.28884e-06
1.2999999999999998,1e-15,4e-10,125,3.6e-07,3,1.93311e-06
1.2999999999999998,5.454545454545455e-15,1e-11,-40,1.8e-07,3,1.77957e-06
1.2999999999999998,5.454545454545455e-15,1e-11,-40,3.6e-07,3,1.97244e-06
1.2999999999999998,5.454545454545455e-15,1e-11,-25,1.8e-07,3,1.78389e-06
1.2999999999999998,5.454545454545455e-15,1e-11,-25,3.6e-07,3,1.98178e-06
1.2999999999999998,5.454545454545455e-15,1e-11,0,1.8e-07,3,1.79156e-06
1.2999999999999998,5.454545454545455e-15,1e-11,0,3.6e-07,3,1.99781e-06
1.2999999999999998,5.454545454545455e-15,1e-11,25,1.8e-07,3,1.79966e-06
1.2999999999999998,5.454545454545455e-15,1e-11,25,3.6e-07,3,2.014e-06
1.2999999999999998,5.454545454545455e-15,1e-11,75,1.8e-07,3,1.8165e-06
1.2999999999999998,5.454545454545455e-15,1e-11,75,3.6e-07,3,2.04734e-06
1.2999999999999998,5.454545454545455e-15,1e-11,100,1.8e-07,3,1.82544e-06
1.2999999999999998,5.454545454545455e-15,1e-11,100,3.6e-07,3,2.0642e-06
1.2999999999999998,5.454545454545455e-15,1e-11,125,1.8e-07,3,1.83412e-06
1.2999999999999998,5.454545454545455e-15,1e-11,125,3.6e-07,3,2.08052e-06
1.2999999999999998,5.454545454545455e-15,5e-11,-40,1.8e-07,3,1.83222e-06
1.2999999999999998,5.454545454545455e-15,5e-11,-40,3.6e-07,3,2.04986e-06
1.2999999999999998,5.454545454545455e-15,5e-11,-25,1.8e-07,3,1.82127e-06
1.2999999999999998,5.454545454545455e-15,5e-11,-25,3.6e-07,3,2.03509e-06
1.2999999999999998,5.454545454545455e-15,5e-11,0,1.8e-07,3,1.81134e-06
1.2999999999999998,5.454545454545455e-15,5e-11,0,3.6e-07,3,2.02261e-06
1.2999999999999998,5.454545454545455e-15,5e-11,25,1.8e-07,3,1.80793e-06
1.2999999999999998,5.454545454545455e-15,5e-11,25,3.6e-07,3,2.01945e-06
1.2999999999999998,5.454545454545455e-15,5e-11,75,1.8e-07,3,1.81094e-06
1.2999999999999998,5.454545454545455e-15,5e-11,75,3.6e-07,3,2.02929e-06
1.2999999999999998,5.454545454545455e-15,5e-11,100,1.8e-07,3,1.81538e-06
1.2999999999999998,5.454545454545455e-15,5e-11,100,3.6e-07,3,2.0385e-06
1.2999999999999998,5.454545454545455e-15,5e-11,125,1.8e-07,3,1.82057e-06
1.2999999999999998,5.454545454545455e-15,5e-11,125,3.6e-07,3,2.04871e-06
1.2999999999999998,5.454545454545455e-15,1e-10,-40,1.8e-07,3,1.98684e-06
1.2999999999999998,5.454545454545455e-15,1e-10,-40,3.6e-07,3,2.30057e-06
1.2999999999999998,5.454545454545455e-15,1e-10,-25,1.8e-07,3,1.94917e-06
1.2999999999999998,5.454545454545455e-15,1e-10,-25,3.6e-07,3,2.24607e-06
1.2999999999999998,5.454545454545455e-15,1e-10,0,1.8e-07,3,1.90585e-06
1.2999999999999998,5.454545454545455e-15,1e-10,0,3.6e-07,3,2.18086e-06
1.2999999999999998,5.454545454545455e-15,1e-10,25,1.8e-07,3,1.87843e-06
1.2999999999999998,5.454545454545455e-15,1e-10,25,3.6e-07,3,2.13868e-06
1.2999999999999998,5.454545454545455e-15,1e-10,75,1.8e-07,3,1.85114e-06
1.2999999999999998,5.454545454545455e-15,1e-10,75,3.6e-07,3,2.09716e-06
1.2999999999999998,5.454545454545455e-15,1e-10,100,1.8e-07,3,1.84576e-06
1.2999999999999998,5.454545454545455e-15,1e-10,100,3.6e-07,3,2.08939e-06
1.2999999999999998,5.454545454545455e-15,1e-10,125,1.8e-07,3,1.84328e-06
1.2999999999999998,5.454545454545455e-15,1e-10,125,3.6e-07,3,2.08631e-06
1.2999999999999998,5.454545454545455e-15,2e-10,-40,1.8e-07,3,2.4093e-06
1.2999999999999998,5.454545454545455e-15,2e-10,-40,3.6e-07,3,2.96703e-06
1.2999999999999998,5.454545454545455e-15,2e-10,-25,1.8e-07,3,2.31053e-06
1.2999999999999998,5.454545454545455e-15,2e-10,-25,3.6e-07,3,2.83332e-06
1.2999999999999998,5.454545454545455e-15,2e-10,0,1.8e-07,3,2.18716e-06
1.2999999999999998,5.454545454545455e-15,2e-10,0,3.6e-07,3,2.6539e-06
1.2999999999999998,5.454545454545455e-15,2e-10,25,1.8e-07,3,2.10042e-06
1.2999999999999998,5.454545454545455e-15,2e-10,25,3.6e-07,3,2.51898e-06
1.2999999999999998,5.454545454545455e-15,2e-10,75,1.8e-07,3,1.9943e-06
1.2999999999999998,5.454545454545455e-15,2e-10,75,3.6e-07,3,2.34613e-06
1.2999999999999998,5.454545454545455e-15,2e-10,100,1.8e-07,3,1.96245e-06
1.2999999999999998,5.454545454545455e-15,2e-10,100,3.6e-07,3,2.29283e-06
1.2999999999999998,5.454545454545455e-15,2e-10,125,1.8e-07,3,1.93901e-06
1.2999999999999998,5.454545454545455e-15,2e-10,125,3.6e-07,3,2.25367e-06
1.2999999999999998,5.454545454545455e-15,4e-10,-40,1.8e-07,3,3.45693e-06
1.2999999999999998,5.454545454545455e-15,4e-10,-40,3.6e-07,3,4.4965e-06
1.2999999999999998,5.454545454545455e-15,4e-10,-25,1.8e-07,3,3.2321e-06
1.2999999999999998,5.454545454545455e-15,4e-10,-25,3.6e-07,3,4.22029e-06
1.2999999999999998,5.454545454545455e-15,4e-10,0,1.8e-07,3,2.931e-06
1.2999999999999998,5.454545454545455e-15,4e-10,0,3.6e-07,3,3.8306e-06
1.2999999999999998,5.454545454545455e-15,4e-10,25,1.8e-07,3,2.70456e-06
1.2999999999999998,5.454545454545455e-15,4e-10,25,3.6e-07,3,3.51529e-06
1.2999999999999998,5.454545454545455e-15,4e-10,75,1.8e-07,3,2.40567e-06
1.2999999999999998,5.454545454545455e-15,4e-10,75,3.6e-07,3,3.05898e-06
1.2999999999999998,5.454545454545455e-15,4e-10,100,1.8e-07,3,2.30731e-06
1.2999999999999998,5.454545454545455e-15,4e-10,100,3.6e-07,3,2.89801e-06
1.2999999999999998,5.454545454545455e-15,4e-10,125,1.8e-07,3,2.23065e-06
1.2999999999999998,5.454545454545455e-15,4e-10,125,3.6e-07,3,2.77001e-06
1.2999999999999998,9.909090909090907e-15,1e-11,-40,1.8e-07,3,3.03633e-06
1.2999999999999998,9.909090909090907e-15,1e-11,-40,3.6e-07,3,3.23272e-06
1.2999999999999998,9.909090909090907e-15,1e-11,-25,1.8e-07,3,3.04012e-06
1.2999999999999998,9.909090909090907e-15,1e-11,-25,3.6e-07,3,3.24159e-06
1.2999999999999998,9.909090909090907e-15,1e-11,0,1.8e-07,3,3.04736e-06
1.2999999999999998,9.909090909090907e-15,1e-11,0,3.6e-07,3,3.25692e-06
1.2999999999999998,9.909090909090907e-15,1e-11,25,1.8e-07,3,3.05502e-06
1.2999999999999998,9.909090909090907e-15,1e-11,25,3.6e-07,3,3.27229e-06
1.2999999999999998,9.909090909090907e-15,1e-11,75,1.8e-07,3,3.07118e-06
1.2999999999999998,9.909090909090907e-15,1e-11,75,3.6e-07,3,3.30339e-06
1.2999999999999998,9.909090909090907e-15,1e-11,100,1.8e-07,3,3.07942e-06
1.2999999999999998,9.909090909090907e-15,1e-11,100,3.6e-07,3,3.31949e-06
1.2999999999999998,9.909090909090907e-15,1e-11,125,1.8e-07,3,3.08719e-06
1.2999999999999998,9.909090909090907e-15,1e-11,125,3.6e-07,3,3.33511e-06
1.2999999999999998,9.909090909090907e-15,5e-11,-40,1.8e-07,3,3.07031e-06
1.2999999999999998,9.909090909090907e-15,5e-11,-40,3.6e-07,3,3.28027e-06
1.2999999999999998,9.909090909090907e-15,5e-11,-25,1.8e-07,3,3.0624e-06
1.2999999999999998,9.909090909090907e-15,5e-11,-25,3.6e-07,3,3.27069e-06
1.2999999999999998,9.909090909090907e-15,5e-11,0,1.8e-07,3,3.05671e-06
1.2999999999999998,9.909090909090907e-15,5e-11,0,3.6e-07,3,3.26487e-06
1.2999999999999998,9.909090909090907e-15,5e-11,25,1.8e-07,3,3.05616e-06
1.2999999999999998,9.909090909090907e-15,5e-11,25,3.6e-07,3,3.26645e-06
1.2999999999999998,9.909090909090907e-15,5e-11,75,1.8e-07,3,3.06233e-06
1.2999999999999998,9.909090909090907e-15,5e-11,75,3.6e-07,3,3.28063e-06
1.2999999999999998,9.909090909090907e-15,5e-11,100,1.8e-07,3,3.06719e-06
1.2999999999999998,9.909090909090907e-15,5e-11,100,3.6e-07,3,3.29095e-06
1.2999999999999998,9.909090909090907e-15,5e-11,125,1.8e-07,3,3.07209e-06
1.2999999999999998,9.909090909090907e-15,5e-11,125,3.6e-07,3,3.30179e-06
1.2999999999999998,9.909090909090907e-15,1e-10,-40,1.8e-07,3,3.18835e-06
1.2999999999999998,9.909090909090907e-15,1e-10,-40,3.6e-07,3,3.47343e-06
1.2999999999999998,9.909090909090907e-15,1e-10,-25,1.8e-07,3,3.15809e-06
1.2999999999999998,9.909090909090907e-15,1e-10,-25,3.6e-07,3,3.42917e-06
1.2999999999999998,9.909090909090907e-15,1e-10,0,1.8e-07,3,3.12497e-06
1.2999999999999998,9.909090909090907e-15,1e-10,0,3.6e-07,3,3.37991e-06
1.2999999999999998,9.909090909090907e-15,1e-10,25,1.8e-07,3,3.10565e-06
1.2999999999999998,9.909090909090907e-15,1e-10,25,3.6e-07,3,3.35056e-06
1.2999999999999998,9.909090909090907e-15,1e-10,75,1.8e-07,3,3.08874e-06
1.2999999999999998,9.909090909090907e-15,1e-10,75,3.6e-07,3,3.32569e-06
1.2999999999999998,9.909090909090907e-15,1e-10,100,1.8e-07,3,3.08633e-06
1.2999999999999998,9.909090909090907e-15,1e-10,100,3.6e-07,3,3.32335e-06
1.2999999999999998,9.909090909090907e-15,1e-10,125,1.8e-07,3,3.08547e-06
1.2999999999999998,9.909090909090907e-15,1e-10,125,3.6e-07,3,3.32453e-06
1.2999999999999998,9.909090909090907e-15,2e-10,-40,1.8e-07,3,3.52874e-06
1.2999999999999998,9.909090909090907e-15,2e-10,-40,3.6e-07,3,4.02871e-06
1.2999999999999998,9.909090909090907e-15,2e-10,-25,1.8e-07,3,3.44427e-06
1.2999999999999998,9.909090909090907e-15,2e-10,-25,3.6e-07,3,3.90574e-06
1.2999999999999998,9.909090909090907e-15,2e-10,0,1.8e-07,3,3.34292e-06
1.2999999999999998,9.909090909090907e-15,2e-10,0,3.6e-07,3,3.75027e-06
1.2999999999999998,9.909090909090907e-15,2e-10,25,1.8e-07,3,3.27422e-06
1.2999999999999998,9.909090909090907e-15,2e-10,25,3.6e-07,3,3.64107e-06
1.2999999999999998,9.909090909090907e-15,2e-10,75,1.8e-07,3,3.19358e-06
1.2999999999999998,9.909090909090907e-15,2e-10,75,3.6e-07,3,3.50906e-06
1.2999999999999998,9.909090909090907e-15,2e-10,100,1.8e-07,3,3.16993e-06
1.2999999999999998,9.909090909090907e-15,2e-10,100,3.6e-07,3,3.47092e-06
1.2999999999999998,9.909090909090907e-15,2e-10,125,1.8e-07,3,3.15156e-06
1.2999999999999998,9.909090909090907e-15,2e-10,125,3.6e-07,3,3.44385e-06
1.2999999999999998,9.909090909090907e-15,4e-10,-40,1.8e-07,3,4.42103e-06
1.2999999999999998,9.909090909090907e-15,4e-10,-40,3.6e-07,3,5.42407e-06
1.2999999999999998,9.909090909090907e-15,4e-10,-25,1.8e-07,3,4.21357e-06
1.2999999999999998,9.909090909090907e-15,4e-10,-25,3.6e-07,3,5.1481e-06
1.2999999999999998,9.909090909090907e-15,4e-10,0,1.8e-07,3,3.94873e-06
1.2999999999999998,9.909090909090907e-15,4e-10,0,3.6e-07,3,4.76961e-06
1.2999999999999998,9.909090909090907e-15,4e-10,25,1.8e-07,3,3.75801e-06
1.2999999999999998,9.909090909090907e-15,4e-10,25,3.6e-07,3,4.47537e-06
1.2999999999999998,9.909090909090907e-15,4e-10,75,1.8e-07,3,3.51188e-06
1.2999999999999998,9.909090909090907e-15,4e-10,75,3.6e-07,3,4.07592e-06
1.2999999999999998,9.909090909090907e-15,4e-10,100,1.8e-07,3,3.42479e-06
1.2999999999999998,9.909090909090907e-15,4e-10,100,3.6e-07,3,3.94314e-06
1.2999999999999998,9.909090909090907e-15,4e-10,125,1.8e-07,3,3.34416e-06
1.2999999999999998,9.909090909090907e-15,4e-10,125,3.6e-07,3,3.84032e-06
1.2999999999999998,1.436363636363636e-14,1e-11,-40,1.8e-07,3,4.29127e-06
1.2999999999999998,1.436363636363636e-14,1e-11,-40,3.6e-07,3,4.49046e-06
1.2999999999999998,1.436363636363636e-14,1e-11,-25,1.8e-07,3,4.2954e-06
1.2999999999999998,1.436363636363636e-14,1e-11,-25,3.6e-07,3,4.49894e-06
1.2999999999999998,1.436363636363636e-14,1e-11,0,1.8e-07,3,4.30242e-06
1.2999999999999998,1.436363636363636e-14,1e-11,0,3.6e-07,3,4.51355e-06
1.2999999999999998,1.436363636363636e-14,1e-11,25,1.8e-07,3,4.30984e-06
1.2999999999999998,1.436363636363636e-14,1e-11,25,3.6e-07,3,4.52769e-06
1.2999999999999998,1.436363636363636e-14,1e-11,75,1.8e-07,3,4.32522e-06
1.2999999999999998,1.436363636363636e-14,1e-11,75,3.6e-07,3,4.55819e-06
1.2999999999999998,1.436363636363636e-14,1e-11,100,1.8e-07,3,4.33196e-06
1.2999999999999998,1.436363636363636e-14,1e-11,100,3.6e-07,3,4.57377e-06
1.2999999999999998,1.436363636363636e-14,1e-11,125,1.8e-07,3,4.33533e-06
1.2999999999999998,1.436363636363636e-14,1e-11,125,3.6e-07,3,4.58873e-06
1.2999999999999998,1.436363636363636e-14,5e-11,-40,1.8e-07,3,4.31575e-06
1.2999999999999998,1.436363636363636e-14,5e-11,-40,3.6e-07,3,4.52282e-06
1.2999999999999998,1.436363636363636e-14,5e-11,-25,1.8e-07,3,4.31029e-06
1.2999999999999998,1.436363636363636e-14,5e-11,-25,3.6e-07,3,4.51625e-06
1.2999999999999998,1.436363636363636e-14,5e-11,0,1.8e-07,3,4.30694e-06
1.2999999999999998,1.436363636363636e-14,5e-11,0,3.6e-07,3,4.51384e-06
1.2999999999999998,1.436363636363636e-14,5e-11,25,1.8e-07,3,4.30771e-06
1.2999999999999998,1.436363636363636e-14,5e-11,25,3.6e-07,3,4.5169e-06
1.2999999999999998,1.436363636363636e-14,5e-11,75,1.8e-07,3,4.31477e-06
1.2999999999999998,1.436363636363636e-14,5e-11,75,3.6e-07,3,4.53365e-06
1.2999999999999998,1.436363636363636e-14,5e-11,100,1.8e-07,3,4.31819e-06
1.2999999999999998,1.436363636363636e-14,5e-11,100,3.6e-07,3,4.54426e-06
1.2999999999999998,1.436363636363636e-14,5e-11,125,1.8e-07,3,4.31765e-06
1.2999999999999998,1.436363636363636e-14,5e-11,125,3.6e-07,3,4.55508e-06
1.2999999999999998,1.436363636363636e-14,1e-10,-40,1.8e-07,3,4.41319e-06
1.2999999999999998,1.436363636363636e-14,1e-10,-40,3.6e-07,3,4.68362e-06
1.2999999999999998,1.436363636363636e-14,1e-10,-25,1.8e-07,3,4.38772e-06
1.2999999999999998,1.436363636363636e-14,1e-10,-25,3.6e-07,3,4.64584e-06
1.2999999999999998,1.436363636363636e-14,1e-10,0,1.8e-07,3,4.36103e-06
1.2999999999999998,1.436363636363636e-14,1e-10,0,3.6e-07,3,4.60573e-06
1.2999999999999998,1.436363636363636e-14,1e-10,25,1.8e-07,3,4.34609e-06
1.2999999999999998,1.436363636363636e-14,1e-10,25,3.6e-07,3,4.5828e-06
1.2999999999999998,1.436363636363636e-14,1e-10,75,1.8e-07,3,4.33406e-06
1.2999999999999998,1.436363636363636e-14,1e-10,75,3.6e-07,3,4.56718e-06
1.2999999999999998,1.436363636363636e-14,1e-10,100,1.8e-07,3,4.33059e-06
1.2999999999999998,1.436363636363636e-14,1e-10,100,3.6e-07,3,4.56754e-06
1.2999999999999998,1.436363636363636e-14,1e-10,125,1.8e-07,3,4.32287e-06
1.2999999999999998,1.436363636363636e-14,1e-10,125,3.6e-07,3,4.57047e-06
1.2999999999999998,1.436363636363636e-14,2e-10,-40,1.8e-07,3,4.70578e-06
1.2999999999999998,1.436363636363636e-14,2e-10,-40,3.6e-07,3,5.16343e-06
1.2999999999999998,1.436363636363636e-14,2e-10,-25,1.8e-07,3,4.63098e-06
1.2999999999999998,1.436363636363636e-14,2e-10,-25,3.6e-07,3,5.05229e-06
1.2999999999999998,1.436363636363636e-14,2e-10,0,1.8e-07,3,4.54303e-06
1.2999999999999998,1.436363636363636e-14,2e-10,0,3.6e-07,3,4.91632e-06
1.2999999999999998,1.436363636363636e-14,2e-10,25,1.8e-07,3,4.48479e-06
1.2999999999999998,1.436363636363636e-14,2e-10,25,3.6e-07,3,4.82298e-06
1.2999999999999998,1.436363636363636e-14,2e-10,75,1.8e-07,3,4.41646e-06
1.2999999999999998,1.436363636363636e-14,2e-10,75,3.6e-07,3,4.71552e-06
1.2999999999999998,1.436363636363636e-14,2e-10,100,1.8e-07,3,4.39033e-06
1.2999999999999998,1.436363636363636e-14,2e-10,100,3.6e-07,3,4.68545e-06
1.2999999999999998,1.436363636363636e-14,2e-10,125,1.8e-07,3,4.35743e-06
1.2999999999999998,1.436363636363636e-14,2e-10,125,3.6e-07,3,4.66447e-06
1.2999999999999998,1.436363636363636e-14,4e-10,-40,1.8e-07,3,5.49282e-06
1.2999999999999998,1.436363636363636e-14,4e-10,-40,3.6e-07,3,6.43561e-06
1.2999999999999998,1.436363636363636e-14,4e-10,-25,1.8e-07,3,5.3025e-06
1.2999999999999998,1.436363636363636e-14,4e-10,-25,3.6e-07,3,6.16627e-06
1.2999999999999998,1.436363636363636e-14,4e-10,0,1.8e-07,3,5.06536e-06
1.2999999999999998,1.436363636363636e-14,4e-10,0,3.6e-07,3,5.80803e-06
1.2999999999999998,1.436363636363636e-14,4e-10,25,1.8e-07,3,4.89592e-06
1.2999999999999998,1.436363636363636e-14,4e-10,25,3.6e-07,3,5.54043e-06
1.2999999999999998,1.436363636363636e-14,4e-10,75,1.8e-07,3,4.64551e-06
1.2999999999999998,1.436363636363636e-14,4e-10,75,3.6e-07,3,5.19143e-06
1.2999999999999998,1.436363636363636e-14,4e-10,100,1.8e-07,3,4.51444e-06
1.2999999999999998,1.436363636363636e-14,4e-10,100,3.6e-07,3,5.07777e-06
1.2999999999999998,1.436363636363636e-14,4e-10,125,1.8e-07,3,4.35661e-06
1.2999999999999998,1.436363636363636e-14,4e-10,125,3.6e-07,3,4.98776e-06
1.2999999999999998,1.8818181818181816e-14,1e-11,-40,1.8e-07,3,5.54638e-06
1.2999999999999998,1.8818181818181816e-14,1e-11,-40,3.6e-07,3,5.74694e-06
1.2999999999999998,1.8818181818181816e-14,1e-11,-25,1.8e-07,3,5.55029e-06
1.2999999999999998,1.8818181818181816e-14,1e-11,-25,3.6e-07,3,5.75521e-06
1.2999999999999998,1.8818181818181816e-14,1e-11,0,1.8e-07,3,5.55724e-06
1.2999999999999998,1.8818181818181816e-14,1e-11,0,3.6e-07,3,5.7682e-06
1.2999999999999998,1.8818181818181816e-14,1e-11,25,1.8e-07,3,5.56444e-06
1.2999999999999998,1.8818181818181816e-14,1e-11,25,3.6e-07,3,5.7828e-06
1.2999999999999998,1.8818181818181816e-14,1e-11,75,1.8e-07,3,5.57683e-06
1.2999999999999998,1.8818181818181816e-14,1e-11,75,3.6e-07,3,5.81262e-06
1.2999999999999998,1.8818181818181816e-14,1e-11,100,1.8e-07,3,5.57505e-06
1.2999999999999998,1.8818181818181816e-14,1e-11,100,3.6e-07,3,5.8277e-06
1.2999999999999998,1.8818181818181816e-14,1e-11,125,1.8e-07,3,5.55684e-06
1.2999999999999998,1.8818181818181816e-14,1e-11,125,3.6e-07,3,5.84207e-06
1.2999999999999998,1.8818181818181816e-14,5e-11,-40,1.8e-07,3,5.56504e-06
1.2999999999999998,1.8818181818181816e-14,5e-11,-40,3.6e-07,3,5.77011e-06
1.2999999999999998,1.8818181818181816e-14,5e-11,-25,1.8e-07,3,5.56072e-06
1.2999999999999998,1.8818181818181816e-14,5e-11,-25,3.6e-07,3,5.76555e-06
1.2999999999999998,1.8818181818181816e-14,5e-11,0,1.8e-07,3,5.55886e-06
1.2999999999999998,1.8818181818181816e-14,5e-11,0,3.6e-07,3,5.76442e-06
1.2999999999999998,1.8818181818181816e-14,5e-11,25,1.8e-07,3,5.56037e-06
1.2999999999999998,1.8818181818181816e-14,5e-11,25,3.6e-07,3,5.76938e-06
1.2999999999999998,1.8818181818181816e-14,5e-11,75,1.8e-07,3,5.56439e-06
1.2999999999999998,1.8818181818181816e-14,5e-11,75,3.6e-07,3,5.78719e-06
1.2999999999999998,1.8818181818181816e-14,5e-11,100,1.8e-07,3,5.55698e-06
1.2999999999999998,1.8818181818181816e-14,5e-11,100,3.6e-07,3,5.79777e-06
1.2999999999999998,1.8818181818181816e-14,5e-11,125,1.8e-07,3,5.52996e-06
1.2999999999999998,1.8818181818181816e-14,5e-11,125,3.6e-07,3,5.80822e-06
1.2999999999999998,1.8818181818181816e-14,1e-10,-40,1.8e-07,3,5.64834e-06
1.2999999999999998,1.8818181818181816e-14,1e-10,-40,3.6e-07,3,5.90867e-06
1.2999999999999998,1.8818181818181816e-14,1e-10,-25,1.8e-07,3,5.62624e-06
1.2999999999999998,1.8818181818181816e-14,1e-10,-25,3.6e-07,3,5.87579e-06
1.2999999999999998,1.8818181818181816e-14,1e-10,0,1.8e-07,3,5.60379e-06
1.2999999999999998,1.8818181818181816e-14,1e-10,0,3.6e-07,3,5.8412e-06
1.2999999999999998,1.8818181818181816e-14,1e-10,25,1.8e-07,3,5.59165e-06
1.2999999999999998,1.8818181818181816e-14,1e-10,25,3.6e-07,3,5.82349e-06
1.2999999999999998,1.8818181818181816e-14,1e-10,75,1.8e-07,3,5.57705e-06
1.2999999999999998,1.8818181818181816e-14,1e-10,75,3.6e-07,3,5.81355e-06
1.2999999999999998,1.8818181818181816e-14,1e-10,100,1.8e-07,3,5.55861e-06
1.2999999999999998,1.8818181818181816e-14,1e-10,100,3.6e-07,3,5.81538e-06
1.2999999999999998,1.8818181818181816e-14,1e-10,125,1.8e-07,3,5.51623e-06
1.2999999999999998,1.8818181818181816e-14,1e-10,125,3.6e-07,3,5.81895e-06
1.2999999999999998,1.8818181818181816e-14,2e-10,-40,1.8e-07,3,5.90797e-06
1.2999999999999998,1.8818181818181816e-14,2e-10,-40,3.6e-07,3,6.33635e-06
1.2999999999999998,1.8818181818181816e-14,2e-10,-25,1.8e-07,3,5.83978e-06
1.2999999999999998,1.8818181818181816e-14,2e-10,-25,3.6e-07,3,6.23451e-06
1.2999999999999998,1.8818181818181816e-14,2e-10,0,1.8e-07,3,5.76137e-06
1.2999999999999998,1.8818181818181816e-14,2e-10,0,3.6e-07,3,6.11186e-06
1.2999999999999998,1.8818181818181816e-14,2e-10,25,1.8e-07,3,5.71004e-06
1.2999999999999998,1.8818181818181816e-14,2e-10,25,3.6e-07,3,6.03069e-06
1.2999999999999998,1.8818181818181816e-14,2e-10,75,1.8e-07,3,5.63446e-06
1.2999999999999998,1.8818181818181816e-14,2e-10,75,3.6e-07,3,5.939e-06
1.2999999999999998,1.8818181818181816e-14,2e-10,100,1.8e-07,3,5.57817e-06
1.2999999999999998,1.8818181818181816e-14,2e-10,100,3.6e-07,3,5.9139e-06
1.2999999999999998,1.8818181818181816e-14,2e-10,125,1.8e-07,3,5.4863e-06
1.2999999999999998,1.8818181818181816e-14,2e-10,125,3.6e-07,3,5.89567e-06
1.2999999999999998,1.8818181818181816e-14,4e-10,-40,1.8e-07,3,6.62053e-06
1.2999999999999998,1.8818181818181816e-14,4e-10,-40,3.6e-07,3,7.50213e-06
1.2999999999999998,1.8818181818181816e-14,4e-10,-25,1.8e-07,3,6.44337e-06
1.2999999999999998,1.8818181818181816e-14,4e-10,-25,3.6e-07,3,7.24334e-06
1.2999999999999998,1.8818181818181816e-14,4e-10,0,1.8e-07,3,6.22371e-06
1.2999999999999998,1.8818181818181816e-14,4e-10,0,3.6e-07,3,6.90844e-06
1.2999999999999998,1.8818181818181816e-14,4e-10,25,1.8e-07,3,6.05623e-06
1.2999999999999998,1.8818181818181816e-14,4e-10,25,3.6e-07,3,6.66458e-06
1.2999999999999998,1.8818181818181816e-14,4e-10,75,1.8e-07,3,5.69977e-06
1.2999999999999998,1.8818181818181816e-14,4e-10,75,3.6e-07,3,6.35181e-06
1.2999999999999998,1.8818181818181816e-14,4e-10,100,1.8e-07,3,5.4499e-06
1.2999999999999998,1.8818181818181816e-14,4e-10,100,3.6e-07,3,6.24453e-06
1.2999999999999998,1.8818181818181816e-14,4e-10,125,1.8e-07,3,5.14651e-06
1.2999999999999998,1.8818181818181816e-14,4e-10,125,3.6e-07,3,6.14726e-06
1.2999999999999998,2.3272727272727276e-14,1e-11,-40,1.8e-07,3,6.80126e-06
1.2999999999999998,2.3272727272727276e-14,1e-11,-40,3.6e-07,3,7.00264e-06
1.2999999999999998,2.3272727272727276e-14,1e-11,-25,1.8e-07,3,6.8051e-06
1.2999999999999998,2.3272727272727276e-14,1e-11,-25,3.6e-07,3,7.00977e-06
1.2999999999999998,2.3272727272727276e-14,1e-11,0,1.8e-07,3,6.81191e-06
1.2999999999999998,2.3272727272727276e-14,1e-11,0,3.6e-07,3,7.02355e-06
1.2999999999999998,2.3272727272727276e-14,1e-11,25,1.8e-07,3,6.81869e-06
1.2999999999999998,2.3272727272727276e-14,1e-11,25,3.6e-07,3,7.03764e-06
1.2999999999999998,2.3272727272727276e-14,1e-11,75,1.8e-07,3,6.81787e-06
1.2999999999999998,2.3272727272727276e-14,1e-11,75,3.6e-07,3,7.0668e-06
1.2999999999999998,2.3272727272727276e-14,1e-11,100,1.8e-07,3,6.78747e-06
1.2999999999999998,2.3272727272727276e-14,1e-11,100,3.6e-07,3,7.08136e-06
1.2999999999999998,2.3272727272727276e-14,1e-11,125,1.8e-07,3,6.71572e-06
1.2999999999999998,2.3272727272727276e-14,1e-11,125,3.6e-07,3,7.09434e-06
1.2999999999999998,2.3272727272727276e-14,5e-11,-40,1.8e-07,3,6.81585e-06
1.2999999999999998,2.3272727272727276e-14,5e-11,-40,3.6e-07,3,7.01979e-06
1.2999999999999998,2.3272727272727276e-14,5e-11,-25,1.8e-07,3,6.81252e-06
1.2999999999999998,2.3272727272727276e-14,5e-11,-25,3.6e-07,3,7.01564e-06
1.2999999999999998,2.3272727272727276e-14,5e-11,0,1.8e-07,3,6.81159e-06
1.2999999999999998,2.3272727272727276e-14,5e-11,0,3.6e-07,3,7.01668e-06
1.2999999999999998,2.3272727272727276e-14,5e-11,25,1.8e-07,3,6.81318e-06
1.2999999999999998,2.3272727272727276e-14,5e-11,25,3.6e-07,3,7.02254e-06
1.2999999999999998,2.3272727272727276e-14,5e-11,75,1.8e-07,3,6.80033e-06
1.2999999999999998,2.3272727272727276e-14,5e-11,75,3.6e-07,3,7.04078e-06
1.2999999999999998,2.3272727272727276e-14,5e-11,100,1.8e-07,3,6.75748e-06
1.2999999999999998,2.3272727272727276e-14,5e-11,100,3.6e-07,3,7.05111e-06
1.2999999999999998,2.3272727272727276e-14,5e-11,125,1.8e-07,3,6.6664e-06
1.2999999999999998,2.3272727272727276e-14,5e-11,125,3.6e-07,3,7.05996e-06
1.2999999999999998,2.3272727272727276e-14,1e-10,-40,1.8e-07,3,6.88899e-06
1.2999999999999998,2.3272727272727276e-14,1e-10,-40,3.6e-07,3,7.14176e-06
1.2999999999999998,2.3272727272727276e-14,1e-10,-25,1.8e-07,3,6.8694e-06
1.2999999999999998,2.3272727272727276e-14,1e-10,-25,3.6e-07,3,7.11209e-06
1.2999999999999998,2.3272727272727276e-14,1e-10,0,1.8e-07,3,6.85e-06
1.2999999999999998,2.3272727272727276e-14,1e-10,0,3.6e-07,3,7.08284e-06
1.2999999999999998,2.3272727272727276e-14,1e-10,25,1.8e-07,3,6.83912e-06
1.2999999999999998,2.3272727272727276e-14,1e-10,25,3.6e-07,3,7.06844e-06
1.2999999999999998,2.3272727272727276e-14,1e-10,75,1.8e-07,3,6.80114e-06
1.2999999999999998,2.3272727272727276e-14,1e-10,75,3.6e-07,3,7.0622e-06
1.2999999999999998,2.3272727272727276e-14,1e-10,100,1.8e-07,3,6.73694e-06
1.2999999999999998,2.3272727272727276e-14,1e-10,100,3.6e-07,3,7.06459e-06
1.2999999999999998,2.3272727272727276e-14,1e-10,125,1.8e-07,3,6.61651e-06
1.2999999999999998,2.3272727272727276e-14,1e-10,125,3.6e-07,3,7.06646e-06
1.2999999999999998,2.3272727272727276e-14,2e-10,-40,1.8e-07,3,7.12344e-06
1.2999999999999998,2.3272727272727276e-14,2e-10,-40,3.6e-07,3,7.5306e-06
1.2999999999999998,2.3272727272727276e-14,2e-10,-25,1.8e-07,3,7.0607e-06
1.2999999999999998,2.3272727272727276e-14,2e-10,-25,3.6e-07,3,7.43508e-06
1.2999999999999998,2.3272727272727276e-14,2e-10,0,1.8e-07,3,6.98871e-06
1.2999999999999998,2.3272727272727276e-14,2e-10,0,3.6e-07,3,7.32415e-06
1.2999999999999998,2.3272727272727276e-14,2e-10,25,1.8e-07,3,6.94024e-06
1.2999999999999998,2.3272727272727276e-14,2e-10,25,3.6e-07,3,7.25157e-06
1.2999999999999998,2.3272727272727276e-14,2e-10,75,1.8e-07,3,6.8146e-06
1.2999999999999998,2.3272727272727276e-14,2e-10,75,3.6e-07,3,7.17097e-06
1.2999999999999998,2.3272727272727276e-14,2e-10,100,1.8e-07,3,6.68183e-06
1.2999999999999998,2.3272727272727276e-14,2e-10,100,3.6e-07,3,7.1479e-06
1.2999999999999998,2.3272727272727276e-14,2e-10,125,1.8e-07,3,6.47838e-06
1.2999999999999998,2.3272727272727276e-14,2e-10,125,3.6e-07,3,7.12601e-06
1.2999999999999998,2.3272727272727276e-14,4e-10,-40,1.8e-07,3,7.77971e-06
1.2999999999999998,2.3272727272727276e-14,4e-10,-40,3.6e-07,3,8.60838e-06
1.2999999999999998,2.3272727272727276e-14,4e-10,-25,1.8e-07,3,7.61146e-06
1.2999999999999998,2.3272727272727276e-14,4e-10,-25,3.6e-07,3,8.36144e-06
1.2999999999999998,2.3272727272727276e-14,4e-10,0,1.8e-07,3,7.39443e-06
1.2999999999999998,2.3272727272727276e-14,4e-10,0,3.6e-07,3,8.04773e-06
1.2999999999999998,2.3272727272727276e-14,4e-10,25,1.8e-07,3,7.19327e-06
1.2999999999999998,2.3272727272727276e-14,4e-10,25,3.6e-07,3,7.8234e-06
1.2999999999999998,2.3272727272727276e-14,4e-10,75,1.8e-07,3,6.60112e-06
1.2999999999999998,2.3272727272727276e-14,4e-10,75,3.6e-07,3,7.52794e-06
1.2999999999999998,2.3272727272727276e-14,4e-10,100,1.8e-07,3,6.17577e-06
1.2999999999999998,2.3272727272727276e-14,4e-10,100,3.6e-07,3,7.40639e-06
1.2999999999999998,2.3272727272727276e-14,4e-10,125,1.8e-07,3,5.69891e-06
1.2999999999999998,2.3272727272727276e-14,4e-10,125,3.6e-07,3,7.2699e-06
1.2999999999999998,2.7727272727272724e-14,1e-11,-40,1.8e-07,3,8.05604e-06
1.2999999999999998,2.7727272727272724e-14,1e-11,-40,3.6e-07,3,8.25696e-06
1.2999999999999998,2.7727272727272724e-14,1e-11,-25,1.8e-07,3,8.05979e-06
1.2999999999999998,2.7727272727272724e-14,1e-11,-25,3.6e-07,3,8.26474e-06
1.2999999999999998,2.7727272727272724e-14,1e-11,0,1.8e-07,3,8.06643e-06
1.2999999999999998,2.7727272727272724e-14,1e-11,0,3.6e-07,3,8.2784e-06
1.2999999999999998,2.7727272727272724e-14,1e-11,25,1.8e-07,3,8.07146e-06
1.2999999999999998,2.7727272727272724e-14,1e-11,25,3.6e-07,3,8.29229e-06
1.2999999999999998,2.7727272727272724e-14,1e-11,75,1.8e-07,3,8.03226e-06
1.2999999999999998,2.7727272727272724e-14,1e-11,75,3.6e-07,3,8.32079e-06
1.2999999999999998,2.7727272727272724e-14,1e-11,100,1.8e-07,3,7.94232e-06
1.2999999999999998,2.7727272727272724e-14,1e-11,100,3.6e-07,3,8.33407e-06
1.2999999999999998,2.7727272727272724e-14,1e-11,125,1.8e-07,3,7.77465e-06
1.2999999999999998,2.7727272727272724e-14,1e-11,125,3.6e-07,3,8.34288e-06
1.2999999999999998,2.7727272727272724e-14,5e-11,-40,1.8e-07,3,8.06768e-06
1.2999999999999998,2.7727272727272724e-14,5e-11,-40,3.6e-07,3,8.26987e-06
1.2999999999999998,2.7727272727272724e-14,5e-11,-25,1.8e-07,3,8.06498e-06
1.2999999999999998,2.7727272727272724e-14,5e-11,-25,3.6e-07,3,8.26732e-06
1.2999999999999998,2.7727272727272724e-14,5e-11,0,1.8e-07,3,8.06464e-06
1.2999999999999998,2.7727272727272724e-14,5e-11,0,3.6e-07,3,8.26967e-06
1.2999999999999998,2.7727272727272724e-14,5e-11,25,1.8e-07,3,8.06411e-06
1.2999999999999998,2.7727272727272724e-14,5e-11,25,3.6e-07,3,8.27603e-06
1.2999999999999998,2.7727272727272724e-14,5e-11,75,1.8e-07,3,8.00284e-06
1.2999999999999998,2.7727272727272724e-14,5e-11,75,3.6e-07,3,8.29434e-06
1.2999999999999998,2.7727272727272724e-14,5e-11,100,1.8e-07,3,7.88868e-06
1.2999999999999998,2.7727272727272724e-14,5e-11,100,3.6e-07,3,8.30313e-06
1.2999999999999998,2.7727272727272724e-14,5e-11,125,1.8e-07,3,7.69092e-06
1.2999999999999998,2.7727272727272724e-14,5e-11,125,3.6e-07,3,8.30645e-06
1.2999999999999998,2.7727272727272724e-14,1e-10,-40,1.8e-07,3,8.13291e-06
1.2999999999999998,2.7727272727272724e-14,1e-10,-40,3.6e-07,3,8.37942e-06
1.2999999999999998,2.7727272727272724e-14,1e-10,-25,1.8e-07,3,8.11528e-06
1.2999999999999998,2.7727272727272724e-14,1e-10,-25,3.6e-07,3,8.35298e-06
1.2999999999999998,2.7727272727272724e-14,1e-10,0,1.8e-07,3,8.09786e-06
1.2999999999999998,2.7727272727272724e-14,1e-10,0,3.6e-07,3,8.32768e-06
1.2999999999999998,2.7727272727272724e-14,1e-10,25,1.8e-07,3,8.08446e-06
1.2999999999999998,2.7727272727272724e-14,1e-10,25,3.6e-07,3,8.31571e-06
1.2999999999999998,2.7727272727272724e-14,1e-10,75,1.8e-07,3,7.98143e-06
1.2999999999999998,2.7727272727272724e-14,1e-10,75,3.6e-07,3,8.31193e-06
1.2999999999999998,2.7727272727272724e-14,1e-10,100,1.8e-07,3,7.83028e-06
1.2999999999999998,2.7727272727272724e-14,1e-10,100,3.6e-07,3,8.31256e-06
1.2999999999999998,2.7727272727272724e-14,1e-10,125,1.8e-07,3,7.58803e-06
1.2999999999999998,2.7727272727272724e-14,1e-10,125,3.6e-07,3,8.30718e-06
1.2999999999999998,2.7727272727272724e-14,2e-10,-40,1.8e-07,3,8.34735e-06
1.2999999999999998,2.7727272727272724e-14,2e-10,-40,3.6e-07,3,8.73673e-06
1.2999999999999998,2.7727272727272724e-14,2e-10,-25,1.8e-07,3,8.28897e-06
1.2999999999999998,2.7727272727272724e-14,2e-10,-25,3.6e-07,3,8.6482e-06
1.2999999999999998,2.7727272727272724e-14,2e-10,0,1.8e-07,3,8.22122e-06
1.2999999999999998,2.7727272727272724e-14,2e-10,0,3.6e-07,3,8.54629e-06
1.2999999999999998,2.7727272727272724e-14,2e-10,25,1.8e-07,3,8.16464e-06
1.2999999999999998,2.7727272727272724e-14,2e-10,25,3.6e-07,3,8.48026e-06
1.2999999999999998,2.7727272727272724e-14,2e-10,75,1.8e-07,3,7.92029e-06
1.2999999999999998,2.7727272727272724e-14,2e-10,75,3.6e-07,3,8.40673e-06
1.2999999999999998,2.7727272727272724e-14,2e-10,100,1.8e-07,3,7.66216e-06
1.2999999999999998,2.7727272727272724e-14,2e-10,100,3.6e-07,3,8.37929e-06
1.2999999999999998,2.7727272727272724e-14,2e-10,125,1.8e-07,3,7.30654e-06
1.2999999999999998,2.7727272727272724e-14,2e-10,125,3.6e-07,3,8.34145e-06
1.2999999999999998,2.7727272727272724e-14,4e-10,-40,1.8e-07,3,8.95665e-06
1.2999999999999998,2.7727272727272724e-14,4e-10,-40,3.6e-07,3,9.7434e-06
1.2999999999999998,2.7727272727272724e-14,4e-10,-25,1.8e-07,3,8.79116e-06
1.2999999999999998,2.7727272727272724e-14,4e-10,-25,3.6e-07,3,9.50767e-06
1.2999999999999998,2.7727272727272724e-14,4e-10,0,1.8e-07,3,8.55068e-06
1.2999999999999998,2.7727272727272724e-14,4e-10,0,3.6e-07,3,9.21253e-06
1.2999999999999998,2.7727272727272724e-14,4e-10,25,1.8e-07,3,8.26388e-06
1.2999999999999998,2.7727272727272724e-14,4e-10,25,3.6e-07,3,9.00245e-06
1.2999999999999998,2.7727272727272724e-14,4e-10,75,1.8e-07,3,7.31922e-06
1.2999999999999998,2.7727272727272724e-14,4e-10,75,3.6e-07,3,8.69636e-06
1.2999999999999998,2.7727272727272724e-14,4e-10,100,1.8e-07,3,6.69844e-06
1.2999999999999998,2.7727272727272724e-14,4e-10,100,3.6e-07,3,8.52995e-06
1.2999999999999998,2.7727272727272724e-14,4e-10,125,1.8e-07,3,6.06215e-06
1.2999999999999998,2.7727272727272724e-14,4e-10,125,3.6e-07,3,8.31513e-06
1.2999999999999998,3.2181818181818185e-14,1e-11,-40,1.8e-07,3,9.31075e-06
1.2999999999999998,3.2181818181818185e-14,1e-11,-40,3.6e-07,3,9.51173e-06
1.2999999999999998,3.2181818181818185e-14,1e-11,-25,1.8e-07,3,9.31451e-06
1.2999999999999998,3.2181818181818185e-14,1e-11,-25,3.6e-07,3,9.51958e-06
1.2999999999999998,3.2181818181818185e-14,1e-11,0,1.8e-07,3,9.32032e-06
1.2999999999999998,3.2181818181818185e-14,1e-11,0,3.6e-07,3,9.53316e-06
1.2999999999999998,3.2181818181818185e-14,1e-11,25,1.8e-07,3,9.31968e-06
1.2999999999999998,3.2181818181818185e-14,1e-11,25,3.6e-07,3,9.54683e-06
1.2999999999999998,3.2181818181818185e-14,1e-11,75,1.8e-07,3,9.20099e-06
1.2999999999999998,3.2181818181818185e-14,1e-11,75,3.6e-07,3,9.57414e-06
1.2999999999999998,3.2181818181818185e-14,1e-11,100,1.8e-07,3,9.01241e-06
1.2999999999999998,3.2181818181818185e-14,1e-11,100,3.6e-07,3,9.5839e-06
1.2999999999999998,3.2181818181818185e-14,1e-11,125,1.8e-07,3,8.71373e-06
1.2999999999999998,3.2181818181818185e-14,1e-11,125,3.6e-07,3,9.58203e-06
1.2999999999999998,3.2181818181818185e-14,5e-11,-40,1.8e-07,3,9.32015e-06
1.2999999999999998,3.2181818181818185e-14,5e-11,-40,3.6e-07,3,9.52115e-06
1.2999999999999998,3.2181818181818185e-14,5e-11,-25,1.8e-07,3,9.31794e-06
1.2999999999999998,3.2181818181818185e-14,5e-11,-25,3.6e-07,3,9.51972e-06
1.2999999999999998,3.2181818181818185e-14,5e-11,0,1.8e-07,3,9.31699e-06
1.2999999999999998,3.2181818181818185e-14,5e-11,0,3.6e-07,3,9.52294e-06
1.2999999999999998,3.2181818181818185e-14,5e-11,25,1.8e-07,3,9.30883e-06
1.2999999999999998,3.2181818181818185e-14,5e-11,25,3.6e-07,3,9.52965e-06
1.2999999999999998,3.2181818181818185e-14,5e-11,75,1.8e-07,3,9.1497e-06
1.2999999999999998,3.2181818181818185e-14,5e-11,75,3.6e-07,3,9.54707e-06
1.2999999999999998,3.2181818181818185e-14,5e-11,100,1.8e-07,3,8.92451e-06
1.2999999999999998,3.2181818181818185e-14,5e-11,100,3.6e-07,3,9.55111e-06
1.2999999999999998,3.2181818181818185e-14,5e-11,125,1.8e-07,3,8.58492e-06
1.2999999999999998,3.2181818181818185e-14,5e-11,125,3.6e-07,3,9.54116e-06
1.2999999999999998,3.2181818181818185e-14,1e-10,-40,1.8e-07,3,9.37901e-06
1.2999999999999998,3.2181818181818185e-14,1e-10,-40,3.6e-07,3,9.62053e-06
1.2999999999999998,3.2181818181818185e-14,1e-10,-25,1.8e-07,3,9.36296e-06
1.2999999999999998,3.2181818181818185e-14,1e-10,-25,3.6e-07,3,9.59685e-06
1.2999999999999998,3.2181818181818185e-14,1e-10,0,1.8e-07,3,9.34553e-06
1.2999999999999998,3.2181818181818185e-14,1e-10,0,3.6e-07,3,9.57464e-06
1.2999999999999998,3.2181818181818185e-14,1e-10,25,1.8e-07,3,9.32108e-06
1.2999999999999998,3.2181818181818185e-14,1e-10,25,3.6e-07,3,9.56457e-06
1.2999999999999998,3.2181818181818185e-14,1e-10,75,1.8e-07,3,9.09297e-06
1.2999999999999998,3.2181818181818185e-14,1e-10,75,3.6e-07,3,9.56094e-06
1.2999999999999998,3.2181818181818185e-14,1e-10,100,1.8e-07,3,8.81334e-06
1.2999999999999998,3.2181818181818185e-14,1e-10,100,3.6e-07,3,9.55526e-06
1.2999999999999998,3.2181818181818185e-14,1e-10,125,1.8e-07,3,8.417e-06
1.2999999999999998,3.2181818181818185e-14,1e-10,125,3.6e-07,3,9.53088e-06
1.2999999999999998,3.2181818181818185e-14,2e-10,-40,1.8e-07,3,9.57697e-06
1.2999999999999998,3.2181818181818185e-14,2e-10,-40,3.6e-07,3,9.95265e-06
1.2999999999999998,3.2181818181818185e-14,2e-10,-25,1.8e-07,3,9.52173e-06
1.2999999999999998,3.2181818181818185e-14,2e-10,-25,3.6e-07,3,9.8696e-06
1.2999999999999998,3.2181818181818185e-14,2e-10,0,1.8e-07,3,9.45264e-06
1.2999999999999998,3.2181818181818185e-14,2e-10,0,3.6e-07,3,9.77468e-06
1.2999999999999998,3.2181818181818185e-14,2e-10,25,1.8e-07,3,9.3691e-06
1.2999999999999998,3.2181818181818185e-14,2e-10,25,3.6e-07,3,9.71411e-06
1.2999999999999998,3.2181818181818185e-14,2e-10,75,1.8e-07,3,8.92309e-06
1.2999999999999998,3.2181818181818185e-14,2e-10,75,3.6e-07,3,9.64127e-06
1.2999999999999998,3.2181818181818185e-14,2e-10,100,1.8e-07,3,8.50103e-06
1.2999999999999998,3.2181818181818185e-14,2e-10,100,3.6e-07,3,9.59891e-06
1.2999999999999998,3.2181818181818185e-14,2e-10,125,1.8e-07,3,7.97225e-06
1.2999999999999998,3.2181818181818185e-14,2e-10,125,3.6e-07,3,9.52581e-06
1.2999999999999998,3.2181818181818185e-14,4e-10,-40,1.8e-07,3,1.01416e-05
1.2999999999999998,3.2181818181818185e-14,4e-10,-40,3.6e-07,3,1.09001e-05
1.2999999999999998,3.2181818181818185e-14,4e-10,-25,1.8e-07,3,9.96785e-06
1.2999999999999998,3.2181818181818185e-14,4e-10,-25,3.6e-07,3,1.06739e-05
1.2999999999999998,3.2181818181818185e-14,4e-10,0,1.8e-07,3,9.66462e-06
1.2999999999999998,3.2181818181818185e-14,4e-10,0,3.6e-07,3,1.03937e-05
1.2999999999999998,3.2181818181818185e-14,4e-10,25,1.8e-07,3,9.23286e-06
1.2999999999999998,3.2181818181818185e-14,4e-10,25,3.6e-07,3,1.01917e-05
1.2999999999999998,3.2181818181818185e-14,4e-10,75,1.8e-07,3,7.85926e-06
1.2999999999999998,3.2181818181818185e-14,4e-10,75,3.6e-07,3,9.83417e-06
1.2999999999999998,3.2181818181818185e-14,4e-10,100,1.8e-07,3,7.05856e-06
1.2999999999999998,3.2181818181818185e-14,4e-10,100,3.6e-07,3,9.58633e-06
1.2999999999999998,3.2181818181818185e-14,4e-10,125,1.8e-07,3,6.29917e-06
1.2999999999999998,3.2181818181818185e-14,4e-10,125,3.6e-07,3,9.25445e-06
1.2999999999999998,3.663636363636364e-14,1e-11,-40,1.8e-07,3,1.05654e-05
1.2999999999999998,3.663636363636364e-14,1e-11,-40,3.6e-07,3,1.07666e-05
1.2999999999999998,3.663636363636364e-14,1e-11,-25,1.8e-07,3,1.0569e-05
1.2999999999999998,3.663636363636364e-14,1e-11,-25,3.6e-07,3,1.07746e-05
1.2999999999999998,3.663636363636364e-14,1e-11,0,1.8e-07,3,1.05725e-05
1.2999999999999998,3.663636363636364e-14,1e-11,0,3.6e-07,3,1.07878e-05
1.2999999999999998,3.663636363636364e-14,1e-11,25,1.8e-07,3,1.05578e-05
1.2999999999999998,3.663636363636364e-14,1e-11,25,3.6e-07,3,1.08013e-05
1.2999999999999998,3.663636363636364e-14,1e-11,75,1.8e-07,3,1.03041e-05
1.2999999999999998,3.663636363636364e-14,1e-11,75,3.6e-07,3,1.08258e-05
1.2999999999999998,3.663636363636364e-14,1e-11,100,1.8e-07,3,9.98144e-06
1.2999999999999998,3.663636363636364e-14,1e-11,100,3.6e-07,3,1.08271e-05
1.2999999999999998,3.663636363636364e-14,1e-11,125,1.8e-07,3,9.5268e-06
1.2999999999999998,3.663636363636364e-14,1e-11,125,3.6e-07,3,1.08036e-05
1.2999999999999998,3.663636363636364e-14,5e-11,-40,1.8e-07,3,1.0573e-05
1.2999999999999998,3.663636363636364e-14,5e-11,-40,3.6e-07,3,1.07734e-05
1.2999999999999998,3.663636363636364e-14,5e-11,-25,1.8e-07,3,1.0571e-05
1.2999999999999998,3.663636363636364e-14,5e-11,-25,3.6e-07,3,1.07728e-05
1.2999999999999998,3.663636363636364e-14,5e-11,0,1.8e-07,3,1.0567e-05
1.2999999999999998,3.663636363636364e-14,5e-11,0,3.6e-07,3,1.07764e-05
1.2999999999999998,3.663636363636364e-14,5e-11,25,1.8e-07,3,1.05405e-05
1.2999999999999998,3.663636363636364e-14,5e-11,25,3.6e-07,3,1.07834e-05
1.2999999999999998,3.663636363636364e-14,5e-11,75,1.8e-07,3,1.02214e-05
1.2999999999999998,3.663636363636364e-14,5e-11,75,3.6e-07,3,1.07974e-05
1.2999999999999998,3.663636363636364e-14,5e-11,100,1.8e-07,3,9.84999e-06
1.2999999999999998,3.663636363636364e-14,5e-11,100,3.6e-07,3,1.07905e-05
1.2999999999999998,3.663636363636364e-14,5e-11,125,1.8e-07,3,9.34645e-06
1.2999999999999998,3.663636363636364e-14,5e-11,125,3.6e-07,3,1.07538e-05
1.2999999999999998,3.663636363636364e-14,1e-10,-40,1.8e-07,3,1.06267e-05
1.2999999999999998,3.663636363636364e-14,1e-10,-40,3.6e-07,3,1.08644e-05
1.2999999999999998,3.663636363636364e-14,1e-10,-25,1.8e-07,3,1.06115e-05
1.2999999999999998,3.663636363636364e-14,1e-10,-25,3.6e-07,3,1.08429e-05
1.2999999999999998,3.663636363636364e-14,1e-10,0,1.8e-07,3,1.05899e-05
1.2999999999999998,3.663636363636364e-14,1e-10,0,3.6e-07,3,1.0823e-05
1.2999999999999998,3.663636363636364e-14,1e-10,25,1.8e-07,3,1.05391e-05
1.2999999999999998,3.663636363636364e-14,1e-10,25,3.6e-07,3,1.08145e-05
1.2999999999999998,3.663636363636364e-14,1e-10,75,1.8e-07,3,1.01158e-05
1.2999999999999998,3.663636363636364e-14,1e-10,75,3.6e-07,3,1.08067e-05
1.2999999999999998,3.663636363636364e-14,1e-10,100,1.8e-07,3,9.67449e-06
1.2999999999999998,3.663636363636364e-14,1e-10,100,3.6e-07,3,1.07855e-05
1.2999999999999998,3.663636363636364e-14,1e-10,125,1.8e-07,3,9.10725e-06
1.2999999999999998,3.663636363636364e-14,1e-10,125,3.6e-07,3,1.07261e-05
1.2999999999999998,3.663636363636364e-14,2e-10,-40,1.8e-07,3,1.08104e-05
1.2999999999999998,3.663636363636364e-14,2e-10,-40,3.6e-07,3,1.11751e-05
1.2999999999999998,3.663636363636364e-14,2e-10,-25,1.8e-07,3,1.07559e-05
1.2999999999999998,3.663636363636364e-14,2e-10,-25,3.6e-07,3,1.10965e-05
1.2999999999999998,3.663636363636364e-14,2e-10,0,1.8e-07,3,1.06749e-05
1.2999999999999998,3.663636363636364e-14,2e-10,0,3.6e-07,3,1.10077e-05
1.2999999999999998,3.663636363636364e-14,2e-10,25,1.8e-07,3,1.05372e-05
1.2999999999999998,3.663636363636364e-14,2e-10,25,3.6e-07,3,1.09514e-05
1.2999999999999998,3.663636363636364e-14,2e-10,75,1.8e-07,3,9.80786e-06
1.2999999999999998,3.663636363636364e-14,2e-10,75,3.6e-07,3,1.08683e-05
1.2999999999999998,3.663636363636364e-14,2e-10,100,1.8e-07,3,9.19757e-06
1.2999999999999998,3.663636363636364e-14,2e-10,100,3.6e-07,3,1.07949e-05
1.2999999999999998,3.663636363636364e-14,2e-10,125,1.8e-07,3,8.49636e-06
1.2999999999999998,3.663636363636364e-14,2e-10,125,3.6e-07,3,1.06616e-05
1.2999999999999998,3.663636363636364e-14,4e-10,-40,1.8e-07,3,1.13245e-05
1.2999999999999998,3.663636363636364e-14,4e-10,-40,3.6e-07,3,1.20714e-05
1.2999999999999998,3.663636363636364e-14,4e-10,-25,1.8e-07,3,1.11253e-05
1.2999999999999998,3.663636363636364e-14,4e-10,-25,3.6e-07,3,1.18542e-05
1.2999999999999998,3.663636363636364e-14,4e-10,0,1.8e-07,3,1.07099e-05
1.2999999999999998,3.663636363636364e-14,4e-10,0,3.6e-07,3,1.15858e-05
1.2999999999999998,3.663636363636364e-14,4e-10,25,1.8e-07,3,1.00756e-05
1.2999999999999998,3.663636363636364e-14,4e-10,25,3.6e-07,3,1.13825e-05
1.2999999999999998,3.663636363636364e-14,4e-10,75,1.8e-07,3,8.2503e-06
1.2999999999999998,3.663636363636364e-14,4e-10,75,3.6e-07,3,1.09202e-05
1.2999999999999998,3.663636363636364e-14,4e-10,100,1.8e-07,3,7.30577e-06
1.2999999999999998,3.663636363636364e-14,4e-10,100,3.6e-07,3,1.05534e-05
1.2999999999999998,3.663636363636364e-14,4e-10,125,1.8e-07,3,6.4592e-06
1.2999999999999998,3.663636363636364e-14,4e-10,125,3.6e-07,3,1.00719e-05
1.2999999999999998,4.109090909090909e-14,1e-11,-40,1.8e-07,3,1.18199e-05
1.2999999999999998,4.109090909090909e-14,1e-11,-40,3.6e-07,3,1.20216e-05
1.2999999999999998,4.109090909090909e-14,1e-11,-25,1.8e-07,3,1.1823e-05
1.2999999999999998,4.109090909090909e-14,1e-11,-25,3.6e-07,3,1.20294e-05
1.2999999999999998,4.109090909090909e-14,1e-11,0,1.8e-07,3,1.18206e-05
1.2999999999999998,4.109090909090909e-14,1e-11,0,3.6e-07,3,1.20424e-05
1.2999999999999998,4.109090909090909e-14,1e-11,25,1.8e-07,3,1.1778e-05
1.2999999999999998,4.109090909090909e-14,1e-11,25,3.6e-07,3,1.20557e-05
1.2999999999999998,4.109090909090909e-14,1e-11,75,1.8e-07,3,1.13263e-05
1.2999999999999998,4.109090909090909e-14,1e-11,75,3.6e-07,3,1.20738e-05
1.2999999999999998,4.109090909090909e-14,1e-11,100,1.8e-07,3,1.08433e-05
1.2999999999999998,4.109090909090909e-14,1e-11,100,3.6e-07,3,1.20584e-05
1.2999999999999998,4.109090909090909e-14,1e-11,125,1.8e-07,3,1.02186e-05
1.2999999999999998,4.109090909090909e-14,1e-11,125,3.6e-07,3,1.19983e-05
1.2999999999999998,4.109090909090909e-14,5e-11,-40,1.8e-07,3,1.1826e-05
1.2999999999999998,4.109090909090909e-14,5e-11,-40,3.6e-07,3,1.20264e-05
1.2999999999999998,4.109090909090909e-14,5e-11,-25,1.8e-07,3,1.18236e-05
1.2999999999999998,4.109090909090909e-14,5e-11,-25,3.6e-07,3,1.2026e-05
1.2999999999999998,4.109090909090909e-14,5e-11,0,1.8e-07,3,1.18115e-05
1.2999999999999998,4.109090909090909e-14,5e-11,0,3.6e-07,3,1.20301e-05
1.2999999999999998,4.109090909090909e-14,5e-11,25,1.8e-07,3,1.17495e-05
1.2999999999999998,4.109090909090909e-14,5e-11,25,3.6e-07,3,1.20372e-05
1.2999999999999998,4.109090909090909e-14,5e-11,75,1.8e-07,3,1.12041e-05
1.2999999999999998,4.109090909090909e-14,5e-11,75,3.6e-07,3,1.20426e-05
1.2999999999999998,4.109090909090909e-14,5e-11,100,1.8e-07,3,1.06611e-05
1.2999999999999998,4.109090909090909e-14,5e-11,100,3.6e-07,3,1.20151e-05
1.2999999999999998,4.109090909090909e-14,5e-11,125,1.8e-07,3,9.98443e-06
1.2999999999999998,4.109090909090909e-14,5e-11,125,3.6e-07,3,1.19339e-05
1.2999999999999998,4.109090909090909e-14,1e-10,-40,1.8e-07,3,1.18752e-05
1.2999999999999998,4.109090909090909e-14,1e-10,-40,3.6e-07,3,1.21104e-05
1.2999999999999998,4.109090909090909e-14,1e-10,-25,1.8e-07,3,1.18598e-05
1.2999999999999998,4.109090909090909e-14,1e-10,-25,3.6e-07,3,1.20904e-05
1.2999999999999998,4.109090909090909e-14,1e-10,0,1.8e-07,3,1.18262e-05
1.2999999999999998,4.109090909090909e-14,1e-10,0,3.6e-07,3,1.20724e-05
1.2999999999999998,4.109090909090909e-14,1e-10,25,1.8e-07,3,1.17271e-05
1.2999999999999998,4.109090909090909e-14,1e-10,25,3.6e-07,3,1.2065e-05
1.2999999999999998,4.109090909090909e-14,1e-10,75,1.8e-07,3,1.10382e-05
1.2999999999999998,4.109090909090909e-14,1e-10,75,3.6e-07,3,1.20455e-05
1.2999999999999998,4.109090909090909e-14,1e-10,100,1.8e-07,3,1.04145e-05
1.2999999999999998,4.109090909090909e-14,1e-10,100,3.6e-07,3,1.19955e-05
1.2999999999999998,4.109090909090909e-14,1e-10,125,1.8e-07,3,9.67299e-06
1.2999999999999998,4.109090909090909e-14,1e-10,125,3.6e-07,3,1.18805e-05
1.2999999999999998,4.109090909090909e-14,2e-10,-40,1.8e-07,3,1.20458e-05
1.2999999999999998,4.109090909090909e-14,2e-10,-40,3.6e-07,3,1.24021e-05
1.2999999999999998,4.109090909090909e-14,2e-10,-25,1.8e-07,3,1.19897e-05
1.2999999999999998,4.109090909090909e-14,2e-10,-25,3.6e-07,3,1.23275e-05
1.2999999999999998,4.109090909090909e-14,2e-10,0,1.8e-07,3,1.18789e-05
1.2999999999999998,4.109090909090909e-14,2e-10,0,3.6e-07,3,1.22441e-05
1.2999999999999998,4.109090909090909e-14,2e-10,25,1.8e-07,3,1.16528e-05
1.2999999999999998,4.109090909090909e-14,2e-10,25,3.6e-07,3,1.21896e-05
1.2999999999999998,4.109090909090909e-14,2e-10,75,1.8e-07,3,1.05698e-05
1.2999999999999998,4.109090909090909e-14,2e-10,75,3.6e-07,3,1.20799e-05
1.2999999999999998,4.109090909090909e-14,2e-10,100,1.8e-07,3,9.76535e-06
1.2999999999999998,4.109090909090909e-14,2e-10,100,3.6e-07,3,1.19539e-05
1.2999999999999998,4.109090909090909e-14,2e-10,125,1.8e-07,3,8.90193e-06
1.2999999999999998,4.109090909090909e-14,2e-10,125,3.6e-07,3,1.17345e-05
1.2999999999999998,4.109090909090909e-14,4e-10,-40,1.8e-07,3,1.24935e-05
1.2999999999999998,4.109090909090909e-14,4e-10,-40,3.6e-07,3,1.32548e-05
1.2999999999999998,4.109090909090909e-14,4e-10,-25,1.8e-07,3,1.22459e-05
1.2999999999999998,4.109090909090909e-14,4e-10,-25,3.6e-07,3,1.30451e-05
1.2999999999999998,4.109090909090909e-14,4e-10,0,1.8e-07,3,1.16644e-05
1.2999999999999998,4.109090909090909e-14,4e-10,0,3.6e-07,3,1.27833e-05
1.2999999999999998,4.109090909090909e-14,4e-10,25,1.8e-07,3,1.07828e-05
1.2999999999999998,4.109090909090909e-14,4e-10,25,3.6e-07,3,1.25652e-05
1.2999999999999998,4.109090909090909e-14,4e-10,75,1.8e-07,3,8.53104e-06
1.2999999999999998,4.109090909090909e-14,4e-10,75,3.6e-07,3,1.19368e-05
1.2999999999999998,4.109090909090909e-14,4e-10,100,1.8e-07,3,7.47915e-06
1.2999999999999998,4.109090909090909e-14,4e-10,100,3.6e-07,3,1.14175e-05
1.2999999999999998,4.109090909090909e-14,4e-10,125,1.8e-07,3,6.5738e-06
1.2999999999999998,4.109090909090909e-14,4e-10,125,3.6e-07,3,1.07647e-05
1.2999999999999998,4.5545454545454544e-14,1e-11,-40,1.8e-07,3,1.30743e-05
1.2999999999999998,4.5545454545454544e-14,1e-11,-40,3.6e-07,3,1.32766e-05
1.2999999999999998,4.5545454545454544e-14,1e-11,-25,1.8e-07,3,1.3076e-05
1.2999999999999998,4.5545454545454544e-14,1e-11,-25,3.6e-07,3,1.32841e-05
1.2999999999999998,4.5545454545454544e-14,1e-11,0,1.8e-07,3,1.3061e-05
1.2999999999999998,4.5545454545454544e-14,1e-11,0,3.6e-07,3,1.3297e-05
1.2999999999999998,4.5545454545454544e-14,1e-11,25,1.8e-07,3,1.29715e-05
1.2999999999999998,4.5545454545454544e-14,1e-11,25,3.6e-07,3,1.33098e-05
1.2999999999999998,4.5545454545454544e-14,1e-11,75,1.8e-07,3,1.22609e-05
1.2999999999999998,4.5545454545454544e-14,1e-11,75,3.6e-07,3,1.3315e-05
1.2999999999999998,4.5545454545454544e-14,1e-11,100,1.8e-07,3,1.15978e-05
1.2999999999999998,4.5545454545454544e-14,1e-11,100,3.6e-07,3,1.32712e-05
1.2999999999999998,4.5545454545454544e-14,1e-11,125,1.8e-07,3,1.08004e-05
1.2999999999999998,4.5545454545454544e-14,1e-11,125,3.6e-07,3,1.31583e-05
1.2999999999999998,4.5545454545454544e-14,5e-11,-40,1.8e-07,3,1.30788e-05
1.2999999999999998,4.5545454545454544e-14,5e-11,-40,3.6e-07,3,1.32794e-05
1.2999999999999998,4.5545454545454544e-14,5e-11,-25,1.8e-07,3,1.30747e-05
1.2999999999999998,4.5545454545454544e-14,5e-11,-25,3.6e-07,3,1.32794e-05
1.2999999999999998,4.5545454545454544e-14,5e-11,0,1.8e-07,3,1.30461e-05
1.2999999999999998,4.5545454545454544e-14,5e-11,0,3.6e-07,3,1.32839e-05
1.2999999999999998,4.5545454545454544e-14,5e-11,25,1.8e-07,3,1.29257e-05
1.2999999999999998,4.5545454545454544e-14,5e-11,25,3.6e-07,3,1.32908e-05
1.2999999999999998,4.5545454545454544e-14,5e-11,75,1.8e-07,3,1.20908e-05
1.2999999999999998,4.5545454545454544e-14,5e-11,75,3.6e-07,3,1.32792e-05
1.2999999999999998,4.5545454545454544e-14,5e-11,100,1.8e-07,3,1.13613e-05
1.2999999999999998,4.5545454545454544e-14,5e-11,100,3.6e-07,3,1.32162e-05
1.2999999999999998,4.5545454545454544e-14,5e-11,125,1.8e-07,3,1.05136e-05
1.2999999999999998,4.5545454545454544e-14,5e-11,125,3.6e-07,3,1.30714e-05
1.2999999999999998,4.5545454545454544e-14,1e-10,-40,1.8e-07,3,1.31239e-05
1.2999999999999998,4.5545454545454544e-14,1e-10,-40,3.6e-07,3,1.33574e-05
1.2999999999999998,4.5545454545454544e-14,1e-10,-25,1.8e-07,3,1.31058e-05
1.2999999999999998,4.5545454545454544e-14,1e-10,-25,3.6e-07,3,1.33388e-05
1.2999999999999998,4.5545454545454544e-14,1e-10,0,1.8e-07,3,1.30482e-05
1.2999999999999998,4.5545454545454544e-14,1e-10,0,3.6e-07,3,1.33225e-05
1.2999999999999998,4.5545454545454544e-14,1e-10,25,1.8e-07,3,1.28729e-05
1.2999999999999998,4.5545454545454544e-14,1e-10,25,3.6e-07,3,1.33154e-05
1.2999999999999998,4.5545454545454544e-14,1e-10,75,1.8e-07,3,1.18559e-05
1.2999999999999998,4.5545454545454544e-14,1e-10,75,3.6e-07,3,1.32716e-05
1.2999999999999998,4.5545454545454544e-14,1e-10,100,1.8e-07,3,1.10399e-05
1.2999999999999998,4.5545454545454544e-14,1e-10,100,3.6e-07,3,1.3176e-05
1.2999999999999998,4.5545454545454544e-14,1e-10,125,1.8e-07,3,1.01326e-05
1.2999999999999998,4.5545454545454544e-14,1e-10,125,3.6e-07,3,1.2983e-05
1.2999999999999998,4.5545454545454544e-14,2e-10,-40,1.8e-07,3,1.3281e-05
1.2999999999999998,4.5545454545454544e-14,2e-10,-40,3.6e-07,3,1.36331e-05
1.2999999999999998,4.5545454545454544e-14,2e-10,-25,1.8e-07,3,1.32169e-05
1.2999999999999998,4.5545454545454544e-14,2e-10,-25,3.6e-07,3,1.35619e-05
1.2999999999999998,4.5545454545454544e-14,2e-10,0,1.8e-07,3,1.3054e-05
1.2999999999999998,4.5545454545454544e-14,2e-10,0,3.6e-07,3,1.34828e-05
1.2999999999999998,4.5545454545454544e-14,2e-10,25,1.8e-07,3,1.27016e-05
1.2999999999999998,4.5545454545454544e-14,2e-10,25,3.6e-07,3,1.34289e-05
1.2999999999999998,4.5545454545454544e-14,2e-10,75,1.8e-07,3,1.12144e-05
1.2999999999999998,4.5545454545454544e-14,2e-10,75,3.6e-07,3,1.32671e-05
1.2999999999999998,4.5545454545454544e-14,2e-10,100,1.8e-07,3,1.02226e-05
1.2999999999999998,4.5545454545454544e-14,2e-10,100,3.6e-07,3,1.30657e-05
1.2999999999999998,4.5545454545454544e-14,2e-10,125,1.8e-07,3,9.21703e-06
1.2999999999999998,4.5545454545454544e-14,2e-10,125,3.6e-07,3,1.27345e-05
1.2999999999999998,4.5545454545454544e-14,4e-10,-40,1.8e-07,3,1.36356e-05
1.2999999999999998,4.5545454545454544e-14,4e-10,-40,3.6e-07,3,1.44473e-05
1.2999999999999998,4.5545454545454544e-14,4e-10,-25,1.8e-07,3,1.33122e-05
1.2999999999999998,4.5545454545454544e-14,4e-10,-25,3.6e-07,3,1.42435e-05
1.2999999999999998,4.5545454545454544e-14,4e-10,0,1.8e-07,3,1.25125e-05
1.2999999999999998,4.5545454545454544e-14,4e-10,0,3.6e-07,3,1.39812e-05
1.2999999999999998,4.5545454545454544e-14,4e-10,25,1.8e-07,3,1.13574e-05
1.2999999999999998,4.5545454545454544e-14,4e-10,25,3.6e-07,3,1.37304e-05
1.2999999999999998,4.5545454545454544e-14,4e-10,75,1.8e-07,3,8.7338e-06
1.2999999999999998,4.5545454545454544e-14,4e-10,75,3.6e-07,3,1.28702e-05
1.2999999999999998,4.5545454545454544e-14,4e-10,100,1.8e-07,3,7.60623e-06
1.2999999999999998,4.5545454545454544e-14,4e-10,100,3.6e-07,3,1.21725e-05
1.2999999999999998,4.5545454545454544e-14,4e-10,125,1.8e-07,3,6.66062e-06
1.2999999999999998,4.5545454545454544e-14,4e-10,125,3.6e-07,3,1.13391e-05
1.2999999999999998,5e-14,1e-11,-40,1.8e-07,3,1.43281e-05
1.2999999999999998,5e-14,1e-11,-40,3.6e-07,3,1.45314e-05
1.2999999999999998,5e-14,1e-11,-25,1.8e-07,3,1.43267e-05
1.2999999999999998,5e-14,1e-11,-25,3.6e-07,3,1.45388e-05
1.2999999999999998,5e-14,1e-11,0,1.8e-07,3,1.42891e-05
1.2999999999999998,5e-14,1e-11,0,3.6e-07,3,1.45515e-05
1.2999999999999998,5e-14,1e-11,25,1.8e-07,3,1.41296e-05
1.2999999999999998,5e-14,1e-11,25,3.6e-07,3,1.45634e-05
1.2999999999999998,5e-14,1e-11,75,1.8e-07,3,1.31034e-05
1.2999999999999998,5e-14,1e-11,75,3.6e-07,3,1.45454e-05
1.2999999999999998,5e-14,1e-11,100,1.8e-07,3,1.22513e-05
1.2999999999999998,5e-14,1e-11,100,3.6e-07,3,1.44589e-05
1.2999999999999998,5e-14,1e-11,125,1.8e-07,3,1.12873e-05
1.2999999999999998,5e-14,1e-11,125,3.6e-07,3,1.42735e-05
1.2999999999999998,5e-14,5e-11,-40,1.8e-07,3,1.4331e-05
1.2999999999999998,5e-14,5e-11,-40,3.6e-07,3,1.45326e-05
1.2999999999999998,5e-14,5e-11,-25,1.8e-07,3,1.43228e-05
1.2999999999999998,5e-14,5e-11,-25,3.6e-07,3,1.4533e-05
1.2999999999999998,5e-14,5e-11,0,1.8e-07,3,1.42646e-05
1.2999999999999998,5e-14,5e-11,0,3.6e-07,3,1.45377e-05
1.2999999999999998,5e-14,5e-11,25,1.8e-07,3,1.40589e-05
1.2999999999999998,5e-14,5e-11,25,3.6e-07,3,1.45436e-05
1.2999999999999998,5e-14,5e-11,75,1.8e-07,3,1.28806e-05
1.2999999999999998,5e-14,5e-11,75,3.6e-07,3,1.45023e-05
1.2999999999999998,5e-14,5e-11,100,1.8e-07,3,1.19596e-05
1.2999999999999998,5e-14,5e-11,100,3.6e-07,3,1.43874e-05
1.2999999999999998,5e-14,5e-11,125,1.8e-07,3,1.09499e-05
1.2999999999999998,5e-14,5e-11,125,3.6e-07,3,1.41573e-05
1.2999999999999998,5e-14,1e-10,-40,1.8e-07,3,1.43717e-05
1.2999999999999998,5e-14,1e-10,-40,3.6e-07,3,1.46056e-05
1.2999999999999998,5e-14,1e-10,-25,1.8e-07,3,1.43474e-05
1.2999999999999998,5e-14,1e-10,-25,3.6e-07,3,1.45881e-05
1.2999999999999998,5e-14,1e-10,0,1.8e-07,3,1.42485e-05
1.2999999999999998,5e-14,1e-10,0,3.6e-07,3,1.45732e-05
1.2999999999999998,5e-14,1e-10,25,1.8e-07,3,1.39662e-05
1.2999999999999998,5e-14,1e-10,25,3.6e-07,3,1.4565e-05
1.2999999999999998,5e-14,1e-10,75,1.8e-07,3,1.25719e-05
1.2999999999999998,5e-14,1e-10,75,3.6e-07,3,1.44794e-05
1.2999999999999998,5e-14,1e-10,100,1.8e-07,3,1.15647e-05
1.2999999999999998,5e-14,1e-10,100,3.6e-07,3,1.43187e-05
1.2999999999999998,5e-14,1e-10,125,1.8e-07,3,1.05049e-05
1.2999999999999998,5e-14,1e-10,125,3.6e-07,3,1.40254e-05
1.2999999999999998,5e-14,2e-10,-40,1.8e-07,3,1.45131e-05
1.2999999999999998,5e-14,2e-10,-40,3.6e-07,3,1.48667e-05
1.2999999999999998,5e-14,2e-10,-25,1.8e-07,3,1.44327e-05
1.2999999999999998,5e-14,2e-10,-25,3.6e-07,3,1.47988e-05
1.2999999999999998,5e-14,2e-10,0,1.8e-07,3,1.41892e-05
1.2999999999999998,5e-14,2e-10,0,3.6e-07,3,1.47219e-05
1.2999999999999998,5e-14,2e-10,25,1.8e-07,3,1.36732e-05
1.2999999999999998,5e-14,2e-10,25,3.6e-07,3,1.46662e-05
1.2999999999999998,5e-14,2e-10,75,1.8e-07,3,1.17526e-05
1.2999999999999998,5e-14,2e-10,75,3.6e-07,3,1.44224e-05
1.2999999999999998,5e-14,2e-10,100,1.8e-07,3,1.05885e-05
1.2999999999999998,5e-14,2e-10,100,3.6e-07,3,1.41199e-05
1.2999999999999998,5e-14,2e-10,125,1.8e-07,3,9.46268e-06
1.2999999999999998,5e-14,2e-10,125,3.6e-07,3,1.36545e-05
1.2999999999999998,5e-14,4e-10,-40,1.8e-07,3,1.47369e-05
1.2999999999999998,5e-14,4e-10,-40,3.6e-07,3,1.56465e-05
1.2999999999999998,5e-14,4e-10,-25,1.8e-07,3,1.43085e-05
1.2999999999999998,5e-14,4e-10,-25,3.6e-07,3,1.54464e-05
1.2999999999999998,5e-14,4e-10,0,1.8e-07,3,1.32458e-05
1.2999999999999998,5e-14,4e-10,0,3.6e-07,3,1.5174e-05
1.2999999999999998,5e-14,4e-10,25,1.8e-07,3,1.18118e-05
1.2999999999999998,5e-14,4e-10,25,3.6e-07,3,1.48677e-05
1.2999999999999998,5e-14,4e-10,75,1.8e-07,3,8.88478e-06
1.2999999999999998,5e-14,4e-10,75,3.6e-07,3,1.37136e-05
1.2999999999999998,5e-14,4e-10,100,1.8e-07,3,7.70414e-06
1.2999999999999998,5e-14,4e-10,100,3.6e-07,3,1.28201e-05
1.2999999999999998,5e-14,4e-10,125,1.8e-07,3,6.72957e-06
1.2999999999999998,5e-14,4e-10,125,3.6e-07,3,1.1808e-05
