Iteration,Vdd,Cload,Slew,Temp,Wp,Reason
351,0.7,2.327272727272727e-14,1e-11,-40,1.8e-07,Power value not found in log
895,0.7999999999999999,1e-15,2e-10,125,1.8e-07,Power value not found in log
898,0.7999999999999999,1e-15,4e-10,-40,3.6e-07,Power value not found in log
905,0.7999999999999999,1e-15,4e-10,75,1.8e-07,Power value not found in log
915,0.7999999999999999,5.454545454545455e-15,1e-11,0,1.8e-07,Power value not found in log
916,0.7999999999999999,5.454545454545455e-15,1e-11,0,3.6e-07,Power value not found in log
922,0.7999999999999999,5.454545454545455e-15,1e-11,100,3.6e-07,Power value not found in log
923,0.7999999999999999,5.454545454545455e-15,1e-11,125,1.8e-07,Power value not found in log
931,0.7999999999999999,5.454545454545455e-15,5e-11,25,1.8e-07,Power value not found in log
932,0.7999999999999999,5.454545454545455e-15,5e-11,25,3.6e-07,Power value not found in log
933,0.7999999999999999,5.454545454545455e-15,5e-11,75,1.8e-07,Power value not found in log
934,0.7999999999999999,5.454545454545455e-15,5e-11,75,3.6e-07,Power value not found in log
935,0.7999999999999999,5.454545454545455e-15,5e-11,100,1.8e-07,Power value not found in log
936,0.7999999999999999,5.454545454545455e-15,5e-11,100,3.6e-07,Power value not found in log
942,0.7999999999999999,5.454545454545455e-15,1e-10,-25,3.6e-07,Power value not found in log
946,0.7999999999999999,5.454545454545455e-15,1e-10,25,3.6e-07,Power value not found in log
951,0.7999999999999999,5.454545454545455e-15,1e-10,125,1.8e-07,Power value not found in log
953,0.7999999999999999,5.454545454545455e-15,2e-10,-40,1.8e-07,Power value not found in log
954,0.7999999999999999,5.454545454545455e-15,2e-10,-40,3.6e-07,Power value not found in log
961,0.7999999999999999,5.454545454545455e-15,2e-10,75,1.8e-07,Power value not found in log
962,0.7999999999999999,5.454545454545455e-15,2e-10,75,3.6e-07,Power value not found in log
964,0.7999999999999999,5.454545454545455e-15,2e-10,100,3.6e-07,Power value not found in log
965,0.7999999999999999,5.454545454545455e-15,2e-10,125,1.8e-07,Power value not found in log
966,0.7999999999999999,5.454545454545455e-15,2e-10,125,3.6e-07,Power value not found in log
967,0.7999999999999999,5.454545454545455e-15,4e-10,-40,1.8e-07,Power value not found in log
968,0.7999999999999999,5.454545454545455e-15,4e-10,-40,3.6e-07,Power value not found in log
969,0.7999999999999999,5.454545454545455e-15,4e-10,-25,1.8e-07,Power value not found in log
970,0.7999999999999999,5.454545454545455e-15,4e-10,-25,3.6e-07,Power value not found in log
971,0.7999999999999999,5.454545454545455e-15,4e-10,0,1.8e-07,Power value not found in log
972,0.7999999999999999,5.454545454545455e-15,4e-10,0,3.6e-07,Power value not found in log
974,0.7999999999999999,5.454545454545455e-15,4e-10,25,3.6e-07,Power value not found in log
980,0.7999999999999999,5.454545454545455e-15,4e-10,125,3.6e-07,Power value not found in log
981,0.7999999999999999,9.909090909090909e-15,1e-11,-40,1.8e-07,Power value not found in log
982,0.7999999999999999,9.909090909090909e-15,1e-11,-40,3.6e-07,Power value not found in log
983,0.7999999999999999,9.909090909090909e-15,1e-11,-25,1.8e-07,Power value not found in log
985,0.7999999999999999,9.909090909090909e-15,1e-11,0,1.8e-07,Power value not found in log
992,0.7999999999999999,9.909090909090909e-15,1e-11,100,3.6e-07,Power value not found in log
993,0.7999999999999999,9.909090909090909e-15,1e-11,125,1.8e-07,Power value not found in log
995,0.7999999999999999,9.909090909090909e-15,5e-11,-40,1.8e-07,Power value not found in log
996,0.7999999999999999,9.909090909090909e-15,5e-11,-40,3.6e-07,Power value not found in log
1002,0.7999999999999999,9.909090909090909e-15,5e-11,25,3.6e-07,Power value not found in log
1003,0.7999999999999999,9.909090909090909e-15,5e-11,75,1.8e-07,Power value not found in log
1004,0.7999999999999999,9.909090909090909e-15,5e-11,75,3.6e-07,Power value not found in log
1005,0.7999999999999999,9.909090909090909e-15,5e-11,100,1.8e-07,Power value not found in log
1006,0.7999999999999999,9.909090909090909e-15,5e-11,100,3.6e-07,Power value not found in log
1007,0.7999999999999999,9.909090909090909e-15,5e-11,125,1.8e-07,Power value not found in log
1008,0.7999999999999999,9.909090909090909e-15,5e-11,125,3.6e-07,Power value not found in log
1014,0.7999999999999999,9.909090909090909e-15,1e-10,0,3.6e-07,Power value not found in log
1015,0.7999999999999999,9.909090909090909e-15,1e-10,25,1.8e-07,Power value not found in log
1017,0.7999999999999999,9.909090909090909e-15,1e-10,75,1.8e-07,Power value not found in log
1018,0.7999999999999999,9.909090909090909e-15,1e-10,75,3.6e-07,Power value not found in log
1019,0.7999999999999999,9.909090909090909e-15,1e-10,100,1.8e-07,Power value not found in log
1020,0.7999999999999999,9.909090909090909e-15,1e-10,100,3.6e-07,Power value not found in log
1021,0.7999999999999999,9.909090909090909e-15,1e-10,125,1.8e-07,Power value not found in log
1143,0.7999999999999999,1.8818181818181816e-14,5e-11,75,1.8e-07,Power value not found in log
1146,0.7999999999999999,1.8818181818181816e-14,5e-11,100,3.6e-07,Power value not found in log
1150,0.7999999999999999,1.8818181818181816e-14,1e-10,-40,3.6e-07,Power value not found in log
1152,0.7999999999999999,1.8818181818181816e-14,1e-10,-25,3.6e-07,Power value not found in log
1153,0.7999999999999999,1.8818181818181816e-14,1e-10,0,1.8e-07,Power value not found in log
1164,0.7999999999999999,1.8818181818181816e-14,2e-10,-40,3.6e-07,Power value not found in log
1168,0.7999999999999999,1.8818181818181816e-14,2e-10,0,3.6e-07,Power value not found in log
1175,0.7999999999999999,1.8818181818181816e-14,2e-10,125,1.8e-07,Power value not found in log
1176,0.7999999999999999,1.8818181818181816e-14,2e-10,125,3.6e-07,Power value not found in log
1177,0.7999999999999999,1.8818181818181816e-14,4e-10,-40,1.8e-07,Power value not found in log
1178,0.7999999999999999,1.8818181818181816e-14,4e-10,-40,3.6e-07,Power value not found in log
1180,0.7999999999999999,1.8818181818181816e-14,4e-10,-25,3.6e-07,Power value not found in log
1182,0.7999999999999999,1.8818181818181816e-14,4e-10,0,3.6e-07,Power value not found in log
1183,0.7999999999999999,1.8818181818181816e-14,4e-10,25,1.8e-07,Power value not found in log
1185,0.7999999999999999,1.8818181818181816e-14,4e-10,75,1.8e-07,Power value not found in log
1186,0.7999999999999999,1.8818181818181816e-14,4e-10,75,3.6e-07,Power value not found in log
1187,0.7999999999999999,1.8818181818181816e-14,4e-10,100,1.8e-07,Power value not found in log
1189,0.7999999999999999,1.8818181818181816e-14,4e-10,125,1.8e-07,Power value not found in log
1191,0.7999999999999999,2.327272727272727e-14,1e-11,-40,1.8e-07,Power value not found in log
1195,0.7999999999999999,2.327272727272727e-14,1e-11,0,1.8e-07,Power value not found in log
1200,0.7999999999999999,2.327272727272727e-14,1e-11,75,3.6e-07,Power value not found in log
1202,0.7999999999999999,2.327272727272727e-14,1e-11,100,3.6e-07,Power value not found in log
1203,0.7999999999999999,2.327272727272727e-14,1e-11,125,1.8e-07,Power value not found in log
1204,0.7999999999999999,2.327272727272727e-14,1e-11,125,3.6e-07,Power value not found in log
1206,0.7999999999999999,2.327272727272727e-14,5e-11,-40,3.6e-07,Power value not found in log
1207,0.7999999999999999,2.327272727272727e-14,5e-11,-25,1.8e-07,Power value not found in log
1209,0.7999999999999999,2.327272727272727e-14,5e-11,0,1.8e-07,Power value not found in log
1210,0.7999999999999999,2.327272727272727e-14,5e-11,0,3.6e-07,Power value not found in log
1211,0.7999999999999999,2.327272727272727e-14,5e-11,25,1.8e-07,Power value not found in log
1213,0.7999999999999999,2.327272727272727e-14,5e-11,75,1.8e-07,Power value not found in log
1215,0.7999999999999999,2.327272727272727e-14,5e-11,100,1.8e-07,Power value not found in log
1216,0.7999999999999999,2.327272727272727e-14,5e-11,100,3.6e-07,Power value not found in log
1218,0.7999999999999999,2.327272727272727e-14,5e-11,125,3.6e-07,Power value not found in log
1220,0.7999999999999999,2.327272727272727e-14,1e-10,-40,3.6e-07,Power value not found in log
1221,0.7999999999999999,2.327272727272727e-14,1e-10,-25,1.8e-07,Power value not found in log
1222,0.7999999999999999,2.327272727272727e-14,1e-10,-25,3.6e-07,Power value not found in log
1223,0.7999999999999999,2.327272727272727e-14,1e-10,0,1.8e-07,Power value not found in log
1224,0.7999999999999999,2.327272727272727e-14,1e-10,0,3.6e-07,Power value not found in log
1225,0.7999999999999999,2.327272727272727e-14,1e-10,25,1.8e-07,Power value not found in log
1227,0.7999999999999999,2.327272727272727e-14,1e-10,75,1.8e-07,Power value not found in log
1230,0.7999999999999999,2.327272727272727e-14,1e-10,100,3.6e-07,Power value not found in log
1231,0.7999999999999999,2.327272727272727e-14,1e-10,125,1.8e-07,Power value not found in log
1233,0.7999999999999999,2.327272727272727e-14,2e-10,-40,1.8e-07,Power value not found in log
1234,0.7999999999999999,2.327272727272727e-14,2e-10,-40,3.6e-07,Power value not found in log
1235,0.7999999999999999,2.327272727272727e-14,2e-10,-25,1.8e-07,Power value not found in log
1240,0.7999999999999999,2.327272727272727e-14,2e-10,25,3.6e-07,Power value not found in log
1242,0.7999999999999999,2.327272727272727e-14,2e-10,75,3.6e-07,Power value not found in log
1248,0.7999999999999999,2.327272727272727e-14,4e-10,-40,3.6e-07,Power value not found in log
1249,0.7999999999999999,2.327272727272727e-14,4e-10,-25,1.8e-07,Power value not found in log
1250,0.7999999999999999,2.327272727272727e-14,4e-10,-25,3.6e-07,Power value not found in log
1252,0.7999999999999999,2.327272727272727e-14,4e-10,0,3.6e-07,Power value not found in log
1253,0.7999999999999999,2.327272727272727e-14,4e-10,25,1.8e-07,Power value not found in log
1255,0.7999999999999999,2.327272727272727e-14,4e-10,75,1.8e-07,Power value not found in log
1256,0.7999999999999999,2.327272727272727e-14,4e-10,75,3.6e-07,Power value not found in log
1257,0.7999999999999999,2.327272727272727e-14,4e-10,100,1.8e-07,Power value not found in log
1258,0.7999999999999999,2.327272727272727e-14,4e-10,100,3.6e-07,Power value not found in log
1260,0.7999999999999999,2.327272727272727e-14,4e-10,125,3.6e-07,Power value not found in log
1264,0.7999999999999999,2.7727272727272724e-14,1e-11,-25,3.6e-07,Power value not found in log
1271,0.7999999999999999,2.7727272727272724e-14,1e-11,100,1.8e-07,Power value not found in log
1272,0.7999999999999999,2.7727272727272724e-14,1e-11,100,3.6e-07,Power value not found in log
1274,0.7999999999999999,2.7727272727272724e-14,1e-11,125,3.6e-07,Power value not found in log
1279,0.7999999999999999,2.7727272727272724e-14,5e-11,0,1.8e-07,Power value not found in log
1280,0.7999999999999999,2.7727272727272724e-14,5e-11,0,3.6e-07,Power value not found in log
1282,0.7999999999999999,2.7727272727272724e-14,5e-11,25,3.6e-07,Power value not found in log
1284,0.7999999999999999,2.7727272727272724e-14,5e-11,75,3.6e-07,Power value not found in log
1286,0.7999999999999999,2.7727272727272724e-14,5e-11,100,3.6e-07,Power value not found in log
1287,0.7999999999999999,2.7727272727272724e-14,5e-11,125,1.8e-07,Power value not found in log
1289,0.7999999999999999,2.7727272727272724e-14,1e-10,-40,1.8e-07,Power value not found in log
1291,0.7999999999999999,2.7727272727272724e-14,1e-10,-25,1.8e-07,Power value not found in log
1296,0.7999999999999999,2.7727272727272724e-14,1e-10,25,3.6e-07,Power value not found in log
1297,0.7999999999999999,2.7727272727272724e-14,1e-10,75,1.8e-07,Power value not found in log
1299,0.7999999999999999,2.7727272727272724e-14,1e-10,100,1.8e-07,Power value not found in log
1301,0.7999999999999999,2.7727272727272724e-14,1e-10,125,1.8e-07,Power value not found in log
1302,0.7999999999999999,2.7727272727272724e-14,1e-10,125,3.6e-07,Power value not found in log
1304,0.7999999999999999,2.7727272727272724e-14,2e-10,-40,3.6e-07,Power value not found in log
1307,0.7999999999999999,2.7727272727272724e-14,2e-10,0,1.8e-07,Power value not found in log
1309,0.7999999999999999,2.7727272727272724e-14,2e-10,25,1.8e-07,Power value not found in log
1310,0.7999999999999999,2.7727272727272724e-14,2e-10,25,3.6e-07,Power value not found in log
1311,0.7999999999999999,2.7727272727272724e-14,2e-10,75,1.8e-07,Power value not found in log
1312,0.7999999999999999,2.7727272727272724e-14,2e-10,75,3.6e-07,Power value not found in log
1313,0.7999999999999999,2.7727272727272724e-14,2e-10,100,1.8e-07,Power value not found in log
1314,0.7999999999999999,2.7727272727272724e-14,2e-10,100,3.6e-07,Power value not found in log
1315,0.7999999999999999,2.7727272727272724e-14,2e-10,125,1.8e-07,Power value not found in log
1316,0.7999999999999999,2.7727272727272724e-14,2e-10,125,3.6e-07,Power value not found in log
1318,0.7999999999999999,2.7727272727272724e-14,4e-10,-40,3.6e-07,Power value not found in log
1320,0.7999999999999999,2.7727272727272724e-14,4e-10,-25,3.6e-07,Power value not found in log
1321,0.7999999999999999,2.7727272727272724e-14,4e-10,0,1.8e-07,Power value not found in log
1323,0.7999999999999999,2.7727272727272724e-14,4e-10,25,1.8e-07,Power value not found in log
1324,0.7999999999999999,2.7727272727272724e-14,4e-10,25,3.6e-07,Power value not found in log
1326,0.7999999999999999,2.7727272727272724e-14,4e-10,75,3.6e-07,Power value not found in log
1327,0.7999999999999999,2.7727272727272724e-14,4e-10,100,1.8e-07,Power value not found in log
1328,0.7999999999999999,2.7727272727272724e-14,4e-10,100,3.6e-07,Power value not found in log
1329,0.7999999999999999,2.7727272727272724e-14,4e-10,125,1.8e-07,Power value not found in log
1330,0.7999999999999999,2.7727272727272724e-14,4e-10,125,3.6e-07,Power value not found in log
1331,0.7999999999999999,3.218181818181818e-14,1e-11,-40,1.8e-07,Power value not found in log
1332,0.7999999999999999,3.218181818181818e-14,1e-11,-40,3.6e-07,Power value not found in log
1333,0.7999999999999999,3.218181818181818e-14,1e-11,-25,1.8e-07,Power value not found in log
1334,0.7999999999999999,3.218181818181818e-14,1e-11,-25,3.6e-07,Power value not found in log
1336,0.7999999999999999,3.218181818181818e-14,1e-11,0,3.6e-07,Power value not found in log
1338,0.7999999999999999,3.218181818181818e-14,1e-11,25,3.6e-07,Power value not found in log
1339,0.7999999999999999,3.218181818181818e-14,1e-11,75,1.8e-07,Power value not found in log
1340,0.7999999999999999,3.218181818181818e-14,1e-11,75,3.6e-07,Power value not found in log
1342,0.7999999999999999,3.218181818181818e-14,1e-11,100,3.6e-07,Power value not found in log
1346,0.7999999999999999,3.218181818181818e-14,5e-11,-40,3.6e-07,Power value not found in log
1347,0.7999999999999999,3.218181818181818e-14,5e-11,-25,1.8e-07,Power value not found in log
1349,0.7999999999999999,3.218181818181818e-14,5e-11,0,1.8e-07,Power value not found in log
1351,0.7999999999999999,3.218181818181818e-14,5e-11,25,1.8e-07,Power value not found in log
1352,0.7999999999999999,3.218181818181818e-14,5e-11,25,3.6e-07,Power value not found in log
1353,0.7999999999999999,3.218181818181818e-14,5e-11,75,1.8e-07,Power value not found in log
1355,0.7999999999999999,3.218181818181818e-14,5e-11,100,1.8e-07,Power value not found in log
1356,0.7999999999999999,3.218181818181818e-14,5e-11,100,3.6e-07,Power value not found in log
1357,0.7999999999999999,3.218181818181818e-14,5e-11,125,1.8e-07,Power value not found in log
1359,0.7999999999999999,3.218181818181818e-14,1e-10,-40,1.8e-07,Power value not found in log
1360,0.7999999999999999,3.218181818181818e-14,1e-10,-40,3.6e-07,Power value not found in log
1362,0.7999999999999999,3.218181818181818e-14,1e-10,-25,3.6e-07,Power value not found in log
1366,0.7999999999999999,3.218181818181818e-14,1e-10,25,3.6e-07,Power value not found in log
1367,0.7999999999999999,3.218181818181818e-14,1e-10,75,1.8e-07,Power value not found in log
1368,0.7999999999999999,3.218181818181818e-14,1e-10,75,3.6e-07,Power value not found in log
1369,0.7999999999999999,3.218181818181818e-14,1e-10,100,1.8e-07,Power value not found in log
1371,0.7999999999999999,3.218181818181818e-14,1e-10,125,1.8e-07,Power value not found in log
1375,0.7999999999999999,3.218181818181818e-14,2e-10,-25,1.8e-07,Power value not found in log
1376,0.7999999999999999,3.218181818181818e-14,2e-10,-25,3.6e-07,Power value not found in log
1378,0.7999999999999999,3.218181818181818e-14,2e-10,0,3.6e-07,Power value not found in log
1379,0.7999999999999999,3.218181818181818e-14,2e-10,25,1.8e-07,Power value not found in log
1385,0.7999999999999999,3.218181818181818e-14,2e-10,125,1.8e-07,Power value not found in log
1388,0.7999999999999999,3.218181818181818e-14,4e-10,-40,3.6e-07,Power value not found in log
1390,0.7999999999999999,3.218181818181818e-14,4e-10,-25,3.6e-07,Power value not found in log
1393,0.7999999999999999,3.218181818181818e-14,4e-10,25,1.8e-07,Power value not found in log
1394,0.7999999999999999,3.218181818181818e-14,4e-10,25,3.6e-07,Power value not found in log
1395,0.7999999999999999,3.218181818181818e-14,4e-10,75,1.8e-07,Power value not found in log
1397,0.7999999999999999,3.218181818181818e-14,4e-10,100,1.8e-07,Power value not found in log
1399,0.7999999999999999,3.218181818181818e-14,4e-10,125,1.8e-07,Power value not found in log
1401,0.7999999999999999,3.6636363636363636e-14,1e-11,-40,1.8e-07,Power value not found in log
1408,0.7999999999999999,3.6636363636363636e-14,1e-11,25,3.6e-07,Power value not found in log
1409,0.7999999999999999,3.6636363636363636e-14,1e-11,75,1.8e-07,Power value not found in log
1410,0.7999999999999999,3.6636363636363636e-14,1e-11,75,3.6e-07,Power value not found in log
1411,0.7999999999999999,3.6636363636363636e-14,1e-11,100,1.8e-07,Power value not found in log
1413,0.7999999999999999,3.6636363636363636e-14,1e-11,125,1.8e-07,Power value not found in log
1414,0.7999999999999999,3.6636363636363636e-14,1e-11,125,3.6e-07,Power value not found in log
1415,0.7999999999999999,3.6636363636363636e-14,5e-11,-40,1.8e-07,Power value not found in log
1416,0.7999999999999999,3.6636363636363636e-14,5e-11,-40,3.6e-07,Power value not found in log
1418,0.7999999999999999,3.6636363636363636e-14,5e-11,-25,3.6e-07,Power value not found in log
1419,0.7999999999999999,3.6636363636363636e-14,5e-11,0,1.8e-07,Power value not found in log
1421,0.7999999999999999,3.6636363636363636e-14,5e-11,25,1.8e-07,Power value not found in log
1423,0.7999999999999999,3.6636363636363636e-14,5e-11,75,1.8e-07,Power value not found in log
1425,0.7999999999999999,3.6636363636363636e-14,5e-11,100,1.8e-07,Power value not found in log
1426,0.7999999999999999,3.6636363636363636e-14,5e-11,100,3.6e-07,Power value not found in log
1427,0.7999999999999999,3.6636363636363636e-14,5e-11,125,1.8e-07,Power value not found in log
1428,0.7999999999999999,3.6636363636363636e-14,5e-11,125,3.6e-07,Power value not found in log
1430,0.7999999999999999,3.6636363636363636e-14,1e-10,-40,3.6e-07,Power value not found in log
1431,0.7999999999999999,3.6636363636363636e-14,1e-10,-25,1.8e-07,Power value not found in log
1432,0.7999999999999999,3.6636363636363636e-14,1e-10,-25,3.6e-07,Power value not found in log
1434,0.7999999999999999,3.6636363636363636e-14,1e-10,0,3.6e-07,Power value not found in log
1435,0.7999999999999999,3.6636363636363636e-14,1e-10,25,1.8e-07,Power value not found in log
1438,0.7999999999999999,3.6636363636363636e-14,1e-10,75,3.6e-07,Power value not found in log
1439,0.7999999999999999,3.6636363636363636e-14,1e-10,100,1.8e-07,Power value not found in log
1445,0.7999999999999999,3.6636363636363636e-14,2e-10,-25,1.8e-07,Power value not found in log
1447,0.7999999999999999,3.6636363636363636e-14,2e-10,0,1.8e-07,Power value not found in log
1449,0.7999999999999999,3.6636363636363636e-14,2e-10,25,1.8e-07,Power value not found in log
1452,0.7999999999999999,3.6636363636363636e-14,2e-10,75,3.6e-07,Power value not found in log
1454,0.7999999999999999,3.6636363636363636e-14,2e-10,100,3.6e-07,Power value not found in log
1456,0.7999999999999999,3.6636363636363636e-14,2e-10,125,3.6e-07,Power value not found in log
1457,0.7999999999999999,3.6636363636363636e-14,4e-10,-40,1.8e-07,Power value not found in log
1458,0.7999999999999999,3.6636363636363636e-14,4e-10,-40,3.6e-07,Power value not found in log
1459,0.7999999999999999,3.6636363636363636e-14,4e-10,-25,1.8e-07,Power value not found in log
1460,0.7999999999999999,3.6636363636363636e-14,4e-10,-25,3.6e-07,Power value not found in log
1461,0.7999999999999999,3.6636363636363636e-14,4e-10,0,1.8e-07,Power value not found in log
1462,0.7999999999999999,3.6636363636363636e-14,4e-10,0,3.6e-07,Power value not found in log
1463,0.7999999999999999,3.6636363636363636e-14,4e-10,25,1.8e-07,Power value not found in log
1465,0.7999999999999999,3.6636363636363636e-14,4e-10,75,1.8e-07,Power value not found in log
1468,0.7999999999999999,3.6636363636363636e-14,4e-10,100,3.6e-07,Power value not found in log
1469,0.7999999999999999,3.6636363636363636e-14,4e-10,125,1.8e-07,Power value not found in log
1470,0.7999999999999999,3.6636363636363636e-14,4e-10,125,3.6e-07,Power value not found in log
1471,0.7999999999999999,4.109090909090909e-14,1e-11,-40,1.8e-07,Power value not found in log
1472,0.7999999999999999,4.109090909090909e-14,1e-11,-40,3.6e-07,Power value not found in log
1473,0.7999999999999999,4.109090909090909e-14,1e-11,-25,1.8e-07,Power value not found in log
1475,0.7999999999999999,4.109090909090909e-14,1e-11,0,1.8e-07,Power value not found in log
1476,0.7999999999999999,4.109090909090909e-14,1e-11,0,3.6e-07,Power value not found in log
1478,0.7999999999999999,4.109090909090909e-14,1e-11,25,3.6e-07,Power value not found in log
1479,0.7999999999999999,4.109090909090909e-14,1e-11,75,1.8e-07,Power value not found in log
1480,0.7999999999999999,4.109090909090909e-14,1e-11,75,3.6e-07,Power value not found in log
1482,0.7999999999999999,4.109090909090909e-14,1e-11,100,3.6e-07,Power value not found in log
1483,0.7999999999999999,4.109090909090909e-14,1e-11,125,1.8e-07,Power value not found in log
1484,0.7999999999999999,4.109090909090909e-14,1e-11,125,3.6e-07,Power value not found in log
1486,0.7999999999999999,4.109090909090909e-14,5e-11,-40,3.6e-07,Power value not found in log
1488,0.7999999999999999,4.109090909090909e-14,5e-11,-25,3.6e-07,Power value not found in log
1489,0.7999999999999999,4.109090909090909e-14,5e-11,0,1.8e-07,Power value not found in log
1491,0.7999999999999999,4.109090909090909e-14,5e-11,25,1.8e-07,Power value not found in log
1492,0.7999999999999999,4.109090909090909e-14,5e-11,25,3.6e-07,Power value not found in log
1494,0.7999999999999999,4.109090909090909e-14,5e-11,75,3.6e-07,Power value not found in log
1495,0.7999999999999999,4.109090909090909e-14,5e-11,100,1.8e-07,Power value not found in log
1497,0.7999999999999999,4.109090909090909e-14,5e-11,125,1.8e-07,Power value not found in log
1499,0.7999999999999999,4.109090909090909e-14,1e-10,-40,1.8e-07,Power value not found in log
1500,0.7999999999999999,4.109090909090909e-14,1e-10,-40,3.6e-07,Power value not found in log
1503,0.7999999999999999,4.109090909090909e-14,1e-10,0,1.8e-07,Power value not found in log
1504,0.7999999999999999,4.109090909090909e-14,1e-10,0,3.6e-07,Power value not found in log
1506,0.7999999999999999,4.109090909090909e-14,1e-10,25,3.6e-07,Power value not found in log
1507,0.7999999999999999,4.109090909090909e-14,1e-10,75,1.8e-07,Power value not found in log
1509,0.7999999999999999,4.109090909090909e-14,1e-10,100,1.8e-07,Power value not found in log
1510,0.7999999999999999,4.109090909090909e-14,1e-10,100,3.6e-07,Power value not found in log
1512,0.7999999999999999,4.109090909090909e-14,1e-10,125,3.6e-07,Power value not found in log
1513,0.7999999999999999,4.109090909090909e-14,2e-10,-40,1.8e-07,Power value not found in log
1514,0.7999999999999999,4.109090909090909e-14,2e-10,-40,3.6e-07,Power value not found in log
1515,0.7999999999999999,4.109090909090909e-14,2e-10,-25,1.8e-07,Power value not found in log
1517,0.7999999999999999,4.109090909090909e-14,2e-10,0,1.8e-07,Power value not found in log
1519,0.7999999999999999,4.109090909090909e-14,2e-10,25,1.8e-07,Power value not found in log
1520,0.7999999999999999,4.109090909090909e-14,2e-10,25,3.6e-07,Power value not found in log
1522,0.7999999999999999,4.109090909090909e-14,2e-10,75,3.6e-07,Power value not found in log
1524,0.7999999999999999,4.109090909090909e-14,2e-10,100,3.6e-07,Power value not found in log
1525,0.7999999999999999,4.109090909090909e-14,2e-10,125,1.8e-07,Power value not found in log
1526,0.7999999999999999,4.109090909090909e-14,2e-10,125,3.6e-07,Power value not found in log
1527,0.7999999999999999,4.109090909090909e-14,4e-10,-40,1.8e-07,Power value not found in log
1528,0.7999999999999999,4.109090909090909e-14,4e-10,-40,3.6e-07,Power value not found in log
1529,0.7999999999999999,4.109090909090909e-14,4e-10,-25,1.8e-07,Power value not found in log
1533,0.7999999999999999,4.109090909090909e-14,4e-10,25,1.8e-07,Power value not found in log
1534,0.7999999999999999,4.109090909090909e-14,4e-10,25,3.6e-07,Power value not found in log
1535,0.7999999999999999,4.109090909090909e-14,4e-10,75,1.8e-07,Power value not found in log
1536,0.7999999999999999,4.109090909090909e-14,4e-10,75,3.6e-07,Power value not found in log
1538,0.7999999999999999,4.109090909090909e-14,4e-10,100,3.6e-07,Power value not found in log
1539,0.7999999999999999,4.109090909090909e-14,4e-10,125,1.8e-07,Power value not found in log
1540,0.7999999999999999,4.109090909090909e-14,4e-10,125,3.6e-07,Power value not found in log
1545,0.7999999999999999,4.5545454545454544e-14,1e-11,0,1.8e-07,Power value not found in log
1548,0.7999999999999999,4.5545454545454544e-14,1e-11,25,3.6e-07,Power value not found in log
1549,0.7999999999999999,4.5545454545454544e-14,1e-11,75,1.8e-07,Power value not found in log
1551,0.7999999999999999,4.5545454545454544e-14,1e-11,100,1.8e-07,Power value not found in log
1552,0.7999999999999999,4.5545454545454544e-14,1e-11,100,3.6e-07,Power value not found in log
1553,0.7999999999999999,4.5545454545454544e-14,1e-11,125,1.8e-07,Power value not found in log
1554,0.7999999999999999,4.5545454545454544e-14,1e-11,125,3.6e-07,Power value not found in log
1555,0.7999999999999999,4.5545454545454544e-14,5e-11,-40,1.8e-07,Power value not found in log
1557,0.7999999999999999,4.5545454545454544e-14,5e-11,-25,1.8e-07,Power value not found in log
1558,0.7999999999999999,4.5545454545454544e-14,5e-11,-25,3.6e-07,Power value not found in log
1559,0.7999999999999999,4.5545454545454544e-14,5e-11,0,1.8e-07,Power value not found in log
1560,0.7999999999999999,4.5545454545454544e-14,5e-11,0,3.6e-07,Power value not found in log
1565,0.7999999999999999,4.5545454545454544e-14,5e-11,100,1.8e-07,Power value not found in log
1566,0.7999999999999999,4.5545454545454544e-14,5e-11,100,3.6e-07,Power value not found in log
1567,0.7999999999999999,4.5545454545454544e-14,5e-11,125,1.8e-07,Power value not found in log
1569,0.7999999999999999,4.5545454545454544e-14,1e-10,-40,1.8e-07,Power value not found in log
1571,0.7999999999999999,4.5545454545454544e-14,1e-10,-25,1.8e-07,Power value not found in log
1575,0.7999999999999999,4.5545454545454544e-14,1e-10,25,1.8e-07,Power value not found in log
1577,0.7999999999999999,4.5545454545454544e-14,1e-10,75,1.8e-07,Power value not found in log
1578,0.7999999999999999,4.5545454545454544e-14,1e-10,75,3.6e-07,Power value not found in log
1579,0.7999999999999999,4.5545454545454544e-14,1e-10,100,1.8e-07,Power value not found in log
1581,0.7999999999999999,4.5545454545454544e-14,1e-10,125,1.8e-07,Power value not found in log
1582,0.7999999999999999,4.5545454545454544e-14,1e-10,125,3.6e-07,Power value not found in log
1584,0.7999999999999999,4.5545454545454544e-14,2e-10,-40,3.6e-07,Power value not found in log
1585,0.7999999999999999,4.5545454545454544e-14,2e-10,-25,1.8e-07,Power value not found in log
1588,0.7999999999999999,4.5545454545454544e-14,2e-10,0,3.6e-07,Power value not found in log
1590,0.7999999999999999,4.5545454545454544e-14,2e-10,25,3.6e-07,Power value not found in log
1592,0.7999999999999999,4.5545454545454544e-14,2e-10,75,3.6e-07,Power value not found in log
1593,0.7999999999999999,4.5545454545454544e-14,2e-10,100,1.8e-07,Power value not found in log
1595,0.7999999999999999,4.5545454545454544e-14,2e-10,125,1.8e-07,Power value not found in log
1596,0.7999999999999999,4.5545454545454544e-14,2e-10,125,3.6e-07,Power value not found in log
1597,0.7999999999999999,4.5545454545454544e-14,4e-10,-40,1.8e-07,Power value not found in log
1598,0.7999999999999999,4.5545454545454544e-14,4e-10,-40,3.6e-07,Power value not found in log
1599,0.7999999999999999,4.5545454545454544e-14,4e-10,-25,1.8e-07,Power value not found in log
1600,0.7999999999999999,4.5545454545454544e-14,4e-10,-25,3.6e-07,Power value not found in log
1602,0.7999999999999999,4.5545454545454544e-14,4e-10,0,3.6e-07,Power value not found in log
1604,0.7999999999999999,4.5545454545454544e-14,4e-10,25,3.6e-07,Power value not found in log
1605,0.7999999999999999,4.5545454545454544e-14,4e-10,75,1.8e-07,Power value not found in log
1606,0.7999999999999999,4.5545454545454544e-14,4e-10,75,3.6e-07,Power value not found in log
1607,0.7999999999999999,4.5545454545454544e-14,4e-10,100,1.8e-07,Power value not found in log
1608,0.7999999999999999,4.5545454545454544e-14,4e-10,100,3.6e-07,Power value not found in log
1611,0.7999999999999999,5e-14,1e-11,-40,1.8e-07,Power value not found in log
1612,0.7999999999999999,5e-14,1e-11,-40,3.6e-07,Power value not found in log
1613,0.7999999999999999,5e-14,1e-11,-25,1.8e-07,Power value not found in log
1614,0.7999999999999999,5e-14,1e-11,-25,3.6e-07,Power value not found in log
1616,0.7999999999999999,5e-14,1e-11,0,3.6e-07,Power value not found in log
1617,0.7999999999999999,5e-14,1e-11,25,1.8e-07,Power value not found in log
1619,0.7999999999999999,5e-14,1e-11,75,1.8e-07,Power value not found in log
1620,0.7999999999999999,5e-14,1e-11,75,3.6e-07,Power value not found in log
1621,0.7999999999999999,5e-14,1e-11,100,1.8e-07,Power value not found in log
1623,0.7999999999999999,5e-14,1e-11,125,1.8e-07,Power value not found in log
1624,0.7999999999999999,5e-14,1e-11,125,3.6e-07,Power value not found in log
1625,0.7999999999999999,5e-14,5e-11,-40,1.8e-07,Power value not found in log
1627,0.7999999999999999,5e-14,5e-11,-25,1.8e-07,Power value not found in log
1628,0.7999999999999999,5e-14,5e-11,-25,3.6e-07,Power value not found in log
1629,0.7999999999999999,5e-14,5e-11,0,1.8e-07,Power value not found in log
1631,0.7999999999999999,5e-14,5e-11,25,1.8e-07,Power value not found in log
1633,0.7999999999999999,5e-14,5e-11,75,1.8e-07,Power value not found in log
1634,0.7999999999999999,5e-14,5e-11,75,3.6e-07,Power value not found in log
1636,0.7999999999999999,5e-14,5e-11,100,3.6e-07,Power value not found in log
1638,0.7999999999999999,5e-14,5e-11,125,3.6e-07,Power value not found in log
1640,0.7999999999999999,5e-14,1e-10,-40,3.6e-07,Power value not found in log
1641,0.7999999999999999,5e-14,1e-10,-25,1.8e-07,Power value not found in log
1642,0.7999999999999999,5e-14,1e-10,-25,3.6e-07,Power value not found in log
1644,0.7999999999999999,5e-14,1e-10,0,3.6e-07,Power value not found in log
1645,0.7999999999999999,5e-14,1e-10,25,1.8e-07,Power value not found in log
1646,0.7999999999999999,5e-14,1e-10,25,3.6e-07,Power value not found in log
1648,0.7999999999999999,5e-14,1e-10,75,3.6e-07,Power value not found in log
1649,0.7999999999999999,5e-14,1e-10,100,1.8e-07,Power value not found in log
1650,0.7999999999999999,5e-14,1e-10,100,3.6e-07,Power value not found in log
1651,0.7999999999999999,5e-14,1e-10,125,1.8e-07,Power value not found in log
1653,0.7999999999999999,5e-14,2e-10,-40,1.8e-07,Power value not found in log
1654,0.7999999999999999,5e-14,2e-10,-40,3.6e-07,Power value not found in log
1655,0.7999999999999999,5e-14,2e-10,-25,1.8e-07,Power value not found in log
1656,0.7999999999999999,5e-14,2e-10,-25,3.6e-07,Power value not found in log
1657,0.7999999999999999,5e-14,2e-10,0,1.8e-07,Power value not found in log
1659,0.7999999999999999,5e-14,2e-10,25,1.8e-07,Power value not found in log
1660,0.7999999999999999,5e-14,2e-10,25,3.6e-07,Power value not found in log
1661,0.7999999999999999,5e-14,2e-10,75,1.8e-07,Power value not found in log
1662,0.7999999999999999,5e-14,2e-10,75,3.6e-07,Power value not found in log
1663,0.7999999999999999,5e-14,2e-10,100,1.8e-07,Power value not found in log
1665,0.7999999999999999,5e-14,2e-10,125,1.8e-07,Power value not found in log
1666,0.7999999999999999,5e-14,2e-10,125,3.6e-07,Power value not found in log
1667,0.7999999999999999,5e-14,4e-10,-40,1.8e-07,Power value not found in log
1668,0.7999999999999999,5e-14,4e-10,-40,3.6e-07,Power value not found in log
1669,0.7999999999999999,5e-14,4e-10,-25,1.8e-07,Power value not found in log
1670,0.7999999999999999,5e-14,4e-10,-25,3.6e-07,Power value not found in log
1671,0.7999999999999999,5e-14,4e-10,0,1.8e-07,Power value not found in log
1672,0.7999999999999999,5e-14,4e-10,0,3.6e-07,Power value not found in log
1674,0.7999999999999999,5e-14,4e-10,25,3.6e-07,Power value not found in log
1675,0.7999999999999999,5e-14,4e-10,75,1.8e-07,Power value not found in log
1677,0.7999999999999999,5e-14,4e-10,100,1.8e-07,Power value not found in log
1679,0.7999999999999999,5e-14,4e-10,125,1.8e-07,Power value not found in log
1682,0.8999999999999999,1e-15,1e-11,-40,3.6e-07,Power value not found in log
1685,0.8999999999999999,1e-15,1e-11,0,1.8e-07,Power value not found in log
1686,0.8999999999999999,1e-15,1e-11,0,3.6e-07,Power value not found in log
1687,0.8999999999999999,1e-15,1e-11,25,1.8e-07,Power value not found in log
1688,0.8999999999999999,1e-15,1e-11,25,3.6e-07,Power value not found in log
1689,0.8999999999999999,1e-15,1e-11,75,1.8e-07,Power value not found in log
1690,0.8999999999999999,1e-15,1e-11,75,3.6e-07,Power value not found in log
1691,0.8999999999999999,1e-15,1e-11,100,1.8e-07,Power value not found in log
1692,0.8999999999999999,1e-15,1e-11,100,3.6e-07,Power value not found in log
1694,0.8999999999999999,1e-15,1e-11,125,3.6e-07,Power value not found in log
1695,0.8999999999999999,1e-15,5e-11,-40,1.8e-07,Power value not found in log
1698,0.8999999999999999,1e-15,5e-11,-25,3.6e-07,Power value not found in log
1699,0.8999999999999999,1e-15,5e-11,0,1.8e-07,Power value not found in log
1700,0.8999999999999999,1e-15,5e-11,0,3.6e-07,Power value not found in log
1701,0.8999999999999999,1e-15,5e-11,25,1.8e-07,Power value not found in log
1702,0.8999999999999999,1e-15,5e-11,25,3.6e-07,Power value not found in log
1703,0.8999999999999999,1e-15,5e-11,75,1.8e-07,Power value not found in log
1704,0.8999999999999999,1e-15,5e-11,75,3.6e-07,Power value not found in log
1705,0.8999999999999999,1e-15,5e-11,100,1.8e-07,Power value not found in log
1706,0.8999999999999999,1e-15,5e-11,100,3.6e-07,Power value not found in log
1709,0.8999999999999999,1e-15,1e-10,-40,1.8e-07,Power value not found in log
1710,0.8999999999999999,1e-15,1e-10,-40,3.6e-07,Power value not found in log
1711,0.8999999999999999,1e-15,1e-10,-25,1.8e-07,Power value not found in log
1712,0.8999999999999999,1e-15,1e-10,-25,3.6e-07,Power value not found in log
1713,0.8999999999999999,1e-15,1e-10,0,1.8e-07,Power value not found in log
1714,0.8999999999999999,1e-15,1e-10,0,3.6e-07,Power value not found in log
1715,0.8999999999999999,1e-15,1e-10,25,1.8e-07,Power value not found in log
1717,0.8999999999999999,1e-15,1e-10,75,1.8e-07,Power value not found in log
1718,0.8999999999999999,1e-15,1e-10,75,3.6e-07,Power value not found in log
1720,0.8999999999999999,1e-15,1e-10,100,3.6e-07,Power value not found in log
1721,0.8999999999999999,1e-15,1e-10,125,1.8e-07,Power value not found in log
1722,0.8999999999999999,1e-15,1e-10,125,3.6e-07,Power value not found in log
1724,0.8999999999999999,1e-15,2e-10,-40,3.6e-07,Power value not found in log
1725,0.8999999999999999,1e-15,2e-10,-25,1.8e-07,Power value not found in log
1728,0.8999999999999999,1e-15,2e-10,0,3.6e-07,Power value not found in log
1729,0.8999999999999999,1e-15,2e-10,25,1.8e-07,Power value not found in log
1730,0.8999999999999999,1e-15,2e-10,25,3.6e-07,Power value not found in log
1731,0.8999999999999999,1e-15,2e-10,75,1.8e-07,Power value not found in log
1732,0.8999999999999999,1e-15,2e-10,75,3.6e-07,Power value not found in log
1733,0.8999999999999999,1e-15,2e-10,100,1.8e-07,Power value not found in log
1735,0.8999999999999999,1e-15,2e-10,125,1.8e-07,Power value not found in log
1736,0.8999999999999999,1e-15,2e-10,125,3.6e-07,Power value not found in log
1737,0.8999999999999999,1e-15,4e-10,-40,1.8e-07,Power value not found in log
1738,0.8999999999999999,1e-15,4e-10,-40,3.6e-07,Power value not found in log
1739,0.8999999999999999,1e-15,4e-10,-25,1.8e-07,Power value not found in log
1740,0.8999999999999999,1e-15,4e-10,-25,3.6e-07,Power value not found in log
1741,0.8999999999999999,1e-15,4e-10,0,1.8e-07,Power value not found in log
1742,0.8999999999999999,1e-15,4e-10,0,3.6e-07,Power value not found in log
1743,0.8999999999999999,1e-15,4e-10,25,1.8e-07,Power value not found in log
1745,0.8999999999999999,1e-15,4e-10,75,1.8e-07,Power value not found in log
1746,0.8999999999999999,1e-15,4e-10,75,3.6e-07,Power value not found in log
1748,0.8999999999999999,1e-15,4e-10,100,3.6e-07,Power value not found in log
1749,0.8999999999999999,1e-15,4e-10,125,1.8e-07,Power value not found in log
1750,0.8999999999999999,1e-15,4e-10,125,3.6e-07,Power value not found in log
1751,0.8999999999999999,5.454545454545455e-15,1e-11,-40,1.8e-07,Power value not found in log
1752,0.8999999999999999,5.454545454545455e-15,1e-11,-40,3.6e-07,Power value not found in log
1754,0.8999999999999999,5.454545454545455e-15,1e-11,-25,3.6e-07,Power value not found in log
1755,0.8999999999999999,5.454545454545455e-15,1e-11,0,1.8e-07,Power value not found in log
1756,0.8999999999999999,5.454545454545455e-15,1e-11,0,3.6e-07,Power value not found in log
1758,0.8999999999999999,5.454545454545455e-15,1e-11,25,3.6e-07,Power value not found in log
1760,0.8999999999999999,5.454545454545455e-15,1e-11,75,3.6e-07,Power value not found in log
1761,0.8999999999999999,5.454545454545455e-15,1e-11,100,1.8e-07,Power value not found in log
1763,0.8999999999999999,5.454545454545455e-15,1e-11,125,1.8e-07,Power value not found in log
1764,0.8999999999999999,5.454545454545455e-15,1e-11,125,3.6e-07,Power value not found in log
1765,0.8999999999999999,5.454545454545455e-15,5e-11,-40,1.8e-07,Power value not found in log
1766,0.8999999999999999,5.454545454545455e-15,5e-11,-40,3.6e-07,Power value not found in log
1767,0.8999999999999999,5.454545454545455e-15,5e-11,-25,1.8e-07,Power value not found in log
1768,0.8999999999999999,5.454545454545455e-15,5e-11,-25,3.6e-07,Power value not found in log
1769,0.8999999999999999,5.454545454545455e-15,5e-11,0,1.8e-07,Power value not found in log
1771,0.8999999999999999,5.454545454545455e-15,5e-11,25,1.8e-07,Power value not found in log
1772,0.8999999999999999,5.454545454545455e-15,5e-11,25,3.6e-07,Power value not found in log
1773,0.8999999999999999,5.454545454545455e-15,5e-11,75,1.8e-07,Power value not found in log
1774,0.8999999999999999,5.454545454545455e-15,5e-11,75,3.6e-07,Power value not found in log
1775,0.8999999999999999,5.454545454545455e-15,5e-11,100,1.8e-07,Power value not found in log
1776,0.8999999999999999,5.454545454545455e-15,5e-11,100,3.6e-07,Power value not found in log
1777,0.8999999999999999,5.454545454545455e-15,5e-11,125,1.8e-07,Power value not found in log
1779,0.8999999999999999,5.454545454545455e-15,1e-10,-40,1.8e-07,Power value not found in log
1782,0.8999999999999999,5.454545454545455e-15,1e-10,-25,3.6e-07,Power value not found in log
1783,0.8999999999999999,5.454545454545455e-15,1e-10,0,1.8e-07,Power value not found in log
1784,0.8999999999999999,5.454545454545455e-15,1e-10,0,3.6e-07,Power value not found in log
1785,0.8999999999999999,5.454545454545455e-15,1e-10,25,1.8e-07,Power value not found in log
1787,0.8999999999999999,5.454545454545455e-15,1e-10,75,1.8e-07,Power value not found in log
1788,0.8999999999999999,5.454545454545455e-15,1e-10,75,3.6e-07,Power value not found in log
1789,0.8999999999999999,5.454545454545455e-15,1e-10,100,1.8e-07,Power value not found in log
1790,0.8999999999999999,5.454545454545455e-15,1e-10,100,3.6e-07,Power value not found in log
1792,0.8999999999999999,5.454545454545455e-15,1e-10,125,3.6e-07,Power value not found in log
1793,0.8999999999999999,5.454545454545455e-15,2e-10,-40,1.8e-07,Power value not found in log
1794,0.8999999999999999,5.454545454545455e-15,2e-10,-40,3.6e-07,Power value not found in log
1795,0.8999999999999999,5.454545454545455e-15,2e-10,-25,1.8e-07,Power value not found in log
1796,0.8999999999999999,5.454545454545455e-15,2e-10,-25,3.6e-07,Power value not found in log
1797,0.8999999999999999,5.454545454545455e-15,2e-10,0,1.8e-07,Power value not found in log
1799,0.8999999999999999,5.454545454545455e-15,2e-10,25,1.8e-07,Power value not found in log
1800,0.8999999999999999,5.454545454545455e-15,2e-10,25,3.6e-07,Power value not found in log
1801,0.8999999999999999,5.454545454545455e-15,2e-10,75,1.8e-07,Power value not found in log
1804,0.8999999999999999,5.454545454545455e-15,2e-10,100,3.6e-07,Power value not found in log
1806,0.8999999999999999,5.454545454545455e-15,2e-10,125,3.6e-07,Power value not found in log
1807,0.8999999999999999,5.454545454545455e-15,4e-10,-40,1.8e-07,Power value not found in log
1809,0.8999999999999999,5.454545454545455e-15,4e-10,-25,1.8e-07,Power value not found in log
1811,0.8999999999999999,5.454545454545455e-15,4e-10,0,1.8e-07,Power value not found in log
1812,0.8999999999999999,5.454545454545455e-15,4e-10,0,3.6e-07,Power value not found in log
1813,0.8999999999999999,5.454545454545455e-15,4e-10,25,1.8e-07,Power value not found in log
1814,0.8999999999999999,5.454545454545455e-15,4e-10,25,3.6e-07,Power value not found in log
1816,0.8999999999999999,5.454545454545455e-15,4e-10,75,3.6e-07,Power value not found in log
1818,0.8999999999999999,5.454545454545455e-15,4e-10,100,3.6e-07,Power value not found in log
1819,0.8999999999999999,5.454545454545455e-15,4e-10,125,1.8e-07,Power value not found in log
1820,0.8999999999999999,5.454545454545455e-15,4e-10,125,3.6e-07,Power value not found in log
1821,0.8999999999999999,9.909090909090909e-15,1e-11,-40,1.8e-07,Power value not found in log
1822,0.8999999999999999,9.909090909090909e-15,1e-11,-40,3.6e-07,Power value not found in log
1824,0.8999999999999999,9.909090909090909e-15,1e-11,-25,3.6e-07,Power value not found in log
1826,0.8999999999999999,9.909090909090909e-15,1e-11,0,3.6e-07,Power value not found in log
1827,0.8999999999999999,9.909090909090909e-15,1e-11,25,1.8e-07,Power value not found in log
1829,0.8999999999999999,9.909090909090909e-15,1e-11,75,1.8e-07,Power value not found in log
1830,0.8999999999999999,9.909090909090909e-15,1e-11,75,3.6e-07,Power value not found in log
1831,0.8999999999999999,9.909090909090909e-15,1e-11,100,1.8e-07,Power value not found in log
1832,0.8999999999999999,9.909090909090909e-15,1e-11,100,3.6e-07,Power value not found in log
1834,0.8999999999999999,9.909090909090909e-15,1e-11,125,3.6e-07,Power value not found in log
1836,0.8999999999999999,9.909090909090909e-15,5e-11,-40,3.6e-07,Power value not found in log
1837,0.8999999999999999,9.909090909090909e-15,5e-11,-25,1.8e-07,Power value not found in log
1839,0.8999999999999999,9.909090909090909e-15,5e-11,0,1.8e-07,Power value not found in log
1840,0.8999999999999999,9.909090909090909e-15,5e-11,0,3.6e-07,Power value not found in log
1841,0.8999999999999999,9.909090909090909e-15,5e-11,25,1.8e-07,Power value not found in log
1842,0.8999999999999999,9.909090909090909e-15,5e-11,25,3.6e-07,Power value not found in log
1843,0.8999999999999999,9.909090909090909e-15,5e-11,75,1.8e-07,Power value not found in log
1844,0.8999999999999999,9.909090909090909e-15,5e-11,75,3.6e-07,Power value not found in log
1845,0.8999999999999999,9.909090909090909e-15,5e-11,100,1.8e-07,Power value not found in log
1847,0.8999999999999999,9.909090909090909e-15,5e-11,125,1.8e-07,Power value not found in log
1848,0.8999999999999999,9.909090909090909e-15,5e-11,125,3.6e-07,Power value not found in log
1849,0.8999999999999999,9.909090909090909e-15,1e-10,-40,1.8e-07,Power value not found in log
1851,0.8999999999999999,9.909090909090909e-15,1e-10,-25,1.8e-07,Power value not found in log
1853,0.8999999999999999,9.909090909090909e-15,1e-10,0,1.8e-07,Power value not found in log
1854,0.8999999999999999,9.909090909090909e-15,1e-10,0,3.6e-07,Power value not found in log
1856,0.8999999999999999,9.909090909090909e-15,1e-10,25,3.6e-07,Power value not found in log
1858,0.8999999999999999,9.909090909090909e-15,1e-10,75,3.6e-07,Power value not found in log
1859,0.8999999999999999,9.909090909090909e-15,1e-10,100,1.8e-07,Power value not found in log
1861,0.8999999999999999,9.909090909090909e-15,1e-10,125,1.8e-07,Power value not found in log
1862,0.8999999999999999,9.909090909090909e-15,1e-10,125,3.6e-07,Power value not found in log
1863,0.8999999999999999,9.909090909090909e-15,2e-10,-40,1.8e-07,Power value not found in log
1864,0.8999999999999999,9.909090909090909e-15,2e-10,-40,3.6e-07,Power value not found in log
1865,0.8999999999999999,9.909090909090909e-15,2e-10,-25,1.8e-07,Power value not found in log
1867,0.8999999999999999,9.909090909090909e-15,2e-10,0,1.8e-07,Power value not found in log
1869,0.8999999999999999,9.909090909090909e-15,2e-10,25,1.8e-07,Power value not found in log
1870,0.8999999999999999,9.909090909090909e-15,2e-10,25,3.6e-07,Power value not found in log
1871,0.8999999999999999,9.909090909090909e-15,2e-10,75,1.8e-07,Power value not found in log
1873,0.8999999999999999,9.909090909090909e-15,2e-10,100,1.8e-07,Power value not found in log
1875,0.8999999999999999,9.909090909090909e-15,2e-10,125,1.8e-07,Power value not found in log
1876,0.8999999999999999,9.909090909090909e-15,2e-10,125,3.6e-07,Power value not found in log
1877,0.8999999999999999,9.909090909090909e-15,4e-10,-40,1.8e-07,Power value not found in log
1878,0.8999999999999999,9.909090909090909e-15,4e-10,-40,3.6e-07,Power value not found in log
1879,0.8999999999999999,9.909090909090909e-15,4e-10,-25,1.8e-07,Power value not found in log
1881,0.8999999999999999,9.909090909090909e-15,4e-10,0,1.8e-07,Power value not found in log
1882,0.8999999999999999,9.909090909090909e-15,4e-10,0,3.6e-07,Power value not found in log
1883,0.8999999999999999,9.909090909090909e-15,4e-10,25,1.8e-07,Power value not found in log
1884,0.8999999999999999,9.909090909090909e-15,4e-10,25,3.6e-07,Power value not found in log
1885,0.8999999999999999,9.909090909090909e-15,4e-10,75,1.8e-07,Power value not found in log
1886,0.8999999999999999,9.909090909090909e-15,4e-10,75,3.6e-07,Power value not found in log
1887,0.8999999999999999,9.909090909090909e-15,4e-10,100,1.8e-07,Power value not found in log
1888,0.8999999999999999,9.909090909090909e-15,4e-10,100,3.6e-07,Power value not found in log
1889,0.8999999999999999,9.909090909090909e-15,4e-10,125,1.8e-07,Power value not found in log
1891,0.8999999999999999,1.436363636363636e-14,1e-11,-40,1.8e-07,Power value not found in log
1892,0.8999999999999999,1.436363636363636e-14,1e-11,-40,3.6e-07,Power value not found in log
1894,0.8999999999999999,1.436363636363636e-14,1e-11,-25,3.6e-07,Power value not found in log
1896,0.8999999999999999,1.436363636363636e-14,1e-11,0,3.6e-07,Power value not found in log
1897,0.8999999999999999,1.436363636363636e-14,1e-11,25,1.8e-07,Power value not found in log
1899,0.8999999999999999,1.436363636363636e-14,1e-11,75,1.8e-07,Power value not found in log
1900,0.8999999999999999,1.436363636363636e-14,1e-11,75,3.6e-07,Power value not found in log
1901,0.8999999999999999,1.436363636363636e-14,1e-11,100,1.8e-07,Power value not found in log
1902,0.8999999999999999,1.436363636363636e-14,1e-11,100,3.6e-07,Power value not found in log
1903,0.8999999999999999,1.436363636363636e-14,1e-11,125,1.8e-07,Power value not found in log
1904,0.8999999999999999,1.436363636363636e-14,1e-11,125,3.6e-07,Power value not found in log
1906,0.8999999999999999,1.436363636363636e-14,5e-11,-40,3.6e-07,Power value not found in log
1908,0.8999999999999999,1.436363636363636e-14,5e-11,-25,3.6e-07,Power value not found in log
1909,0.8999999999999999,1.436363636363636e-14,5e-11,0,1.8e-07,Power value not found in log
1911,0.8999999999999999,1.436363636363636e-14,5e-11,25,1.8e-07,Power value not found in log
1912,0.8999999999999999,1.436363636363636e-14,5e-11,25,3.6e-07,Power value not found in log
1913,0.8999999999999999,1.436363636363636e-14,5e-11,75,1.8e-07,Power value not found in log
1915,0.8999999999999999,1.436363636363636e-14,5e-11,100,1.8e-07,Power value not found in log
1916,0.8999999999999999,1.436363636363636e-14,5e-11,100,3.6e-07,Power value not found in log
1917,0.8999999999999999,1.436363636363636e-14,5e-11,125,1.8e-07,Power value not found in log
1918,0.8999999999999999,1.436363636363636e-14,5e-11,125,3.6e-07,Power value not found in log
1919,0.8999999999999999,1.436363636363636e-14,1e-10,-40,1.8e-07,Power value not found in log
1921,0.8999999999999999,1.436363636363636e-14,1e-10,-25,1.8e-07,Power value not found in log
1922,0.8999999999999999,1.436363636363636e-14,1e-10,-25,3.6e-07,Power value not found in log
1924,0.8999999999999999,1.436363636363636e-14,1e-10,0,3.6e-07,Power value not found in log
1926,0.8999999999999999,1.436363636363636e-14,1e-10,25,3.6e-07,Power value not found in log
1927,0.8999999999999999,1.436363636363636e-14,1e-10,75,1.8e-07,Power value not found in log
1928,0.8999999999999999,1.436363636363636e-14,1e-10,75,3.6e-07,Power value not found in log
1929,0.8999999999999999,1.436363636363636e-14,1e-10,100,1.8e-07,Power value not found in log
1931,0.8999999999999999,1.436363636363636e-14,1e-10,125,1.8e-07,Power value not found in log
1932,0.8999999999999999,1.436363636363636e-14,1e-10,125,3.6e-07,Power value not found in log
1933,0.8999999999999999,1.436363636363636e-14,2e-10,-40,1.8e-07,Power value not found in log
1934,0.8999999999999999,1.436363636363636e-14,2e-10,-40,3.6e-07,Power value not found in log
1935,0.8999999999999999,1.436363636363636e-14,2e-10,-25,1.8e-07,Power value not found in log
1936,0.8999999999999999,1.436363636363636e-14,2e-10,-25,3.6e-07,Power value not found in log
1937,0.8999999999999999,1.436363636363636e-14,2e-10,0,1.8e-07,Power value not found in log
1938,0.8999999999999999,1.436363636363636e-14,2e-10,0,3.6e-07,Power value not found in log
1939,0.8999999999999999,1.436363636363636e-14,2e-10,25,1.8e-07,Power value not found in log
1940,0.8999999999999999,1.436363636363636e-14,2e-10,25,3.6e-07,Power value not found in log
1941,0.8999999999999999,1.436363636363636e-14,2e-10,75,1.8e-07,Power value not found in log
1942,0.8999999999999999,1.436363636363636e-14,2e-10,75,3.6e-07,Power value not found in log
1944,0.8999999999999999,1.436363636363636e-14,2e-10,100,3.6e-07,Power value not found in log
1945,0.8999999999999999,1.436363636363636e-14,2e-10,125,1.8e-07,Power value not found in log
1946,0.8999999999999999,1.436363636363636e-14,2e-10,125,3.6e-07,Power value not found in log
1947,0.8999999999999999,1.436363636363636e-14,4e-10,-40,1.8e-07,Power value not found in log
1949,0.8999999999999999,1.436363636363636e-14,4e-10,-25,1.8e-07,Power value not found in log
1951,0.8999999999999999,1.436363636363636e-14,4e-10,0,1.8e-07,Power value not found in log
1952,0.8999999999999999,1.436363636363636e-14,4e-10,0,3.6e-07,Power value not found in log
1953,0.8999999999999999,1.436363636363636e-14,4e-10,25,1.8e-07,Power value not found in log
1955,0.8999999999999999,1.436363636363636e-14,4e-10,75,1.8e-07,Power value not found in log
1956,0.8999999999999999,1.436363636363636e-14,4e-10,75,3.6e-07,Power value not found in log
1957,0.8999999999999999,1.436363636363636e-14,4e-10,100,1.8e-07,Power value not found in log
1958,0.8999999999999999,1.436363636363636e-14,4e-10,100,3.6e-07,Power value not found in log
1960,0.8999999999999999,1.436363636363636e-14,4e-10,125,3.6e-07,Power value not found in log
1962,0.8999999999999999,1.8818181818181816e-14,1e-11,-40,3.6e-07,Power value not found in log
1963,0.8999999999999999,1.8818181818181816e-14,1e-11,-25,1.8e-07,Power value not found in log
1964,0.8999999999999999,1.8818181818181816e-14,1e-11,-25,3.6e-07,Power value not found in log
1965,0.8999999999999999,1.8818181818181816e-14,1e-11,0,1.8e-07,Power value not found in log
1967,0.8999999999999999,1.8818181818181816e-14,1e-11,25,1.8e-07,Power value not found in log
1970,0.8999999999999999,1.8818181818181816e-14,1e-11,75,3.6e-07,Power value not found in log
1971,0.8999999999999999,1.8818181818181816e-14,1e-11,100,1.8e-07,Power value not found in log
1972,0.8999999999999999,1.8818181818181816e-14,1e-11,100,3.6e-07,Power value not found in log
1974,0.8999999999999999,1.8818181818181816e-14,1e-11,125,3.6e-07,Power value not found in log
1975,0.8999999999999999,1.8818181818181816e-14,5e-11,-40,1.8e-07,Power value not found in log
1977,0.8999999999999999,1.8818181818181816e-14,5e-11,-25,1.8e-07,Power value not found in log
1978,0.8999999999999999,1.8818181818181816e-14,5e-11,-25,3.6e-07,Power value not found in log
1979,0.8999999999999999,1.8818181818181816e-14,5e-11,0,1.8e-07,Power value not found in log
1980,0.8999999999999999,1.8818181818181816e-14,5e-11,0,3.6e-07,Power value not found in log
1982,0.8999999999999999,1.8818181818181816e-14,5e-11,25,3.6e-07,Power value not found in log
1983,0.8999999999999999,1.8818181818181816e-14,5e-11,75,1.8e-07,Power value not found in log
1985,0.8999999999999999,1.8818181818181816e-14,5e-11,100,1.8e-07,Power value not found in log
1986,0.8999999999999999,1.8818181818181816e-14,5e-11,100,3.6e-07,Power value not found in log
1987,0.8999999999999999,1.8818181818181816e-14,5e-11,125,1.8e-07,Power value not found in log
1988,0.8999999999999999,1.8818181818181816e-14,5e-11,125,3.6e-07,Power value not found in log
1989,0.8999999999999999,1.8818181818181816e-14,1e-10,-40,1.8e-07,Power value not found in log
1991,0.8999999999999999,1.8818181818181816e-14,1e-10,-25,1.8e-07,Power value not found in log
1993,0.8999999999999999,1.8818181818181816e-14,1e-10,0,1.8e-07,Power value not found in log
1994,0.8999999999999999,1.8818181818181816e-14,1e-10,0,3.6e-07,Power value not found in log
1996,0.8999999999999999,1.8818181818181816e-14,1e-10,25,3.6e-07,Power value not found in log
1997,0.8999999999999999,1.8818181818181816e-14,1e-10,75,1.8e-07,Power value not found in log
1999,0.8999999999999999,1.8818181818181816e-14,1e-10,100,1.8e-07,Power value not found in log
2000,0.8999999999999999,1.8818181818181816e-14,1e-10,100,3.6e-07,Power value not found in log
2001,0.8999999999999999,1.8818181818181816e-14,1e-10,125,1.8e-07,Power value not found in log
2002,0.8999999999999999,1.8818181818181816e-14,1e-10,125,3.6e-07,Power value not found in log
2003,0.8999999999999999,1.8818181818181816e-14,2e-10,-40,1.8e-07,Power value not found in log
2004,0.8999999999999999,1.8818181818181816e-14,2e-10,-40,3.6e-07,Power value not found in log
2005,0.8999999999999999,1.8818181818181816e-14,2e-10,-25,1.8e-07,Power value not found in log
2006,0.8999999999999999,1.8818181818181816e-14,2e-10,-25,3.6e-07,Power value not found in log
2007,0.8999999999999999,1.8818181818181816e-14,2e-10,0,1.8e-07,Power value not found in log
2008,0.8999999999999999,1.8818181818181816e-14,2e-10,0,3.6e-07,Power value not found in log
2009,0.8999999999999999,1.8818181818181816e-14,2e-10,25,1.8e-07,Power value not found in log
2010,0.8999999999999999,1.8818181818181816e-14,2e-10,25,3.6e-07,Power value not found in log
2011,0.8999999999999999,1.8818181818181816e-14,2e-10,75,1.8e-07,Power value not found in log
2012,0.8999999999999999,1.8818181818181816e-14,2e-10,75,3.6e-07,Power value not found in log
2013,0.8999999999999999,1.8818181818181816e-14,2e-10,100,1.8e-07,Power value not found in log
2014,0.8999999999999999,1.8818181818181816e-14,2e-10,100,3.6e-07,Power value not found in log
2015,0.8999999999999999,1.8818181818181816e-14,2e-10,125,1.8e-07,Power value not found in log
2016,0.8999999999999999,1.8818181818181816e-14,2e-10,125,3.6e-07,Power value not found in log
2018,0.8999999999999999,1.8818181818181816e-14,4e-10,-40,3.6e-07,Power value not found in log
2021,0.8999999999999999,1.8818181818181816e-14,4e-10,0,1.8e-07,Power value not found in log
2023,0.8999999999999999,1.8818181818181816e-14,4e-10,25,1.8e-07,Power value not found in log
2025,0.8999999999999999,1.8818181818181816e-14,4e-10,75,1.8e-07,Power value not found in log
2027,0.8999999999999999,1.8818181818181816e-14,4e-10,100,1.8e-07,Power value not found in log
2029,0.8999999999999999,1.8818181818181816e-14,4e-10,125,1.8e-07,Power value not found in log
2030,0.8999999999999999,1.8818181818181816e-14,4e-10,125,3.6e-07,Power value not found in log
2031,0.8999999999999999,2.327272727272727e-14,1e-11,-40,1.8e-07,Power value not found in log
2032,0.8999999999999999,2.327272727272727e-14,1e-11,-40,3.6e-07,Power value not found in log
2034,0.8999999999999999,2.327272727272727e-14,1e-11,-25,3.6e-07,Power value not found in log
2035,0.8999999999999999,2.327272727272727e-14,1e-11,0,1.8e-07,Power value not found in log
2037,0.8999999999999999,2.327272727272727e-14,1e-11,25,1.8e-07,Power value not found in log
2040,0.8999999999999999,2.327272727272727e-14,1e-11,75,3.6e-07,Power value not found in log
2041,0.8999999999999999,2.327272727272727e-14,1e-11,100,1.8e-07,Power value not found in log
2042,0.8999999999999999,2.327272727272727e-14,1e-11,100,3.6e-07,Power value not found in log
2043,0.8999999999999999,2.327272727272727e-14,1e-11,125,1.8e-07,Power value not found in log
2045,0.8999999999999999,2.327272727272727e-14,5e-11,-40,1.8e-07,Power value not found in log
2046,0.8999999999999999,2.327272727272727e-14,5e-11,-40,3.6e-07,Power value not found in log
2047,0.8999999999999999,2.327272727272727e-14,5e-11,-25,1.8e-07,Power value not found in log
2048,0.8999999999999999,2.327272727272727e-14,5e-11,-25,3.6e-07,Power value not found in log
2049,0.8999999999999999,2.327272727272727e-14,5e-11,0,1.8e-07,Power value not found in log
2051,0.8999999999999999,2.327272727272727e-14,5e-11,25,1.8e-07,Power value not found in log
2052,0.8999999999999999,2.327272727272727e-14,5e-11,25,3.6e-07,Power value not found in log
2053,0.8999999999999999,2.327272727272727e-14,5e-11,75,1.8e-07,Power value not found in log
2054,0.8999999999999999,2.327272727272727e-14,5e-11,75,3.6e-07,Power value not found in log
2055,0.8999999999999999,2.327272727272727e-14,5e-11,100,1.8e-07,Power value not found in log
2056,0.8999999999999999,2.327272727272727e-14,5e-11,100,3.6e-07,Power value not found in log
2058,0.8999999999999999,2.327272727272727e-14,5e-11,125,3.6e-07,Power value not found in log
2059,0.8999999999999999,2.327272727272727e-14,1e-10,-40,1.8e-07,Power value not found in log
2061,0.8999999999999999,2.327272727272727e-14,1e-10,-25,1.8e-07,Power value not found in log
2062,0.8999999999999999,2.327272727272727e-14,1e-10,-25,3.6e-07,Power value not found in log
2064,0.8999999999999999,2.327272727272727e-14,1e-10,0,3.6e-07,Power value not found in log
2065,0.8999999999999999,2.327272727272727e-14,1e-10,25,1.8e-07,Power value not found in log
2066,0.8999999999999999,2.327272727272727e-14,1e-10,25,3.6e-07,Power value not found in log
2067,0.8999999999999999,2.327272727272727e-14,1e-10,75,1.8e-07,Power value not found in log
2068,0.8999999999999999,2.327272727272727e-14,1e-10,75,3.6e-07,Power value not found in log
2070,0.8999999999999999,2.327272727272727e-14,1e-10,100,3.6e-07,Power value not found in log
2071,0.8999999999999999,2.327272727272727e-14,1e-10,125,1.8e-07,Power value not found in log
2072,0.8999999999999999,2.327272727272727e-14,1e-10,125,3.6e-07,Power value not found in log
2073,0.8999999999999999,2.327272727272727e-14,2e-10,-40,1.8e-07,Power value not found in log
2075,0.8999999999999999,2.327272727272727e-14,2e-10,-25,1.8e-07,Power value not found in log
2076,0.8999999999999999,2.327272727272727e-14,2e-10,-25,3.6e-07,Power value not found in log
2078,0.8999999999999999,2.327272727272727e-14,2e-10,0,3.6e-07,Power value not found in log
2079,0.8999999999999999,2.327272727272727e-14,2e-10,25,1.8e-07,Power value not found in log
2080,0.8999999999999999,2.327272727272727e-14,2e-10,25,3.6e-07,Power value not found in log
2081,0.8999999999999999,2.327272727272727e-14,2e-10,75,1.8e-07,Power value not found in log
2082,0.8999999999999999,2.327272727272727e-14,2e-10,75,3.6e-07,Power value not found in log
2083,0.8999999999999999,2.327272727272727e-14,2e-10,100,1.8e-07,Power value not found in log
2084,0.8999999999999999,2.327272727272727e-14,2e-10,100,3.6e-07,Power value not found in log
2085,0.8999999999999999,2.327272727272727e-14,2e-10,125,1.8e-07,Power value not found in log
2086,0.8999999999999999,2.327272727272727e-14,2e-10,125,3.6e-07,Power value not found in log
2087,0.8999999999999999,2.327272727272727e-14,4e-10,-40,1.8e-07,Power value not found in log
2089,0.8999999999999999,2.327272727272727e-14,4e-10,-25,1.8e-07,Power value not found in log
2090,0.8999999999999999,2.327272727272727e-14,4e-10,-25,3.6e-07,Power value not found in log
2091,0.8999999999999999,2.327272727272727e-14,4e-10,0,1.8e-07,Power value not found in log
2092,0.8999999999999999,2.327272727272727e-14,4e-10,0,3.6e-07,Power value not found in log
2093,0.8999999999999999,2.327272727272727e-14,4e-10,25,1.8e-07,Power value not found in log
2094,0.8999999999999999,2.327272727272727e-14,4e-10,25,3.6e-07,Power value not found in log
2096,0.8999999999999999,2.327272727272727e-14,4e-10,75,3.6e-07,Power value not found in log
2097,0.8999999999999999,2.327272727272727e-14,4e-10,100,1.8e-07,Power value not found in log
2098,0.8999999999999999,2.327272727272727e-14,4e-10,100,3.6e-07,Power value not found in log
2099,0.8999999999999999,2.327272727272727e-14,4e-10,125,1.8e-07,Power value not found in log
2100,0.8999999999999999,2.327272727272727e-14,4e-10,125,3.6e-07,Power value not found in log
2101,0.8999999999999999,2.7727272727272724e-14,1e-11,-40,1.8e-07,Power value not found in log
2102,0.8999999999999999,2.7727272727272724e-14,1e-11,-40,3.6e-07,Power value not found in log
2104,0.8999999999999999,2.7727272727272724e-14,1e-11,-25,3.6e-07,Power value not found in log
2105,0.8999999999999999,2.7727272727272724e-14,1e-11,0,1.8e-07,Power value not found in log
2106,0.8999999999999999,2.7727272727272724e-14,1e-11,0,3.6e-07,Power value not found in log
2107,0.8999999999999999,2.7727272727272724e-14,1e-11,25,1.8e-07,Power value not found in log
2108,0.8999999999999999,2.7727272727272724e-14,1e-11,25,3.6e-07,Power value not found in log
2110,0.8999999999999999,2.7727272727272724e-14,1e-11,75,3.6e-07,Power value not found in log
2111,0.8999999999999999,2.7727272727272724e-14,1e-11,100,1.8e-07,Power value not found in log
2113,0.8999999999999999,2.7727272727272724e-14,1e-11,125,1.8e-07,Power value not found in log
2114,0.8999999999999999,2.7727272727272724e-14,1e-11,125,3.6e-07,Power value not found in log
2116,0.8999999999999999,2.7727272727272724e-14,5e-11,-40,3.6e-07,Power value not found in log
2118,0.8999999999999999,2.7727272727272724e-14,5e-11,-25,3.6e-07,Power value not found in log
2120,0.8999999999999999,2.7727272727272724e-14,5e-11,0,3.6e-07,Power value not found in log
2121,0.8999999999999999,2.7727272727272724e-14,5e-11,25,1.8e-07,Power value not found in log
2122,0.8999999999999999,2.7727272727272724e-14,5e-11,25,3.6e-07,Power value not found in log
2123,0.8999999999999999,2.7727272727272724e-14,5e-11,75,1.8e-07,Power value not found in log
2124,0.8999999999999999,2.7727272727272724e-14,5e-11,75,3.6e-07,Power value not found in log
2126,0.8999999999999999,2.7727272727272724e-14,5e-11,100,3.6e-07,Power value not found in log
2127,0.8999999999999999,2.7727272727272724e-14,5e-11,125,1.8e-07,Power value not found in log
2128,0.8999999999999999,2.7727272727272724e-14,5e-11,125,3.6e-07,Power value not found in log
2129,0.8999999999999999,2.7727272727272724e-14,1e-10,-40,1.8e-07,Power value not found in log
2130,0.8999999999999999,2.7727272727272724e-14,1e-10,-40,3.6e-07,Power value not found in log
2131,0.8999999999999999,2.7727272727272724e-14,1e-10,-25,1.8e-07,Power value not found in log
2132,0.8999999999999999,2.7727272727272724e-14,1e-10,-25,3.6e-07,Power value not found in log
2133,0.8999999999999999,2.7727272727272724e-14,1e-10,0,1.8e-07,Power value not found in log
2135,0.8999999999999999,2.7727272727272724e-14,1e-10,25,1.8e-07,Power value not found in log
2136,0.8999999999999999,2.7727272727272724e-14,1e-10,25,3.6e-07,Power value not found in log
2138,0.8999999999999999,2.7727272727272724e-14,1e-10,75,3.6e-07,Power value not found in log
2139,0.8999999999999999,2.7727272727272724e-14,1e-10,100,1.8e-07,Power value not found in log
2141,0.8999999999999999,2.7727272727272724e-14,1e-10,125,1.8e-07,Power value not found in log
2143,0.8999999999999999,2.7727272727272724e-14,2e-10,-40,1.8e-07,Power value not found in log
2144,0.8999999999999999,2.7727272727272724e-14,2e-10,-40,3.6e-07,Power value not found in log
2145,0.8999999999999999,2.7727272727272724e-14,2e-10,-25,1.8e-07,Power value not found in log
2146,0.8999999999999999,2.7727272727272724e-14,2e-10,-25,3.6e-07,Power value not found in log
2147,0.8999999999999999,2.7727272727272724e-14,2e-10,0,1.8e-07,Power value not found in log
2148,0.8999999999999999,2.7727272727272724e-14,2e-10,0,3.6e-07,Power value not found in log
2150,0.8999999999999999,2.7727272727272724e-14,2e-10,25,3.6e-07,Power value not found in log
2151,0.8999999999999999,2.7727272727272724e-14,2e-10,75,1.8e-07,Power value not found in log
2152,0.8999999999999999,2.7727272727272724e-14,2e-10,75,3.6e-07,Power value not found in log
2154,0.8999999999999999,2.7727272727272724e-14,2e-10,100,3.6e-07,Power value not found in log
2156,0.8999999999999999,2.7727272727272724e-14,2e-10,125,3.6e-07,Power value not found in log
2157,0.8999999999999999,2.7727272727272724e-14,4e-10,-40,1.8e-07,Power value not found in log
2159,0.8999999999999999,2.7727272727272724e-14,4e-10,-25,1.8e-07,Power value not found in log
2161,0.8999999999999999,2.7727272727272724e-14,4e-10,0,1.8e-07,Power value not found in log
2162,0.8999999999999999,2.7727272727272724e-14,4e-10,0,3.6e-07,Power value not found in log
2164,0.8999999999999999,2.7727272727272724e-14,4e-10,25,3.6e-07,Power value not found in log
2166,0.8999999999999999,2.7727272727272724e-14,4e-10,75,3.6e-07,Power value not found in log
2167,0.8999999999999999,2.7727272727272724e-14,4e-10,100,1.8e-07,Power value not found in log
2168,0.8999999999999999,2.7727272727272724e-14,4e-10,100,3.6e-07,Power value not found in log
2171,0.8999999999999999,3.218181818181818e-14,1e-11,-40,1.8e-07,Power value not found in log
2172,0.8999999999999999,3.218181818181818e-14,1e-11,-40,3.6e-07,Power value not found in log
2174,0.8999999999999999,3.218181818181818e-14,1e-11,-25,3.6e-07,Power value not found in log
2175,0.8999999999999999,3.218181818181818e-14,1e-11,0,1.8e-07,Power value not found in log
2176,0.8999999999999999,3.218181818181818e-14,1e-11,0,3.6e-07,Power value not found in log
2177,0.8999999999999999,3.218181818181818e-14,1e-11,25,1.8e-07,Power value not found in log
2179,0.8999999999999999,3.218181818181818e-14,1e-11,75,1.8e-07,Power value not found in log
2180,0.8999999999999999,3.218181818181818e-14,1e-11,75,3.6e-07,Power value not found in log
2181,0.8999999999999999,3.218181818181818e-14,1e-11,100,1.8e-07,Power value not found in log
2182,0.8999999999999999,3.218181818181818e-14,1e-11,100,3.6e-07,Power value not found in log
2183,0.8999999999999999,3.218181818181818e-14,1e-11,125,1.8e-07,Power value not found in log
2185,0.8999999999999999,3.218181818181818e-14,5e-11,-40,1.8e-07,Power value not found in log
2188,0.8999999999999999,3.218181818181818e-14,5e-11,-25,3.6e-07,Power value not found in log
2190,0.8999999999999999,3.218181818181818e-14,5e-11,0,3.6e-07,Power value not found in log
2191,0.8999999999999999,3.218181818181818e-14,5e-11,25,1.8e-07,Power value not found in log
2192,0.8999999999999999,3.218181818181818e-14,5e-11,25,3.6e-07,Power value not found in log
2193,0.8999999999999999,3.218181818181818e-14,5e-11,75,1.8e-07,Power value not found in log
2194,0.8999999999999999,3.218181818181818e-14,5e-11,75,3.6e-07,Power value not found in log
2195,0.8999999999999999,3.218181818181818e-14,5e-11,100,1.8e-07,Power value not found in log
2196,0.8999999999999999,3.218181818181818e-14,5e-11,100,3.6e-07,Power value not found in log
2197,0.8999999999999999,3.218181818181818e-14,5e-11,125,1.8e-07,Power value not found in log
2198,0.8999999999999999,3.218181818181818e-14,5e-11,125,3.6e-07,Power value not found in log
2199,0.8999999999999999,3.218181818181818e-14,1e-10,-40,1.8e-07,Power value not found in log
2201,0.8999999999999999,3.218181818181818e-14,1e-10,-25,1.8e-07,Power value not found in log
2203,0.8999999999999999,3.218181818181818e-14,1e-10,0,1.8e-07,Power value not found in log
2205,0.8999999999999999,3.218181818181818e-14,1e-10,25,1.8e-07,Power value not found in log
2207,0.8999999999999999,3.218181818181818e-14,1e-10,75,1.8e-07,Power value not found in log
2208,0.8999999999999999,3.218181818181818e-14,1e-10,75,3.6e-07,Power value not found in log
2209,0.8999999999999999,3.218181818181818e-14,1e-10,100,1.8e-07,Power value not found in log
2210,0.8999999999999999,3.218181818181818e-14,1e-10,100,3.6e-07,Power value not found in log
2211,0.8999999999999999,3.218181818181818e-14,1e-10,125,1.8e-07,Power value not found in log
2212,0.8999999999999999,3.218181818181818e-14,1e-10,125,3.6e-07,Power value not found in log
2214,0.8999999999999999,3.218181818181818e-14,2e-10,-40,3.6e-07,Power value not found in log
2215,0.8999999999999999,3.218181818181818e-14,2e-10,-25,1.8e-07,Power value not found in log
2216,0.8999999999999999,3.218181818181818e-14,2e-10,-25,3.6e-07,Power value not found in log
2218,0.8999999999999999,3.218181818181818e-14,2e-10,0,3.6e-07,Power value not found in log
2220,0.8999999999999999,3.218181818181818e-14,2e-10,25,3.6e-07,Power value not found in log
2221,0.8999999999999999,3.218181818181818e-14,2e-10,75,1.8e-07,Power value not found in log
2222,0.8999999999999999,3.218181818181818e-14,2e-10,75,3.6e-07,Power value not found in log
2224,0.8999999999999999,3.218181818181818e-14,2e-10,100,3.6e-07,Power value not found in log
2225,0.8999999999999999,3.218181818181818e-14,2e-10,125,1.8e-07,Power value not found in log
2226,0.8999999999999999,3.218181818181818e-14,2e-10,125,3.6e-07,Power value not found in log
2228,0.8999999999999999,3.218181818181818e-14,4e-10,-40,3.6e-07,Power value not found in log
2229,0.8999999999999999,3.218181818181818e-14,4e-10,-25,1.8e-07,Power value not found in log
2230,0.8999999999999999,3.218181818181818e-14,4e-10,-25,3.6e-07,Power value not found in log
2232,0.8999999999999999,3.218181818181818e-14,4e-10,0,3.6e-07,Power value not found in log
2234,0.8999999999999999,3.218181818181818e-14,4e-10,25,3.6e-07,Power value not found in log
2235,0.8999999999999999,3.218181818181818e-14,4e-10,75,1.8e-07,Power value not found in log
2236,0.8999999999999999,3.218181818181818e-14,4e-10,75,3.6e-07,Power value not found in log
2238,0.8999999999999999,3.218181818181818e-14,4e-10,100,3.6e-07,Power value not found in log
2239,0.8999999999999999,3.218181818181818e-14,4e-10,125,1.8e-07,Power value not found in log
2240,0.8999999999999999,3.218181818181818e-14,4e-10,125,3.6e-07,Power value not found in log
2241,0.8999999999999999,3.6636363636363636e-14,1e-11,-40,1.8e-07,Power value not found in log
2242,0.8999999999999999,3.6636363636363636e-14,1e-11,-40,3.6e-07,Power value not found in log
2244,0.8999999999999999,3.6636363636363636e-14,1e-11,-25,3.6e-07,Power value not found in log
2246,0.8999999999999999,3.6636363636363636e-14,1e-11,0,3.6e-07,Power value not found in log
2247,0.8999999999999999,3.6636363636363636e-14,1e-11,25,1.8e-07,Power value not found in log
2248,0.8999999999999999,3.6636363636363636e-14,1e-11,25,3.6e-07,Power value not found in log
2249,0.8999999999999999,3.6636363636363636e-14,1e-11,75,1.8e-07,Power value not found in log
2250,0.8999999999999999,3.6636363636363636e-14,1e-11,75,3.6e-07,Power value not found in log
2251,0.8999999999999999,3.6636363636363636e-14,1e-11,100,1.8e-07,Power value not found in log
2252,0.8999999999999999,3.6636363636363636e-14,1e-11,100,3.6e-07,Power value not found in log
2254,0.8999999999999999,3.6636363636363636e-14,1e-11,125,3.6e-07,Power value not found in log
2256,0.8999999999999999,3.6636363636363636e-14,5e-11,-40,3.6e-07,Power value not found in log
2257,0.8999999999999999,3.6636363636363636e-14,5e-11,-25,1.8e-07,Power value not found in log
2258,0.8999999999999999,3.6636363636363636e-14,5e-11,-25,3.6e-07,Power value not found in log
2260,0.8999999999999999,3.6636363636363636e-14,5e-11,0,3.6e-07,Power value not found in log
2261,0.8999999999999999,3.6636363636363636e-14,5e-11,25,1.8e-07,Power value not found in log
2262,0.8999999999999999,3.6636363636363636e-14,5e-11,25,3.6e-07,Power value not found in log
2263,0.8999999999999999,3.6636363636363636e-14,5e-11,75,1.8e-07,Power value not found in log
2264,0.8999999999999999,3.6636363636363636e-14,5e-11,75,3.6e-07,Power value not found in log
2265,0.8999999999999999,3.6636363636363636e-14,5e-11,100,1.8e-07,Power value not found in log
2267,0.8999999999999999,3.6636363636363636e-14,5e-11,125,1.8e-07,Power value not found in log
2268,0.8999999999999999,3.6636363636363636e-14,5e-11,125,3.6e-07,Power value not found in log
2269,0.8999999999999999,3.6636363636363636e-14,1e-10,-40,1.8e-07,Power value not found in log
2271,0.8999999999999999,3.6636363636363636e-14,1e-10,-25,1.8e-07,Power value not found in log
2273,0.8999999999999999,3.6636363636363636e-14,1e-10,0,1.8e-07,Power value not found in log
2274,0.8999999999999999,3.6636363636363636e-14,1e-10,0,3.6e-07,Power value not found in log
2275,0.8999999999999999,3.6636363636363636e-14,1e-10,25,1.8e-07,Power value not found in log
2276,0.8999999999999999,3.6636363636363636e-14,1e-10,25,3.6e-07,Power value not found in log
2278,0.8999999999999999,3.6636363636363636e-14,1e-10,75,3.6e-07,Power value not found in log
2279,0.8999999999999999,3.6636363636363636e-14,1e-10,100,1.8e-07,Power value not found in log
2280,0.8999999999999999,3.6636363636363636e-14,1e-10,100,3.6e-07,Power value not found in log
2281,0.8999999999999999,3.6636363636363636e-14,1e-10,125,1.8e-07,Power value not found in log
2283,0.8999999999999999,3.6636363636363636e-14,2e-10,-40,1.8e-07,Power value not found in log
2284,0.8999999999999999,3.6636363636363636e-14,2e-10,-40,3.6e-07,Power value not found in log
2285,0.8999999999999999,3.6636363636363636e-14,2e-10,-25,1.8e-07,Power value not found in log
2286,0.8999999999999999,3.6636363636363636e-14,2e-10,-25,3.6e-07,Power value not found in log
2288,0.8999999999999999,3.6636363636363636e-14,2e-10,0,3.6e-07,Power value not found in log
2289,0.8999999999999999,3.6636363636363636e-14,2e-10,25,1.8e-07,Power value not found in log
2290,0.8999999999999999,3.6636363636363636e-14,2e-10,25,3.6e-07,Power value not found in log
2291,0.8999999999999999,3.6636363636363636e-14,2e-10,75,1.8e-07,Power value not found in log
2292,0.8999999999999999,3.6636363636363636e-14,2e-10,75,3.6e-07,Power value not found in log
2293,0.8999999999999999,3.6636363636363636e-14,2e-10,100,1.8e-07,Power value not found in log
2294,0.8999999999999999,3.6636363636363636e-14,2e-10,100,3.6e-07,Power value not found in log
2295,0.8999999999999999,3.6636363636363636e-14,2e-10,125,1.8e-07,Power value not found in log
2296,0.8999999999999999,3.6636363636363636e-14,2e-10,125,3.6e-07,Power value not found in log
2298,0.8999999999999999,3.6636363636363636e-14,4e-10,-40,3.6e-07,Power value not found in log
2300,0.8999999999999999,3.6636363636363636e-14,4e-10,-25,3.6e-07,Power value not found in log
2301,0.8999999999999999,3.6636363636363636e-14,4e-10,0,1.8e-07,Power value not found in log
2302,0.8999999999999999,3.6636363636363636e-14,4e-10,0,3.6e-07,Power value not found in log
2304,0.8999999999999999,3.6636363636363636e-14,4e-10,25,3.6e-07,Power value not found in log
2305,0.8999999999999999,3.6636363636363636e-14,4e-10,75,1.8e-07,Power value not found in log
2306,0.8999999999999999,3.6636363636363636e-14,4e-10,75,3.6e-07,Power value not found in log
2307,0.8999999999999999,3.6636363636363636e-14,4e-10,100,1.8e-07,Power value not found in log
2308,0.8999999999999999,3.6636363636363636e-14,4e-10,100,3.6e-07,Power value not found in log
2309,0.8999999999999999,3.6636363636363636e-14,4e-10,125,1.8e-07,Power value not found in log
2310,0.8999999999999999,3.6636363636363636e-14,4e-10,125,3.6e-07,Power value not found in log
2311,0.8999999999999999,4.109090909090909e-14,1e-11,-40,1.8e-07,Power value not found in log
2312,0.8999999999999999,4.109090909090909e-14,1e-11,-40,3.6e-07,Power value not found in log
2314,0.8999999999999999,4.109090909090909e-14,1e-11,-25,3.6e-07,Power value not found in log
2315,0.8999999999999999,4.109090909090909e-14,1e-11,0,1.8e-07,Power value not found in log
2316,0.8999999999999999,4.109090909090909e-14,1e-11,0,3.6e-07,Power value not found in log
2318,0.8999999999999999,4.109090909090909e-14,1e-11,25,3.6e-07,Power value not found in log
2320,0.8999999999999999,4.109090909090909e-14,1e-11,75,3.6e-07,Power value not found in log
2322,0.8999999999999999,4.109090909090909e-14,1e-11,100,3.6e-07,Power value not found in log
2323,0.8999999999999999,4.109090909090909e-14,1e-11,125,1.8e-07,Power value not found in log
2324,0.8999999999999999,4.109090909090909e-14,1e-11,125,3.6e-07,Power value not found in log
2325,0.8999999999999999,4.109090909090909e-14,5e-11,-40,1.8e-07,Power value not found in log
2326,0.8999999999999999,4.109090909090909e-14,5e-11,-40,3.6e-07,Power value not found in log
2327,0.8999999999999999,4.109090909090909e-14,5e-11,-25,1.8e-07,Power value not found in log
2328,0.8999999999999999,4.109090909090909e-14,5e-11,-25,3.6e-07,Power value not found in log
2329,0.8999999999999999,4.109090909090909e-14,5e-11,0,1.8e-07,Power value not found in log
2330,0.8999999999999999,4.109090909090909e-14,5e-11,0,3.6e-07,Power value not found in log
2331,0.8999999999999999,4.109090909090909e-14,5e-11,25,1.8e-07,Power value not found in log
2332,0.8999999999999999,4.109090909090909e-14,5e-11,25,3.6e-07,Power value not found in log
2333,0.8999999999999999,4.109090909090909e-14,5e-11,75,1.8e-07,Power value not found in log
2334,0.8999999999999999,4.109090909090909e-14,5e-11,75,3.6e-07,Power value not found in log
2335,0.8999999999999999,4.109090909090909e-14,5e-11,100,1.8e-07,Power value not found in log
2336,0.8999999999999999,4.109090909090909e-14,5e-11,100,3.6e-07,Power value not found in log
2337,0.8999999999999999,4.109090909090909e-14,5e-11,125,1.8e-07,Power value not found in log
2338,0.8999999999999999,4.109090909090909e-14,5e-11,125,3.6e-07,Power value not found in log
2339,0.8999999999999999,4.109090909090909e-14,1e-10,-40,1.8e-07,Power value not found in log
2340,0.8999999999999999,4.109090909090909e-14,1e-10,-40,3.6e-07,Power value not found in log
2341,0.8999999999999999,4.109090909090909e-14,1e-10,-25,1.8e-07,Power value not found in log
2342,0.8999999999999999,4.109090909090909e-14,1e-10,-25,3.6e-07,Power value not found in log
2343,0.8999999999999999,4.109090909090909e-14,1e-10,0,1.8e-07,Power value not found in log
2344,0.8999999999999999,4.109090909090909e-14,1e-10,0,3.6e-07,Power value not found in log
2345,0.8999999999999999,4.109090909090909e-14,1e-10,25,1.8e-07,Power value not found in log
2346,0.8999999999999999,4.109090909090909e-14,1e-10,25,3.6e-07,Power value not found in log
2347,0.8999999999999999,4.109090909090909e-14,1e-10,75,1.8e-07,Power value not found in log
2348,0.8999999999999999,4.109090909090909e-14,1e-10,75,3.6e-07,Power value not found in log
2349,0.8999999999999999,4.109090909090909e-14,1e-10,100,1.8e-07,Power value not found in log
2350,0.8999999999999999,4.109090909090909e-14,1e-10,100,3.6e-07,Power value not found in log
2351,0.8999999999999999,4.109090909090909e-14,1e-10,125,1.8e-07,Power value not found in log
2352,0.8999999999999999,4.109090909090909e-14,1e-10,125,3.6e-07,Power value not found in log
2353,0.8999999999999999,4.109090909090909e-14,2e-10,-40,1.8e-07,Power value not found in log
2354,0.8999999999999999,4.109090909090909e-14,2e-10,-40,3.6e-07,Power value not found in log
2355,0.8999999999999999,4.109090909090909e-14,2e-10,-25,1.8e-07,Power value not found in log
2356,0.8999999999999999,4.109090909090909e-14,2e-10,-25,3.6e-07,Power value not found in log
2357,0.8999999999999999,4.109090909090909e-14,2e-10,0,1.8e-07,Power value not found in log
2358,0.8999999999999999,4.109090909090909e-14,2e-10,0,3.6e-07,Power value not found in log
2359,0.8999999999999999,4.109090909090909e-14,2e-10,25,1.8e-07,Power value not found in log
2360,0.8999999999999999,4.109090909090909e-14,2e-10,25,3.6e-07,Power value not found in log
2361,0.8999999999999999,4.109090909090909e-14,2e-10,75,1.8e-07,Power value not found in log
2362,0.8999999999999999,4.109090909090909e-14,2e-10,75,3.6e-07,Power value not found in log
2363,0.8999999999999999,4.109090909090909e-14,2e-10,100,1.8e-07,Power value not found in log
2364,0.8999999999999999,4.109090909090909e-14,2e-10,100,3.6e-07,Power value not found in log
2368,0.8999999999999999,4.109090909090909e-14,4e-10,-40,3.6e-07,Power value not found in log
2369,0.8999999999999999,4.109090909090909e-14,4e-10,-25,1.8e-07,Power value not found in log
2370,0.8999999999999999,4.109090909090909e-14,4e-10,-25,3.6e-07,Power value not found in log
2372,0.8999999999999999,4.109090909090909e-14,4e-10,0,3.6e-07,Power value not found in log
2373,0.8999999999999999,4.109090909090909e-14,4e-10,25,1.8e-07,Power value not found in log
2375,0.8999999999999999,4.109090909090909e-14,4e-10,75,1.8e-07,Power value not found in log
2376,0.8999999999999999,4.109090909090909e-14,4e-10,75,3.6e-07,Power value not found in log
2377,0.8999999999999999,4.109090909090909e-14,4e-10,100,1.8e-07,Power value not found in log
2379,0.8999999999999999,4.109090909090909e-14,4e-10,125,1.8e-07,Power value not found in log
2381,0.8999999999999999,4.5545454545454544e-14,1e-11,-40,1.8e-07,Power value not found in log
2382,0.8999999999999999,4.5545454545454544e-14,1e-11,-40,3.6e-07,Power value not found in log
2383,0.8999999999999999,4.5545454545454544e-14,1e-11,-25,1.8e-07,Power value not found in log
2384,0.8999999999999999,4.5545454545454544e-14,1e-11,-25,3.6e-07,Power value not found in log
2386,0.8999999999999999,4.5545454545454544e-14,1e-11,0,3.6e-07,Power value not found in log
2387,0.8999999999999999,4.5545454545454544e-14,1e-11,25,1.8e-07,Power value not found in log
2388,0.8999999999999999,4.5545454545454544e-14,1e-11,25,3.6e-07,Power value not found in log
2389,0.8999999999999999,4.5545454545454544e-14,1e-11,75,1.8e-07,Power value not found in log
2390,0.8999999999999999,4.5545454545454544e-14,1e-11,75,3.6e-07,Power value not found in log
2391,0.8999999999999999,4.5545454545454544e-14,1e-11,100,1.8e-07,Power value not found in log
2392,0.8999999999999999,4.5545454545454544e-14,1e-11,100,3.6e-07,Power value not found in log
2393,0.8999999999999999,4.5545454545454544e-14,1e-11,125,1.8e-07,Power value not found in log
2394,0.8999999999999999,4.5545454545454544e-14,1e-11,125,3.6e-07,Power value not found in log
2395,0.8999999999999999,4.5545454545454544e-14,5e-11,-40,1.8e-07,Power value not found in log
2396,0.8999999999999999,4.5545454545454544e-14,5e-11,-40,3.6e-07,Power value not found in log
2397,0.8999999999999999,4.5545454545454544e-14,5e-11,-25,1.8e-07,Power value not found in log
2399,0.8999999999999999,4.5545454545454544e-14,5e-11,0,1.8e-07,Power value not found in log
2400,0.8999999999999999,4.5545454545454544e-14,5e-11,0,3.6e-07,Power value not found in log
2401,0.8999999999999999,4.5545454545454544e-14,5e-11,25,1.8e-07,Power value not found in log
2403,0.8999999999999999,4.5545454545454544e-14,5e-11,75,1.8e-07,Power value not found in log
2404,0.8999999999999999,4.5545454545454544e-14,5e-11,75,3.6e-07,Power value not found in log
2405,0.8999999999999999,4.5545454545454544e-14,5e-11,100,1.8e-07,Power value not found in log
2406,0.8999999999999999,4.5545454545454544e-14,5e-11,100,3.6e-07,Power value not found in log
2407,0.8999999999999999,4.5545454545454544e-14,5e-11,125,1.8e-07,Power value not found in log
2409,0.8999999999999999,4.5545454545454544e-14,1e-10,-40,1.8e-07,Power value not found in log
2410,0.8999999999999999,4.5545454545454544e-14,1e-10,-40,3.6e-07,Power value not found in log
2412,0.8999999999999999,4.5545454545454544e-14,1e-10,-25,3.6e-07,Power value not found in log
2413,0.8999999999999999,4.5545454545454544e-14,1e-10,0,1.8e-07,Power value not found in log
2414,0.8999999999999999,4.5545454545454544e-14,1e-10,0,3.6e-07,Power value not found in log
2416,0.8999999999999999,4.5545454545454544e-14,1e-10,25,3.6e-07,Power value not found in log
2417,0.8999999999999999,4.5545454545454544e-14,1e-10,75,1.8e-07,Power value not found in log
2419,0.8999999999999999,4.5545454545454544e-14,1e-10,100,1.8e-07,Power value not found in log
2420,0.8999999999999999,4.5545454545454544e-14,1e-10,100,3.6e-07,Power value not found in log
2421,0.8999999999999999,4.5545454545454544e-14,1e-10,125,1.8e-07,Power value not found in log
2422,0.8999999999999999,4.5545454545454544e-14,1e-10,125,3.6e-07,Power value not found in log
2424,0.8999999999999999,4.5545454545454544e-14,2e-10,-40,3.6e-07,Power value not found in log
2425,0.8999999999999999,4.5545454545454544e-14,2e-10,-25,1.8e-07,Power value not found in log
2426,0.8999999999999999,4.5545454545454544e-14,2e-10,-25,3.6e-07,Power value not found in log
2427,0.8999999999999999,4.5545454545454544e-14,2e-10,0,1.8e-07,Power value not found in log
2428,0.8999999999999999,4.5545454545454544e-14,2e-10,0,3.6e-07,Power value not found in log
2429,0.8999999999999999,4.5545454545454544e-14,2e-10,25,1.8e-07,Power value not found in log
2430,0.8999999999999999,4.5545454545454544e-14,2e-10,25,3.6e-07,Power value not found in log
2431,0.8999999999999999,4.5545454545454544e-14,2e-10,75,1.8e-07,Power value not found in log
2432,0.8999999999999999,4.5545454545454544e-14,2e-10,75,3.6e-07,Power value not found in log
2433,0.8999999999999999,4.5545454545454544e-14,2e-10,100,1.8e-07,Power value not found in log
2434,0.8999999999999999,4.5545454545454544e-14,2e-10,100,3.6e-07,Power value not found in log
2435,0.8999999999999999,4.5545454545454544e-14,2e-10,125,1.8e-07,Power value not found in log
2437,0.8999999999999999,4.5545454545454544e-14,4e-10,-40,1.8e-07,Power value not found in log
2439,0.8999999999999999,4.5545454545454544e-14,4e-10,-25,1.8e-07,Power value not found in log
2440,0.8999999999999999,4.5545454545454544e-14,4e-10,-25,3.6e-07,Power value not found in log
2441,0.8999999999999999,4.5545454545454544e-14,4e-10,0,1.8e-07,Power value not found in log
2442,0.8999999999999999,4.5545454545454544e-14,4e-10,0,3.6e-07,Power value not found in log
2444,0.8999999999999999,4.5545454545454544e-14,4e-10,25,3.6e-07,Power value not found in log
2446,0.8999999999999999,4.5545454545454544e-14,4e-10,75,3.6e-07,Power value not found in log
2447,0.8999999999999999,4.5545454545454544e-14,4e-10,100,1.8e-07,Power value not found in log
2448,0.8999999999999999,4.5545454545454544e-14,4e-10,100,3.6e-07,Power value not found in log
2450,0.8999999999999999,4.5545454545454544e-14,4e-10,125,3.6e-07,Power value not found in log
2451,0.8999999999999999,5e-14,1e-11,-40,1.8e-07,Power value not found in log
2452,0.8999999999999999,5e-14,1e-11,-40,3.6e-07,Power value not found in log
2454,0.8999999999999999,5e-14,1e-11,-25,3.6e-07,Power value not found in log
2456,0.8999999999999999,5e-14,1e-11,0,3.6e-07,Power value not found in log
2458,0.8999999999999999,5e-14,1e-11,25,3.6e-07,Power value not found in log
2460,0.8999999999999999,5e-14,1e-11,75,3.6e-07,Power value not found in log
2461,0.8999999999999999,5e-14,1e-11,100,1.8e-07,Power value not found in log
2462,0.8999999999999999,5e-14,1e-11,100,3.6e-07,Power value not found in log
2463,0.8999999999999999,5e-14,1e-11,125,1.8e-07,Power value not found in log
2464,0.8999999999999999,5e-14,1e-11,125,3.6e-07,Power value not found in log
2465,0.8999999999999999,5e-14,5e-11,-40,1.8e-07,Power value not found in log
2466,0.8999999999999999,5e-14,5e-11,-40,3.6e-07,Power value not found in log
2467,0.8999999999999999,5e-14,5e-11,-25,1.8e-07,Power value not found in log
2468,0.8999999999999999,5e-14,5e-11,-25,3.6e-07,Power value not found in log
2469,0.8999999999999999,5e-14,5e-11,0,1.8e-07,Power value not found in log
2470,0.8999999999999999,5e-14,5e-11,0,3.6e-07,Power value not found in log
2472,0.8999999999999999,5e-14,5e-11,25,3.6e-07,Power value not found in log
2473,0.8999999999999999,5e-14,5e-11,75,1.8e-07,Power value not found in log
2474,0.8999999999999999,5e-14,5e-11,75,3.6e-07,Power value not found in log
2476,0.8999999999999999,5e-14,5e-11,100,3.6e-07,Power value not found in log
2477,0.8999999999999999,5e-14,5e-11,125,1.8e-07,Power value not found in log
2478,0.8999999999999999,5e-14,5e-11,125,3.6e-07,Power value not found in log
2479,0.8999999999999999,5e-14,1e-10,-40,1.8e-07,Power value not found in log
2481,0.8999999999999999,5e-14,1e-10,-25,1.8e-07,Power value not found in log
2482,0.8999999999999999,5e-14,1e-10,-25,3.6e-07,Power value not found in log
2484,0.8999999999999999,5e-14,1e-10,0,3.6e-07,Power value not found in log
2486,0.8999999999999999,5e-14,1e-10,25,3.6e-07,Power value not found in log
2488,0.8999999999999999,5e-14,1e-10,75,3.6e-07,Power value not found in log
2490,0.8999999999999999,5e-14,1e-10,100,3.6e-07,Power value not found in log
2492,0.8999999999999999,5e-14,1e-10,125,3.6e-07,Power value not found in log
2494,0.8999999999999999,5e-14,2e-10,-40,3.6e-07,Power value not found in log
2495,0.8999999999999999,5e-14,2e-10,-25,1.8e-07,Power value not found in log
2497,0.8999999999999999,5e-14,2e-10,0,1.8e-07,Power value not found in log
2499,0.8999999999999999,5e-14,2e-10,25,1.8e-07,Power value not found in log
2501,0.8999999999999999,5e-14,2e-10,75,1.8e-07,Power value not found in log
2502,0.8999999999999999,5e-14,2e-10,75,3.6e-07,Power value not found in log
2503,0.8999999999999999,5e-14,2e-10,100,1.8e-07,Power value not found in log
2504,0.8999999999999999,5e-14,2e-10,100,3.6e-07,Power value not found in log
2506,0.8999999999999999,5e-14,2e-10,125,3.6e-07,Power value not found in log
2507,0.8999999999999999,5e-14,4e-10,-40,1.8e-07,Power value not found in log
2508,0.8999999999999999,5e-14,4e-10,-40,3.6e-07,Power value not found in log
2509,0.8999999999999999,5e-14,4e-10,-25,1.8e-07,Power value not found in log
2511,0.8999999999999999,5e-14,4e-10,0,1.8e-07,Power value not found in log
2512,0.8999999999999999,5e-14,4e-10,0,3.6e-07,Power value not found in log
2514,0.8999999999999999,5e-14,4e-10,25,3.6e-07,Power value not found in log
2515,0.8999999999999999,5e-14,4e-10,75,1.8e-07,Power value not found in log
2516,0.8999999999999999,5e-14,4e-10,75,3.6e-07,Power value not found in log
2517,0.8999999999999999,5e-14,4e-10,100,1.8e-07,Power value not found in log
2519,0.8999999999999999,5e-14,4e-10,125,1.8e-07,Power value not found in log
2522,0.9999999999999999,1e-15,1e-11,-40,3.6e-07,Power value not found in log
2523,0.9999999999999999,1e-15,1e-11,-25,1.8e-07,Power value not found in log
2525,0.9999999999999999,1e-15,1e-11,0,1.8e-07,Power value not found in log
2527,0.9999999999999999,1e-15,1e-11,25,1.8e-07,Power value not found in log
2528,0.9999999999999999,1e-15,1e-11,25,3.6e-07,Power value not found in log
2529,0.9999999999999999,1e-15,1e-11,75,1.8e-07,Power value not found in log
2530,0.9999999999999999,1e-15,1e-11,75,3.6e-07,Power value not found in log
2531,0.9999999999999999,1e-15,1e-11,100,1.8e-07,Power value not found in log
2533,0.9999999999999999,1e-15,1e-11,125,1.8e-07,Power value not found in log
2535,0.9999999999999999,1e-15,5e-11,-40,1.8e-07,Power value not found in log
2537,0.9999999999999999,1e-15,5e-11,-25,1.8e-07,Power value not found in log
2538,0.9999999999999999,1e-15,5e-11,-25,3.6e-07,Power value not found in log
2540,0.9999999999999999,1e-15,5e-11,0,3.6e-07,Power value not found in log
2543,0.9999999999999999,1e-15,5e-11,75,1.8e-07,Power value not found in log
2544,0.9999999999999999,1e-15,5e-11,75,3.6e-07,Power value not found in log
2545,0.9999999999999999,1e-15,5e-11,100,1.8e-07,Power value not found in log
2546,0.9999999999999999,1e-15,5e-11,100,3.6e-07,Power value not found in log
2547,0.9999999999999999,1e-15,5e-11,125,1.8e-07,Power value not found in log
2549,0.9999999999999999,1e-15,1e-10,-40,1.8e-07,Power value not found in log
2550,0.9999999999999999,1e-15,1e-10,-40,3.6e-07,Power value not found in log
2551,0.9999999999999999,1e-15,1e-10,-25,1.8e-07,Power value not found in log
2553,0.9999999999999999,1e-15,1e-10,0,1.8e-07,Power value not found in log
2556,0.9999999999999999,1e-15,1e-10,25,3.6e-07,Power value not found in log
2558,0.9999999999999999,1e-15,1e-10,75,3.6e-07,Power value not found in log
2559,0.9999999999999999,1e-15,1e-10,100,1.8e-07,Power value not found in log
2562,0.9999999999999999,1e-15,1e-10,125,3.6e-07,Power value not found in log
2563,0.9999999999999999,1e-15,2e-10,-40,1.8e-07,Power value not found in log
2564,0.9999999999999999,1e-15,2e-10,-40,3.6e-07,Power value not found in log
2566,0.9999999999999999,1e-15,2e-10,-25,3.6e-07,Power value not found in log
2567,0.9999999999999999,1e-15,2e-10,0,1.8e-07,Power value not found in log
2568,0.9999999999999999,1e-15,2e-10,0,3.6e-07,Power value not found in log
2569,0.9999999999999999,1e-15,2e-10,25,1.8e-07,Power value not found in log
2570,0.9999999999999999,1e-15,2e-10,25,3.6e-07,Power value not found in log
2571,0.9999999999999999,1e-15,2e-10,75,1.8e-07,Power value not found in log
2572,0.9999999999999999,1e-15,2e-10,75,3.6e-07,Power value not found in log
2573,0.9999999999999999,1e-15,2e-10,100,1.8e-07,Power value not found in log
2576,0.9999999999999999,1e-15,2e-10,125,3.6e-07,Power value not found in log
2578,0.9999999999999999,1e-15,4e-10,-40,3.6e-07,Power value not found in log
2579,0.9999999999999999,1e-15,4e-10,-25,1.8e-07,Power value not found in log
2580,0.9999999999999999,1e-15,4e-10,-25,3.6e-07,Power value not found in log
2581,0.9999999999999999,1e-15,4e-10,0,1.8e-07,Power value not found in log
2582,0.9999999999999999,1e-15,4e-10,0,3.6e-07,Power value not found in log
2584,0.9999999999999999,1e-15,4e-10,25,3.6e-07,Power value not found in log
2585,0.9999999999999999,1e-15,4e-10,75,1.8e-07,Power value not found in log
2586,0.9999999999999999,1e-15,4e-10,75,3.6e-07,Power value not found in log
2587,0.9999999999999999,1e-15,4e-10,100,1.8e-07,Power value not found in log
2588,0.9999999999999999,1e-15,4e-10,100,3.6e-07,Power value not found in log
2589,0.9999999999999999,1e-15,4e-10,125,1.8e-07,Power value not found in log
2590,0.9999999999999999,1e-15,4e-10,125,3.6e-07,Power value not found in log
2592,0.9999999999999999,5.454545454545455e-15,1e-11,-40,3.6e-07,Power value not found in log
2593,0.9999999999999999,5.454545454545455e-15,1e-11,-25,1.8e-07,Power value not found in log
2594,0.9999999999999999,5.454545454545455e-15,1e-11,-25,3.6e-07,Power value not found in log
2595,0.9999999999999999,5.454545454545455e-15,1e-11,0,1.8e-07,Power value not found in log
2596,0.9999999999999999,5.454545454545455e-15,1e-11,0,3.6e-07,Power value not found in log
2597,0.9999999999999999,5.454545454545455e-15,1e-11,25,1.8e-07,Power value not found in log
2598,0.9999999999999999,5.454545454545455e-15,1e-11,25,3.6e-07,Power value not found in log
2599,0.9999999999999999,5.454545454545455e-15,1e-11,75,1.8e-07,Power value not found in log
2600,0.9999999999999999,5.454545454545455e-15,1e-11,75,3.6e-07,Power value not found in log
2601,0.9999999999999999,5.454545454545455e-15,1e-11,100,1.8e-07,Power value not found in log
2602,0.9999999999999999,5.454545454545455e-15,1e-11,100,3.6e-07,Power value not found in log
2604,0.9999999999999999,5.454545454545455e-15,1e-11,125,3.6e-07,Power value not found in log
2605,0.9999999999999999,5.454545454545455e-15,5e-11,-40,1.8e-07,Power value not found in log
2606,0.9999999999999999,5.454545454545455e-15,5e-11,-40,3.6e-07,Power value not found in log
2607,0.9999999999999999,5.454545454545455e-15,5e-11,-25,1.8e-07,Power value not found in log
2608,0.9999999999999999,5.454545454545455e-15,5e-11,-25,3.6e-07,Power value not found in log
2610,0.9999999999999999,5.454545454545455e-15,5e-11,0,3.6e-07,Power value not found in log
2611,0.9999999999999999,5.454545454545455e-15,5e-11,25,1.8e-07,Power value not found in log
2612,0.9999999999999999,5.454545454545455e-15,5e-11,25,3.6e-07,Power value not found in log
2613,0.9999999999999999,5.454545454545455e-15,5e-11,75,1.8e-07,Power value not found in log
2614,0.9999999999999999,5.454545454545455e-15,5e-11,75,3.6e-07,Power value not found in log
2615,0.9999999999999999,5.454545454545455e-15,5e-11,100,1.8e-07,Power value not found in log
2616,0.9999999999999999,5.454545454545455e-15,5e-11,100,3.6e-07,Power value not found in log
2618,0.9999999999999999,5.454545454545455e-15,5e-11,125,3.6e-07,Power value not found in log
2619,0.9999999999999999,5.454545454545455e-15,1e-10,-40,1.8e-07,Power value not found in log
2620,0.9999999999999999,5.454545454545455e-15,1e-10,-40,3.6e-07,Power value not found in log
2621,0.9999999999999999,5.454545454545455e-15,1e-10,-25,1.8e-07,Power value not found in log
2622,0.9999999999999999,5.454545454545455e-15,1e-10,-25,3.6e-07,Power value not found in log
2623,0.9999999999999999,5.454545454545455e-15,1e-10,0,1.8e-07,Power value not found in log
2624,0.9999999999999999,5.454545454545455e-15,1e-10,0,3.6e-07,Power value not found in log
2625,0.9999999999999999,5.454545454545455e-15,1e-10,25,1.8e-07,Power value not found in log
2626,0.9999999999999999,5.454545454545455e-15,1e-10,25,3.6e-07,Power value not found in log
2628,0.9999999999999999,5.454545454545455e-15,1e-10,75,3.6e-07,Power value not found in log
2629,0.9999999999999999,5.454545454545455e-15,1e-10,100,1.8e-07,Power value not found in log
2630,0.9999999999999999,5.454545454545455e-15,1e-10,100,3.6e-07,Power value not found in log
2633,0.9999999999999999,5.454545454545455e-15,2e-10,-40,1.8e-07,Power value not found in log
2634,0.9999999999999999,5.454545454545455e-15,2e-10,-40,3.6e-07,Power value not found in log
2635,0.9999999999999999,5.454545454545455e-15,2e-10,-25,1.8e-07,Power value not found in log
2637,0.9999999999999999,5.454545454545455e-15,2e-10,0,1.8e-07,Power value not found in log
2638,0.9999999999999999,5.454545454545455e-15,2e-10,0,3.6e-07,Power value not found in log
2639,0.9999999999999999,5.454545454545455e-15,2e-10,25,1.8e-07,Power value not found in log
2640,0.9999999999999999,5.454545454545455e-15,2e-10,25,3.6e-07,Power value not found in log
2642,0.9999999999999999,5.454545454545455e-15,2e-10,75,3.6e-07,Power value not found in log
2643,0.9999999999999999,5.454545454545455e-15,2e-10,100,1.8e-07,Power value not found in log
2644,0.9999999999999999,5.454545454545455e-15,2e-10,100,3.6e-07,Power value not found in log
2645,0.9999999999999999,5.454545454545455e-15,2e-10,125,1.8e-07,Power value not found in log
2646,0.9999999999999999,5.454545454545455e-15,2e-10,125,3.6e-07,Power value not found in log
2647,0.9999999999999999,5.454545454545455e-15,4e-10,-40,1.8e-07,Power value not found in log
2649,0.9999999999999999,5.454545454545455e-15,4e-10,-25,1.8e-07,Power value not found in log
2650,0.9999999999999999,5.454545454545455e-15,4e-10,-25,3.6e-07,Power value not found in log
2651,0.9999999999999999,5.454545454545455e-15,4e-10,0,1.8e-07,Power value not found in log
2653,0.9999999999999999,5.454545454545455e-15,4e-10,25,1.8e-07,Power value not found in log
2654,0.9999999999999999,5.454545454545455e-15,4e-10,25,3.6e-07,Power value not found in log
2656,0.9999999999999999,5.454545454545455e-15,4e-10,75,3.6e-07,Power value not found in log
2657,0.9999999999999999,5.454545454545455e-15,4e-10,100,1.8e-07,Power value not found in log
2659,0.9999999999999999,5.454545454545455e-15,4e-10,125,1.8e-07,Power value not found in log
2660,0.9999999999999999,5.454545454545455e-15,4e-10,125,3.6e-07,Power value not found in log
2661,0.9999999999999999,9.909090909090909e-15,1e-11,-40,1.8e-07,Power value not found in log
2662,0.9999999999999999,9.909090909090909e-15,1e-11,-40,3.6e-07,Power value not found in log
2664,0.9999999999999999,9.909090909090909e-15,1e-11,-25,3.6e-07,Power value not found in log
2666,0.9999999999999999,9.909090909090909e-15,1e-11,0,3.6e-07,Power value not found in log
2667,0.9999999999999999,9.909090909090909e-15,1e-11,25,1.8e-07,Power value not found in log
2668,0.9999999999999999,9.909090909090909e-15,1e-11,25,3.6e-07,Power value not found in log
2670,0.9999999999999999,9.909090909090909e-15,1e-11,75,3.6e-07,Power value not found in log
2671,0.9999999999999999,9.909090909090909e-15,1e-11,100,1.8e-07,Power value not found in log
2673,0.9999999999999999,9.909090909090909e-15,1e-11,125,1.8e-07,Power value not found in log
2674,0.9999999999999999,9.909090909090909e-15,1e-11,125,3.6e-07,Power value not found in log
2676,0.9999999999999999,9.909090909090909e-15,5e-11,-40,3.6e-07,Power value not found in log
2678,0.9999999999999999,9.909090909090909e-15,5e-11,-25,3.6e-07,Power value not found in log
2679,0.9999999999999999,9.909090909090909e-15,5e-11,0,1.8e-07,Power value not found in log
2680,0.9999999999999999,9.909090909090909e-15,5e-11,0,3.6e-07,Power value not found in log
2681,0.9999999999999999,9.909090909090909e-15,5e-11,25,1.8e-07,Power value not found in log
2683,0.9999999999999999,9.909090909090909e-15,5e-11,75,1.8e-07,Power value not found in log
2684,0.9999999999999999,9.909090909090909e-15,5e-11,75,3.6e-07,Power value not found in log
2686,0.9999999999999999,9.909090909090909e-15,5e-11,100,3.6e-07,Power value not found in log
2688,0.9999999999999999,9.909090909090909e-15,5e-11,125,3.6e-07,Power value not found in log
2689,0.9999999999999999,9.909090909090909e-15,1e-10,-40,1.8e-07,Power value not found in log
2691,0.9999999999999999,9.909090909090909e-15,1e-10,-25,1.8e-07,Power value not found in log
2693,0.9999999999999999,9.909090909090909e-15,1e-10,0,1.8e-07,Power value not found in log
2694,0.9999999999999999,9.909090909090909e-15,1e-10,0,3.6e-07,Power value not found in log
2695,0.9999999999999999,9.909090909090909e-15,1e-10,25,1.8e-07,Power value not found in log
2696,0.9999999999999999,9.909090909090909e-15,1e-10,25,3.6e-07,Power value not found in log
2697,0.9999999999999999,9.909090909090909e-15,1e-10,75,1.8e-07,Power value not found in log
2698,0.9999999999999999,9.909090909090909e-15,1e-10,75,3.6e-07,Power value not found in log
2699,0.9999999999999999,9.909090909090909e-15,1e-10,100,1.8e-07,Power value not found in log
2700,0.9999999999999999,9.909090909090909e-15,1e-10,100,3.6e-07,Power value not found in log
2701,0.9999999999999999,9.909090909090909e-15,1e-10,125,1.8e-07,Power value not found in log
2702,0.9999999999999999,9.909090909090909e-15,1e-10,125,3.6e-07,Power value not found in log
2703,0.9999999999999999,9.909090909090909e-15,2e-10,-40,1.8e-07,Power value not found in log
2704,0.9999999999999999,9.909090909090909e-15,2e-10,-40,3.6e-07,Power value not found in log
2706,0.9999999999999999,9.909090909090909e-15,2e-10,-25,3.6e-07,Power value not found in log
2707,0.9999999999999999,9.909090909090909e-15,2e-10,0,1.8e-07,Power value not found in log
2709,0.9999999999999999,9.909090909090909e-15,2e-10,25,1.8e-07,Power value not found in log
2711,0.9999999999999999,9.909090909090909e-15,2e-10,75,1.8e-07,Power value not found in log
2712,0.9999999999999999,9.909090909090909e-15,2e-10,75,3.6e-07,Power value not found in log
2713,0.9999999999999999,9.909090909090909e-15,2e-10,100,1.8e-07,Power value not found in log
2714,0.9999999999999999,9.909090909090909e-15,2e-10,100,3.6e-07,Power value not found in log
2715,0.9999999999999999,9.909090909090909e-15,2e-10,125,1.8e-07,Power value not found in log
2716,0.9999999999999999,9.909090909090909e-15,2e-10,125,3.6e-07,Power value not found in log
2717,0.9999999999999999,9.909090909090909e-15,4e-10,-40,1.8e-07,Power value not found in log
2718,0.9999999999999999,9.909090909090909e-15,4e-10,-40,3.6e-07,Power value not found in log
2719,0.9999999999999999,9.909090909090909e-15,4e-10,-25,1.8e-07,Power value not found in log
2720,0.9999999999999999,9.909090909090909e-15,4e-10,-25,3.6e-07,Power value not found in log
2721,0.9999999999999999,9.909090909090909e-15,4e-10,0,1.8e-07,Power value not found in log
2722,0.9999999999999999,9.909090909090909e-15,4e-10,0,3.6e-07,Power value not found in log
2723,0.9999999999999999,9.909090909090909e-15,4e-10,25,1.8e-07,Power value not found in log
2725,0.9999999999999999,9.909090909090909e-15,4e-10,75,1.8e-07,Power value not found in log
2726,0.9999999999999999,9.909090909090909e-15,4e-10,75,3.6e-07,Power value not found in log
2727,0.9999999999999999,9.909090909090909e-15,4e-10,100,1.8e-07,Power value not found in log
2728,0.9999999999999999,9.909090909090909e-15,4e-10,100,3.6e-07,Power value not found in log
2729,0.9999999999999999,9.909090909090909e-15,4e-10,125,1.8e-07,Power value not found in log
2730,0.9999999999999999,9.909090909090909e-15,4e-10,125,3.6e-07,Power value not found in log
2731,0.9999999999999999,1.436363636363636e-14,1e-11,-40,1.8e-07,Power value not found in log
2732,0.9999999999999999,1.436363636363636e-14,1e-11,-40,3.6e-07,Power value not found in log
2734,0.9999999999999999,1.436363636363636e-14,1e-11,-25,3.6e-07,Power value not found in log
2735,0.9999999999999999,1.436363636363636e-14,1e-11,0,1.8e-07,Power value not found in log
2737,0.9999999999999999,1.436363636363636e-14,1e-11,25,1.8e-07,Power value not found in log
2738,0.9999999999999999,1.436363636363636e-14,1e-11,25,3.6e-07,Power value not found in log
2740,0.9999999999999999,1.436363636363636e-14,1e-11,75,3.6e-07,Power value not found in log
2741,0.9999999999999999,1.436363636363636e-14,1e-11,100,1.8e-07,Power value not found in log
2742,0.9999999999999999,1.436363636363636e-14,1e-11,100,3.6e-07,Power value not found in log
2743,0.9999999999999999,1.436363636363636e-14,1e-11,125,1.8e-07,Power value not found in log
2744,0.9999999999999999,1.436363636363636e-14,1e-11,125,3.6e-07,Power value not found in log
2745,0.9999999999999999,1.436363636363636e-14,5e-11,-40,1.8e-07,Power value not found in log
2746,0.9999999999999999,1.436363636363636e-14,5e-11,-40,3.6e-07,Power value not found in log
2747,0.9999999999999999,1.436363636363636e-14,5e-11,-25,1.8e-07,Power value not found in log
2748,0.9999999999999999,1.436363636363636e-14,5e-11,-25,3.6e-07,Power value not found in log
2749,0.9999999999999999,1.436363636363636e-14,5e-11,0,1.8e-07,Power value not found in log
2750,0.9999999999999999,1.436363636363636e-14,5e-11,0,3.6e-07,Power value not found in log
2751,0.9999999999999999,1.436363636363636e-14,5e-11,25,1.8e-07,Power value not found in log
2752,0.9999999999999999,1.436363636363636e-14,5e-11,25,3.6e-07,Power value not found in log
2753,0.9999999999999999,1.436363636363636e-14,5e-11,75,1.8e-07,Power value not found in log
2754,0.9999999999999999,1.436363636363636e-14,5e-11,75,3.6e-07,Power value not found in log
2756,0.9999999999999999,1.436363636363636e-14,5e-11,100,3.6e-07,Power value not found in log
2757,0.9999999999999999,1.436363636363636e-14,5e-11,125,1.8e-07,Power value not found in log
2758,0.9999999999999999,1.436363636363636e-14,5e-11,125,3.6e-07,Power value not found in log
2760,0.9999999999999999,1.436363636363636e-14,1e-10,-40,3.6e-07,Power value not found in log
2761,0.9999999999999999,1.436363636363636e-14,1e-10,-25,1.8e-07,Power value not found in log
2762,0.9999999999999999,1.436363636363636e-14,1e-10,-25,3.6e-07,Power value not found in log
2764,0.9999999999999999,1.436363636363636e-14,1e-10,0,3.6e-07,Power value not found in log
2766,0.9999999999999999,1.436363636363636e-14,1e-10,25,3.6e-07,Power value not found in log
2767,0.9999999999999999,1.436363636363636e-14,1e-10,75,1.8e-07,Power value not found in log
2768,0.9999999999999999,1.436363636363636e-14,1e-10,75,3.6e-07,Power value not found in log
2770,0.9999999999999999,1.436363636363636e-14,1e-10,100,3.6e-07,Power value not found in log
2772,0.9999999999999999,1.436363636363636e-14,1e-10,125,3.6e-07,Power value not found in log
2774,0.9999999999999999,1.436363636363636e-14,2e-10,-40,3.6e-07,Power value not found in log
2777,0.9999999999999999,1.436363636363636e-14,2e-10,0,1.8e-07,Power value not found in log
2779,0.9999999999999999,1.436363636363636e-14,2e-10,25,1.8e-07,Power value not found in log
2781,0.9999999999999999,1.436363636363636e-14,2e-10,75,1.8e-07,Power value not found in log
2783,0.9999999999999999,1.436363636363636e-14,2e-10,100,1.8e-07,Power value not found in log
2784,0.9999999999999999,1.436363636363636e-14,2e-10,100,3.6e-07,Power value not found in log
2785,0.9999999999999999,1.436363636363636e-14,2e-10,125,1.8e-07,Power value not found in log
2786,0.9999999999999999,1.436363636363636e-14,2e-10,125,3.6e-07,Power value not found in log
2788,0.9999999999999999,1.436363636363636e-14,4e-10,-40,3.6e-07,Power value not found in log
2789,0.9999999999999999,1.436363636363636e-14,4e-10,-25,1.8e-07,Power value not found in log
2790,0.9999999999999999,1.436363636363636e-14,4e-10,-25,3.6e-07,Power value not found in log
2792,0.9999999999999999,1.436363636363636e-14,4e-10,0,3.6e-07,Power value not found in log
2793,0.9999999999999999,1.436363636363636e-14,4e-10,25,1.8e-07,Power value not found in log
2794,0.9999999999999999,1.436363636363636e-14,4e-10,25,3.6e-07,Power value not found in log
2795,0.9999999999999999,1.436363636363636e-14,4e-10,75,1.8e-07,Power value not found in log
2796,0.9999999999999999,1.436363636363636e-14,4e-10,75,3.6e-07,Power value not found in log
2797,0.9999999999999999,1.436363636363636e-14,4e-10,100,1.8e-07,Power value not found in log
2798,0.9999999999999999,1.436363636363636e-14,4e-10,100,3.6e-07,Power value not found in log
2799,0.9999999999999999,1.436363636363636e-14,4e-10,125,1.8e-07,Power value not found in log
2800,0.9999999999999999,1.436363636363636e-14,4e-10,125,3.6e-07,Power value not found in log
2801,0.9999999999999999,1.8818181818181816e-14,1e-11,-40,1.8e-07,Power value not found in log
2804,0.9999999999999999,1.8818181818181816e-14,1e-11,-25,3.6e-07,Power value not found in log
2805,0.9999999999999999,1.8818181818181816e-14,1e-11,0,1.8e-07,Power value not found in log
2806,0.9999999999999999,1.8818181818181816e-14,1e-11,0,3.6e-07,Power value not found in log
2808,0.9999999999999999,1.8818181818181816e-14,1e-11,25,3.6e-07,Power value not found in log
2809,0.9999999999999999,1.8818181818181816e-14,1e-11,75,1.8e-07,Power value not found in log
2810,0.9999999999999999,1.8818181818181816e-14,1e-11,75,3.6e-07,Power value not found in log
2812,0.9999999999999999,1.8818181818181816e-14,1e-11,100,3.6e-07,Power value not found in log
2813,0.9999999999999999,1.8818181818181816e-14,1e-11,125,1.8e-07,Power value not found in log
2814,0.9999999999999999,1.8818181818181816e-14,1e-11,125,3.6e-07,Power value not found in log
2815,0.9999999999999999,1.8818181818181816e-14,5e-11,-40,1.8e-07,Power value not found in log
2816,0.9999999999999999,1.8818181818181816e-14,5e-11,-40,3.6e-07,Power value not found in log
2817,0.9999999999999999,1.8818181818181816e-14,5e-11,-25,1.8e-07,Power value not found in log
2818,0.9999999999999999,1.8818181818181816e-14,5e-11,-25,3.6e-07,Power value not found in log
2819,0.9999999999999999,1.8818181818181816e-14,5e-11,0,1.8e-07,Power value not found in log
2820,0.9999999999999999,1.8818181818181816e-14,5e-11,0,3.6e-07,Power value not found in log
2821,0.9999999999999999,1.8818181818181816e-14,5e-11,25,1.8e-07,Power value not found in log
2822,0.9999999999999999,1.8818181818181816e-14,5e-11,25,3.6e-07,Power value not found in log
2824,0.9999999999999999,1.8818181818181816e-14,5e-11,75,3.6e-07,Power value not found in log
2825,0.9999999999999999,1.8818181818181816e-14,5e-11,100,1.8e-07,Power value not found in log
2826,0.9999999999999999,1.8818181818181816e-14,5e-11,100,3.6e-07,Power value not found in log
2827,0.9999999999999999,1.8818181818181816e-14,5e-11,125,1.8e-07,Power value not found in log
2828,0.9999999999999999,1.8818181818181816e-14,5e-11,125,3.6e-07,Power value not found in log
2829,0.9999999999999999,1.8818181818181816e-14,1e-10,-40,1.8e-07,Power value not found in log
2831,0.9999999999999999,1.8818181818181816e-14,1e-10,-25,1.8e-07,Power value not found in log
2833,0.9999999999999999,1.8818181818181816e-14,1e-10,0,1.8e-07,Power value not found in log
2835,0.9999999999999999,1.8818181818181816e-14,1e-10,25,1.8e-07,Power value not found in log
2836,0.9999999999999999,1.8818181818181816e-14,1e-10,25,3.6e-07,Power value not found in log
2837,0.9999999999999999,1.8818181818181816e-14,1e-10,75,1.8e-07,Power value not found in log
2838,0.9999999999999999,1.8818181818181816e-14,1e-10,75,3.6e-07,Power value not found in log
2839,0.9999999999999999,1.8818181818181816e-14,1e-10,100,1.8e-07,Power value not found in log
2840,0.9999999999999999,1.8818181818181816e-14,1e-10,100,3.6e-07,Power value not found in log
2841,0.9999999999999999,1.8818181818181816e-14,1e-10,125,1.8e-07,Power value not found in log
2842,0.9999999999999999,1.8818181818181816e-14,1e-10,125,3.6e-07,Power value not found in log
2844,0.9999999999999999,1.8818181818181816e-14,2e-10,-40,3.6e-07,Power value not found in log
2846,0.9999999999999999,1.8818181818181816e-14,2e-10,-25,3.6e-07,Power value not found in log
2847,0.9999999999999999,1.8818181818181816e-14,2e-10,0,1.8e-07,Power value not found in log
2848,0.9999999999999999,1.8818181818181816e-14,2e-10,0,3.6e-07,Power value not found in log
2849,0.9999999999999999,1.8818181818181816e-14,2e-10,25,1.8e-07,Power value not found in log
2851,0.9999999999999999,1.8818181818181816e-14,2e-10,75,1.8e-07,Power value not found in log
2852,0.9999999999999999,1.8818181818181816e-14,2e-10,75,3.6e-07,Power value not found in log
2853,0.9999999999999999,1.8818181818181816e-14,2e-10,100,1.8e-07,Power value not found in log
2854,0.9999999999999999,1.8818181818181816e-14,2e-10,100,3.6e-07,Power value not found in log
2855,0.9999999999999999,1.8818181818181816e-14,2e-10,125,1.8e-07,Power value not found in log
2856,0.9999999999999999,1.8818181818181816e-14,2e-10,125,3.6e-07,Power value not found in log
2857,0.9999999999999999,1.8818181818181816e-14,4e-10,-40,1.8e-07,Power value not found in log
2858,0.9999999999999999,1.8818181818181816e-14,4e-10,-40,3.6e-07,Power value not found in log
2860,0.9999999999999999,1.8818181818181816e-14,4e-10,-25,3.6e-07,Power value not found in log
2861,0.9999999999999999,1.8818181818181816e-14,4e-10,0,1.8e-07,Power value not found in log
2863,0.9999999999999999,1.8818181818181816e-14,4e-10,25,1.8e-07,Power value not found in log
2864,0.9999999999999999,1.8818181818181816e-14,4e-10,25,3.6e-07,Power value not found in log
2866,0.9999999999999999,1.8818181818181816e-14,4e-10,75,3.6e-07,Power value not found in log
2867,0.9999999999999999,1.8818181818181816e-14,4e-10,100,1.8e-07,Power value not found in log
2868,0.9999999999999999,1.8818181818181816e-14,4e-10,100,3.6e-07,Power value not found in log
2869,0.9999999999999999,1.8818181818181816e-14,4e-10,125,1.8e-07,Power value not found in log
2871,0.9999999999999999,2.327272727272727e-14,1e-11,-40,1.8e-07,Power value not found in log
2872,0.9999999999999999,2.327272727272727e-14,1e-11,-40,3.6e-07,Power value not found in log
2873,0.9999999999999999,2.327272727272727e-14,1e-11,-25,1.8e-07,Power value not found in log
2874,0.9999999999999999,2.327272727272727e-14,1e-11,-25,3.6e-07,Power value not found in log
2875,0.9999999999999999,2.327272727272727e-14,1e-11,0,1.8e-07,Power value not found in log
2876,0.9999999999999999,2.327272727272727e-14,1e-11,0,3.6e-07,Power value not found in log
2877,0.9999999999999999,2.327272727272727e-14,1e-11,25,1.8e-07,Power value not found in log
2879,0.9999999999999999,2.327272727272727e-14,1e-11,75,1.8e-07,Power value not found in log
2880,0.9999999999999999,2.327272727272727e-14,1e-11,75,3.6e-07,Power value not found in log
2882,0.9999999999999999,2.327272727272727e-14,1e-11,100,3.6e-07,Power value not found in log
2883,0.9999999999999999,2.327272727272727e-14,1e-11,125,1.8e-07,Power value not found in log
2884,0.9999999999999999,2.327272727272727e-14,1e-11,125,3.6e-07,Power value not found in log
2885,0.9999999999999999,2.327272727272727e-14,5e-11,-40,1.8e-07,Power value not found in log
2887,0.9999999999999999,2.327272727272727e-14,5e-11,-25,1.8e-07,Power value not found in log
2889,0.9999999999999999,2.327272727272727e-14,5e-11,0,1.8e-07,Power value not found in log
2891,0.9999999999999999,2.327272727272727e-14,5e-11,25,1.8e-07,Power value not found in log
2892,0.9999999999999999,2.327272727272727e-14,5e-11,25,3.6e-07,Power value not found in log
2893,0.9999999999999999,2.327272727272727e-14,5e-11,75,1.8e-07,Power value not found in log
2894,0.9999999999999999,2.327272727272727e-14,5e-11,75,3.6e-07,Power value not found in log
2895,0.9999999999999999,2.327272727272727e-14,5e-11,100,1.8e-07,Power value not found in log
2896,0.9999999999999999,2.327272727272727e-14,5e-11,100,3.6e-07,Power value not found in log
2897,0.9999999999999999,2.327272727272727e-14,5e-11,125,1.8e-07,Power value not found in log
2898,0.9999999999999999,2.327272727272727e-14,5e-11,125,3.6e-07,Power value not found in log
2899,0.9999999999999999,2.327272727272727e-14,1e-10,-40,1.8e-07,Power value not found in log
2901,0.9999999999999999,2.327272727272727e-14,1e-10,-25,1.8e-07,Power value not found in log
2902,0.9999999999999999,2.327272727272727e-14,1e-10,-25,3.6e-07,Power value not found in log
2904,0.9999999999999999,2.327272727272727e-14,1e-10,0,3.6e-07,Power value not found in log
2906,0.9999999999999999,2.327272727272727e-14,1e-10,25,3.6e-07,Power value not found in log
2907,0.9999999999999999,2.327272727272727e-14,1e-10,75,1.8e-07,Power value not found in log
2908,0.9999999999999999,2.327272727272727e-14,1e-10,75,3.6e-07,Power value not found in log
2909,0.9999999999999999,2.327272727272727e-14,1e-10,100,1.8e-07,Power value not found in log
2910,0.9999999999999999,2.327272727272727e-14,1e-10,100,3.6e-07,Power value not found in log
2912,0.9999999999999999,2.327272727272727e-14,1e-10,125,3.6e-07,Power value not found in log
2913,0.9999999999999999,2.327272727272727e-14,2e-10,-40,1.8e-07,Power value not found in log
2914,0.9999999999999999,2.327272727272727e-14,2e-10,-40,3.6e-07,Power value not found in log
2916,0.9999999999999999,2.327272727272727e-14,2e-10,-25,3.6e-07,Power value not found in log
2918,0.9999999999999999,2.327272727272727e-14,2e-10,0,3.6e-07,Power value not found in log
2920,0.9999999999999999,2.327272727272727e-14,2e-10,25,3.6e-07,Power value not found in log
2921,0.9999999999999999,2.327272727272727e-14,2e-10,75,1.8e-07,Power value not found in log
2922,0.9999999999999999,2.327272727272727e-14,2e-10,75,3.6e-07,Power value not found in log
2923,0.9999999999999999,2.327272727272727e-14,2e-10,100,1.8e-07,Power value not found in log
2924,0.9999999999999999,2.327272727272727e-14,2e-10,100,3.6e-07,Power value not found in log
2926,0.9999999999999999,2.327272727272727e-14,2e-10,125,3.6e-07,Power value not found in log
2927,0.9999999999999999,2.327272727272727e-14,4e-10,-40,1.8e-07,Power value not found in log
2929,0.9999999999999999,2.327272727272727e-14,4e-10,-25,1.8e-07,Power value not found in log
2930,0.9999999999999999,2.327272727272727e-14,4e-10,-25,3.6e-07,Power value not found in log
2931,0.9999999999999999,2.327272727272727e-14,4e-10,0,1.8e-07,Power value not found in log
2932,0.9999999999999999,2.327272727272727e-14,4e-10,0,3.6e-07,Power value not found in log
2933,0.9999999999999999,2.327272727272727e-14,4e-10,25,1.8e-07,Power value not found in log
2934,0.9999999999999999,2.327272727272727e-14,4e-10,25,3.6e-07,Power value not found in log
2935,0.9999999999999999,2.327272727272727e-14,4e-10,75,1.8e-07,Power value not found in log
2936,0.9999999999999999,2.327272727272727e-14,4e-10,75,3.6e-07,Power value not found in log
2937,0.9999999999999999,2.327272727272727e-14,4e-10,100,1.8e-07,Power value not found in log
2938,0.9999999999999999,2.327272727272727e-14,4e-10,100,3.6e-07,Power value not found in log
2939,0.9999999999999999,2.327272727272727e-14,4e-10,125,1.8e-07,Power value not found in log
2940,0.9999999999999999,2.327272727272727e-14,4e-10,125,3.6e-07,Power value not found in log
2941,0.9999999999999999,2.7727272727272724e-14,1e-11,-40,1.8e-07,Power value not found in log
2944,0.9999999999999999,2.7727272727272724e-14,1e-11,-25,3.6e-07,Power value not found in log
2945,0.9999999999999999,2.7727272727272724e-14,1e-11,0,1.8e-07,Power value not found in log
2947,0.9999999999999999,2.7727272727272724e-14,1e-11,25,1.8e-07,Power value not found in log
2948,0.9999999999999999,2.7727272727272724e-14,1e-11,25,3.6e-07,Power value not found in log
2949,0.9999999999999999,2.7727272727272724e-14,1e-11,75,1.8e-07,Power value not found in log
2950,0.9999999999999999,2.7727272727272724e-14,1e-11,75,3.6e-07,Power value not found in log
2951,0.9999999999999999,2.7727272727272724e-14,1e-11,100,1.8e-07,Power value not found in log
2952,0.9999999999999999,2.7727272727272724e-14,1e-11,100,3.6e-07,Power value not found in log
2953,0.9999999999999999,2.7727272727272724e-14,1e-11,125,1.8e-07,Power value not found in log
2954,0.9999999999999999,2.7727272727272724e-14,1e-11,125,3.6e-07,Power value not found in log
2955,0.9999999999999999,2.7727272727272724e-14,5e-11,-40,1.8e-07,Power value not found in log
2956,0.9999999999999999,2.7727272727272724e-14,5e-11,-40,3.6e-07,Power value not found in log
2958,0.9999999999999999,2.7727272727272724e-14,5e-11,-25,3.6e-07,Power value not found in log
2959,0.9999999999999999,2.7727272727272724e-14,5e-11,0,1.8e-07,Power value not found in log
2960,0.9999999999999999,2.7727272727272724e-14,5e-11,0,3.6e-07,Power value not found in log
2961,0.9999999999999999,2.7727272727272724e-14,5e-11,25,1.8e-07,Power value not found in log
2962,0.9999999999999999,2.7727272727272724e-14,5e-11,25,3.6e-07,Power value not found in log
2963,0.9999999999999999,2.7727272727272724e-14,5e-11,75,1.8e-07,Power value not found in log
2964,0.9999999999999999,2.7727272727272724e-14,5e-11,75,3.6e-07,Power value not found in log
2965,0.9999999999999999,2.7727272727272724e-14,5e-11,100,1.8e-07,Power value not found in log
2966,0.9999999999999999,2.7727272727272724e-14,5e-11,100,3.6e-07,Power value not found in log
2967,0.9999999999999999,2.7727272727272724e-14,5e-11,125,1.8e-07,Power value not found in log
2970,0.9999999999999999,2.7727272727272724e-14,1e-10,-40,3.6e-07,Power value not found in log
2972,0.9999999999999999,2.7727272727272724e-14,1e-10,-25,3.6e-07,Power value not found in log
2973,0.9999999999999999,2.7727272727272724e-14,1e-10,0,1.8e-07,Power value not found in log
2974,0.9999999999999999,2.7727272727272724e-14,1e-10,0,3.6e-07,Power value not found in log
2975,0.9999999999999999,2.7727272727272724e-14,1e-10,25,1.8e-07,Power value not found in log
2976,0.9999999999999999,2.7727272727272724e-14,1e-10,25,3.6e-07,Power value not found in log
2977,0.9999999999999999,2.7727272727272724e-14,1e-10,75,1.8e-07,Power value not found in log
2978,0.9999999999999999,2.7727272727272724e-14,1e-10,75,3.6e-07,Power value not found in log
2979,0.9999999999999999,2.7727272727272724e-14,1e-10,100,1.8e-07,Power value not found in log
2980,0.9999999999999999,2.7727272727272724e-14,1e-10,100,3.6e-07,Power value not found in log
2982,0.9999999999999999,2.7727272727272724e-14,1e-10,125,3.6e-07,Power value not found in log
2984,0.9999999999999999,2.7727272727272724e-14,2e-10,-40,3.6e-07,Power value not found in log
2985,0.9999999999999999,2.7727272727272724e-14,2e-10,-25,1.8e-07,Power value not found in log
2986,0.9999999999999999,2.7727272727272724e-14,2e-10,-25,3.6e-07,Power value not found in log
2987,0.9999999999999999,2.7727272727272724e-14,2e-10,0,1.8e-07,Power value not found in log
2988,0.9999999999999999,2.7727272727272724e-14,2e-10,0,3.6e-07,Power value not found in log
2992,0.9999999999999999,2.7727272727272724e-14,2e-10,75,3.6e-07,Power value not found in log
2993,0.9999999999999999,2.7727272727272724e-14,2e-10,100,1.8e-07,Power value not found in log
2994,0.9999999999999999,2.7727272727272724e-14,2e-10,100,3.6e-07,Power value not found in log
2995,0.9999999999999999,2.7727272727272724e-14,2e-10,125,1.8e-07,Power value not found in log
2996,0.9999999999999999,2.7727272727272724e-14,2e-10,125,3.6e-07,Power value not found in log
2997,0.9999999999999999,2.7727272727272724e-14,4e-10,-40,1.8e-07,Power value not found in log
2998,0.9999999999999999,2.7727272727272724e-14,4e-10,-40,3.6e-07,Power value not found in log
3000,0.9999999999999999,2.7727272727272724e-14,4e-10,-25,3.6e-07,Power value not found in log
3001,0.9999999999999999,2.7727272727272724e-14,4e-10,0,1.8e-07,Power value not found in log
3002,0.9999999999999999,2.7727272727272724e-14,4e-10,0,3.6e-07,Power value not found in log
3003,0.9999999999999999,2.7727272727272724e-14,4e-10,25,1.8e-07,Power value not found in log
3004,0.9999999999999999,2.7727272727272724e-14,4e-10,25,3.6e-07,Power value not found in log
3005,0.9999999999999999,2.7727272727272724e-14,4e-10,75,1.8e-07,Power value not found in log
3006,0.9999999999999999,2.7727272727272724e-14,4e-10,75,3.6e-07,Power value not found in log
3007,0.9999999999999999,2.7727272727272724e-14,4e-10,100,1.8e-07,Power value not found in log
3008,0.9999999999999999,2.7727272727272724e-14,4e-10,100,3.6e-07,Power value not found in log
3009,0.9999999999999999,2.7727272727272724e-14,4e-10,125,1.8e-07,Power value not found in log
3010,0.9999999999999999,2.7727272727272724e-14,4e-10,125,3.6e-07,Power value not found in log
3011,0.9999999999999999,3.218181818181818e-14,1e-11,-40,1.8e-07,Power value not found in log
3012,0.9999999999999999,3.218181818181818e-14,1e-11,-40,3.6e-07,Power value not found in log
3013,0.9999999999999999,3.218181818181818e-14,1e-11,-25,1.8e-07,Power value not found in log
3016,0.9999999999999999,3.218181818181818e-14,1e-11,0,3.6e-07,Power value not found in log
3017,0.9999999999999999,3.218181818181818e-14,1e-11,25,1.8e-07,Power value not found in log
3018,0.9999999999999999,3.218181818181818e-14,1e-11,25,3.6e-07,Power value not found in log
3020,0.9999999999999999,3.218181818181818e-14,1e-11,75,3.6e-07,Power value not found in log
3021,0.9999999999999999,3.218181818181818e-14,1e-11,100,1.8e-07,Power value not found in log
3022,0.9999999999999999,3.218181818181818e-14,1e-11,100,3.6e-07,Power value not found in log
3024,0.9999999999999999,3.218181818181818e-14,1e-11,125,3.6e-07,Power value not found in log
3025,0.9999999999999999,3.218181818181818e-14,5e-11,-40,1.8e-07,Power value not found in log
3026,0.9999999999999999,3.218181818181818e-14,5e-11,-40,3.6e-07,Power value not found in log
3027,0.9999999999999999,3.218181818181818e-14,5e-11,-25,1.8e-07,Power value not found in log
3029,0.9999999999999999,3.218181818181818e-14,5e-11,0,1.8e-07,Power value not found in log
3031,0.9999999999999999,3.218181818181818e-14,5e-11,25,1.8e-07,Power value not found in log
3032,0.9999999999999999,3.218181818181818e-14,5e-11,25,3.6e-07,Power value not found in log
3033,0.9999999999999999,3.218181818181818e-14,5e-11,75,1.8e-07,Power value not found in log
3034,0.9999999999999999,3.218181818181818e-14,5e-11,75,3.6e-07,Power value not found in log
3035,0.9999999999999999,3.218181818181818e-14,5e-11,100,1.8e-07,Power value not found in log
3036,0.9999999999999999,3.218181818181818e-14,5e-11,100,3.6e-07,Power value not found in log
3037,0.9999999999999999,3.218181818181818e-14,5e-11,125,1.8e-07,Power value not found in log
3038,0.9999999999999999,3.218181818181818e-14,5e-11,125,3.6e-07,Power value not found in log
3039,0.9999999999999999,3.218181818181818e-14,1e-10,-40,1.8e-07,Power value not found in log
3040,0.9999999999999999,3.218181818181818e-14,1e-10,-40,3.6e-07,Power value not found in log
3042,0.9999999999999999,3.218181818181818e-14,1e-10,-25,3.6e-07,Power value not found in log
3044,0.9999999999999999,3.218181818181818e-14,1e-10,0,3.6e-07,Power value not found in log
3045,0.9999999999999999,3.218181818181818e-14,1e-10,25,1.8e-07,Power value not found in log
3046,0.9999999999999999,3.218181818181818e-14,1e-10,25,3.6e-07,Power value not found in log
3047,0.9999999999999999,3.218181818181818e-14,1e-10,75,1.8e-07,Power value not found in log
3048,0.9999999999999999,3.218181818181818e-14,1e-10,75,3.6e-07,Power value not found in log
3049,0.9999999999999999,3.218181818181818e-14,1e-10,100,1.8e-07,Power value not found in log
3050,0.9999999999999999,3.218181818181818e-14,1e-10,100,3.6e-07,Power value not found in log
3051,0.9999999999999999,3.218181818181818e-14,1e-10,125,1.8e-07,Power value not found in log
3052,0.9999999999999999,3.218181818181818e-14,1e-10,125,3.6e-07,Power value not found in log
3053,0.9999999999999999,3.218181818181818e-14,2e-10,-40,1.8e-07,Power value not found in log
3054,0.9999999999999999,3.218181818181818e-14,2e-10,-40,3.6e-07,Power value not found in log
3055,0.9999999999999999,3.218181818181818e-14,2e-10,-25,1.8e-07,Power value not found in log
3056,0.9999999999999999,3.218181818181818e-14,2e-10,-25,3.6e-07,Power value not found in log
3058,0.9999999999999999,3.218181818181818e-14,2e-10,0,3.6e-07,Power value not found in log
3059,0.9999999999999999,3.218181818181818e-14,2e-10,25,1.8e-07,Power value not found in log
3060,0.9999999999999999,3.218181818181818e-14,2e-10,25,3.6e-07,Power value not found in log
3061,0.9999999999999999,3.218181818181818e-14,2e-10,75,1.8e-07,Power value not found in log
3062,0.9999999999999999,3.218181818181818e-14,2e-10,75,3.6e-07,Power value not found in log
3063,0.9999999999999999,3.218181818181818e-14,2e-10,100,1.8e-07,Power value not found in log
3064,0.9999999999999999,3.218181818181818e-14,2e-10,100,3.6e-07,Power value not found in log
3066,0.9999999999999999,3.218181818181818e-14,2e-10,125,3.6e-07,Power value not found in log
3067,0.9999999999999999,3.218181818181818e-14,4e-10,-40,1.8e-07,Power value not found in log
3068,0.9999999999999999,3.218181818181818e-14,4e-10,-40,3.6e-07,Power value not found in log
3069,0.9999999999999999,3.218181818181818e-14,4e-10,-25,1.8e-07,Power value not found in log
3071,0.9999999999999999,3.218181818181818e-14,4e-10,0,1.8e-07,Power value not found in log
3073,0.9999999999999999,3.218181818181818e-14,4e-10,25,1.8e-07,Power value not found in log
3075,0.9999999999999999,3.218181818181818e-14,4e-10,75,1.8e-07,Power value not found in log
3076,0.9999999999999999,3.218181818181818e-14,4e-10,75,3.6e-07,Power value not found in log
3077,0.9999999999999999,3.218181818181818e-14,4e-10,100,1.8e-07,Power value not found in log
3078,0.9999999999999999,3.218181818181818e-14,4e-10,100,3.6e-07,Power value not found in log
3080,0.9999999999999999,3.218181818181818e-14,4e-10,125,3.6e-07,Power value not found in log
3081,0.9999999999999999,3.6636363636363636e-14,1e-11,-40,1.8e-07,Power value not found in log
3083,0.9999999999999999,3.6636363636363636e-14,1e-11,-25,1.8e-07,Power value not found in log
3084,0.9999999999999999,3.6636363636363636e-14,1e-11,-25,3.6e-07,Power value not found in log
3085,0.9999999999999999,3.6636363636363636e-14,1e-11,0,1.8e-07,Power value not found in log
3087,0.9999999999999999,3.6636363636363636e-14,1e-11,25,1.8e-07,Power value not found in log
3088,0.9999999999999999,3.6636363636363636e-14,1e-11,25,3.6e-07,Power value not found in log
3089,0.9999999999999999,3.6636363636363636e-14,1e-11,75,1.8e-07,Power value not found in log
3090,0.9999999999999999,3.6636363636363636e-14,1e-11,75,3.6e-07,Power value not found in log
3091,0.9999999999999999,3.6636363636363636e-14,1e-11,100,1.8e-07,Power value not found in log
3092,0.9999999999999999,3.6636363636363636e-14,1e-11,100,3.6e-07,Power value not found in log
3093,0.9999999999999999,3.6636363636363636e-14,1e-11,125,1.8e-07,Power value not found in log
3094,0.9999999999999999,3.6636363636363636e-14,1e-11,125,3.6e-07,Power value not found in log
3095,0.9999999999999999,3.6636363636363636e-14,5e-11,-40,1.8e-07,Power value not found in log
3097,0.9999999999999999,3.6636363636363636e-14,5e-11,-25,1.8e-07,Power value not found in log
3098,0.9999999999999999,3.6636363636363636e-14,5e-11,-25,3.6e-07,Power value not found in log
3099,0.9999999999999999,3.6636363636363636e-14,5e-11,0,1.8e-07,Power value not found in log
3101,0.9999999999999999,3.6636363636363636e-14,5e-11,25,1.8e-07,Power value not found in log
3102,0.9999999999999999,3.6636363636363636e-14,5e-11,25,3.6e-07,Power value not found in log
3103,0.9999999999999999,3.6636363636363636e-14,5e-11,75,1.8e-07,Power value not found in log
3104,0.9999999999999999,3.6636363636363636e-14,5e-11,75,3.6e-07,Power value not found in log
3106,0.9999999999999999,3.6636363636363636e-14,5e-11,100,3.6e-07,Power value not found in log
3108,0.9999999999999999,3.6636363636363636e-14,5e-11,125,3.6e-07,Power value not found in log
3109,0.9999999999999999,3.6636363636363636e-14,1e-10,-40,1.8e-07,Power value not found in log
3110,0.9999999999999999,3.6636363636363636e-14,1e-10,-40,3.6e-07,Power value not found in log
3111,0.9999999999999999,3.6636363636363636e-14,1e-10,-25,1.8e-07,Power value not found in log
3112,0.9999999999999999,3.6636363636363636e-14,1e-10,-25,3.6e-07,Power value not found in log
3113,0.9999999999999999,3.6636363636363636e-14,1e-10,0,1.8e-07,Power value not found in log
3114,0.9999999999999999,3.6636363636363636e-14,1e-10,0,3.6e-07,Power value not found in log
3115,0.9999999999999999,3.6636363636363636e-14,1e-10,25,1.8e-07,Power value not found in log
3117,0.9999999999999999,3.6636363636363636e-14,1e-10,75,1.8e-07,Power value not found in log
3118,0.9999999999999999,3.6636363636363636e-14,1e-10,75,3.6e-07,Power value not found in log
3119,0.9999999999999999,3.6636363636363636e-14,1e-10,100,1.8e-07,Power value not found in log
3120,0.9999999999999999,3.6636363636363636e-14,1e-10,100,3.6e-07,Power value not found in log
3122,0.9999999999999999,3.6636363636363636e-14,1e-10,125,3.6e-07,Power value not found in log
3123,0.9999999999999999,3.6636363636363636e-14,2e-10,-40,1.8e-07,Power value not found in log
3124,0.9999999999999999,3.6636363636363636e-14,2e-10,-40,3.6e-07,Power value not found in log
3125,0.9999999999999999,3.6636363636363636e-14,2e-10,-25,1.8e-07,Power value not found in log
3127,0.9999999999999999,3.6636363636363636e-14,2e-10,0,1.8e-07,Power value not found in log
3128,0.9999999999999999,3.6636363636363636e-14,2e-10,0,3.6e-07,Power value not found in log
3130,0.9999999999999999,3.6636363636363636e-14,2e-10,25,3.6e-07,Power value not found in log
3131,0.9999999999999999,3.6636363636363636e-14,2e-10,75,1.8e-07,Power value not found in log
3133,0.9999999999999999,3.6636363636363636e-14,2e-10,100,1.8e-07,Power value not found in log
3134,0.9999999999999999,3.6636363636363636e-14,2e-10,100,3.6e-07,Power value not found in log
3135,0.9999999999999999,3.6636363636363636e-14,2e-10,125,1.8e-07,Power value not found in log
3136,0.9999999999999999,3.6636363636363636e-14,2e-10,125,3.6e-07,Power value not found in log
3137,0.9999999999999999,3.6636363636363636e-14,4e-10,-40,1.8e-07,Power value not found in log
3138,0.9999999999999999,3.6636363636363636e-14,4e-10,-40,3.6e-07,Power value not found in log
3139,0.9999999999999999,3.6636363636363636e-14,4e-10,-25,1.8e-07,Power value not found in log
3140,0.9999999999999999,3.6636363636363636e-14,4e-10,-25,3.6e-07,Power value not found in log
3144,0.9999999999999999,3.6636363636363636e-14,4e-10,25,3.6e-07,Power value not found in log
3145,0.9999999999999999,3.6636363636363636e-14,4e-10,75,1.8e-07,Power value not found in log
3146,0.9999999999999999,3.6636363636363636e-14,4e-10,75,3.6e-07,Power value not found in log
3147,0.9999999999999999,3.6636363636363636e-14,4e-10,100,1.8e-07,Power value not found in log
3148,0.9999999999999999,3.6636363636363636e-14,4e-10,100,3.6e-07,Power value not found in log
3149,0.9999999999999999,3.6636363636363636e-14,4e-10,125,1.8e-07,Power value not found in log
3150,0.9999999999999999,3.6636363636363636e-14,4e-10,125,3.6e-07,Power value not found in log
3151,0.9999999999999999,4.109090909090909e-14,1e-11,-40,1.8e-07,Power value not found in log
3153,0.9999999999999999,4.109090909090909e-14,1e-11,-25,1.8e-07,Power value not found in log
3154,0.9999999999999999,4.109090909090909e-14,1e-11,-25,3.6e-07,Power value not found in log
3155,0.9999999999999999,4.109090909090909e-14,1e-11,0,1.8e-07,Power value not found in log
3157,0.9999999999999999,4.109090909090909e-14,1e-11,25,1.8e-07,Power value not found in log
3158,0.9999999999999999,4.109090909090909e-14,1e-11,25,3.6e-07,Power value not found in log
3160,0.9999999999999999,4.109090909090909e-14,1e-11,75,3.6e-07,Power value not found in log
3162,0.9999999999999999,4.109090909090909e-14,1e-11,100,3.6e-07,Power value not found in log
3163,0.9999999999999999,4.109090909090909e-14,1e-11,125,1.8e-07,Power value not found in log
3165,0.9999999999999999,4.109090909090909e-14,5e-11,-40,1.8e-07,Power value not found in log
3166,0.9999999999999999,4.109090909090909e-14,5e-11,-40,3.6e-07,Power value not found in log
3169,0.9999999999999999,4.109090909090909e-14,5e-11,0,1.8e-07,Power value not found in log
3170,0.9999999999999999,4.109090909090909e-14,5e-11,0,3.6e-07,Power value not found in log
3171,0.9999999999999999,4.109090909090909e-14,5e-11,25,1.8e-07,Power value not found in log
3173,0.9999999999999999,4.109090909090909e-14,5e-11,75,1.8e-07,Power value not found in log
3175,0.9999999999999999,4.109090909090909e-14,5e-11,100,1.8e-07,Power value not found in log
3176,0.9999999999999999,4.109090909090909e-14,5e-11,100,3.6e-07,Power value not found in log
3178,0.9999999999999999,4.109090909090909e-14,5e-11,125,3.6e-07,Power value not found in log
3179,0.9999999999999999,4.109090909090909e-14,1e-10,-40,1.8e-07,Power value not found in log
3180,0.9999999999999999,4.109090909090909e-14,1e-10,-40,3.6e-07,Power value not found in log
3181,0.9999999999999999,4.109090909090909e-14,1e-10,-25,1.8e-07,Power value not found in log
3182,0.9999999999999999,4.109090909090909e-14,1e-10,-25,3.6e-07,Power value not found in log
3183,0.9999999999999999,4.109090909090909e-14,1e-10,0,1.8e-07,Power value not found in log
3184,0.9999999999999999,4.109090909090909e-14,1e-10,0,3.6e-07,Power value not found in log
3185,0.9999999999999999,4.109090909090909e-14,1e-10,25,1.8e-07,Power value not found in log
3187,0.9999999999999999,4.109090909090909e-14,1e-10,75,1.8e-07,Power value not found in log
3188,0.9999999999999999,4.109090909090909e-14,1e-10,75,3.6e-07,Power value not found in log
3189,0.9999999999999999,4.109090909090909e-14,1e-10,100,1.8e-07,Power value not found in log
3190,0.9999999999999999,4.109090909090909e-14,1e-10,100,3.6e-07,Power value not found in log
3191,0.9999999999999999,4.109090909090909e-14,1e-10,125,1.8e-07,Power value not found in log
3192,0.9999999999999999,4.109090909090909e-14,1e-10,125,3.6e-07,Power value not found in log
3193,0.9999999999999999,4.109090909090909e-14,2e-10,-40,1.8e-07,Power value not found in log
3195,0.9999999999999999,4.109090909090909e-14,2e-10,-25,1.8e-07,Power value not found in log
3196,0.9999999999999999,4.109090909090909e-14,2e-10,-25,3.6e-07,Power value not found in log
3197,0.9999999999999999,4.109090909090909e-14,2e-10,0,1.8e-07,Power value not found in log
3199,0.9999999999999999,4.109090909090909e-14,2e-10,25,1.8e-07,Power value not found in log
3200,0.9999999999999999,4.109090909090909e-14,2e-10,25,3.6e-07,Power value not found in log
3201,0.9999999999999999,4.109090909090909e-14,2e-10,75,1.8e-07,Power value not found in log
3202,0.9999999999999999,4.109090909090909e-14,2e-10,75,3.6e-07,Power value not found in log
3203,0.9999999999999999,4.109090909090909e-14,2e-10,100,1.8e-07,Power value not found in log
3204,0.9999999999999999,4.109090909090909e-14,2e-10,100,3.6e-07,Power value not found in log
3205,0.9999999999999999,4.109090909090909e-14,2e-10,125,1.8e-07,Power value not found in log
3206,0.9999999999999999,4.109090909090909e-14,2e-10,125,3.6e-07,Power value not found in log
3207,0.9999999999999999,4.109090909090909e-14,4e-10,-40,1.8e-07,Power value not found in log
3209,0.9999999999999999,4.109090909090909e-14,4e-10,-25,1.8e-07,Power value not found in log
3211,0.9999999999999999,4.109090909090909e-14,4e-10,0,1.8e-07,Power value not found in log
3212,0.9999999999999999,4.109090909090909e-14,4e-10,0,3.6e-07,Power value not found in log
3214,0.9999999999999999,4.109090909090909e-14,4e-10,25,3.6e-07,Power value not found in log
3215,0.9999999999999999,4.109090909090909e-14,4e-10,75,1.8e-07,Power value not found in log
3216,0.9999999999999999,4.109090909090909e-14,4e-10,75,3.6e-07,Power value not found in log
3217,0.9999999999999999,4.109090909090909e-14,4e-10,100,1.8e-07,Power value not found in log
3218,0.9999999999999999,4.109090909090909e-14,4e-10,100,3.6e-07,Power value not found in log
3219,0.9999999999999999,4.109090909090909e-14,4e-10,125,1.8e-07,Power value not found in log
3221,0.9999999999999999,4.5545454545454544e-14,1e-11,-40,1.8e-07,Power value not found in log
3222,0.9999999999999999,4.5545454545454544e-14,1e-11,-40,3.6e-07,Power value not found in log
3223,0.9999999999999999,4.5545454545454544e-14,1e-11,-25,1.8e-07,Power value not found in log
3224,0.9999999999999999,4.5545454545454544e-14,1e-11,-25,3.6e-07,Power value not found in log
3225,0.9999999999999999,4.5545454545454544e-14,1e-11,0,1.8e-07,Power value not found in log
3227,0.9999999999999999,4.5545454545454544e-14,1e-11,25,1.8e-07,Power value not found in log
3229,0.9999999999999999,4.5545454545454544e-14,1e-11,75,1.8e-07,Power value not found in log
3230,0.9999999999999999,4.5545454545454544e-14,1e-11,75,3.6e-07,Power value not found in log
3232,0.9999999999999999,4.5545454545454544e-14,1e-11,100,3.6e-07,Power value not found in log
3233,0.9999999999999999,4.5545454545454544e-14,1e-11,125,1.8e-07,Power value not found in log
3234,0.9999999999999999,4.5545454545454544e-14,1e-11,125,3.6e-07,Power value not found in log
3235,0.9999999999999999,4.5545454545454544e-14,5e-11,-40,1.8e-07,Power value not found in log
3236,0.9999999999999999,4.5545454545454544e-14,5e-11,-40,3.6e-07,Power value not found in log
3237,0.9999999999999999,4.5545454545454544e-14,5e-11,-25,1.8e-07,Power value not found in log
3238,0.9999999999999999,4.5545454545454544e-14,5e-11,-25,3.6e-07,Power value not found in log
3241,0.9999999999999999,4.5545454545454544e-14,5e-11,25,1.8e-07,Power value not found in log
3242,0.9999999999999999,4.5545454545454544e-14,5e-11,25,3.6e-07,Power value not found in log
3243,0.9999999999999999,4.5545454545454544e-14,5e-11,75,1.8e-07,Power value not found in log
3244,0.9999999999999999,4.5545454545454544e-14,5e-11,75,3.6e-07,Power value not found in log
3245,0.9999999999999999,4.5545454545454544e-14,5e-11,100,1.8e-07,Power value not found in log
3246,0.9999999999999999,4.5545454545454544e-14,5e-11,100,3.6e-07,Power value not found in log
3247,0.9999999999999999,4.5545454545454544e-14,5e-11,125,1.8e-07,Power value not found in log
3248,0.9999999999999999,4.5545454545454544e-14,5e-11,125,3.6e-07,Power value not found in log
3249,0.9999999999999999,4.5545454545454544e-14,1e-10,-40,1.8e-07,Power value not found in log
3250,0.9999999999999999,4.5545454545454544e-14,1e-10,-40,3.6e-07,Power value not found in log
3251,0.9999999999999999,4.5545454545454544e-14,1e-10,-25,1.8e-07,Power value not found in log
3252,0.9999999999999999,4.5545454545454544e-14,1e-10,-25,3.6e-07,Power value not found in log
3253,0.9999999999999999,4.5545454545454544e-14,1e-10,0,1.8e-07,Power value not found in log
3255,0.9999999999999999,4.5545454545454544e-14,1e-10,25,1.8e-07,Power value not found in log
3257,0.9999999999999999,4.5545454545454544e-14,1e-10,75,1.8e-07,Power value not found in log
3258,0.9999999999999999,4.5545454545454544e-14,1e-10,75,3.6e-07,Power value not found in log
3259,0.9999999999999999,4.5545454545454544e-14,1e-10,100,1.8e-07,Power value not found in log
3261,0.9999999999999999,4.5545454545454544e-14,1e-10,125,1.8e-07,Power value not found in log
3262,0.9999999999999999,4.5545454545454544e-14,1e-10,125,3.6e-07,Power value not found in log
3263,0.9999999999999999,4.5545454545454544e-14,2e-10,-40,1.8e-07,Power value not found in log
3264,0.9999999999999999,4.5545454545454544e-14,2e-10,-40,3.6e-07,Power value not found in log
3266,0.9999999999999999,4.5545454545454544e-14,2e-10,-25,3.6e-07,Power value not found in log
3268,0.9999999999999999,4.5545454545454544e-14,2e-10,0,3.6e-07,Power value not found in log
3269,0.9999999999999999,4.5545454545454544e-14,2e-10,25,1.8e-07,Power value not found in log
3270,0.9999999999999999,4.5545454545454544e-14,2e-10,25,3.6e-07,Power value not found in log
3271,0.9999999999999999,4.5545454545454544e-14,2e-10,75,1.8e-07,Power value not found in log
3272,0.9999999999999999,4.5545454545454544e-14,2e-10,75,3.6e-07,Power value not found in log
3274,0.9999999999999999,4.5545454545454544e-14,2e-10,100,3.6e-07,Power value not found in log
3275,0.9999999999999999,4.5545454545454544e-14,2e-10,125,1.8e-07,Power value not found in log
3277,0.9999999999999999,4.5545454545454544e-14,4e-10,-40,1.8e-07,Power value not found in log
3278,0.9999999999999999,4.5545454545454544e-14,4e-10,-40,3.6e-07,Power value not found in log
3279,0.9999999999999999,4.5545454545454544e-14,4e-10,-25,1.8e-07,Power value not found in log
3280,0.9999999999999999,4.5545454545454544e-14,4e-10,-25,3.6e-07,Power value not found in log
3281,0.9999999999999999,4.5545454545454544e-14,4e-10,0,1.8e-07,Power value not found in log
3283,0.9999999999999999,4.5545454545454544e-14,4e-10,25,1.8e-07,Power value not found in log
3284,0.9999999999999999,4.5545454545454544e-14,4e-10,25,3.6e-07,Power value not found in log
3285,0.9999999999999999,4.5545454545454544e-14,4e-10,75,1.8e-07,Power value not found in log
3286,0.9999999999999999,4.5545454545454544e-14,4e-10,75,3.6e-07,Power value not found in log
3287,0.9999999999999999,4.5545454545454544e-14,4e-10,100,1.8e-07,Power value not found in log
3288,0.9999999999999999,4.5545454545454544e-14,4e-10,100,3.6e-07,Power value not found in log
3289,0.9999999999999999,4.5545454545454544e-14,4e-10,125,1.8e-07,Power value not found in log
3291,0.9999999999999999,5e-14,1e-11,-40,1.8e-07,Power value not found in log
3293,0.9999999999999999,5e-14,1e-11,-25,1.8e-07,Power value not found in log
3294,0.9999999999999999,5e-14,1e-11,-25,3.6e-07,Power value not found in log
3295,0.9999999999999999,5e-14,1e-11,0,1.8e-07,Power value not found in log
3296,0.9999999999999999,5e-14,1e-11,0,3.6e-07,Power value not found in log
3297,0.9999999999999999,5e-14,1e-11,25,1.8e-07,Power value not found in log
3298,0.9999999999999999,5e-14,1e-11,25,3.6e-07,Power value not found in log
3300,0.9999999999999999,5e-14,1e-11,75,3.6e-07,Power value not found in log
3301,0.9999999999999999,5e-14,1e-11,100,1.8e-07,Power value not found in log
3302,0.9999999999999999,5e-14,1e-11,100,3.6e-07,Power value not found in log
3303,0.9999999999999999,5e-14,1e-11,125,1.8e-07,Power value not found in log
3305,0.9999999999999999,5e-14,5e-11,-40,1.8e-07,Power value not found in log
3306,0.9999999999999999,5e-14,5e-11,-40,3.6e-07,Power value not found in log
3308,0.9999999999999999,5e-14,5e-11,-25,3.6e-07,Power value not found in log
3309,0.9999999999999999,5e-14,5e-11,0,1.8e-07,Power value not found in log
3311,0.9999999999999999,5e-14,5e-11,25,1.8e-07,Power value not found in log
3313,0.9999999999999999,5e-14,5e-11,75,1.8e-07,Power value not found in log
3315,0.9999999999999999,5e-14,5e-11,100,1.8e-07,Power value not found in log
3316,0.9999999999999999,5e-14,5e-11,100,3.6e-07,Power value not found in log
3317,0.9999999999999999,5e-14,5e-11,125,1.8e-07,Power value not found in log
3318,0.9999999999999999,5e-14,5e-11,125,3.6e-07,Power value not found in log
3319,0.9999999999999999,5e-14,1e-10,-40,1.8e-07,Power value not found in log
3320,0.9999999999999999,5e-14,1e-10,-40,3.6e-07,Power value not found in log
3321,0.9999999999999999,5e-14,1e-10,-25,1.8e-07,Power value not found in log
3322,0.9999999999999999,5e-14,1e-10,-25,3.6e-07,Power value not found in log
3323,0.9999999999999999,5e-14,1e-10,0,1.8e-07,Power value not found in log
3324,0.9999999999999999,5e-14,1e-10,0,3.6e-07,Power value not found in log
3325,0.9999999999999999,5e-14,1e-10,25,1.8e-07,Power value not found in log
3328,0.9999999999999999,5e-14,1e-10,75,3.6e-07,Power value not found in log
3329,0.9999999999999999,5e-14,1e-10,100,1.8e-07,Power value not found in log
3331,0.9999999999999999,5e-14,1e-10,125,1.8e-07,Power value not found in log
3333,0.9999999999999999,5e-14,2e-10,-40,1.8e-07,Power value not found in log
3335,0.9999999999999999,5e-14,2e-10,-25,1.8e-07,Power value not found in log
3336,0.9999999999999999,5e-14,2e-10,-25,3.6e-07,Power value not found in log
3337,0.9999999999999999,5e-14,2e-10,0,1.8e-07,Power value not found in log
3338,0.9999999999999999,5e-14,2e-10,0,3.6e-07,Power value not found in log
3339,0.9999999999999999,5e-14,2e-10,25,1.8e-07,Power value not found in log
3340,0.9999999999999999,5e-14,2e-10,25,3.6e-07,Power value not found in log
3341,0.9999999999999999,5e-14,2e-10,75,1.8e-07,Power value not found in log
3342,0.9999999999999999,5e-14,2e-10,75,3.6e-07,Power value not found in log
3343,0.9999999999999999,5e-14,2e-10,100,1.8e-07,Power value not found in log
3344,0.9999999999999999,5e-14,2e-10,100,3.6e-07,Power value not found in log
3345,0.9999999999999999,5e-14,2e-10,125,1.8e-07,Power value not found in log
3346,0.9999999999999999,5e-14,2e-10,125,3.6e-07,Power value not found in log
3347,0.9999999999999999,5e-14,4e-10,-40,1.8e-07,Power value not found in log
3348,0.9999999999999999,5e-14,4e-10,-40,3.6e-07,Power value not found in log
3350,0.9999999999999999,5e-14,4e-10,-25,3.6e-07,Power value not found in log
3351,0.9999999999999999,5e-14,4e-10,0,1.8e-07,Power value not found in log
3352,0.9999999999999999,5e-14,4e-10,0,3.6e-07,Power value not found in log
3353,0.9999999999999999,5e-14,4e-10,25,1.8e-07,Power value not found in log
3355,0.9999999999999999,5e-14,4e-10,75,1.8e-07,Power value not found in log
3356,0.9999999999999999,5e-14,4e-10,75,3.6e-07,Power value not found in log
3357,0.9999999999999999,5e-14,4e-10,100,1.8e-07,Power value not found in log
3358,0.9999999999999999,5e-14,4e-10,100,3.6e-07,Power value not found in log
3359,0.9999999999999999,5e-14,4e-10,125,1.8e-07,Power value not found in log
3360,0.9999999999999999,5e-14,4e-10,125,3.6e-07,Power value not found in log
3361,1.0999999999999999,1e-15,1e-11,-40,1.8e-07,Power value not found in log
3363,1.0999999999999999,1e-15,1e-11,-25,1.8e-07,Power value not found in log
3364,1.0999999999999999,1e-15,1e-11,-25,3.6e-07,Power value not found in log
3366,1.0999999999999999,1e-15,1e-11,0,3.6e-07,Power value not found in log
3367,1.0999999999999999,1e-15,1e-11,25,1.8e-07,Power value not found in log
3369,1.0999999999999999,1e-15,1e-11,75,1.8e-07,Power value not found in log
3372,1.0999999999999999,1e-15,1e-11,100,3.6e-07,Power value not found in log
3373,1.0999999999999999,1e-15,1e-11,125,1.8e-07,Power value not found in log
3374,1.0999999999999999,1e-15,1e-11,125,3.6e-07,Power value not found in log
3375,1.0999999999999999,1e-15,5e-11,-40,1.8e-07,Power value not found in log
3376,1.0999999999999999,1e-15,5e-11,-40,3.6e-07,Power value not found in log
3377,1.0999999999999999,1e-15,5e-11,-25,1.8e-07,Power value not found in log
3378,1.0999999999999999,1e-15,5e-11,-25,3.6e-07,Power value not found in log
3380,1.0999999999999999,1e-15,5e-11,0,3.6e-07,Power value not found in log
3381,1.0999999999999999,1e-15,5e-11,25,1.8e-07,Power value not found in log
3383,1.0999999999999999,1e-15,5e-11,75,1.8e-07,Power value not found in log
3384,1.0999999999999999,1e-15,5e-11,75,3.6e-07,Power value not found in log
3385,1.0999999999999999,1e-15,5e-11,100,1.8e-07,Power value not found in log
3387,1.0999999999999999,1e-15,5e-11,125,1.8e-07,Power value not found in log
3388,1.0999999999999999,1e-15,5e-11,125,3.6e-07,Power value not found in log
3389,1.0999999999999999,1e-15,1e-10,-40,1.8e-07,Power value not found in log
3390,1.0999999999999999,1e-15,1e-10,-40,3.6e-07,Power value not found in log
3391,1.0999999999999999,1e-15,1e-10,-25,1.8e-07,Power value not found in log
3392,1.0999999999999999,1e-15,1e-10,-25,3.6e-07,Power value not found in log
3393,1.0999999999999999,1e-15,1e-10,0,1.8e-07,Power value not found in log
3394,1.0999999999999999,1e-15,1e-10,0,3.6e-07,Power value not found in log
3395,1.0999999999999999,1e-15,1e-10,25,1.8e-07,Power value not found in log
3396,1.0999999999999999,1e-15,1e-10,25,3.6e-07,Power value not found in log
3397,1.0999999999999999,1e-15,1e-10,75,1.8e-07,Power value not found in log
3398,1.0999999999999999,1e-15,1e-10,75,3.6e-07,Power value not found in log
3399,1.0999999999999999,1e-15,1e-10,100,1.8e-07,Power value not found in log
3400,1.0999999999999999,1e-15,1e-10,100,3.6e-07,Power value not found in log
3402,1.0999999999999999,1e-15,1e-10,125,3.6e-07,Power value not found in log
3403,1.0999999999999999,1e-15,2e-10,-40,1.8e-07,Power value not found in log
3404,1.0999999999999999,1e-15,2e-10,-40,3.6e-07,Power value not found in log
3406,1.0999999999999999,1e-15,2e-10,-25,3.6e-07,Power value not found in log
3407,1.0999999999999999,1e-15,2e-10,0,1.8e-07,Power value not found in log
3409,1.0999999999999999,1e-15,2e-10,25,1.8e-07,Power value not found in log
3410,1.0999999999999999,1e-15,2e-10,25,3.6e-07,Power value not found in log
3411,1.0999999999999999,1e-15,2e-10,75,1.8e-07,Power value not found in log
3413,1.0999999999999999,1e-15,2e-10,100,1.8e-07,Power value not found in log
3414,1.0999999999999999,1e-15,2e-10,100,3.6e-07,Power value not found in log
3415,1.0999999999999999,1e-15,2e-10,125,1.8e-07,Power value not found in log
3416,1.0999999999999999,1e-15,2e-10,125,3.6e-07,Power value not found in log
3417,1.0999999999999999,1e-15,4e-10,-40,1.8e-07,Power value not found in log
3418,1.0999999999999999,1e-15,4e-10,-40,3.6e-07,Power value not found in log
3419,1.0999999999999999,1e-15,4e-10,-25,1.8e-07,Power value not found in log
3421,1.0999999999999999,1e-15,4e-10,0,1.8e-07,Power value not found in log
3422,1.0999999999999999,1e-15,4e-10,0,3.6e-07,Power value not found in log
3423,1.0999999999999999,1e-15,4e-10,25,1.8e-07,Power value not found in log
3424,1.0999999999999999,1e-15,4e-10,25,3.6e-07,Power value not found in log
3425,1.0999999999999999,1e-15,4e-10,75,1.8e-07,Power value not found in log
3426,1.0999999999999999,1e-15,4e-10,75,3.6e-07,Power value not found in log
3427,1.0999999999999999,1e-15,4e-10,100,1.8e-07,Power value not found in log
3428,1.0999999999999999,1e-15,4e-10,100,3.6e-07,Power value not found in log
3430,1.0999999999999999,1e-15,4e-10,125,3.6e-07,Power value not found in log
3431,1.0999999999999999,5.454545454545455e-15,1e-11,-40,1.8e-07,Power value not found in log
3432,1.0999999999999999,5.454545454545455e-15,1e-11,-40,3.6e-07,Power value not found in log
3433,1.0999999999999999,5.454545454545455e-15,1e-11,-25,1.8e-07,Power value not found in log
3435,1.0999999999999999,5.454545454545455e-15,1e-11,0,1.8e-07,Power value not found in log
3436,1.0999999999999999,5.454545454545455e-15,1e-11,0,3.6e-07,Power value not found in log
3437,1.0999999999999999,5.454545454545455e-15,1e-11,25,1.8e-07,Power value not found in log
3438,1.0999999999999999,5.454545454545455e-15,1e-11,25,3.6e-07,Power value not found in log
3440,1.0999999999999999,5.454545454545455e-15,1e-11,75,3.6e-07,Power value not found in log
3441,1.0999999999999999,5.454545454545455e-15,1e-11,100,1.8e-07,Power value not found in log
3442,1.0999999999999999,5.454545454545455e-15,1e-11,100,3.6e-07,Power value not found in log
3443,1.0999999999999999,5.454545454545455e-15,1e-11,125,1.8e-07,Power value not found in log
3445,1.0999999999999999,5.454545454545455e-15,5e-11,-40,1.8e-07,Power value not found in log
3446,1.0999999999999999,5.454545454545455e-15,5e-11,-40,3.6e-07,Power value not found in log
3447,1.0999999999999999,5.454545454545455e-15,5e-11,-25,1.8e-07,Power value not found in log
3448,1.0999999999999999,5.454545454545455e-15,5e-11,-25,3.6e-07,Power value not found in log
3450,1.0999999999999999,5.454545454545455e-15,5e-11,0,3.6e-07,Power value not found in log
3451,1.0999999999999999,5.454545454545455e-15,5e-11,25,1.8e-07,Power value not found in log
3452,1.0999999999999999,5.454545454545455e-15,5e-11,25,3.6e-07,Power value not found in log
3456,1.0999999999999999,5.454545454545455e-15,5e-11,100,3.6e-07,Power value not found in log
3458,1.0999999999999999,5.454545454545455e-15,5e-11,125,3.6e-07,Power value not found in log
3460,1.0999999999999999,5.454545454545455e-15,1e-10,-40,3.6e-07,Power value not found in log
3461,1.0999999999999999,5.454545454545455e-15,1e-10,-25,1.8e-07,Power value not found in log
3462,1.0999999999999999,5.454545454545455e-15,1e-10,-25,3.6e-07,Power value not found in log
3463,1.0999999999999999,5.454545454545455e-15,1e-10,0,1.8e-07,Power value not found in log
3464,1.0999999999999999,5.454545454545455e-15,1e-10,0,3.6e-07,Power value not found in log
3465,1.0999999999999999,5.454545454545455e-15,1e-10,25,1.8e-07,Power value not found in log
3466,1.0999999999999999,5.454545454545455e-15,1e-10,25,3.6e-07,Power value not found in log
3468,1.0999999999999999,5.454545454545455e-15,1e-10,75,3.6e-07,Power value not found in log
3469,1.0999999999999999,5.454545454545455e-15,1e-10,100,1.8e-07,Power value not found in log
3471,1.0999999999999999,5.454545454545455e-15,1e-10,125,1.8e-07,Power value not found in log
3473,1.0999999999999999,5.454545454545455e-15,2e-10,-40,1.8e-07,Power value not found in log
3474,1.0999999999999999,5.454545454545455e-15,2e-10,-40,3.6e-07,Power value not found in log
3475,1.0999999999999999,5.454545454545455e-15,2e-10,-25,1.8e-07,Power value not found in log
3476,1.0999999999999999,5.454545454545455e-15,2e-10,-25,3.6e-07,Power value not found in log
3477,1.0999999999999999,5.454545454545455e-15,2e-10,0,1.8e-07,Power value not found in log
3478,1.0999999999999999,5.454545454545455e-15,2e-10,0,3.6e-07,Power value not found in log
3479,1.0999999999999999,5.454545454545455e-15,2e-10,25,1.8e-07,Power value not found in log
3480,1.0999999999999999,5.454545454545455e-15,2e-10,25,3.6e-07,Power value not found in log
3482,1.0999999999999999,5.454545454545455e-15,2e-10,75,3.6e-07,Power value not found in log
3483,1.0999999999999999,5.454545454545455e-15,2e-10,100,1.8e-07,Power value not found in log
3484,1.0999999999999999,5.454545454545455e-15,2e-10,100,3.6e-07,Power value not found in log
3485,1.0999999999999999,5.454545454545455e-15,2e-10,125,1.8e-07,Power value not found in log
3487,1.0999999999999999,5.454545454545455e-15,4e-10,-40,1.8e-07,Power value not found in log
3489,1.0999999999999999,5.454545454545455e-15,4e-10,-25,1.8e-07,Power value not found in log
3491,1.0999999999999999,5.454545454545455e-15,4e-10,0,1.8e-07,Power value not found in log
3492,1.0999999999999999,5.454545454545455e-15,4e-10,0,3.6e-07,Power value not found in log
3493,1.0999999999999999,5.454545454545455e-15,4e-10,25,1.8e-07,Power value not found in log
3494,1.0999999999999999,5.454545454545455e-15,4e-10,25,3.6e-07,Power value not found in log
3495,1.0999999999999999,5.454545454545455e-15,4e-10,75,1.8e-07,Power value not found in log
3496,1.0999999999999999,5.454545454545455e-15,4e-10,75,3.6e-07,Power value not found in log
3497,1.0999999999999999,5.454545454545455e-15,4e-10,100,1.8e-07,Power value not found in log
3498,1.0999999999999999,5.454545454545455e-15,4e-10,100,3.6e-07,Power value not found in log
3499,1.0999999999999999,5.454545454545455e-15,4e-10,125,1.8e-07,Power value not found in log
3500,1.0999999999999999,5.454545454545455e-15,4e-10,125,3.6e-07,Power value not found in log
3501,1.0999999999999999,9.909090909090909e-15,1e-11,-40,1.8e-07,Power value not found in log
3503,1.0999999999999999,9.909090909090909e-15,1e-11,-25,1.8e-07,Power value not found in log
3504,1.0999999999999999,9.909090909090909e-15,1e-11,-25,3.6e-07,Power value not found in log
3506,1.0999999999999999,9.909090909090909e-15,1e-11,0,3.6e-07,Power value not found in log
3507,1.0999999999999999,9.909090909090909e-15,1e-11,25,1.8e-07,Power value not found in log
3510,1.0999999999999999,9.909090909090909e-15,1e-11,75,3.6e-07,Power value not found in log
3512,1.0999999999999999,9.909090909090909e-15,1e-11,100,3.6e-07,Power value not found in log
3513,1.0999999999999999,9.909090909090909e-15,1e-11,125,1.8e-07,Power value not found in log
3514,1.0999999999999999,9.909090909090909e-15,1e-11,125,3.6e-07,Power value not found in log
3516,1.0999999999999999,9.909090909090909e-15,5e-11,-40,3.6e-07,Power value not found in log
3517,1.0999999999999999,9.909090909090909e-15,5e-11,-25,1.8e-07,Power value not found in log
3519,1.0999999999999999,9.909090909090909e-15,5e-11,0,1.8e-07,Power value not found in log
3520,1.0999999999999999,9.909090909090909e-15,5e-11,0,3.6e-07,Power value not found in log
3521,1.0999999999999999,9.909090909090909e-15,5e-11,25,1.8e-07,Power value not found in log
3522,1.0999999999999999,9.909090909090909e-15,5e-11,25,3.6e-07,Power value not found in log
3523,1.0999999999999999,9.909090909090909e-15,5e-11,75,1.8e-07,Power value not found in log
3524,1.0999999999999999,9.909090909090909e-15,5e-11,75,3.6e-07,Power value not found in log
3525,1.0999999999999999,9.909090909090909e-15,5e-11,100,1.8e-07,Power value not found in log
3527,1.0999999999999999,9.909090909090909e-15,5e-11,125,1.8e-07,Power value not found in log
3529,1.0999999999999999,9.909090909090909e-15,1e-10,-40,1.8e-07,Power value not found in log
3530,1.0999999999999999,9.909090909090909e-15,1e-10,-40,3.6e-07,Power value not found in log
3531,1.0999999999999999,9.909090909090909e-15,1e-10,-25,1.8e-07,Power value not found in log
3532,1.0999999999999999,9.909090909090909e-15,1e-10,-25,3.6e-07,Power value not found in log
3533,1.0999999999999999,9.909090909090909e-15,1e-10,0,1.8e-07,Power value not found in log
3534,1.0999999999999999,9.909090909090909e-15,1e-10,0,3.6e-07,Power value not found in log
3535,1.0999999999999999,9.909090909090909e-15,1e-10,25,1.8e-07,Power value not found in log
3538,1.0999999999999999,9.909090909090909e-15,1e-10,75,3.6e-07,Power value not found in log
3540,1.0999999999999999,9.909090909090909e-15,1e-10,100,3.6e-07,Power value not found in log
3541,1.0999999999999999,9.909090909090909e-15,1e-10,125,1.8e-07,Power value not found in log
3542,1.0999999999999999,9.909090909090909e-15,1e-10,125,3.6e-07,Power value not found in log
3543,1.0999999999999999,9.909090909090909e-15,2e-10,-40,1.8e-07,Power value not found in log
3544,1.0999999999999999,9.909090909090909e-15,2e-10,-40,3.6e-07,Power value not found in log
3545,1.0999999999999999,9.909090909090909e-15,2e-10,-25,1.8e-07,Power value not found in log
3546,1.0999999999999999,9.909090909090909e-15,2e-10,-25,3.6e-07,Power value not found in log
3547,1.0999999999999999,9.909090909090909e-15,2e-10,0,1.8e-07,Power value not found in log
3548,1.0999999999999999,9.909090909090909e-15,2e-10,0,3.6e-07,Power value not found in log
3549,1.0999999999999999,9.909090909090909e-15,2e-10,25,1.8e-07,Power value not found in log
3550,1.0999999999999999,9.909090909090909e-15,2e-10,25,3.6e-07,Power value not found in log
3551,1.0999999999999999,9.909090909090909e-15,2e-10,75,1.8e-07,Power value not found in log
3552,1.0999999999999999,9.909090909090909e-15,2e-10,75,3.6e-07,Power value not found in log
3553,1.0999999999999999,9.909090909090909e-15,2e-10,100,1.8e-07,Power value not found in log
3554,1.0999999999999999,9.909090909090909e-15,2e-10,100,3.6e-07,Power value not found in log
3557,1.0999999999999999,9.909090909090909e-15,4e-10,-40,1.8e-07,Power value not found in log
3558,1.0999999999999999,9.909090909090909e-15,4e-10,-40,3.6e-07,Power value not found in log
3559,1.0999999999999999,9.909090909090909e-15,4e-10,-25,1.8e-07,Power value not found in log
3560,1.0999999999999999,9.909090909090909e-15,4e-10,-25,3.6e-07,Power value not found in log
3561,1.0999999999999999,9.909090909090909e-15,4e-10,0,1.8e-07,Power value not found in log
3562,1.0999999999999999,9.909090909090909e-15,4e-10,0,3.6e-07,Power value not found in log
3563,1.0999999999999999,9.909090909090909e-15,4e-10,25,1.8e-07,Power value not found in log
3564,1.0999999999999999,9.909090909090909e-15,4e-10,25,3.6e-07,Power value not found in log
3565,1.0999999999999999,9.909090909090909e-15,4e-10,75,1.8e-07,Power value not found in log
3567,1.0999999999999999,9.909090909090909e-15,4e-10,100,1.8e-07,Power value not found in log
3568,1.0999999999999999,9.909090909090909e-15,4e-10,100,3.6e-07,Power value not found in log
3569,1.0999999999999999,9.909090909090909e-15,4e-10,125,1.8e-07,Power value not found in log
3570,1.0999999999999999,9.909090909090909e-15,4e-10,125,3.6e-07,Power value not found in log
3572,1.0999999999999999,1.436363636363636e-14,1e-11,-40,3.6e-07,Power value not found in log
3573,1.0999999999999999,1.436363636363636e-14,1e-11,-25,1.8e-07,Power value not found in log
3574,1.0999999999999999,1.436363636363636e-14,1e-11,-25,3.6e-07,Power value not found in log
3576,1.0999999999999999,1.436363636363636e-14,1e-11,0,3.6e-07,Power value not found in log
3578,1.0999999999999999,1.436363636363636e-14,1e-11,25,3.6e-07,Power value not found in log
3579,1.0999999999999999,1.436363636363636e-14,1e-11,75,1.8e-07,Power value not found in log
3580,1.0999999999999999,1.436363636363636e-14,1e-11,75,3.6e-07,Power value not found in log
3581,1.0999999999999999,1.436363636363636e-14,1e-11,100,1.8e-07,Power value not found in log
3582,1.0999999999999999,1.436363636363636e-14,1e-11,100,3.6e-07,Power value not found in log
3585,1.0999999999999999,1.436363636363636e-14,5e-11,-40,1.8e-07,Power value not found in log
3587,1.0999999999999999,1.436363636363636e-14,5e-11,-25,1.8e-07,Power value not found in log
3588,1.0999999999999999,1.436363636363636e-14,5e-11,-25,3.6e-07,Power value not found in log
3590,1.0999999999999999,1.436363636363636e-14,5e-11,0,3.6e-07,Power value not found in log
3591,1.0999999999999999,1.436363636363636e-14,5e-11,25,1.8e-07,Power value not found in log
3592,1.0999999999999999,1.436363636363636e-14,5e-11,25,3.6e-07,Power value not found in log
3593,1.0999999999999999,1.436363636363636e-14,5e-11,75,1.8e-07,Power value not found in log
3594,1.0999999999999999,1.436363636363636e-14,5e-11,75,3.6e-07,Power value not found in log
3595,1.0999999999999999,1.436363636363636e-14,5e-11,100,1.8e-07,Power value not found in log
3596,1.0999999999999999,1.436363636363636e-14,5e-11,100,3.6e-07,Power value not found in log
3597,1.0999999999999999,1.436363636363636e-14,5e-11,125,1.8e-07,Power value not found in log
3598,1.0999999999999999,1.436363636363636e-14,5e-11,125,3.6e-07,Power value not found in log
3599,1.0999999999999999,1.436363636363636e-14,1e-10,-40,1.8e-07,Power value not found in log
3600,1.0999999999999999,1.436363636363636e-14,1e-10,-40,3.6e-07,Power value not found in log
3601,1.0999999999999999,1.436363636363636e-14,1e-10,-25,1.8e-07,Power value not found in log
3602,1.0999999999999999,1.436363636363636e-14,1e-10,-25,3.6e-07,Power value not found in log
3604,1.0999999999999999,1.436363636363636e-14,1e-10,0,3.6e-07,Power value not found in log
3605,1.0999999999999999,1.436363636363636e-14,1e-10,25,1.8e-07,Power value not found in log
3606,1.0999999999999999,1.436363636363636e-14,1e-10,25,3.6e-07,Power value not found in log
3608,1.0999999999999999,1.436363636363636e-14,1e-10,75,3.6e-07,Power value not found in log
3610,1.0999999999999999,1.436363636363636e-14,1e-10,100,3.6e-07,Power value not found in log
3611,1.0999999999999999,1.436363636363636e-14,1e-10,125,1.8e-07,Power value not found in log
3612,1.0999999999999999,1.436363636363636e-14,1e-10,125,3.6e-07,Power value not found in log
3613,1.0999999999999999,1.436363636363636e-14,2e-10,-40,1.8e-07,Power value not found in log
3614,1.0999999999999999,1.436363636363636e-14,2e-10,-40,3.6e-07,Power value not found in log
3615,1.0999999999999999,1.436363636363636e-14,2e-10,-25,1.8e-07,Power value not found in log
3616,1.0999999999999999,1.436363636363636e-14,2e-10,-25,3.6e-07,Power value not found in log
3619,1.0999999999999999,1.436363636363636e-14,2e-10,25,1.8e-07,Power value not found in log
3620,1.0999999999999999,1.436363636363636e-14,2e-10,25,3.6e-07,Power value not found in log
3621,1.0999999999999999,1.436363636363636e-14,2e-10,75,1.8e-07,Power value not found in log
3622,1.0999999999999999,1.436363636363636e-14,2e-10,75,3.6e-07,Power value not found in log
3623,1.0999999999999999,1.436363636363636e-14,2e-10,100,1.8e-07,Power value not found in log
3625,1.0999999999999999,1.436363636363636e-14,2e-10,125,1.8e-07,Power value not found in log
3626,1.0999999999999999,1.436363636363636e-14,2e-10,125,3.6e-07,Power value not found in log
3627,1.0999999999999999,1.436363636363636e-14,4e-10,-40,1.8e-07,Power value not found in log
3628,1.0999999999999999,1.436363636363636e-14,4e-10,-40,3.6e-07,Power value not found in log
3632,1.0999999999999999,1.436363636363636e-14,4e-10,0,3.6e-07,Power value not found in log
3633,1.0999999999999999,1.436363636363636e-14,4e-10,25,1.8e-07,Power value not found in log
3634,1.0999999999999999,1.436363636363636e-14,4e-10,25,3.6e-07,Power value not found in log
3635,1.0999999999999999,1.436363636363636e-14,4e-10,75,1.8e-07,Power value not found in log
3636,1.0999999999999999,1.436363636363636e-14,4e-10,75,3.6e-07,Power value not found in log
3637,1.0999999999999999,1.436363636363636e-14,4e-10,100,1.8e-07,Power value not found in log
3638,1.0999999999999999,1.436363636363636e-14,4e-10,100,3.6e-07,Power value not found in log
3639,1.0999999999999999,1.436363636363636e-14,4e-10,125,1.8e-07,Power value not found in log
3640,1.0999999999999999,1.436363636363636e-14,4e-10,125,3.6e-07,Power value not found in log
3641,1.0999999999999999,1.8818181818181816e-14,1e-11,-40,1.8e-07,Power value not found in log
3642,1.0999999999999999,1.8818181818181816e-14,1e-11,-40,3.6e-07,Power value not found in log
3644,1.0999999999999999,1.8818181818181816e-14,1e-11,-25,3.6e-07,Power value not found in log
3645,1.0999999999999999,1.8818181818181816e-14,1e-11,0,1.8e-07,Power value not found in log
3647,1.0999999999999999,1.8818181818181816e-14,1e-11,25,1.8e-07,Power value not found in log
3648,1.0999999999999999,1.8818181818181816e-14,1e-11,25,3.6e-07,Power value not found in log
3649,1.0999999999999999,1.8818181818181816e-14,1e-11,75,1.8e-07,Power value not found in log
3650,1.0999999999999999,1.8818181818181816e-14,1e-11,75,3.6e-07,Power value not found in log
3652,1.0999999999999999,1.8818181818181816e-14,1e-11,100,3.6e-07,Power value not found in log
3654,1.0999999999999999,1.8818181818181816e-14,1e-11,125,3.6e-07,Power value not found in log
3655,1.0999999999999999,1.8818181818181816e-14,5e-11,-40,1.8e-07,Power value not found in log
3656,1.0999999999999999,1.8818181818181816e-14,5e-11,-40,3.6e-07,Power value not found in log
3657,1.0999999999999999,1.8818181818181816e-14,5e-11,-25,1.8e-07,Power value not found in log
3658,1.0999999999999999,1.8818181818181816e-14,5e-11,-25,3.6e-07,Power value not found in log
3659,1.0999999999999999,1.8818181818181816e-14,5e-11,0,1.8e-07,Power value not found in log
3660,1.0999999999999999,1.8818181818181816e-14,5e-11,0,3.6e-07,Power value not found in log
3661,1.0999999999999999,1.8818181818181816e-14,5e-11,25,1.8e-07,Power value not found in log
3662,1.0999999999999999,1.8818181818181816e-14,5e-11,25,3.6e-07,Power value not found in log
3663,1.0999999999999999,1.8818181818181816e-14,5e-11,75,1.8e-07,Power value not found in log
3664,1.0999999999999999,1.8818181818181816e-14,5e-11,75,3.6e-07,Power value not found in log
3665,1.0999999999999999,1.8818181818181816e-14,5e-11,100,1.8e-07,Power value not found in log
3667,1.0999999999999999,1.8818181818181816e-14,5e-11,125,1.8e-07,Power value not found in log
3668,1.0999999999999999,1.8818181818181816e-14,5e-11,125,3.6e-07,Power value not found in log
3669,1.0999999999999999,1.8818181818181816e-14,1e-10,-40,1.8e-07,Power value not found in log
3670,1.0999999999999999,1.8818181818181816e-14,1e-10,-40,3.6e-07,Power value not found in log
3671,1.0999999999999999,1.8818181818181816e-14,1e-10,-25,1.8e-07,Power value not found in log
3673,1.0999999999999999,1.8818181818181816e-14,1e-10,0,1.8e-07,Power value not found in log
3674,1.0999999999999999,1.8818181818181816e-14,1e-10,0,3.6e-07,Power value not found in log
3675,1.0999999999999999,1.8818181818181816e-14,1e-10,25,1.8e-07,Power value not found in log
3676,1.0999999999999999,1.8818181818181816e-14,1e-10,25,3.6e-07,Power value not found in log
3677,1.0999999999999999,1.8818181818181816e-14,1e-10,75,1.8e-07,Power value not found in log
3678,1.0999999999999999,1.8818181818181816e-14,1e-10,75,3.6e-07,Power value not found in log
3679,1.0999999999999999,1.8818181818181816e-14,1e-10,100,1.8e-07,Power value not found in log
3680,1.0999999999999999,1.8818181818181816e-14,1e-10,100,3.6e-07,Power value not found in log
3681,1.0999999999999999,1.8818181818181816e-14,1e-10,125,1.8e-07,Power value not found in log
3682,1.0999999999999999,1.8818181818181816e-14,1e-10,125,3.6e-07,Power value not found in log
3683,1.0999999999999999,1.8818181818181816e-14,2e-10,-40,1.8e-07,Power value not found in log
3685,1.0999999999999999,1.8818181818181816e-14,2e-10,-25,1.8e-07,Power value not found in log
3686,1.0999999999999999,1.8818181818181816e-14,2e-10,-25,3.6e-07,Power value not found in log
3687,1.0999999999999999,1.8818181818181816e-14,2e-10,0,1.8e-07,Power value not found in log
3688,1.0999999999999999,1.8818181818181816e-14,2e-10,0,3.6e-07,Power value not found in log
3689,1.0999999999999999,1.8818181818181816e-14,2e-10,25,1.8e-07,Power value not found in log
3690,1.0999999999999999,1.8818181818181816e-14,2e-10,25,3.6e-07,Power value not found in log
3691,1.0999999999999999,1.8818181818181816e-14,2e-10,75,1.8e-07,Power value not found in log
3692,1.0999999999999999,1.8818181818181816e-14,2e-10,75,3.6e-07,Power value not found in log
3693,1.0999999999999999,1.8818181818181816e-14,2e-10,100,1.8e-07,Power value not found in log
3695,1.0999999999999999,1.8818181818181816e-14,2e-10,125,1.8e-07,Power value not found in log
3696,1.0999999999999999,1.8818181818181816e-14,2e-10,125,3.6e-07,Power value not found in log
3697,1.0999999999999999,1.8818181818181816e-14,4e-10,-40,1.8e-07,Power value not found in log
3698,1.0999999999999999,1.8818181818181816e-14,4e-10,-40,3.6e-07,Power value not found in log
3699,1.0999999999999999,1.8818181818181816e-14,4e-10,-25,1.8e-07,Power value not found in log
3700,1.0999999999999999,1.8818181818181816e-14,4e-10,-25,3.6e-07,Power value not found in log
3701,1.0999999999999999,1.8818181818181816e-14,4e-10,0,1.8e-07,Power value not found in log
3702,1.0999999999999999,1.8818181818181816e-14,4e-10,0,3.6e-07,Power value not found in log
3703,1.0999999999999999,1.8818181818181816e-14,4e-10,25,1.8e-07,Power value not found in log
3704,1.0999999999999999,1.8818181818181816e-14,4e-10,25,3.6e-07,Power value not found in log
3705,1.0999999999999999,1.8818181818181816e-14,4e-10,75,1.8e-07,Power value not found in log
3706,1.0999999999999999,1.8818181818181816e-14,4e-10,75,3.6e-07,Power value not found in log
3707,1.0999999999999999,1.8818181818181816e-14,4e-10,100,1.8e-07,Power value not found in log
3708,1.0999999999999999,1.8818181818181816e-14,4e-10,100,3.6e-07,Power value not found in log
3709,1.0999999999999999,1.8818181818181816e-14,4e-10,125,1.8e-07,Power value not found in log
3710,1.0999999999999999,1.8818181818181816e-14,4e-10,125,3.6e-07,Power value not found in log
3711,1.0999999999999999,2.327272727272727e-14,1e-11,-40,1.8e-07,Power value not found in log
3712,1.0999999999999999,2.327272727272727e-14,1e-11,-40,3.6e-07,Power value not found in log
3713,1.0999999999999999,2.327272727272727e-14,1e-11,-25,1.8e-07,Power value not found in log
3714,1.0999999999999999,2.327272727272727e-14,1e-11,-25,3.6e-07,Power value not found in log
3715,1.0999999999999999,2.327272727272727e-14,1e-11,0,1.8e-07,Power value not found in log
3716,1.0999999999999999,2.327272727272727e-14,1e-11,0,3.6e-07,Power value not found in log
3717,1.0999999999999999,2.327272727272727e-14,1e-11,25,1.8e-07,Power value not found in log
3718,1.0999999999999999,2.327272727272727e-14,1e-11,25,3.6e-07,Power value not found in log
3719,1.0999999999999999,2.327272727272727e-14,1e-11,75,1.8e-07,Power value not found in log
3720,1.0999999999999999,2.327272727272727e-14,1e-11,75,3.6e-07,Power value not found in log
3722,1.0999999999999999,2.327272727272727e-14,1e-11,100,3.6e-07,Power value not found in log
3723,1.0999999999999999,2.327272727272727e-14,1e-11,125,1.8e-07,Power value not found in log
3724,1.0999999999999999,2.327272727272727e-14,1e-11,125,3.6e-07,Power value not found in log
3725,1.0999999999999999,2.327272727272727e-14,5e-11,-40,1.8e-07,Power value not found in log
3727,1.0999999999999999,2.327272727272727e-14,5e-11,-25,1.8e-07,Power value not found in log
3729,1.0999999999999999,2.327272727272727e-14,5e-11,0,1.8e-07,Power value not found in log
3730,1.0999999999999999,2.327272727272727e-14,5e-11,0,3.6e-07,Power value not found in log
3731,1.0999999999999999,2.327272727272727e-14,5e-11,25,1.8e-07,Power value not found in log
3734,1.0999999999999999,2.327272727272727e-14,5e-11,75,3.6e-07,Power value not found in log
3735,1.0999999999999999,2.327272727272727e-14,5e-11,100,1.8e-07,Power value not found in log
3736,1.0999999999999999,2.327272727272727e-14,5e-11,100,3.6e-07,Power value not found in log
3738,1.0999999999999999,2.327272727272727e-14,5e-11,125,3.6e-07,Power value not found in log
3739,1.0999999999999999,2.327272727272727e-14,1e-10,-40,1.8e-07,Power value not found in log
3740,1.0999999999999999,2.327272727272727e-14,1e-10,-40,3.6e-07,Power value not found in log
3741,1.0999999999999999,2.327272727272727e-14,1e-10,-25,1.8e-07,Power value not found in log
3742,1.0999999999999999,2.327272727272727e-14,1e-10,-25,3.6e-07,Power value not found in log
3744,1.0999999999999999,2.327272727272727e-14,1e-10,0,3.6e-07,Power value not found in log
3746,1.0999999999999999,2.327272727272727e-14,1e-10,25,3.6e-07,Power value not found in log
3748,1.0999999999999999,2.327272727272727e-14,1e-10,75,3.6e-07,Power value not found in log
3749,1.0999999999999999,2.327272727272727e-14,1e-10,100,1.8e-07,Power value not found in log
3750,1.0999999999999999,2.327272727272727e-14,1e-10,100,3.6e-07,Power value not found in log
3752,1.0999999999999999,2.327272727272727e-14,1e-10,125,3.6e-07,Power value not found in log
3754,1.0999999999999999,2.327272727272727e-14,2e-10,-40,3.6e-07,Power value not found in log
3757,1.0999999999999999,2.327272727272727e-14,2e-10,0,1.8e-07,Power value not found in log
3758,1.0999999999999999,2.327272727272727e-14,2e-10,0,3.6e-07,Power value not found in log
3760,1.0999999999999999,2.327272727272727e-14,2e-10,25,3.6e-07,Power value not found in log
3761,1.0999999999999999,2.327272727272727e-14,2e-10,75,1.8e-07,Power value not found in log
3762,1.0999999999999999,2.327272727272727e-14,2e-10,75,3.6e-07,Power value not found in log
3764,1.0999999999999999,2.327272727272727e-14,2e-10,100,3.6e-07,Power value not found in log
3766,1.0999999999999999,2.327272727272727e-14,2e-10,125,3.6e-07,Power value not found in log
3767,1.0999999999999999,2.327272727272727e-14,4e-10,-40,1.8e-07,Power value not found in log
3768,1.0999999999999999,2.327272727272727e-14,4e-10,-40,3.6e-07,Power value not found in log
3770,1.0999999999999999,2.327272727272727e-14,4e-10,-25,3.6e-07,Power value not found in log
3772,1.0999999999999999,2.327272727272727e-14,4e-10,0,3.6e-07,Power value not found in log
3773,1.0999999999999999,2.327272727272727e-14,4e-10,25,1.8e-07,Power value not found in log
3775,1.0999999999999999,2.327272727272727e-14,4e-10,75,1.8e-07,Power value not found in log
3776,1.0999999999999999,2.327272727272727e-14,4e-10,75,3.6e-07,Power value not found in log
3777,1.0999999999999999,2.327272727272727e-14,4e-10,100,1.8e-07,Power value not found in log
3778,1.0999999999999999,2.327272727272727e-14,4e-10,100,3.6e-07,Power value not found in log
3779,1.0999999999999999,2.327272727272727e-14,4e-10,125,1.8e-07,Power value not found in log
3780,1.0999999999999999,2.327272727272727e-14,4e-10,125,3.6e-07,Power value not found in log
3781,1.0999999999999999,2.7727272727272724e-14,1e-11,-40,1.8e-07,Power value not found in log
3782,1.0999999999999999,2.7727272727272724e-14,1e-11,-40,3.6e-07,Power value not found in log
3784,1.0999999999999999,2.7727272727272724e-14,1e-11,-25,3.6e-07,Power value not found in log
3785,1.0999999999999999,2.7727272727272724e-14,1e-11,0,1.8e-07,Power value not found in log
3786,1.0999999999999999,2.7727272727272724e-14,1e-11,0,3.6e-07,Power value not found in log
3787,1.0999999999999999,2.7727272727272724e-14,1e-11,25,1.8e-07,Power value not found in log
3788,1.0999999999999999,2.7727272727272724e-14,1e-11,25,3.6e-07,Power value not found in log
3789,1.0999999999999999,2.7727272727272724e-14,1e-11,75,1.8e-07,Power value not found in log
3790,1.0999999999999999,2.7727272727272724e-14,1e-11,75,3.6e-07,Power value not found in log
3791,1.0999999999999999,2.7727272727272724e-14,1e-11,100,1.8e-07,Power value not found in log
3792,1.0999999999999999,2.7727272727272724e-14,1e-11,100,3.6e-07,Power value not found in log
3793,1.0999999999999999,2.7727272727272724e-14,1e-11,125,1.8e-07,Power value not found in log
3794,1.0999999999999999,2.7727272727272724e-14,1e-11,125,3.6e-07,Power value not found in log
3795,1.0999999999999999,2.7727272727272724e-14,5e-11,-40,1.8e-07,Power value not found in log
3798,1.0999999999999999,2.7727272727272724e-14,5e-11,-25,3.6e-07,Power value not found in log
3801,1.0999999999999999,2.7727272727272724e-14,5e-11,25,1.8e-07,Power value not found in log
3803,1.0999999999999999,2.7727272727272724e-14,5e-11,75,1.8e-07,Power value not found in log
3804,1.0999999999999999,2.7727272727272724e-14,5e-11,75,3.6e-07,Power value not found in log
3805,1.0999999999999999,2.7727272727272724e-14,5e-11,100,1.8e-07,Power value not found in log
3807,1.0999999999999999,2.7727272727272724e-14,5e-11,125,1.8e-07,Power value not found in log
3808,1.0999999999999999,2.7727272727272724e-14,5e-11,125,3.6e-07,Power value not found in log
3809,1.0999999999999999,2.7727272727272724e-14,1e-10,-40,1.8e-07,Power value not found in log
3812,1.0999999999999999,2.7727272727272724e-14,1e-10,-25,3.6e-07,Power value not found in log
3813,1.0999999999999999,2.7727272727272724e-14,1e-10,0,1.8e-07,Power value not found in log
3814,1.0999999999999999,2.7727272727272724e-14,1e-10,0,3.6e-07,Power value not found in log
3815,1.0999999999999999,2.7727272727272724e-14,1e-10,25,1.8e-07,Power value not found in log
3816,1.0999999999999999,2.7727272727272724e-14,1e-10,25,3.6e-07,Power value not found in log
3818,1.0999999999999999,2.7727272727272724e-14,1e-10,75,3.6e-07,Power value not found in log
3819,1.0999999999999999,2.7727272727272724e-14,1e-10,100,1.8e-07,Power value not found in log
3820,1.0999999999999999,2.7727272727272724e-14,1e-10,100,3.6e-07,Power value not found in log
3821,1.0999999999999999,2.7727272727272724e-14,1e-10,125,1.8e-07,Power value not found in log
3822,1.0999999999999999,2.7727272727272724e-14,1e-10,125,3.6e-07,Power value not found in log
3823,1.0999999999999999,2.7727272727272724e-14,2e-10,-40,1.8e-07,Power value not found in log
3825,1.0999999999999999,2.7727272727272724e-14,2e-10,-25,1.8e-07,Power value not found in log
3826,1.0999999999999999,2.7727272727272724e-14,2e-10,-25,3.6e-07,Power value not found in log
3827,1.0999999999999999,2.7727272727272724e-14,2e-10,0,1.8e-07,Power value not found in log
3828,1.0999999999999999,2.7727272727272724e-14,2e-10,0,3.6e-07,Power value not found in log
3829,1.0999999999999999,2.7727272727272724e-14,2e-10,25,1.8e-07,Power value not found in log
3830,1.0999999999999999,2.7727272727272724e-14,2e-10,25,3.6e-07,Power value not found in log
3831,1.0999999999999999,2.7727272727272724e-14,2e-10,75,1.8e-07,Power value not found in log
3832,1.0999999999999999,2.7727272727272724e-14,2e-10,75,3.6e-07,Power value not found in log
3833,1.0999999999999999,2.7727272727272724e-14,2e-10,100,1.8e-07,Power value not found in log
3834,1.0999999999999999,2.7727272727272724e-14,2e-10,100,3.6e-07,Power value not found in log
3835,1.0999999999999999,2.7727272727272724e-14,2e-10,125,1.8e-07,Power value not found in log
3836,1.0999999999999999,2.7727272727272724e-14,2e-10,125,3.6e-07,Power value not found in log
3837,1.0999999999999999,2.7727272727272724e-14,4e-10,-40,1.8e-07,Power value not found in log
3839,1.0999999999999999,2.7727272727272724e-14,4e-10,-25,1.8e-07,Power value not found in log
3840,1.0999999999999999,2.7727272727272724e-14,4e-10,-25,3.6e-07,Power value not found in log
3841,1.0999999999999999,2.7727272727272724e-14,4e-10,0,1.8e-07,Power value not found in log
3843,1.0999999999999999,2.7727272727272724e-14,4e-10,25,1.8e-07,Power value not found in log
3845,1.0999999999999999,2.7727272727272724e-14,4e-10,75,1.8e-07,Power value not found in log
3846,1.0999999999999999,2.7727272727272724e-14,4e-10,75,3.6e-07,Power value not found in log
3847,1.0999999999999999,2.7727272727272724e-14,4e-10,100,1.8e-07,Power value not found in log
3848,1.0999999999999999,2.7727272727272724e-14,4e-10,100,3.6e-07,Power value not found in log
3849,1.0999999999999999,2.7727272727272724e-14,4e-10,125,1.8e-07,Power value not found in log
3850,1.0999999999999999,2.7727272727272724e-14,4e-10,125,3.6e-07,Power value not found in log
3851,1.0999999999999999,3.218181818181818e-14,1e-11,-40,1.8e-07,Power value not found in log
3852,1.0999999999999999,3.218181818181818e-14,1e-11,-40,3.6e-07,Power value not found in log
3853,1.0999999999999999,3.218181818181818e-14,1e-11,-25,1.8e-07,Power value not found in log
3854,1.0999999999999999,3.218181818181818e-14,1e-11,-25,3.6e-07,Power value not found in log
3856,1.0999999999999999,3.218181818181818e-14,1e-11,0,3.6e-07,Power value not found in log
3857,1.0999999999999999,3.218181818181818e-14,1e-11,25,1.8e-07,Power value not found in log
3858,1.0999999999999999,3.218181818181818e-14,1e-11,25,3.6e-07,Power value not found in log
3859,1.0999999999999999,3.218181818181818e-14,1e-11,75,1.8e-07,Power value not found in log
3860,1.0999999999999999,3.218181818181818e-14,1e-11,75,3.6e-07,Power value not found in log
3862,1.0999999999999999,3.218181818181818e-14,1e-11,100,3.6e-07,Power value not found in log
3863,1.0999999999999999,3.218181818181818e-14,1e-11,125,1.8e-07,Power value not found in log
3865,1.0999999999999999,3.218181818181818e-14,5e-11,-40,1.8e-07,Power value not found in log
3866,1.0999999999999999,3.218181818181818e-14,5e-11,-40,3.6e-07,Power value not found in log
3868,1.0999999999999999,3.218181818181818e-14,5e-11,-25,3.6e-07,Power value not found in log
3869,1.0999999999999999,3.218181818181818e-14,5e-11,0,1.8e-07,Power value not found in log
3871,1.0999999999999999,3.218181818181818e-14,5e-11,25,1.8e-07,Power value not found in log
3873,1.0999999999999999,3.218181818181818e-14,5e-11,75,1.8e-07,Power value not found in log
3874,1.0999999999999999,3.218181818181818e-14,5e-11,75,3.6e-07,Power value not found in log
3875,1.0999999999999999,3.218181818181818e-14,5e-11,100,1.8e-07,Power value not found in log
3876,1.0999999999999999,3.218181818181818e-14,5e-11,100,3.6e-07,Power value not found in log
3877,1.0999999999999999,3.218181818181818e-14,5e-11,125,1.8e-07,Power value not found in log
3878,1.0999999999999999,3.218181818181818e-14,5e-11,125,3.6e-07,Power value not found in log
3879,1.0999999999999999,3.218181818181818e-14,1e-10,-40,1.8e-07,Power value not found in log
3881,1.0999999999999999,3.218181818181818e-14,1e-10,-25,1.8e-07,Power value not found in log
3882,1.0999999999999999,3.218181818181818e-14,1e-10,-25,3.6e-07,Power value not found in log
3884,1.0999999999999999,3.218181818181818e-14,1e-10,0,3.6e-07,Power value not found in log
3885,1.0999999999999999,3.218181818181818e-14,1e-10,25,1.8e-07,Power value not found in log
3886,1.0999999999999999,3.218181818181818e-14,1e-10,25,3.6e-07,Power value not found in log
3887,1.0999999999999999,3.218181818181818e-14,1e-10,75,1.8e-07,Power value not found in log
3889,1.0999999999999999,3.218181818181818e-14,1e-10,100,1.8e-07,Power value not found in log
3891,1.0999999999999999,3.218181818181818e-14,1e-10,125,1.8e-07,Power value not found in log
3892,1.0999999999999999,3.218181818181818e-14,1e-10,125,3.6e-07,Power value not found in log
3893,1.0999999999999999,3.218181818181818e-14,2e-10,-40,1.8e-07,Power value not found in log
3895,1.0999999999999999,3.218181818181818e-14,2e-10,-25,1.8e-07,Power value not found in log
3896,1.0999999999999999,3.218181818181818e-14,2e-10,-25,3.6e-07,Power value not found in log
3897,1.0999999999999999,3.218181818181818e-14,2e-10,0,1.8e-07,Power value not found in log
3898,1.0999999999999999,3.218181818181818e-14,2e-10,0,3.6e-07,Power value not found in log
3899,1.0999999999999999,3.218181818181818e-14,2e-10,25,1.8e-07,Power value not found in log
3900,1.0999999999999999,3.218181818181818e-14,2e-10,25,3.6e-07,Power value not found in log
3901,1.0999999999999999,3.218181818181818e-14,2e-10,75,1.8e-07,Power value not found in log
3902,1.0999999999999999,3.218181818181818e-14,2e-10,75,3.6e-07,Power value not found in log
3903,1.0999999999999999,3.218181818181818e-14,2e-10,100,1.8e-07,Power value not found in log
3904,1.0999999999999999,3.218181818181818e-14,2e-10,100,3.6e-07,Power value not found in log
3905,1.0999999999999999,3.218181818181818e-14,2e-10,125,1.8e-07,Power value not found in log
3908,1.0999999999999999,3.218181818181818e-14,4e-10,-40,3.6e-07,Power value not found in log
3909,1.0999999999999999,3.218181818181818e-14,4e-10,-25,1.8e-07,Power value not found in log
3910,1.0999999999999999,3.218181818181818e-14,4e-10,-25,3.6e-07,Power value not found in log
3911,1.0999999999999999,3.218181818181818e-14,4e-10,0,1.8e-07,Power value not found in log
3912,1.0999999999999999,3.218181818181818e-14,4e-10,0,3.6e-07,Power value not found in log
3913,1.0999999999999999,3.218181818181818e-14,4e-10,25,1.8e-07,Power value not found in log
3914,1.0999999999999999,3.218181818181818e-14,4e-10,25,3.6e-07,Power value not found in log
3916,1.0999999999999999,3.218181818181818e-14,4e-10,75,3.6e-07,Power value not found in log
3917,1.0999999999999999,3.218181818181818e-14,4e-10,100,1.8e-07,Power value not found in log
3918,1.0999999999999999,3.218181818181818e-14,4e-10,100,3.6e-07,Power value not found in log
3919,1.0999999999999999,3.218181818181818e-14,4e-10,125,1.8e-07,Power value not found in log
3921,1.0999999999999999,3.6636363636363636e-14,1e-11,-40,1.8e-07,Power value not found in log
3922,1.0999999999999999,3.6636363636363636e-14,1e-11,-40,3.6e-07,Power value not found in log
3923,1.0999999999999999,3.6636363636363636e-14,1e-11,-25,1.8e-07,Power value not found in log
3924,1.0999999999999999,3.6636363636363636e-14,1e-11,-25,3.6e-07,Power value not found in log
3925,1.0999999999999999,3.6636363636363636e-14,1e-11,0,1.8e-07,Power value not found in log
3926,1.0999999999999999,3.6636363636363636e-14,1e-11,0,3.6e-07,Power value not found in log
3928,1.0999999999999999,3.6636363636363636e-14,1e-11,25,3.6e-07,Power value not found in log
3929,1.0999999999999999,3.6636363636363636e-14,1e-11,75,1.8e-07,Power value not found in log
3931,1.0999999999999999,3.6636363636363636e-14,1e-11,100,1.8e-07,Power value not found in log
3932,1.0999999999999999,3.6636363636363636e-14,1e-11,100,3.6e-07,Power value not found in log
3933,1.0999999999999999,3.6636363636363636e-14,1e-11,125,1.8e-07,Power value not found in log
3934,1.0999999999999999,3.6636363636363636e-14,1e-11,125,3.6e-07,Power value not found in log
3935,1.0999999999999999,3.6636363636363636e-14,5e-11,-40,1.8e-07,Power value not found in log
3936,1.0999999999999999,3.6636363636363636e-14,5e-11,-40,3.6e-07,Power value not found in log
3937,1.0999999999999999,3.6636363636363636e-14,5e-11,-25,1.8e-07,Power value not found in log
3938,1.0999999999999999,3.6636363636363636e-14,5e-11,-25,3.6e-07,Power value not found in log
3940,1.0999999999999999,3.6636363636363636e-14,5e-11,0,3.6e-07,Power value not found in log
3941,1.0999999999999999,3.6636363636363636e-14,5e-11,25,1.8e-07,Power value not found in log
3942,1.0999999999999999,3.6636363636363636e-14,5e-11,25,3.6e-07,Power value not found in log
3943,1.0999999999999999,3.6636363636363636e-14,5e-11,75,1.8e-07,Power value not found in log
3944,1.0999999999999999,3.6636363636363636e-14,5e-11,75,3.6e-07,Power value not found in log
3945,1.0999999999999999,3.6636363636363636e-14,5e-11,100,1.8e-07,Power value not found in log
3946,1.0999999999999999,3.6636363636363636e-14,5e-11,100,3.6e-07,Power value not found in log
3947,1.0999999999999999,3.6636363636363636e-14,5e-11,125,1.8e-07,Power value not found in log
3949,1.0999999999999999,3.6636363636363636e-14,1e-10,-40,1.8e-07,Power value not found in log
3951,1.0999999999999999,3.6636363636363636e-14,1e-10,-25,1.8e-07,Power value not found in log
3952,1.0999999999999999,3.6636363636363636e-14,1e-10,-25,3.6e-07,Power value not found in log
3953,1.0999999999999999,3.6636363636363636e-14,1e-10,0,1.8e-07,Power value not found in log
3954,1.0999999999999999,3.6636363636363636e-14,1e-10,0,3.6e-07,Power value not found in log
3956,1.0999999999999999,3.6636363636363636e-14,1e-10,25,3.6e-07,Power value not found in log
3957,1.0999999999999999,3.6636363636363636e-14,1e-10,75,1.8e-07,Power value not found in log
3959,1.0999999999999999,3.6636363636363636e-14,1e-10,100,1.8e-07,Power value not found in log
3960,1.0999999999999999,3.6636363636363636e-14,1e-10,100,3.6e-07,Power value not found in log
3961,1.0999999999999999,3.6636363636363636e-14,1e-10,125,1.8e-07,Power value not found in log
3962,1.0999999999999999,3.6636363636363636e-14,1e-10,125,3.6e-07,Power value not found in log
3963,1.0999999999999999,3.6636363636363636e-14,2e-10,-40,1.8e-07,Power value not found in log
3965,1.0999999999999999,3.6636363636363636e-14,2e-10,-25,1.8e-07,Power value not found in log
3966,1.0999999999999999,3.6636363636363636e-14,2e-10,-25,3.6e-07,Power value not found in log
3967,1.0999999999999999,3.6636363636363636e-14,2e-10,0,1.8e-07,Power value not found in log
3968,1.0999999999999999,3.6636363636363636e-14,2e-10,0,3.6e-07,Power value not found in log
3969,1.0999999999999999,3.6636363636363636e-14,2e-10,25,1.8e-07,Power value not found in log
3970,1.0999999999999999,3.6636363636363636e-14,2e-10,25,3.6e-07,Power value not found in log
3971,1.0999999999999999,3.6636363636363636e-14,2e-10,75,1.8e-07,Power value not found in log
3973,1.0999999999999999,3.6636363636363636e-14,2e-10,100,1.8e-07,Power value not found in log
3974,1.0999999999999999,3.6636363636363636e-14,2e-10,100,3.6e-07,Power value not found in log
3975,1.0999999999999999,3.6636363636363636e-14,2e-10,125,1.8e-07,Power value not found in log
3976,1.0999999999999999,3.6636363636363636e-14,2e-10,125,3.6e-07,Power value not found in log
3977,1.0999999999999999,3.6636363636363636e-14,4e-10,-40,1.8e-07,Power value not found in log
3979,1.0999999999999999,3.6636363636363636e-14,4e-10,-25,1.8e-07,Power value not found in log
3980,1.0999999999999999,3.6636363636363636e-14,4e-10,-25,3.6e-07,Power value not found in log
3981,1.0999999999999999,3.6636363636363636e-14,4e-10,0,1.8e-07,Power value not found in log
3982,1.0999999999999999,3.6636363636363636e-14,4e-10,0,3.6e-07,Power value not found in log
3983,1.0999999999999999,3.6636363636363636e-14,4e-10,25,1.8e-07,Power value not found in log
3984,1.0999999999999999,3.6636363636363636e-14,4e-10,25,3.6e-07,Power value not found in log
3985,1.0999999999999999,3.6636363636363636e-14,4e-10,75,1.8e-07,Power value not found in log
3987,1.0999999999999999,3.6636363636363636e-14,4e-10,100,1.8e-07,Power value not found in log
3989,1.0999999999999999,3.6636363636363636e-14,4e-10,125,1.8e-07,Power value not found in log
3990,1.0999999999999999,3.6636363636363636e-14,4e-10,125,3.6e-07,Power value not found in log
3991,1.0999999999999999,4.109090909090909e-14,1e-11,-40,1.8e-07,Power value not found in log
3992,1.0999999999999999,4.109090909090909e-14,1e-11,-40,3.6e-07,Power value not found in log
3993,1.0999999999999999,4.109090909090909e-14,1e-11,-25,1.8e-07,Power value not found in log
3994,1.0999999999999999,4.109090909090909e-14,1e-11,-25,3.6e-07,Power value not found in log
3995,1.0999999999999999,4.109090909090909e-14,1e-11,0,1.8e-07,Power value not found in log
3996,1.0999999999999999,4.109090909090909e-14,1e-11,0,3.6e-07,Power value not found in log
3998,1.0999999999999999,4.109090909090909e-14,1e-11,25,3.6e-07,Power value not found in log
3999,1.0999999999999999,4.109090909090909e-14,1e-11,75,1.8e-07,Power value not found in log
4001,1.0999999999999999,4.109090909090909e-14,1e-11,100,1.8e-07,Power value not found in log
4002,1.0999999999999999,4.109090909090909e-14,1e-11,100,3.6e-07,Power value not found in log
4003,1.0999999999999999,4.109090909090909e-14,1e-11,125,1.8e-07,Power value not found in log
4004,1.0999999999999999,4.109090909090909e-14,1e-11,125,3.6e-07,Power value not found in log
4005,1.0999999999999999,4.109090909090909e-14,5e-11,-40,1.8e-07,Power value not found in log
4007,1.0999999999999999,4.109090909090909e-14,5e-11,-25,1.8e-07,Power value not found in log
4008,1.0999999999999999,4.109090909090909e-14,5e-11,-25,3.6e-07,Power value not found in log
4009,1.0999999999999999,4.109090909090909e-14,5e-11,0,1.8e-07,Power value not found in log
4010,1.0999999999999999,4.109090909090909e-14,5e-11,0,3.6e-07,Power value not found in log
4011,1.0999999999999999,4.109090909090909e-14,5e-11,25,1.8e-07,Power value not found in log
4012,1.0999999999999999,4.109090909090909e-14,5e-11,25,3.6e-07,Power value not found in log
4013,1.0999999999999999,4.109090909090909e-14,5e-11,75,1.8e-07,Power value not found in log
4014,1.0999999999999999,4.109090909090909e-14,5e-11,75,3.6e-07,Power value not found in log
4015,1.0999999999999999,4.109090909090909e-14,5e-11,100,1.8e-07,Power value not found in log
4016,1.0999999999999999,4.109090909090909e-14,5e-11,100,3.6e-07,Power value not found in log
4017,1.0999999999999999,4.109090909090909e-14,5e-11,125,1.8e-07,Power value not found in log
4018,1.0999999999999999,4.109090909090909e-14,5e-11,125,3.6e-07,Power value not found in log
4020,1.0999999999999999,4.109090909090909e-14,1e-10,-40,3.6e-07,Power value not found in log
4021,1.0999999999999999,4.109090909090909e-14,1e-10,-25,1.8e-07,Power value not found in log
4023,1.0999999999999999,4.109090909090909e-14,1e-10,0,1.8e-07,Power value not found in log
4024,1.0999999999999999,4.109090909090909e-14,1e-10,0,3.6e-07,Power value not found in log
4025,1.0999999999999999,4.109090909090909e-14,1e-10,25,1.8e-07,Power value not found in log
4026,1.0999999999999999,4.109090909090909e-14,1e-10,25,3.6e-07,Power value not found in log
4027,1.0999999999999999,4.109090909090909e-14,1e-10,75,1.8e-07,Power value not found in log
4028,1.0999999999999999,4.109090909090909e-14,1e-10,75,3.6e-07,Power value not found in log
4029,1.0999999999999999,4.109090909090909e-14,1e-10,100,1.8e-07,Power value not found in log
4032,1.0999999999999999,4.109090909090909e-14,1e-10,125,3.6e-07,Power value not found in log
4033,1.0999999999999999,4.109090909090909e-14,2e-10,-40,1.8e-07,Power value not found in log
4034,1.0999999999999999,4.109090909090909e-14,2e-10,-40,3.6e-07,Power value not found in log
4036,1.0999999999999999,4.109090909090909e-14,2e-10,-25,3.6e-07,Power value not found in log
4037,1.0999999999999999,4.109090909090909e-14,2e-10,0,1.8e-07,Power value not found in log
4038,1.0999999999999999,4.109090909090909e-14,2e-10,0,3.6e-07,Power value not found in log
4039,1.0999999999999999,4.109090909090909e-14,2e-10,25,1.8e-07,Power value not found in log
4041,1.0999999999999999,4.109090909090909e-14,2e-10,75,1.8e-07,Power value not found in log
4042,1.0999999999999999,4.109090909090909e-14,2e-10,75,3.6e-07,Power value not found in log
4043,1.0999999999999999,4.109090909090909e-14,2e-10,100,1.8e-07,Power value not found in log
4044,1.0999999999999999,4.109090909090909e-14,2e-10,100,3.6e-07,Power value not found in log
4045,1.0999999999999999,4.109090909090909e-14,2e-10,125,1.8e-07,Power value not found in log
4048,1.0999999999999999,4.109090909090909e-14,4e-10,-40,3.6e-07,Power value not found in log
4049,1.0999999999999999,4.109090909090909e-14,4e-10,-25,1.8e-07,Power value not found in log
4050,1.0999999999999999,4.109090909090909e-14,4e-10,-25,3.6e-07,Power value not found in log
4051,1.0999999999999999,4.109090909090909e-14,4e-10,0,1.8e-07,Power value not found in log
4053,1.0999999999999999,4.109090909090909e-14,4e-10,25,1.8e-07,Power value not found in log
4054,1.0999999999999999,4.109090909090909e-14,4e-10,25,3.6e-07,Power value not found in log
4056,1.0999999999999999,4.109090909090909e-14,4e-10,75,3.6e-07,Power value not found in log
4057,1.0999999999999999,4.109090909090909e-14,4e-10,100,1.8e-07,Power value not found in log
4058,1.0999999999999999,4.109090909090909e-14,4e-10,100,3.6e-07,Power value not found in log
4059,1.0999999999999999,4.109090909090909e-14,4e-10,125,1.8e-07,Power value not found in log
4060,1.0999999999999999,4.109090909090909e-14,4e-10,125,3.6e-07,Power value not found in log
4061,1.0999999999999999,4.5545454545454544e-14,1e-11,-40,1.8e-07,Power value not found in log
4062,1.0999999999999999,4.5545454545454544e-14,1e-11,-40,3.6e-07,Power value not found in log
4064,1.0999999999999999,4.5545454545454544e-14,1e-11,-25,3.6e-07,Power value not found in log
4065,1.0999999999999999,4.5545454545454544e-14,1e-11,0,1.8e-07,Power value not found in log
4067,1.0999999999999999,4.5545454545454544e-14,1e-11,25,1.8e-07,Power value not found in log
4068,1.0999999999999999,4.5545454545454544e-14,1e-11,25,3.6e-07,Power value not found in log
4069,1.0999999999999999,4.5545454545454544e-14,1e-11,75,1.8e-07,Power value not found in log
4070,1.0999999999999999,4.5545454545454544e-14,1e-11,75,3.6e-07,Power value not found in log
4071,1.0999999999999999,4.5545454545454544e-14,1e-11,100,1.8e-07,Power value not found in log
4072,1.0999999999999999,4.5545454545454544e-14,1e-11,100,3.6e-07,Power value not found in log
4073,1.0999999999999999,4.5545454545454544e-14,1e-11,125,1.8e-07,Power value not found in log
4074,1.0999999999999999,4.5545454545454544e-14,1e-11,125,3.6e-07,Power value not found in log
4075,1.0999999999999999,4.5545454545454544e-14,5e-11,-40,1.8e-07,Power value not found in log
4076,1.0999999999999999,4.5545454545454544e-14,5e-11,-40,3.6e-07,Power value not found in log
4078,1.0999999999999999,4.5545454545454544e-14,5e-11,-25,3.6e-07,Power value not found in log
4079,1.0999999999999999,4.5545454545454544e-14,5e-11,0,1.8e-07,Power value not found in log
4080,1.0999999999999999,4.5545454545454544e-14,5e-11,0,3.6e-07,Power value not found in log
4082,1.0999999999999999,4.5545454545454544e-14,5e-11,25,3.6e-07,Power value not found in log
4084,1.0999999999999999,4.5545454545454544e-14,5e-11,75,3.6e-07,Power value not found in log
4085,1.0999999999999999,4.5545454545454544e-14,5e-11,100,1.8e-07,Power value not found in log
4086,1.0999999999999999,4.5545454545454544e-14,5e-11,100,3.6e-07,Power value not found in log
4088,1.0999999999999999,4.5545454545454544e-14,5e-11,125,3.6e-07,Power value not found in log
4089,1.0999999999999999,4.5545454545454544e-14,1e-10,-40,1.8e-07,Power value not found in log
4092,1.0999999999999999,4.5545454545454544e-14,1e-10,-25,3.6e-07,Power value not found in log
4093,1.0999999999999999,4.5545454545454544e-14,1e-10,0,1.8e-07,Power value not found in log
4094,1.0999999999999999,4.5545454545454544e-14,1e-10,0,3.6e-07,Power value not found in log
4096,1.0999999999999999,4.5545454545454544e-14,1e-10,25,3.6e-07,Power value not found in log
4097,1.0999999999999999,4.5545454545454544e-14,1e-10,75,1.8e-07,Power value not found in log
4098,1.0999999999999999,4.5545454545454544e-14,1e-10,75,3.6e-07,Power value not found in log
4099,1.0999999999999999,4.5545454545454544e-14,1e-10,100,1.8e-07,Power value not found in log
4100,1.0999999999999999,4.5545454545454544e-14,1e-10,100,3.6e-07,Power value not found in log
4102,1.0999999999999999,4.5545454545454544e-14,1e-10,125,3.6e-07,Power value not found in log
4103,1.0999999999999999,4.5545454545454544e-14,2e-10,-40,1.8e-07,Power value not found in log
4106,1.0999999999999999,4.5545454545454544e-14,2e-10,-25,3.6e-07,Power value not found in log
4107,1.0999999999999999,4.5545454545454544e-14,2e-10,0,1.8e-07,Power value not found in log
4108,1.0999999999999999,4.5545454545454544e-14,2e-10,0,3.6e-07,Power value not found in log
4109,1.0999999999999999,4.5545454545454544e-14,2e-10,25,1.8e-07,Power value not found in log
4110,1.0999999999999999,4.5545454545454544e-14,2e-10,25,3.6e-07,Power value not found in log
4112,1.0999999999999999,4.5545454545454544e-14,2e-10,75,3.6e-07,Power value not found in log
4113,1.0999999999999999,4.5545454545454544e-14,2e-10,100,1.8e-07,Power value not found in log
4114,1.0999999999999999,4.5545454545454544e-14,2e-10,100,3.6e-07,Power value not found in log
4115,1.0999999999999999,4.5545454545454544e-14,2e-10,125,1.8e-07,Power value not found in log
4116,1.0999999999999999,4.5545454545454544e-14,2e-10,125,3.6e-07,Power value not found in log
4117,1.0999999999999999,4.5545454545454544e-14,4e-10,-40,1.8e-07,Power value not found in log
4120,1.0999999999999999,4.5545454545454544e-14,4e-10,-25,3.6e-07,Power value not found in log
4122,1.0999999999999999,4.5545454545454544e-14,4e-10,0,3.6e-07,Power value not found in log
4123,1.0999999999999999,4.5545454545454544e-14,4e-10,25,1.8e-07,Power value not found in log
4124,1.0999999999999999,4.5545454545454544e-14,4e-10,25,3.6e-07,Power value not found in log
4126,1.0999999999999999,4.5545454545454544e-14,4e-10,75,3.6e-07,Power value not found in log
4127,1.0999999999999999,4.5545454545454544e-14,4e-10,100,1.8e-07,Power value not found in log
4128,1.0999999999999999,4.5545454545454544e-14,4e-10,100,3.6e-07,Power value not found in log
4130,1.0999999999999999,4.5545454545454544e-14,4e-10,125,3.6e-07,Power value not found in log
4131,1.0999999999999999,5e-14,1e-11,-40,1.8e-07,Power value not found in log
4132,1.0999999999999999,5e-14,1e-11,-40,3.6e-07,Power value not found in log
4134,1.0999999999999999,5e-14,1e-11,-25,3.6e-07,Power value not found in log
4135,1.0999999999999999,5e-14,1e-11,0,1.8e-07,Power value not found in log
4136,1.0999999999999999,5e-14,1e-11,0,3.6e-07,Power value not found in log
4137,1.0999999999999999,5e-14,1e-11,25,1.8e-07,Power value not found in log
4138,1.0999999999999999,5e-14,1e-11,25,3.6e-07,Power value not found in log
4140,1.0999999999999999,5e-14,1e-11,75,3.6e-07,Power value not found in log
4141,1.0999999999999999,5e-14,1e-11,100,1.8e-07,Power value not found in log
4142,1.0999999999999999,5e-14,1e-11,100,3.6e-07,Power value not found in log
4143,1.0999999999999999,5e-14,1e-11,125,1.8e-07,Power value not found in log
4144,1.0999999999999999,5e-14,1e-11,125,3.6e-07,Power value not found in log
4145,1.0999999999999999,5e-14,5e-11,-40,1.8e-07,Power value not found in log
4148,1.0999999999999999,5e-14,5e-11,-25,3.6e-07,Power value not found in log
4149,1.0999999999999999,5e-14,5e-11,0,1.8e-07,Power value not found in log
4150,1.0999999999999999,5e-14,5e-11,0,3.6e-07,Power value not found in log
4151,1.0999999999999999,5e-14,5e-11,25,1.8e-07,Power value not found in log
4152,1.0999999999999999,5e-14,5e-11,25,3.6e-07,Power value not found in log
4153,1.0999999999999999,5e-14,5e-11,75,1.8e-07,Power value not found in log
4154,1.0999999999999999,5e-14,5e-11,75,3.6e-07,Power value not found in log
4155,1.0999999999999999,5e-14,5e-11,100,1.8e-07,Power value not found in log
4156,1.0999999999999999,5e-14,5e-11,100,3.6e-07,Power value not found in log
4157,1.0999999999999999,5e-14,5e-11,125,1.8e-07,Power value not found in log
4158,1.0999999999999999,5e-14,5e-11,125,3.6e-07,Power value not found in log
4159,1.0999999999999999,5e-14,1e-10,-40,1.8e-07,Power value not found in log
4160,1.0999999999999999,5e-14,1e-10,-40,3.6e-07,Power value not found in log
4161,1.0999999999999999,5e-14,1e-10,-25,1.8e-07,Power value not found in log
4162,1.0999999999999999,5e-14,1e-10,-25,3.6e-07,Power value not found in log
4163,1.0999999999999999,5e-14,1e-10,0,1.8e-07,Power value not found in log
4165,1.0999999999999999,5e-14,1e-10,25,1.8e-07,Power value not found in log
4166,1.0999999999999999,5e-14,1e-10,25,3.6e-07,Power value not found in log
4167,1.0999999999999999,5e-14,1e-10,75,1.8e-07,Power value not found in log
4169,1.0999999999999999,5e-14,1e-10,100,1.8e-07,Power value not found in log
4170,1.0999999999999999,5e-14,1e-10,100,3.6e-07,Power value not found in log
4171,1.0999999999999999,5e-14,1e-10,125,1.8e-07,Power value not found in log
4173,1.0999999999999999,5e-14,2e-10,-40,1.8e-07,Power value not found in log
4174,1.0999999999999999,5e-14,2e-10,-40,3.6e-07,Power value not found in log
4175,1.0999999999999999,5e-14,2e-10,-25,1.8e-07,Power value not found in log
4177,1.0999999999999999,5e-14,2e-10,0,1.8e-07,Power value not found in log
4178,1.0999999999999999,5e-14,2e-10,0,3.6e-07,Power value not found in log
4179,1.0999999999999999,5e-14,2e-10,25,1.8e-07,Power value not found in log
4180,1.0999999999999999,5e-14,2e-10,25,3.6e-07,Power value not found in log
4181,1.0999999999999999,5e-14,2e-10,75,1.8e-07,Power value not found in log
4182,1.0999999999999999,5e-14,2e-10,75,3.6e-07,Power value not found in log
4183,1.0999999999999999,5e-14,2e-10,100,1.8e-07,Power value not found in log
4185,1.0999999999999999,5e-14,2e-10,125,1.8e-07,Power value not found in log
4187,1.0999999999999999,5e-14,4e-10,-40,1.8e-07,Power value not found in log
4188,1.0999999999999999,5e-14,4e-10,-40,3.6e-07,Power value not found in log
4189,1.0999999999999999,5e-14,4e-10,-25,1.8e-07,Power value not found in log
4192,1.0999999999999999,5e-14,4e-10,0,3.6e-07,Power value not found in log
4193,1.0999999999999999,5e-14,4e-10,25,1.8e-07,Power value not found in log
4194,1.0999999999999999,5e-14,4e-10,25,3.6e-07,Power value not found in log
4196,1.0999999999999999,5e-14,4e-10,75,3.6e-07,Power value not found in log
4198,1.0999999999999999,5e-14,4e-10,100,3.6e-07,Power value not found in log
4199,1.0999999999999999,5e-14,4e-10,125,1.8e-07,Power value not found in log
4201,1.1999999999999997,1e-15,1e-11,-40,1.8e-07,Power value not found in log
4202,1.1999999999999997,1e-15,1e-11,-40,3.6e-07,Power value not found in log
4203,1.1999999999999997,1e-15,1e-11,-25,1.8e-07,Power value not found in log
4204,1.1999999999999997,1e-15,1e-11,-25,3.6e-07,Power value not found in log
4205,1.1999999999999997,1e-15,1e-11,0,1.8e-07,Power value not found in log
4206,1.1999999999999997,1e-15,1e-11,0,3.6e-07,Power value not found in log
4208,1.1999999999999997,1e-15,1e-11,25,3.6e-07,Power value not found in log
4209,1.1999999999999997,1e-15,1e-11,75,1.8e-07,Power value not found in log
4210,1.1999999999999997,1e-15,1e-11,75,3.6e-07,Power value not found in log
4212,1.1999999999999997,1e-15,1e-11,100,3.6e-07,Power value not found in log
4213,1.1999999999999997,1e-15,1e-11,125,1.8e-07,Power value not found in log
4214,1.1999999999999997,1e-15,1e-11,125,3.6e-07,Power value not found in log
4215,1.1999999999999997,1e-15,5e-11,-40,1.8e-07,Power value not found in log
4216,1.1999999999999997,1e-15,5e-11,-40,3.6e-07,Power value not found in log
4217,1.1999999999999997,1e-15,5e-11,-25,1.8e-07,Power value not found in log
4218,1.1999999999999997,1e-15,5e-11,-25,3.6e-07,Power value not found in log
4219,1.1999999999999997,1e-15,5e-11,0,1.8e-07,Power value not found in log
4220,1.1999999999999997,1e-15,5e-11,0,3.6e-07,Power value not found in log
4222,1.1999999999999997,1e-15,5e-11,25,3.6e-07,Power value not found in log
4223,1.1999999999999997,1e-15,5e-11,75,1.8e-07,Power value not found in log
4225,1.1999999999999997,1e-15,5e-11,100,1.8e-07,Power value not found in log
4226,1.1999999999999997,1e-15,5e-11,100,3.6e-07,Power value not found in log
4227,1.1999999999999997,1e-15,5e-11,125,1.8e-07,Power value not found in log
4228,1.1999999999999997,1e-15,5e-11,125,3.6e-07,Power value not found in log
4230,1.1999999999999997,1e-15,1e-10,-40,3.6e-07,Power value not found in log
4231,1.1999999999999997,1e-15,1e-10,-25,1.8e-07,Power value not found in log
4232,1.1999999999999997,1e-15,1e-10,-25,3.6e-07,Power value not found in log
4234,1.1999999999999997,1e-15,1e-10,0,3.6e-07,Power value not found in log
4236,1.1999999999999997,1e-15,1e-10,25,3.6e-07,Power value not found in log
4237,1.1999999999999997,1e-15,1e-10,75,1.8e-07,Power value not found in log
4238,1.1999999999999997,1e-15,1e-10,75,3.6e-07,Power value not found in log
4239,1.1999999999999997,1e-15,1e-10,100,1.8e-07,Power value not found in log
4240,1.1999999999999997,1e-15,1e-10,100,3.6e-07,Power value not found in log
4241,1.1999999999999997,1e-15,1e-10,125,1.8e-07,Power value not found in log
4242,1.1999999999999997,1e-15,1e-10,125,3.6e-07,Power value not found in log
4243,1.1999999999999997,1e-15,2e-10,-40,1.8e-07,Power value not found in log
4244,1.1999999999999997,1e-15,2e-10,-40,3.6e-07,Power value not found in log
4246,1.1999999999999997,1e-15,2e-10,-25,3.6e-07,Power value not found in log
4248,1.1999999999999997,1e-15,2e-10,0,3.6e-07,Power value not found in log
4250,1.1999999999999997,1e-15,2e-10,25,3.6e-07,Power value not found in log
4251,1.1999999999999997,1e-15,2e-10,75,1.8e-07,Power value not found in log
4252,1.1999999999999997,1e-15,2e-10,75,3.6e-07,Power value not found in log
4253,1.1999999999999997,1e-15,2e-10,100,1.8e-07,Power value not found in log
4254,1.1999999999999997,1e-15,2e-10,100,3.6e-07,Power value not found in log
4256,1.1999999999999997,1e-15,2e-10,125,3.6e-07,Power value not found in log
4257,1.1999999999999997,1e-15,4e-10,-40,1.8e-07,Power value not found in log
4259,1.1999999999999997,1e-15,4e-10,-25,1.8e-07,Power value not found in log
4261,1.1999999999999997,1e-15,4e-10,0,1.8e-07,Power value not found in log
4263,1.1999999999999997,1e-15,4e-10,25,1.8e-07,Power value not found in log
4265,1.1999999999999997,1e-15,4e-10,75,1.8e-07,Power value not found in log
4266,1.1999999999999997,1e-15,4e-10,75,3.6e-07,Power value not found in log
4267,1.1999999999999997,1e-15,4e-10,100,1.8e-07,Power value not found in log
4269,1.1999999999999997,1e-15,4e-10,125,1.8e-07,Power value not found in log
4270,1.1999999999999997,1e-15,4e-10,125,3.6e-07,Power value not found in log
4271,1.1999999999999997,5.454545454545455e-15,1e-11,-40,1.8e-07,Power value not found in log
4272,1.1999999999999997,5.454545454545455e-15,1e-11,-40,3.6e-07,Power value not found in log
4273,1.1999999999999997,5.454545454545455e-15,1e-11,-25,1.8e-07,Power value not found in log
4274,1.1999999999999997,5.454545454545455e-15,1e-11,-25,3.6e-07,Power value not found in log
4275,1.1999999999999997,5.454545454545455e-15,1e-11,0,1.8e-07,Power value not found in log
4276,1.1999999999999997,5.454545454545455e-15,1e-11,0,3.6e-07,Power value not found in log
4277,1.1999999999999997,5.454545454545455e-15,1e-11,25,1.8e-07,Power value not found in log
4278,1.1999999999999997,5.454545454545455e-15,1e-11,25,3.6e-07,Power value not found in log
4279,1.1999999999999997,5.454545454545455e-15,1e-11,75,1.8e-07,Power value not found in log
4280,1.1999999999999997,5.454545454545455e-15,1e-11,75,3.6e-07,Power value not found in log
4281,1.1999999999999997,5.454545454545455e-15,1e-11,100,1.8e-07,Power value not found in log
4283,1.1999999999999997,5.454545454545455e-15,1e-11,125,1.8e-07,Power value not found in log
4284,1.1999999999999997,5.454545454545455e-15,1e-11,125,3.6e-07,Power value not found in log
4285,1.1999999999999997,5.454545454545455e-15,5e-11,-40,1.8e-07,Power value not found in log
4287,1.1999999999999997,5.454545454545455e-15,5e-11,-25,1.8e-07,Power value not found in log
4288,1.1999999999999997,5.454545454545455e-15,5e-11,-25,3.6e-07,Power value not found in log
4290,1.1999999999999997,5.454545454545455e-15,5e-11,0,3.6e-07,Power value not found in log
4292,1.1999999999999997,5.454545454545455e-15,5e-11,25,3.6e-07,Power value not found in log
4293,1.1999999999999997,5.454545454545455e-15,5e-11,75,1.8e-07,Power value not found in log
4294,1.1999999999999997,5.454545454545455e-15,5e-11,75,3.6e-07,Power value not found in log
4295,1.1999999999999997,5.454545454545455e-15,5e-11,100,1.8e-07,Power value not found in log
4296,1.1999999999999997,5.454545454545455e-15,5e-11,100,3.6e-07,Power value not found in log
4298,1.1999999999999997,5.454545454545455e-15,5e-11,125,3.6e-07,Power value not found in log
4299,1.1999999999999997,5.454545454545455e-15,1e-10,-40,1.8e-07,Power value not found in log
4301,1.1999999999999997,5.454545454545455e-15,1e-10,-25,1.8e-07,Power value not found in log
4303,1.1999999999999997,5.454545454545455e-15,1e-10,0,1.8e-07,Power value not found in log
4305,1.1999999999999997,5.454545454545455e-15,1e-10,25,1.8e-07,Power value not found in log
4307,1.1999999999999997,5.454545454545455e-15,1e-10,75,1.8e-07,Power value not found in log
4308,1.1999999999999997,5.454545454545455e-15,1e-10,75,3.6e-07,Power value not found in log
4309,1.1999999999999997,5.454545454545455e-15,1e-10,100,1.8e-07,Power value not found in log
4310,1.1999999999999997,5.454545454545455e-15,1e-10,100,3.6e-07,Power value not found in log
4311,1.1999999999999997,5.454545454545455e-15,1e-10,125,1.8e-07,Power value not found in log
4312,1.1999999999999997,5.454545454545455e-15,1e-10,125,3.6e-07,Power value not found in log
4313,1.1999999999999997,5.454545454545455e-15,2e-10,-40,1.8e-07,Power value not found in log
4314,1.1999999999999997,5.454545454545455e-15,2e-10,-40,3.6e-07,Power value not found in log
4315,1.1999999999999997,5.454545454545455e-15,2e-10,-25,1.8e-07,Power value not found in log
4316,1.1999999999999997,5.454545454545455e-15,2e-10,-25,3.6e-07,Power value not found in log
4318,1.1999999999999997,5.454545454545455e-15,2e-10,0,3.6e-07,Power value not found in log
4320,1.1999999999999997,5.454545454545455e-15,2e-10,25,3.6e-07,Power value not found in log
4321,1.1999999999999997,5.454545454545455e-15,2e-10,75,1.8e-07,Power value not found in log
4322,1.1999999999999997,5.454545454545455e-15,2e-10,75,3.6e-07,Power value not found in log
4323,1.1999999999999997,5.454545454545455e-15,2e-10,100,1.8e-07,Power value not found in log
4325,1.1999999999999997,5.454545454545455e-15,2e-10,125,1.8e-07,Power value not found in log
4326,1.1999999999999997,5.454545454545455e-15,2e-10,125,3.6e-07,Power value not found in log
4328,1.1999999999999997,5.454545454545455e-15,4e-10,-40,3.6e-07,Power value not found in log
4329,1.1999999999999997,5.454545454545455e-15,4e-10,-25,1.8e-07,Power value not found in log
4331,1.1999999999999997,5.454545454545455e-15,4e-10,0,1.8e-07,Power value not found in log
4332,1.1999999999999997,5.454545454545455e-15,4e-10,0,3.6e-07,Power value not found in log
4333,1.1999999999999997,5.454545454545455e-15,4e-10,25,1.8e-07,Power value not found in log
4334,1.1999999999999997,5.454545454545455e-15,4e-10,25,3.6e-07,Power value not found in log
4335,1.1999999999999997,5.454545454545455e-15,4e-10,75,1.8e-07,Power value not found in log
4336,1.1999999999999997,5.454545454545455e-15,4e-10,75,3.6e-07,Power value not found in log
4337,1.1999999999999997,5.454545454545455e-15,4e-10,100,1.8e-07,Power value not found in log
4338,1.1999999999999997,5.454545454545455e-15,4e-10,100,3.6e-07,Power value not found in log
4340,1.1999999999999997,5.454545454545455e-15,4e-10,125,3.6e-07,Power value not found in log
4341,1.1999999999999997,9.909090909090909e-15,1e-11,-40,1.8e-07,Power value not found in log
4342,1.1999999999999997,9.909090909090909e-15,1e-11,-40,3.6e-07,Power value not found in log
4344,1.1999999999999997,9.909090909090909e-15,1e-11,-25,3.6e-07,Power value not found in log
4346,1.1999999999999997,9.909090909090909e-15,1e-11,0,3.6e-07,Power value not found in log
4347,1.1999999999999997,9.909090909090909e-15,1e-11,25,1.8e-07,Power value not found in log
4348,1.1999999999999997,9.909090909090909e-15,1e-11,25,3.6e-07,Power value not found in log
4350,1.1999999999999997,9.909090909090909e-15,1e-11,75,3.6e-07,Power value not found in log
4352,1.1999999999999997,9.909090909090909e-15,1e-11,100,3.6e-07,Power value not found in log
4353,1.1999999999999997,9.909090909090909e-15,1e-11,125,1.8e-07,Power value not found in log
4355,1.1999999999999997,9.909090909090909e-15,5e-11,-40,1.8e-07,Power value not found in log
4356,1.1999999999999997,9.909090909090909e-15,5e-11,-40,3.6e-07,Power value not found in log
4358,1.1999999999999997,9.909090909090909e-15,5e-11,-25,3.6e-07,Power value not found in log
4359,1.1999999999999997,9.909090909090909e-15,5e-11,0,1.8e-07,Power value not found in log
4360,1.1999999999999997,9.909090909090909e-15,5e-11,0,3.6e-07,Power value not found in log
4361,1.1999999999999997,9.909090909090909e-15,5e-11,25,1.8e-07,Power value not found in log
4362,1.1999999999999997,9.909090909090909e-15,5e-11,25,3.6e-07,Power value not found in log
4363,1.1999999999999997,9.909090909090909e-15,5e-11,75,1.8e-07,Power value not found in log
4365,1.1999999999999997,9.909090909090909e-15,5e-11,100,1.8e-07,Power value not found in log
4366,1.1999999999999997,9.909090909090909e-15,5e-11,100,3.6e-07,Power value not found in log
4367,1.1999999999999997,9.909090909090909e-15,5e-11,125,1.8e-07,Power value not found in log
4368,1.1999999999999997,9.909090909090909e-15,5e-11,125,3.6e-07,Power value not found in log
4369,1.1999999999999997,9.909090909090909e-15,1e-10,-40,1.8e-07,Power value not found in log
4370,1.1999999999999997,9.909090909090909e-15,1e-10,-40,3.6e-07,Power value not found in log
4371,1.1999999999999997,9.909090909090909e-15,1e-10,-25,1.8e-07,Power value not found in log
4372,1.1999999999999997,9.909090909090909e-15,1e-10,-25,3.6e-07,Power value not found in log
4373,1.1999999999999997,9.909090909090909e-15,1e-10,0,1.8e-07,Power value not found in log
4374,1.1999999999999997,9.909090909090909e-15,1e-10,0,3.6e-07,Power value not found in log
4375,1.1999999999999997,9.909090909090909e-15,1e-10,25,1.8e-07,Power value not found in log
4376,1.1999999999999997,9.909090909090909e-15,1e-10,25,3.6e-07,Power value not found in log
4377,1.1999999999999997,9.909090909090909e-15,1e-10,75,1.8e-07,Power value not found in log
4378,1.1999999999999997,9.909090909090909e-15,1e-10,75,3.6e-07,Power value not found in log
4380,1.1999999999999997,9.909090909090909e-15,1e-10,100,3.6e-07,Power value not found in log
4381,1.1999999999999997,9.909090909090909e-15,1e-10,125,1.8e-07,Power value not found in log
4382,1.1999999999999997,9.909090909090909e-15,1e-10,125,3.6e-07,Power value not found in log
4383,1.1999999999999997,9.909090909090909e-15,2e-10,-40,1.8e-07,Power value not found in log
4385,1.1999999999999997,9.909090909090909e-15,2e-10,-25,1.8e-07,Power value not found in log
4386,1.1999999999999997,9.909090909090909e-15,2e-10,-25,3.6e-07,Power value not found in log
4387,1.1999999999999997,9.909090909090909e-15,2e-10,0,1.8e-07,Power value not found in log
4388,1.1999999999999997,9.909090909090909e-15,2e-10,0,3.6e-07,Power value not found in log
4389,1.1999999999999997,9.909090909090909e-15,2e-10,25,1.8e-07,Power value not found in log
4390,1.1999999999999997,9.909090909090909e-15,2e-10,25,3.6e-07,Power value not found in log
4391,1.1999999999999997,9.909090909090909e-15,2e-10,75,1.8e-07,Power value not found in log
4392,1.1999999999999997,9.909090909090909e-15,2e-10,75,3.6e-07,Power value not found in log
4393,1.1999999999999997,9.909090909090909e-15,2e-10,100,1.8e-07,Power value not found in log
4394,1.1999999999999997,9.909090909090909e-15,2e-10,100,3.6e-07,Power value not found in log
4395,1.1999999999999997,9.909090909090909e-15,2e-10,125,1.8e-07,Power value not found in log
4397,1.1999999999999997,9.909090909090909e-15,4e-10,-40,1.8e-07,Power value not found in log
4398,1.1999999999999997,9.909090909090909e-15,4e-10,-40,3.6e-07,Power value not found in log
4399,1.1999999999999997,9.909090909090909e-15,4e-10,-25,1.8e-07,Power value not found in log
4401,1.1999999999999997,9.909090909090909e-15,4e-10,0,1.8e-07,Power value not found in log
4402,1.1999999999999997,9.909090909090909e-15,4e-10,0,3.6e-07,Power value not found in log
4403,1.1999999999999997,9.909090909090909e-15,4e-10,25,1.8e-07,Power value not found in log
4404,1.1999999999999997,9.909090909090909e-15,4e-10,25,3.6e-07,Power value not found in log
4405,1.1999999999999997,9.909090909090909e-15,4e-10,75,1.8e-07,Power value not found in log
4406,1.1999999999999997,9.909090909090909e-15,4e-10,75,3.6e-07,Power value not found in log
4407,1.1999999999999997,9.909090909090909e-15,4e-10,100,1.8e-07,Power value not found in log
4408,1.1999999999999997,9.909090909090909e-15,4e-10,100,3.6e-07,Power value not found in log
4409,1.1999999999999997,9.909090909090909e-15,4e-10,125,1.8e-07,Power value not found in log
4410,1.1999999999999997,9.909090909090909e-15,4e-10,125,3.6e-07,Power value not found in log
4411,1.1999999999999997,1.436363636363636e-14,1e-11,-40,1.8e-07,Power value not found in log
4412,1.1999999999999997,1.436363636363636e-14,1e-11,-40,3.6e-07,Power value not found in log
4414,1.1999999999999997,1.436363636363636e-14,1e-11,-25,3.6e-07,Power value not found in log
4415,1.1999999999999997,1.436363636363636e-14,1e-11,0,1.8e-07,Power value not found in log
4416,1.1999999999999997,1.436363636363636e-14,1e-11,0,3.6e-07,Power value not found in log
4418,1.1999999999999997,1.436363636363636e-14,1e-11,25,3.6e-07,Power value not found in log
4419,1.1999999999999997,1.436363636363636e-14,1e-11,75,1.8e-07,Power value not found in log
4420,1.1999999999999997,1.436363636363636e-14,1e-11,75,3.6e-07,Power value not found in log
4421,1.1999999999999997,1.436363636363636e-14,1e-11,100,1.8e-07,Power value not found in log
4422,1.1999999999999997,1.436363636363636e-14,1e-11,100,3.6e-07,Power value not found in log
4424,1.1999999999999997,1.436363636363636e-14,1e-11,125,3.6e-07,Power value not found in log
4425,1.1999999999999997,1.436363636363636e-14,5e-11,-40,1.8e-07,Power value not found in log
4426,1.1999999999999997,1.436363636363636e-14,5e-11,-40,3.6e-07,Power value not found in log
4427,1.1999999999999997,1.436363636363636e-14,5e-11,-25,1.8e-07,Power value not found in log
4428,1.1999999999999997,1.436363636363636e-14,5e-11,-25,3.6e-07,Power value not found in log
4429,1.1999999999999997,1.436363636363636e-14,5e-11,0,1.8e-07,Power value not found in log
4430,1.1999999999999997,1.436363636363636e-14,5e-11,0,3.6e-07,Power value not found in log
4431,1.1999999999999997,1.436363636363636e-14,5e-11,25,1.8e-07,Power value not found in log
4432,1.1999999999999997,1.436363636363636e-14,5e-11,25,3.6e-07,Power value not found in log
4434,1.1999999999999997,1.436363636363636e-14,5e-11,75,3.6e-07,Power value not found in log
4435,1.1999999999999997,1.436363636363636e-14,5e-11,100,1.8e-07,Power value not found in log
4437,1.1999999999999997,1.436363636363636e-14,5e-11,125,1.8e-07,Power value not found in log
4438,1.1999999999999997,1.436363636363636e-14,5e-11,125,3.6e-07,Power value not found in log
4439,1.1999999999999997,1.436363636363636e-14,1e-10,-40,1.8e-07,Power value not found in log
4440,1.1999999999999997,1.436363636363636e-14,1e-10,-40,3.6e-07,Power value not found in log
4441,1.1999999999999997,1.436363636363636e-14,1e-10,-25,1.8e-07,Power value not found in log
4442,1.1999999999999997,1.436363636363636e-14,1e-10,-25,3.6e-07,Power value not found in log
4443,1.1999999999999997,1.436363636363636e-14,1e-10,0,1.8e-07,Power value not found in log
4445,1.1999999999999997,1.436363636363636e-14,1e-10,25,1.8e-07,Power value not found in log
4446,1.1999999999999997,1.436363636363636e-14,1e-10,25,3.6e-07,Power value not found in log
4447,1.1999999999999997,1.436363636363636e-14,1e-10,75,1.8e-07,Power value not found in log
4448,1.1999999999999997,1.436363636363636e-14,1e-10,75,3.6e-07,Power value not found in log
4449,1.1999999999999997,1.436363636363636e-14,1e-10,100,1.8e-07,Power value not found in log
4450,1.1999999999999997,1.436363636363636e-14,1e-10,100,3.6e-07,Power value not found in log
4451,1.1999999999999997,1.436363636363636e-14,1e-10,125,1.8e-07,Power value not found in log
4452,1.1999999999999997,1.436363636363636e-14,1e-10,125,3.6e-07,Power value not found in log
4453,1.1999999999999997,1.436363636363636e-14,2e-10,-40,1.8e-07,Power value not found in log
4454,1.1999999999999997,1.436363636363636e-14,2e-10,-40,3.6e-07,Power value not found in log
4455,1.1999999999999997,1.436363636363636e-14,2e-10,-25,1.8e-07,Power value not found in log
4456,1.1999999999999997,1.436363636363636e-14,2e-10,-25,3.6e-07,Power value not found in log
4457,1.1999999999999997,1.436363636363636e-14,2e-10,0,1.8e-07,Power value not found in log
4458,1.1999999999999997,1.436363636363636e-14,2e-10,0,3.6e-07,Power value not found in log
4459,1.1999999999999997,1.436363636363636e-14,2e-10,25,1.8e-07,Power value not found in log
4460,1.1999999999999997,1.436363636363636e-14,2e-10,25,3.6e-07,Power value not found in log
4461,1.1999999999999997,1.436363636363636e-14,2e-10,75,1.8e-07,Power value not found in log
4462,1.1999999999999997,1.436363636363636e-14,2e-10,75,3.6e-07,Power value not found in log
4463,1.1999999999999997,1.436363636363636e-14,2e-10,100,1.8e-07,Power value not found in log
4465,1.1999999999999997,1.436363636363636e-14,2e-10,125,1.8e-07,Power value not found in log
4466,1.1999999999999997,1.436363636363636e-14,2e-10,125,3.6e-07,Power value not found in log
4467,1.1999999999999997,1.436363636363636e-14,4e-10,-40,1.8e-07,Power value not found in log
4469,1.1999999999999997,1.436363636363636e-14,4e-10,-25,1.8e-07,Power value not found in log
4471,1.1999999999999997,1.436363636363636e-14,4e-10,0,1.8e-07,Power value not found in log
4473,1.1999999999999997,1.436363636363636e-14,4e-10,25,1.8e-07,Power value not found in log
4476,1.1999999999999997,1.436363636363636e-14,4e-10,75,3.6e-07,Power value not found in log
4477,1.1999999999999997,1.436363636363636e-14,4e-10,100,1.8e-07,Power value not found in log
4478,1.1999999999999997,1.436363636363636e-14,4e-10,100,3.6e-07,Power value not found in log
4479,1.1999999999999997,1.436363636363636e-14,4e-10,125,1.8e-07,Power value not found in log
4480,1.1999999999999997,1.436363636363636e-14,4e-10,125,3.6e-07,Power value not found in log
4481,1.1999999999999997,1.8818181818181816e-14,1e-11,-40,1.8e-07,Power value not found in log
4483,1.1999999999999997,1.8818181818181816e-14,1e-11,-25,1.8e-07,Power value not found in log
4484,1.1999999999999997,1.8818181818181816e-14,1e-11,-25,3.6e-07,Power value not found in log
4485,1.1999999999999997,1.8818181818181816e-14,1e-11,0,1.8e-07,Power value not found in log
4487,1.1999999999999997,1.8818181818181816e-14,1e-11,25,1.8e-07,Power value not found in log
4488,1.1999999999999997,1.8818181818181816e-14,1e-11,25,3.6e-07,Power value not found in log
4489,1.1999999999999997,1.8818181818181816e-14,1e-11,75,1.8e-07,Power value not found in log
4490,1.1999999999999997,1.8818181818181816e-14,1e-11,75,3.6e-07,Power value not found in log
4491,1.1999999999999997,1.8818181818181816e-14,1e-11,100,1.8e-07,Power value not found in log
4492,1.1999999999999997,1.8818181818181816e-14,1e-11,100,3.6e-07,Power value not found in log
4493,1.1999999999999997,1.8818181818181816e-14,1e-11,125,1.8e-07,Power value not found in log
4495,1.1999999999999997,1.8818181818181816e-14,5e-11,-40,1.8e-07,Power value not found in log
4496,1.1999999999999997,1.8818181818181816e-14,5e-11,-40,3.6e-07,Power value not found in log
4497,1.1999999999999997,1.8818181818181816e-14,5e-11,-25,1.8e-07,Power value not found in log
4499,1.1999999999999997,1.8818181818181816e-14,5e-11,0,1.8e-07,Power value not found in log
4500,1.1999999999999997,1.8818181818181816e-14,5e-11,0,3.6e-07,Power value not found in log
4501,1.1999999999999997,1.8818181818181816e-14,5e-11,25,1.8e-07,Power value not found in log
4504,1.1999999999999997,1.8818181818181816e-14,5e-11,75,3.6e-07,Power value not found in log
4505,1.1999999999999997,1.8818181818181816e-14,5e-11,100,1.8e-07,Power value not found in log
4506,1.1999999999999997,1.8818181818181816e-14,5e-11,100,3.6e-07,Power value not found in log
4507,1.1999999999999997,1.8818181818181816e-14,5e-11,125,1.8e-07,Power value not found in log
4508,1.1999999999999997,1.8818181818181816e-14,5e-11,125,3.6e-07,Power value not found in log
4510,1.1999999999999997,1.8818181818181816e-14,1e-10,-40,3.6e-07,Power value not found in log
4511,1.1999999999999997,1.8818181818181816e-14,1e-10,-25,1.8e-07,Power value not found in log
4512,1.1999999999999997,1.8818181818181816e-14,1e-10,-25,3.6e-07,Power value not found in log
4514,1.1999999999999997,1.8818181818181816e-14,1e-10,0,3.6e-07,Power value not found in log
4515,1.1999999999999997,1.8818181818181816e-14,1e-10,25,1.8e-07,Power value not found in log
4516,1.1999999999999997,1.8818181818181816e-14,1e-10,25,3.6e-07,Power value not found in log
4517,1.1999999999999997,1.8818181818181816e-14,1e-10,75,1.8e-07,Power value not found in log
4518,1.1999999999999997,1.8818181818181816e-14,1e-10,75,3.6e-07,Power value not found in log
4520,1.1999999999999997,1.8818181818181816e-14,1e-10,100,3.6e-07,Power value not found in log
4521,1.1999999999999997,1.8818181818181816e-14,1e-10,125,1.8e-07,Power value not found in log
4523,1.1999999999999997,1.8818181818181816e-14,2e-10,-40,1.8e-07,Power value not found in log
4524,1.1999999999999997,1.8818181818181816e-14,2e-10,-40,3.6e-07,Power value not found in log
4526,1.1999999999999997,1.8818181818181816e-14,2e-10,-25,3.6e-07,Power value not found in log
4527,1.1999999999999997,1.8818181818181816e-14,2e-10,0,1.8e-07,Power value not found in log
4528,1.1999999999999997,1.8818181818181816e-14,2e-10,0,3.6e-07,Power value not found in log
4529,1.1999999999999997,1.8818181818181816e-14,2e-10,25,1.8e-07,Power value not found in log
4530,1.1999999999999997,1.8818181818181816e-14,2e-10,25,3.6e-07,Power value not found in log
4531,1.1999999999999997,1.8818181818181816e-14,2e-10,75,1.8e-07,Power value not found in log
4532,1.1999999999999997,1.8818181818181816e-14,2e-10,75,3.6e-07,Power value not found in log
4533,1.1999999999999997,1.8818181818181816e-14,2e-10,100,1.8e-07,Power value not found in log
4534,1.1999999999999997,1.8818181818181816e-14,2e-10,100,3.6e-07,Power value not found in log
4535,1.1999999999999997,1.8818181818181816e-14,2e-10,125,1.8e-07,Power value not found in log
4536,1.1999999999999997,1.8818181818181816e-14,2e-10,125,3.6e-07,Power value not found in log
4539,1.1999999999999997,1.8818181818181816e-14,4e-10,-25,1.8e-07,Power value not found in log
4540,1.1999999999999997,1.8818181818181816e-14,4e-10,-25,3.6e-07,Power value not found in log
4541,1.1999999999999997,1.8818181818181816e-14,4e-10,0,1.8e-07,Power value not found in log
4542,1.1999999999999997,1.8818181818181816e-14,4e-10,0,3.6e-07,Power value not found in log
4543,1.1999999999999997,1.8818181818181816e-14,4e-10,25,1.8e-07,Power value not found in log
4544,1.1999999999999997,1.8818181818181816e-14,4e-10,25,3.6e-07,Power value not found in log
4545,1.1999999999999997,1.8818181818181816e-14,4e-10,75,1.8e-07,Power value not found in log
4547,1.1999999999999997,1.8818181818181816e-14,4e-10,100,1.8e-07,Power value not found in log
4549,1.1999999999999997,1.8818181818181816e-14,4e-10,125,1.8e-07,Power value not found in log
4550,1.1999999999999997,1.8818181818181816e-14,4e-10,125,3.6e-07,Power value not found in log
4552,1.1999999999999997,2.327272727272727e-14,1e-11,-40,3.6e-07,Power value not found in log
4553,1.1999999999999997,2.327272727272727e-14,1e-11,-25,1.8e-07,Power value not found in log
4554,1.1999999999999997,2.327272727272727e-14,1e-11,-25,3.6e-07,Power value not found in log
4555,1.1999999999999997,2.327272727272727e-14,1e-11,0,1.8e-07,Power value not found in log
4557,1.1999999999999997,2.327272727272727e-14,1e-11,25,1.8e-07,Power value not found in log
4559,1.1999999999999997,2.327272727272727e-14,1e-11,75,1.8e-07,Power value not found in log
4560,1.1999999999999997,2.327272727272727e-14,1e-11,75,3.6e-07,Power value not found in log
4562,1.1999999999999997,2.327272727272727e-14,1e-11,100,3.6e-07,Power value not found in log
4563,1.1999999999999997,2.327272727272727e-14,1e-11,125,1.8e-07,Power value not found in log
4564,1.1999999999999997,2.327272727272727e-14,1e-11,125,3.6e-07,Power value not found in log
4565,1.1999999999999997,2.327272727272727e-14,5e-11,-40,1.8e-07,Power value not found in log
4566,1.1999999999999997,2.327272727272727e-14,5e-11,-40,3.6e-07,Power value not found in log
4567,1.1999999999999997,2.327272727272727e-14,5e-11,-25,1.8e-07,Power value not found in log
4569,1.1999999999999997,2.327272727272727e-14,5e-11,0,1.8e-07,Power value not found in log
4571,1.1999999999999997,2.327272727272727e-14,5e-11,25,1.8e-07,Power value not found in log
4574,1.1999999999999997,2.327272727272727e-14,5e-11,75,3.6e-07,Power value not found in log
4575,1.1999999999999997,2.327272727272727e-14,5e-11,100,1.8e-07,Power value not found in log
4576,1.1999999999999997,2.327272727272727e-14,5e-11,100,3.6e-07,Power value not found in log
4577,1.1999999999999997,2.327272727272727e-14,5e-11,125,1.8e-07,Power value not found in log
4578,1.1999999999999997,2.327272727272727e-14,5e-11,125,3.6e-07,Power value not found in log
4579,1.1999999999999997,2.327272727272727e-14,1e-10,-40,1.8e-07,Power value not found in log
4580,1.1999999999999997,2.327272727272727e-14,1e-10,-40,3.6e-07,Power value not found in log
4581,1.1999999999999997,2.327272727272727e-14,1e-10,-25,1.8e-07,Power value not found in log
4582,1.1999999999999997,2.327272727272727e-14,1e-10,-25,3.6e-07,Power value not found in log
4583,1.1999999999999997,2.327272727272727e-14,1e-10,0,1.8e-07,Power value not found in log
4585,1.1999999999999997,2.327272727272727e-14,1e-10,25,1.8e-07,Power value not found in log
4587,1.1999999999999997,2.327272727272727e-14,1e-10,75,1.8e-07,Power value not found in log
4588,1.1999999999999997,2.327272727272727e-14,1e-10,75,3.6e-07,Power value not found in log
4589,1.1999999999999997,2.327272727272727e-14,1e-10,100,1.8e-07,Power value not found in log
4590,1.1999999999999997,2.327272727272727e-14,1e-10,100,3.6e-07,Power value not found in log
4591,1.1999999999999997,2.327272727272727e-14,1e-10,125,1.8e-07,Power value not found in log
4592,1.1999999999999997,2.327272727272727e-14,1e-10,125,3.6e-07,Power value not found in log
4593,1.1999999999999997,2.327272727272727e-14,2e-10,-40,1.8e-07,Power value not found in log
4595,1.1999999999999997,2.327272727272727e-14,2e-10,-25,1.8e-07,Power value not found in log
4596,1.1999999999999997,2.327272727272727e-14,2e-10,-25,3.6e-07,Power value not found in log
4597,1.1999999999999997,2.327272727272727e-14,2e-10,0,1.8e-07,Power value not found in log
4599,1.1999999999999997,2.327272727272727e-14,2e-10,25,1.8e-07,Power value not found in log
4600,1.1999999999999997,2.327272727272727e-14,2e-10,25,3.6e-07,Power value not found in log
4602,1.1999999999999997,2.327272727272727e-14,2e-10,75,3.6e-07,Power value not found in log
4603,1.1999999999999997,2.327272727272727e-14,2e-10,100,1.8e-07,Power value not found in log
4605,1.1999999999999997,2.327272727272727e-14,2e-10,125,1.8e-07,Power value not found in log
4606,1.1999999999999997,2.327272727272727e-14,2e-10,125,3.6e-07,Power value not found in log
4607,1.1999999999999997,2.327272727272727e-14,4e-10,-40,1.8e-07,Power value not found in log
4608,1.1999999999999997,2.327272727272727e-14,4e-10,-40,3.6e-07,Power value not found in log
4609,1.1999999999999997,2.327272727272727e-14,4e-10,-25,1.8e-07,Power value not found in log
4610,1.1999999999999997,2.327272727272727e-14,4e-10,-25,3.6e-07,Power value not found in log
4611,1.1999999999999997,2.327272727272727e-14,4e-10,0,1.8e-07,Power value not found in log
4612,1.1999999999999997,2.327272727272727e-14,4e-10,0,3.6e-07,Power value not found in log
4614,1.1999999999999997,2.327272727272727e-14,4e-10,25,3.6e-07,Power value not found in log
4615,1.1999999999999997,2.327272727272727e-14,4e-10,75,1.8e-07,Power value not found in log
4617,1.1999999999999997,2.327272727272727e-14,4e-10,100,1.8e-07,Power value not found in log
4618,1.1999999999999997,2.327272727272727e-14,4e-10,100,3.6e-07,Power value not found in log
4619,1.1999999999999997,2.327272727272727e-14,4e-10,125,1.8e-07,Power value not found in log
4621,1.1999999999999997,2.7727272727272724e-14,1e-11,-40,1.8e-07,Power value not found in log
4623,1.1999999999999997,2.7727272727272724e-14,1e-11,-25,1.8e-07,Power value not found in log
4624,1.1999999999999997,2.7727272727272724e-14,1e-11,-25,3.6e-07,Power value not found in log
4625,1.1999999999999997,2.7727272727272724e-14,1e-11,0,1.8e-07,Power value not found in log
4627,1.1999999999999997,2.7727272727272724e-14,1e-11,25,1.8e-07,Power value not found in log
4628,1.1999999999999997,2.7727272727272724e-14,1e-11,25,3.6e-07,Power value not found in log
4630,1.1999999999999997,2.7727272727272724e-14,1e-11,75,3.6e-07,Power value not found in log
4631,1.1999999999999997,2.7727272727272724e-14,1e-11,100,1.8e-07,Power value not found in log
4632,1.1999999999999997,2.7727272727272724e-14,1e-11,100,3.6e-07,Power value not found in log
4633,1.1999999999999997,2.7727272727272724e-14,1e-11,125,1.8e-07,Power value not found in log
4634,1.1999999999999997,2.7727272727272724e-14,1e-11,125,3.6e-07,Power value not found in log
4636,1.1999999999999997,2.7727272727272724e-14,5e-11,-40,3.6e-07,Power value not found in log
4637,1.1999999999999997,2.7727272727272724e-14,5e-11,-25,1.8e-07,Power value not found in log
4638,1.1999999999999997,2.7727272727272724e-14,5e-11,-25,3.6e-07,Power value not found in log
4639,1.1999999999999997,2.7727272727272724e-14,5e-11,0,1.8e-07,Power value not found in log
4641,1.1999999999999997,2.7727272727272724e-14,5e-11,25,1.8e-07,Power value not found in log
4642,1.1999999999999997,2.7727272727272724e-14,5e-11,25,3.6e-07,Power value not found in log
4643,1.1999999999999997,2.7727272727272724e-14,5e-11,75,1.8e-07,Power value not found in log
4644,1.1999999999999997,2.7727272727272724e-14,5e-11,75,3.6e-07,Power value not found in log
4645,1.1999999999999997,2.7727272727272724e-14,5e-11,100,1.8e-07,Power value not found in log
4646,1.1999999999999997,2.7727272727272724e-14,5e-11,100,3.6e-07,Power value not found in log
4647,1.1999999999999997,2.7727272727272724e-14,5e-11,125,1.8e-07,Power value not found in log
4648,1.1999999999999997,2.7727272727272724e-14,5e-11,125,3.6e-07,Power value not found in log
4651,1.1999999999999997,2.7727272727272724e-14,1e-10,-25,1.8e-07,Power value not found in log
4652,1.1999999999999997,2.7727272727272724e-14,1e-10,-25,3.6e-07,Power value not found in log
4653,1.1999999999999997,2.7727272727272724e-14,1e-10,0,1.8e-07,Power value not found in log
4654,1.1999999999999997,2.7727272727272724e-14,1e-10,0,3.6e-07,Power value not found in log
4655,1.1999999999999997,2.7727272727272724e-14,1e-10,25,1.8e-07,Power value not found in log
4656,1.1999999999999997,2.7727272727272724e-14,1e-10,25,3.6e-07,Power value not found in log
4658,1.1999999999999997,2.7727272727272724e-14,1e-10,75,3.6e-07,Power value not found in log
4660,1.1999999999999997,2.7727272727272724e-14,1e-10,100,3.6e-07,Power value not found in log
4661,1.1999999999999997,2.7727272727272724e-14,1e-10,125,1.8e-07,Power value not found in log
4662,1.1999999999999997,2.7727272727272724e-14,1e-10,125,3.6e-07,Power value not found in log
4664,1.1999999999999997,2.7727272727272724e-14,2e-10,-40,3.6e-07,Power value not found in log
4665,1.1999999999999997,2.7727272727272724e-14,2e-10,-25,1.8e-07,Power value not found in log
4666,1.1999999999999997,2.7727272727272724e-14,2e-10,-25,3.6e-07,Power value not found in log
4667,1.1999999999999997,2.7727272727272724e-14,2e-10,0,1.8e-07,Power value not found in log
4668,1.1999999999999997,2.7727272727272724e-14,2e-10,0,3.6e-07,Power value not found in log
4669,1.1999999999999997,2.7727272727272724e-14,2e-10,25,1.8e-07,Power value not found in log
4671,1.1999999999999997,2.7727272727272724e-14,2e-10,75,1.8e-07,Power value not found in log
4672,1.1999999999999997,2.7727272727272724e-14,2e-10,75,3.6e-07,Power value not found in log
4674,1.1999999999999997,2.7727272727272724e-14,2e-10,100,3.6e-07,Power value not found in log
4675,1.1999999999999997,2.7727272727272724e-14,2e-10,125,1.8e-07,Power value not found in log
4676,1.1999999999999997,2.7727272727272724e-14,2e-10,125,3.6e-07,Power value not found in log
4677,1.1999999999999997,2.7727272727272724e-14,4e-10,-40,1.8e-07,Power value not found in log
4678,1.1999999999999997,2.7727272727272724e-14,4e-10,-40,3.6e-07,Power value not found in log
4679,1.1999999999999997,2.7727272727272724e-14,4e-10,-25,1.8e-07,Power value not found in log
4680,1.1999999999999997,2.7727272727272724e-14,4e-10,-25,3.6e-07,Power value not found in log
4681,1.1999999999999997,2.7727272727272724e-14,4e-10,0,1.8e-07,Power value not found in log
4683,1.1999999999999997,2.7727272727272724e-14,4e-10,25,1.8e-07,Power value not found in log
4684,1.1999999999999997,2.7727272727272724e-14,4e-10,25,3.6e-07,Power value not found in log
4685,1.1999999999999997,2.7727272727272724e-14,4e-10,75,1.8e-07,Power value not found in log
4686,1.1999999999999997,2.7727272727272724e-14,4e-10,75,3.6e-07,Power value not found in log
4688,1.1999999999999997,2.7727272727272724e-14,4e-10,100,3.6e-07,Power value not found in log
4689,1.1999999999999997,2.7727272727272724e-14,4e-10,125,1.8e-07,Power value not found in log
4691,1.1999999999999997,3.218181818181818e-14,1e-11,-40,1.8e-07,Power value not found in log
4692,1.1999999999999997,3.218181818181818e-14,1e-11,-40,3.6e-07,Power value not found in log
4694,1.1999999999999997,3.218181818181818e-14,1e-11,-25,3.6e-07,Power value not found in log
4695,1.1999999999999997,3.218181818181818e-14,1e-11,0,1.8e-07,Power value not found in log
4696,1.1999999999999997,3.218181818181818e-14,1e-11,0,3.6e-07,Power value not found in log
4697,1.1999999999999997,3.218181818181818e-14,1e-11,25,1.8e-07,Power value not found in log
4698,1.1999999999999997,3.218181818181818e-14,1e-11,25,3.6e-07,Power value not found in log
4700,1.1999999999999997,3.218181818181818e-14,1e-11,75,3.6e-07,Power value not found in log
4701,1.1999999999999997,3.218181818181818e-14,1e-11,100,1.8e-07,Power value not found in log
4702,1.1999999999999997,3.218181818181818e-14,1e-11,100,3.6e-07,Power value not found in log
4703,1.1999999999999997,3.218181818181818e-14,1e-11,125,1.8e-07,Power value not found in log
4704,1.1999999999999997,3.218181818181818e-14,1e-11,125,3.6e-07,Power value not found in log
4705,1.1999999999999997,3.218181818181818e-14,5e-11,-40,1.8e-07,Power value not found in log
4706,1.1999999999999997,3.218181818181818e-14,5e-11,-40,3.6e-07,Power value not found in log
4707,1.1999999999999997,3.218181818181818e-14,5e-11,-25,1.8e-07,Power value not found in log
4709,1.1999999999999997,3.218181818181818e-14,5e-11,0,1.8e-07,Power value not found in log
4710,1.1999999999999997,3.218181818181818e-14,5e-11,0,3.6e-07,Power value not found in log
4711,1.1999999999999997,3.218181818181818e-14,5e-11,25,1.8e-07,Power value not found in log
4712,1.1999999999999997,3.218181818181818e-14,5e-11,25,3.6e-07,Power value not found in log
4714,1.1999999999999997,3.218181818181818e-14,5e-11,75,3.6e-07,Power value not found in log
4716,1.1999999999999997,3.218181818181818e-14,5e-11,100,3.6e-07,Power value not found in log
4717,1.1999999999999997,3.218181818181818e-14,5e-11,125,1.8e-07,Power value not found in log
4718,1.1999999999999997,3.218181818181818e-14,5e-11,125,3.6e-07,Power value not found in log
4719,1.1999999999999997,3.218181818181818e-14,1e-10,-40,1.8e-07,Power value not found in log
4720,1.1999999999999997,3.218181818181818e-14,1e-10,-40,3.6e-07,Power value not found in log
4723,1.1999999999999997,3.218181818181818e-14,1e-10,0,1.8e-07,Power value not found in log
4724,1.1999999999999997,3.218181818181818e-14,1e-10,0,3.6e-07,Power value not found in log
4725,1.1999999999999997,3.218181818181818e-14,1e-10,25,1.8e-07,Power value not found in log
4727,1.1999999999999997,3.218181818181818e-14,1e-10,75,1.8e-07,Power value not found in log
4728,1.1999999999999997,3.218181818181818e-14,1e-10,75,3.6e-07,Power value not found in log
4729,1.1999999999999997,3.218181818181818e-14,1e-10,100,1.8e-07,Power value not found in log
4731,1.1999999999999997,3.218181818181818e-14,1e-10,125,1.8e-07,Power value not found in log
4732,1.1999999999999997,3.218181818181818e-14,1e-10,125,3.6e-07,Power value not found in log
4733,1.1999999999999997,3.218181818181818e-14,2e-10,-40,1.8e-07,Power value not found in log
4734,1.1999999999999997,3.218181818181818e-14,2e-10,-40,3.6e-07,Power value not found in log
4735,1.1999999999999997,3.218181818181818e-14,2e-10,-25,1.8e-07,Power value not found in log
4739,1.1999999999999997,3.218181818181818e-14,2e-10,25,1.8e-07,Power value not found in log
4740,1.1999999999999997,3.218181818181818e-14,2e-10,25,3.6e-07,Power value not found in log
4741,1.1999999999999997,3.218181818181818e-14,2e-10,75,1.8e-07,Power value not found in log
4742,1.1999999999999997,3.218181818181818e-14,2e-10,75,3.6e-07,Power value not found in log
4743,1.1999999999999997,3.218181818181818e-14,2e-10,100,1.8e-07,Power value not found in log
4744,1.1999999999999997,3.218181818181818e-14,2e-10,100,3.6e-07,Power value not found in log
4745,1.1999999999999997,3.218181818181818e-14,2e-10,125,1.8e-07,Power value not found in log
4746,1.1999999999999997,3.218181818181818e-14,2e-10,125,3.6e-07,Power value not found in log
4747,1.1999999999999997,3.218181818181818e-14,4e-10,-40,1.8e-07,Power value not found in log
4748,1.1999999999999997,3.218181818181818e-14,4e-10,-40,3.6e-07,Power value not found in log
4749,1.1999999999999997,3.218181818181818e-14,4e-10,-25,1.8e-07,Power value not found in log
4751,1.1999999999999997,3.218181818181818e-14,4e-10,0,1.8e-07,Power value not found in log
4752,1.1999999999999997,3.218181818181818e-14,4e-10,0,3.6e-07,Power value not found in log
4753,1.1999999999999997,3.218181818181818e-14,4e-10,25,1.8e-07,Power value not found in log
4754,1.1999999999999997,3.218181818181818e-14,4e-10,25,3.6e-07,Power value not found in log
4755,1.1999999999999997,3.218181818181818e-14,4e-10,75,1.8e-07,Power value not found in log
4756,1.1999999999999997,3.218181818181818e-14,4e-10,75,3.6e-07,Power value not found in log
4757,1.1999999999999997,3.218181818181818e-14,4e-10,100,1.8e-07,Power value not found in log
4759,1.1999999999999997,3.218181818181818e-14,4e-10,125,1.8e-07,Power value not found in log
4760,1.1999999999999997,3.218181818181818e-14,4e-10,125,3.6e-07,Power value not found in log
4762,1.1999999999999997,3.6636363636363636e-14,1e-11,-40,3.6e-07,Power value not found in log
4764,1.1999999999999997,3.6636363636363636e-14,1e-11,-25,3.6e-07,Power value not found in log
4765,1.1999999999999997,3.6636363636363636e-14,1e-11,0,1.8e-07,Power value not found in log
4766,1.1999999999999997,3.6636363636363636e-14,1e-11,0,3.6e-07,Power value not found in log
4767,1.1999999999999997,3.6636363636363636e-14,1e-11,25,1.8e-07,Power value not found in log
4768,1.1999999999999997,3.6636363636363636e-14,1e-11,25,3.6e-07,Power value not found in log
4769,1.1999999999999997,3.6636363636363636e-14,1e-11,75,1.8e-07,Power value not found in log
4770,1.1999999999999997,3.6636363636363636e-14,1e-11,75,3.6e-07,Power value not found in log
4771,1.1999999999999997,3.6636363636363636e-14,1e-11,100,1.8e-07,Power value not found in log
4772,1.1999999999999997,3.6636363636363636e-14,1e-11,100,3.6e-07,Power value not found in log
4773,1.1999999999999997,3.6636363636363636e-14,1e-11,125,1.8e-07,Power value not found in log
4775,1.1999999999999997,3.6636363636363636e-14,5e-11,-40,1.8e-07,Power value not found in log
4777,1.1999999999999997,3.6636363636363636e-14,5e-11,-25,1.8e-07,Power value not found in log
4778,1.1999999999999997,3.6636363636363636e-14,5e-11,-25,3.6e-07,Power value not found in log
4779,1.1999999999999997,3.6636363636363636e-14,5e-11,0,1.8e-07,Power value not found in log
4780,1.1999999999999997,3.6636363636363636e-14,5e-11,0,3.6e-07,Power value not found in log
4781,1.1999999999999997,3.6636363636363636e-14,5e-11,25,1.8e-07,Power value not found in log
4782,1.1999999999999997,3.6636363636363636e-14,5e-11,25,3.6e-07,Power value not found in log
4785,1.1999999999999997,3.6636363636363636e-14,5e-11,100,1.8e-07,Power value not found in log
4786,1.1999999999999997,3.6636363636363636e-14,5e-11,100,3.6e-07,Power value not found in log
4787,1.1999999999999997,3.6636363636363636e-14,5e-11,125,1.8e-07,Power value not found in log
4789,1.1999999999999997,3.6636363636363636e-14,1e-10,-40,1.8e-07,Power value not found in log
4790,1.1999999999999997,3.6636363636363636e-14,1e-10,-40,3.6e-07,Power value not found in log
4791,1.1999999999999997,3.6636363636363636e-14,1e-10,-25,1.8e-07,Power value not found in log
4792,1.1999999999999997,3.6636363636363636e-14,1e-10,-25,3.6e-07,Power value not found in log
4793,1.1999999999999997,3.6636363636363636e-14,1e-10,0,1.8e-07,Power value not found in log
4794,1.1999999999999997,3.6636363636363636e-14,1e-10,0,3.6e-07,Power value not found in log
4795,1.1999999999999997,3.6636363636363636e-14,1e-10,25,1.8e-07,Power value not found in log
4796,1.1999999999999997,3.6636363636363636e-14,1e-10,25,3.6e-07,Power value not found in log
4797,1.1999999999999997,3.6636363636363636e-14,1e-10,75,1.8e-07,Power value not found in log
4798,1.1999999999999997,3.6636363636363636e-14,1e-10,75,3.6e-07,Power value not found in log
4799,1.1999999999999997,3.6636363636363636e-14,1e-10,100,1.8e-07,Power value not found in log
4800,1.1999999999999997,3.6636363636363636e-14,1e-10,100,3.6e-07,Power value not found in log
4802,1.1999999999999997,3.6636363636363636e-14,1e-10,125,3.6e-07,Power value not found in log
4805,1.1999999999999997,3.6636363636363636e-14,2e-10,-25,1.8e-07,Power value not found in log
4806,1.1999999999999997,3.6636363636363636e-14,2e-10,-25,3.6e-07,Power value not found in log
4807,1.1999999999999997,3.6636363636363636e-14,2e-10,0,1.8e-07,Power value not found in log
4808,1.1999999999999997,3.6636363636363636e-14,2e-10,0,3.6e-07,Power value not found in log
4809,1.1999999999999997,3.6636363636363636e-14,2e-10,25,1.8e-07,Power value not found in log
4810,1.1999999999999997,3.6636363636363636e-14,2e-10,25,3.6e-07,Power value not found in log
4811,1.1999999999999997,3.6636363636363636e-14,2e-10,75,1.8e-07,Power value not found in log
4812,1.1999999999999997,3.6636363636363636e-14,2e-10,75,3.6e-07,Power value not found in log
4813,1.1999999999999997,3.6636363636363636e-14,2e-10,100,1.8e-07,Power value not found in log
4814,1.1999999999999997,3.6636363636363636e-14,2e-10,100,3.6e-07,Power value not found in log
4815,1.1999999999999997,3.6636363636363636e-14,2e-10,125,1.8e-07,Power value not found in log
4816,1.1999999999999997,3.6636363636363636e-14,2e-10,125,3.6e-07,Power value not found in log
4817,1.1999999999999997,3.6636363636363636e-14,4e-10,-40,1.8e-07,Power value not found in log
4818,1.1999999999999997,3.6636363636363636e-14,4e-10,-40,3.6e-07,Power value not found in log
4819,1.1999999999999997,3.6636363636363636e-14,4e-10,-25,1.8e-07,Power value not found in log
4820,1.1999999999999997,3.6636363636363636e-14,4e-10,-25,3.6e-07,Power value not found in log
4822,1.1999999999999997,3.6636363636363636e-14,4e-10,0,3.6e-07,Power value not found in log
4823,1.1999999999999997,3.6636363636363636e-14,4e-10,25,1.8e-07,Power value not found in log
4824,1.1999999999999997,3.6636363636363636e-14,4e-10,25,3.6e-07,Power value not found in log
4825,1.1999999999999997,3.6636363636363636e-14,4e-10,75,1.8e-07,Power value not found in log
4826,1.1999999999999997,3.6636363636363636e-14,4e-10,75,3.6e-07,Power value not found in log
4827,1.1999999999999997,3.6636363636363636e-14,4e-10,100,1.8e-07,Power value not found in log
4828,1.1999999999999997,3.6636363636363636e-14,4e-10,100,3.6e-07,Power value not found in log
4829,1.1999999999999997,3.6636363636363636e-14,4e-10,125,1.8e-07,Power value not found in log
4830,1.1999999999999997,3.6636363636363636e-14,4e-10,125,3.6e-07,Power value not found in log
4832,1.1999999999999997,4.109090909090909e-14,1e-11,-40,3.6e-07,Power value not found in log
4833,1.1999999999999997,4.109090909090909e-14,1e-11,-25,1.8e-07,Power value not found in log
4835,1.1999999999999997,4.109090909090909e-14,1e-11,0,1.8e-07,Power value not found in log
4836,1.1999999999999997,4.109090909090909e-14,1e-11,0,3.6e-07,Power value not found in log
4837,1.1999999999999997,4.109090909090909e-14,1e-11,25,1.8e-07,Power value not found in log
4838,1.1999999999999997,4.109090909090909e-14,1e-11,25,3.6e-07,Power value not found in log
4839,1.1999999999999997,4.109090909090909e-14,1e-11,75,1.8e-07,Power value not found in log
4840,1.1999999999999997,4.109090909090909e-14,1e-11,75,3.6e-07,Power value not found in log
4841,1.1999999999999997,4.109090909090909e-14,1e-11,100,1.8e-07,Power value not found in log
4842,1.1999999999999997,4.109090909090909e-14,1e-11,100,3.6e-07,Power value not found in log
4843,1.1999999999999997,4.109090909090909e-14,1e-11,125,1.8e-07,Power value not found in log
4844,1.1999999999999997,4.109090909090909e-14,1e-11,125,3.6e-07,Power value not found in log
4846,1.1999999999999997,4.109090909090909e-14,5e-11,-40,3.6e-07,Power value not found in log
4847,1.1999999999999997,4.109090909090909e-14,5e-11,-25,1.8e-07,Power value not found in log
4848,1.1999999999999997,4.109090909090909e-14,5e-11,-25,3.6e-07,Power value not found in log
4849,1.1999999999999997,4.109090909090909e-14,5e-11,0,1.8e-07,Power value not found in log
4850,1.1999999999999997,4.109090909090909e-14,5e-11,0,3.6e-07,Power value not found in log
4852,1.1999999999999997,4.109090909090909e-14,5e-11,25,3.6e-07,Power value not found in log
4853,1.1999999999999997,4.109090909090909e-14,5e-11,75,1.8e-07,Power value not found in log
4855,1.1999999999999997,4.109090909090909e-14,5e-11,100,1.8e-07,Power value not found in log
4857,1.1999999999999997,4.109090909090909e-14,5e-11,125,1.8e-07,Power value not found in log
4858,1.1999999999999997,4.109090909090909e-14,5e-11,125,3.6e-07,Power value not found in log
4859,1.1999999999999997,4.109090909090909e-14,1e-10,-40,1.8e-07,Power value not found in log
4860,1.1999999999999997,4.109090909090909e-14,1e-10,-40,3.6e-07,Power value not found in log
4861,1.1999999999999997,4.109090909090909e-14,1e-10,-25,1.8e-07,Power value not found in log
4863,1.1999999999999997,4.109090909090909e-14,1e-10,0,1.8e-07,Power value not found in log
4864,1.1999999999999997,4.109090909090909e-14,1e-10,0,3.6e-07,Power value not found in log
4866,1.1999999999999997,4.109090909090909e-14,1e-10,25,3.6e-07,Power value not found in log
4867,1.1999999999999997,4.109090909090909e-14,1e-10,75,1.8e-07,Power value not found in log
4868,1.1999999999999997,4.109090909090909e-14,1e-10,75,3.6e-07,Power value not found in log
4870,1.1999999999999997,4.109090909090909e-14,1e-10,100,3.6e-07,Power value not found in log
4871,1.1999999999999997,4.109090909090909e-14,1e-10,125,1.8e-07,Power value not found in log
4873,1.1999999999999997,4.109090909090909e-14,2e-10,-40,1.8e-07,Power value not found in log
4874,1.1999999999999997,4.109090909090909e-14,2e-10,-40,3.6e-07,Power value not found in log
4876,1.1999999999999997,4.109090909090909e-14,2e-10,-25,3.6e-07,Power value not found in log
4877,1.1999999999999997,4.109090909090909e-14,2e-10,0,1.8e-07,Power value not found in log
4878,1.1999999999999997,4.109090909090909e-14,2e-10,0,3.6e-07,Power value not found in log
4879,1.1999999999999997,4.109090909090909e-14,2e-10,25,1.8e-07,Power value not found in log
4881,1.1999999999999997,4.109090909090909e-14,2e-10,75,1.8e-07,Power value not found in log
4882,1.1999999999999997,4.109090909090909e-14,2e-10,75,3.6e-07,Power value not found in log
4883,1.1999999999999997,4.109090909090909e-14,2e-10,100,1.8e-07,Power value not found in log
4884,1.1999999999999997,4.109090909090909e-14,2e-10,100,3.6e-07,Power value not found in log
4886,1.1999999999999997,4.109090909090909e-14,2e-10,125,3.6e-07,Power value not found in log
4888,1.1999999999999997,4.109090909090909e-14,4e-10,-40,3.6e-07,Power value not found in log
4889,1.1999999999999997,4.109090909090909e-14,4e-10,-25,1.8e-07,Power value not found in log
4890,1.1999999999999997,4.109090909090909e-14,4e-10,-25,3.6e-07,Power value not found in log
4891,1.1999999999999997,4.109090909090909e-14,4e-10,0,1.8e-07,Power value not found in log
4892,1.1999999999999997,4.109090909090909e-14,4e-10,0,3.6e-07,Power value not found in log
4893,1.1999999999999997,4.109090909090909e-14,4e-10,25,1.8e-07,Power value not found in log
4894,1.1999999999999997,4.109090909090909e-14,4e-10,25,3.6e-07,Power value not found in log
4895,1.1999999999999997,4.109090909090909e-14,4e-10,75,1.8e-07,Power value not found in log
4896,1.1999999999999997,4.109090909090909e-14,4e-10,75,3.6e-07,Power value not found in log
4897,1.1999999999999997,4.109090909090909e-14,4e-10,100,1.8e-07,Power value not found in log
4899,1.1999999999999997,4.109090909090909e-14,4e-10,125,1.8e-07,Power value not found in log
4900,1.1999999999999997,4.109090909090909e-14,4e-10,125,3.6e-07,Power value not found in log
4902,1.1999999999999997,4.5545454545454544e-14,1e-11,-40,3.6e-07,Power value not found in log
4904,1.1999999999999997,4.5545454545454544e-14,1e-11,-25,3.6e-07,Power value not found in log
4905,1.1999999999999997,4.5545454545454544e-14,1e-11,0,1.8e-07,Power value not found in log
4906,1.1999999999999997,4.5545454545454544e-14,1e-11,0,3.6e-07,Power value not found in log
4908,1.1999999999999997,4.5545454545454544e-14,1e-11,25,3.6e-07,Power value not found in log
4909,1.1999999999999997,4.5545454545454544e-14,1e-11,75,1.8e-07,Power value not found in log
4910,1.1999999999999997,4.5545454545454544e-14,1e-11,75,3.6e-07,Power value not found in log
4911,1.1999999999999997,4.5545454545454544e-14,1e-11,100,1.8e-07,Power value not found in log
4912,1.1999999999999997,4.5545454545454544e-14,1e-11,100,3.6e-07,Power value not found in log
4913,1.1999999999999997,4.5545454545454544e-14,1e-11,125,1.8e-07,Power value not found in log
4916,1.1999999999999997,4.5545454545454544e-14,5e-11,-40,3.6e-07,Power value not found in log
4917,1.1999999999999997,4.5545454545454544e-14,5e-11,-25,1.8e-07,Power value not found in log
4919,1.1999999999999997,4.5545454545454544e-14,5e-11,0,1.8e-07,Power value not found in log
4920,1.1999999999999997,4.5545454545454544e-14,5e-11,0,3.6e-07,Power value not found in log
4923,1.1999999999999997,4.5545454545454544e-14,5e-11,75,1.8e-07,Power value not found in log
4924,1.1999999999999997,4.5545454545454544e-14,5e-11,75,3.6e-07,Power value not found in log
4925,1.1999999999999997,4.5545454545454544e-14,5e-11,100,1.8e-07,Power value not found in log
4926,1.1999999999999997,4.5545454545454544e-14,5e-11,100,3.6e-07,Power value not found in log
4927,1.1999999999999997,4.5545454545454544e-14,5e-11,125,1.8e-07,Power value not found in log
4929,1.1999999999999997,4.5545454545454544e-14,1e-10,-40,1.8e-07,Power value not found in log
4930,1.1999999999999997,4.5545454545454544e-14,1e-10,-40,3.6e-07,Power value not found in log
4931,1.1999999999999997,4.5545454545454544e-14,1e-10,-25,1.8e-07,Power value not found in log
4932,1.1999999999999997,4.5545454545454544e-14,1e-10,-25,3.6e-07,Power value not found in log
4933,1.1999999999999997,4.5545454545454544e-14,1e-10,0,1.8e-07,Power value not found in log
4934,1.1999999999999997,4.5545454545454544e-14,1e-10,0,3.6e-07,Power value not found in log
4936,1.1999999999999997,4.5545454545454544e-14,1e-10,25,3.6e-07,Power value not found in log
4937,1.1999999999999997,4.5545454545454544e-14,1e-10,75,1.8e-07,Power value not found in log
4938,1.1999999999999997,4.5545454545454544e-14,1e-10,75,3.6e-07,Power value not found in log
4939,1.1999999999999997,4.5545454545454544e-14,1e-10,100,1.8e-07,Power value not found in log
4944,1.1999999999999997,4.5545454545454544e-14,2e-10,-40,3.6e-07,Power value not found in log
4946,1.1999999999999997,4.5545454545454544e-14,2e-10,-25,3.6e-07,Power value not found in log
4947,1.1999999999999997,4.5545454545454544e-14,2e-10,0,1.8e-07,Power value not found in log
4948,1.1999999999999997,4.5545454545454544e-14,2e-10,0,3.6e-07,Power value not found in log
4949,1.1999999999999997,4.5545454545454544e-14,2e-10,25,1.8e-07,Power value not found in log
4951,1.1999999999999997,4.5545454545454544e-14,2e-10,75,1.8e-07,Power value not found in log
4952,1.1999999999999997,4.5545454545454544e-14,2e-10,75,3.6e-07,Power value not found in log
4954,1.1999999999999997,4.5545454545454544e-14,2e-10,100,3.6e-07,Power value not found in log
4956,1.1999999999999997,4.5545454545454544e-14,2e-10,125,3.6e-07,Power value not found in log
4957,1.1999999999999997,4.5545454545454544e-14,4e-10,-40,1.8e-07,Power value not found in log
4959,1.1999999999999997,4.5545454545454544e-14,4e-10,-25,1.8e-07,Power value not found in log
4960,1.1999999999999997,4.5545454545454544e-14,4e-10,-25,3.6e-07,Power value not found in log
4961,1.1999999999999997,4.5545454545454544e-14,4e-10,0,1.8e-07,Power value not found in log
4962,1.1999999999999997,4.5545454545454544e-14,4e-10,0,3.6e-07,Power value not found in log
4963,1.1999999999999997,4.5545454545454544e-14,4e-10,25,1.8e-07,Power value not found in log
4964,1.1999999999999997,4.5545454545454544e-14,4e-10,25,3.6e-07,Power value not found in log
4965,1.1999999999999997,4.5545454545454544e-14,4e-10,75,1.8e-07,Power value not found in log
4966,1.1999999999999997,4.5545454545454544e-14,4e-10,75,3.6e-07,Power value not found in log
4967,1.1999999999999997,4.5545454545454544e-14,4e-10,100,1.8e-07,Power value not found in log
4968,1.1999999999999997,4.5545454545454544e-14,4e-10,100,3.6e-07,Power value not found in log
4970,1.1999999999999997,4.5545454545454544e-14,4e-10,125,3.6e-07,Power value not found in log
4971,1.1999999999999997,5e-14,1e-11,-40,1.8e-07,Power value not found in log
4973,1.1999999999999997,5e-14,1e-11,-25,1.8e-07,Power value not found in log
4974,1.1999999999999997,5e-14,1e-11,-25,3.6e-07,Power value not found in log
4976,1.1999999999999997,5e-14,1e-11,0,3.6e-07,Power value not found in log
4978,1.1999999999999997,5e-14,1e-11,25,3.6e-07,Power value not found in log
4979,1.1999999999999997,5e-14,1e-11,75,1.8e-07,Power value not found in log
4980,1.1999999999999997,5e-14,1e-11,75,3.6e-07,Power value not found in log
4981,1.1999999999999997,5e-14,1e-11,100,1.8e-07,Power value not found in log
4982,1.1999999999999997,5e-14,1e-11,100,3.6e-07,Power value not found in log
4984,1.1999999999999997,5e-14,1e-11,125,3.6e-07,Power value not found in log
4985,1.1999999999999997,5e-14,5e-11,-40,1.8e-07,Power value not found in log
4987,1.1999999999999997,5e-14,5e-11,-25,1.8e-07,Power value not found in log
4988,1.1999999999999997,5e-14,5e-11,-25,3.6e-07,Power value not found in log
4990,1.1999999999999997,5e-14,5e-11,0,3.6e-07,Power value not found in log
4991,1.1999999999999997,5e-14,5e-11,25,1.8e-07,Power value not found in log
4992,1.1999999999999997,5e-14,5e-11,25,3.6e-07,Power value not found in log
4993,1.1999999999999997,5e-14,5e-11,75,1.8e-07,Power value not found in log
4994,1.1999999999999997,5e-14,5e-11,75,3.6e-07,Power value not found in log
4995,1.1999999999999997,5e-14,5e-11,100,1.8e-07,Power value not found in log
4996,1.1999999999999997,5e-14,5e-11,100,3.6e-07,Power value not found in log
4998,1.1999999999999997,5e-14,5e-11,125,3.6e-07,Power value not found in log
4999,1.1999999999999997,5e-14,1e-10,-40,1.8e-07,Power value not found in log
5000,1.1999999999999997,5e-14,1e-10,-40,3.6e-07,Power value not found in log
5002,1.1999999999999997,5e-14,1e-10,-25,3.6e-07,Power value not found in log
5003,1.1999999999999997,5e-14,1e-10,0,1.8e-07,Power value not found in log
5004,1.1999999999999997,5e-14,1e-10,0,3.6e-07,Power value not found in log
5006,1.1999999999999997,5e-14,1e-10,25,3.6e-07,Power value not found in log
5007,1.1999999999999997,5e-14,1e-10,75,1.8e-07,Power value not found in log
5008,1.1999999999999997,5e-14,1e-10,75,3.6e-07,Power value not found in log
5009,1.1999999999999997,5e-14,1e-10,100,1.8e-07,Power value not found in log
5010,1.1999999999999997,5e-14,1e-10,100,3.6e-07,Power value not found in log
5011,1.1999999999999997,5e-14,1e-10,125,1.8e-07,Power value not found in log
5012,1.1999999999999997,5e-14,1e-10,125,3.6e-07,Power value not found in log
5013,1.1999999999999997,5e-14,2e-10,-40,1.8e-07,Power value not found in log
5014,1.1999999999999997,5e-14,2e-10,-40,3.6e-07,Power value not found in log
5015,1.1999999999999997,5e-14,2e-10,-25,1.8e-07,Power value not found in log
5016,1.1999999999999997,5e-14,2e-10,-25,3.6e-07,Power value not found in log
5017,1.1999999999999997,5e-14,2e-10,0,1.8e-07,Power value not found in log
5018,1.1999999999999997,5e-14,2e-10,0,3.6e-07,Power value not found in log
5019,1.1999999999999997,5e-14,2e-10,25,1.8e-07,Power value not found in log
5020,1.1999999999999997,5e-14,2e-10,25,3.6e-07,Power value not found in log
5021,1.1999999999999997,5e-14,2e-10,75,1.8e-07,Power value not found in log
5023,1.1999999999999997,5e-14,2e-10,100,1.8e-07,Power value not found in log
5024,1.1999999999999997,5e-14,2e-10,100,3.6e-07,Power value not found in log
5025,1.1999999999999997,5e-14,2e-10,125,1.8e-07,Power value not found in log
5027,1.1999999999999997,5e-14,4e-10,-40,1.8e-07,Power value not found in log
5028,1.1999999999999997,5e-14,4e-10,-40,3.6e-07,Power value not found in log
5029,1.1999999999999997,5e-14,4e-10,-25,1.8e-07,Power value not found in log
5030,1.1999999999999997,5e-14,4e-10,-25,3.6e-07,Power value not found in log
5031,1.1999999999999997,5e-14,4e-10,0,1.8e-07,Power value not found in log
5032,1.1999999999999997,5e-14,4e-10,0,3.6e-07,Power value not found in log
5033,1.1999999999999997,5e-14,4e-10,25,1.8e-07,Power value not found in log
5034,1.1999999999999997,5e-14,4e-10,25,3.6e-07,Power value not found in log
5035,1.1999999999999997,5e-14,4e-10,75,1.8e-07,Power value not found in log
5037,1.1999999999999997,5e-14,4e-10,100,1.8e-07,Power value not found in log
5038,1.1999999999999997,5e-14,4e-10,100,3.6e-07,Power value not found in log
5039,1.1999999999999997,5e-14,4e-10,125,1.8e-07,Power value not found in log
5040,1.1999999999999997,5e-14,4e-10,125,3.6e-07,Power value not found in log
5041,1.2999999999999998,1e-15,1e-11,-40,1.8e-07,Power value not found in log
5042,1.2999999999999998,1e-15,1e-11,-40,3.6e-07,Power value not found in log
5043,1.2999999999999998,1e-15,1e-11,-25,1.8e-07,Power value not found in log
5044,1.2999999999999998,1e-15,1e-11,-25,3.6e-07,Power value not found in log
5045,1.2999999999999998,1e-15,1e-11,0,1.8e-07,Power value not found in log
5046,1.2999999999999998,1e-15,1e-11,0,3.6e-07,Power value not found in log
5047,1.2999999999999998,1e-15,1e-11,25,1.8e-07,Power value not found in log
5048,1.2999999999999998,1e-15,1e-11,25,3.6e-07,Power value not found in log
5050,1.2999999999999998,1e-15,1e-11,75,3.6e-07,Power value not found in log
5051,1.2999999999999998,1e-15,1e-11,100,1.8e-07,Power value not found in log
5052,1.2999999999999998,1e-15,1e-11,100,3.6e-07,Power value not found in log
5053,1.2999999999999998,1e-15,1e-11,125,1.8e-07,Power value not found in log
5054,1.2999999999999998,1e-15,1e-11,125,3.6e-07,Power value not found in log
5056,1.2999999999999998,1e-15,5e-11,-40,3.6e-07,Power value not found in log
5057,1.2999999999999998,1e-15,5e-11,-25,1.8e-07,Power value not found in log
5060,1.2999999999999998,1e-15,5e-11,0,3.6e-07,Power value not found in log
5061,1.2999999999999998,1e-15,5e-11,25,1.8e-07,Power value not found in log
5062,1.2999999999999998,1e-15,5e-11,25,3.6e-07,Power value not found in log
5064,1.2999999999999998,1e-15,5e-11,75,3.6e-07,Power value not found in log
5065,1.2999999999999998,1e-15,5e-11,100,1.8e-07,Power value not found in log
5066,1.2999999999999998,1e-15,5e-11,100,3.6e-07,Power value not found in log
5068,1.2999999999999998,1e-15,5e-11,125,3.6e-07,Power value not found in log
5069,1.2999999999999998,1e-15,1e-10,-40,1.8e-07,Power value not found in log
5071,1.2999999999999998,1e-15,1e-10,-25,1.8e-07,Power value not found in log
5072,1.2999999999999998,1e-15,1e-10,-25,3.6e-07,Power value not found in log
5073,1.2999999999999998,1e-15,1e-10,0,1.8e-07,Power value not found in log
5074,1.2999999999999998,1e-15,1e-10,0,3.6e-07,Power value not found in log
5076,1.2999999999999998,1e-15,1e-10,25,3.6e-07,Power value not found in log
5077,1.2999999999999998,1e-15,1e-10,75,1.8e-07,Power value not found in log
5078,1.2999999999999998,1e-15,1e-10,75,3.6e-07,Power value not found in log
5079,1.2999999999999998,1e-15,1e-10,100,1.8e-07,Power value not found in log
5080,1.2999999999999998,1e-15,1e-10,100,3.6e-07,Power value not found in log
5081,1.2999999999999998,1e-15,1e-10,125,1.8e-07,Power value not found in log
5082,1.2999999999999998,1e-15,1e-10,125,3.6e-07,Power value not found in log
5084,1.2999999999999998,1e-15,2e-10,-40,3.6e-07,Power value not found in log
5085,1.2999999999999998,1e-15,2e-10,-25,1.8e-07,Power value not found in log
5086,1.2999999999999998,1e-15,2e-10,-25,3.6e-07,Power value not found in log
5087,1.2999999999999998,1e-15,2e-10,0,1.8e-07,Power value not found in log
5088,1.2999999999999998,1e-15,2e-10,0,3.6e-07,Power value not found in log
5090,1.2999999999999998,1e-15,2e-10,25,3.6e-07,Power value not found in log
5092,1.2999999999999998,1e-15,2e-10,75,3.6e-07,Power value not found in log
5093,1.2999999999999998,1e-15,2e-10,100,1.8e-07,Power value not found in log
5094,1.2999999999999998,1e-15,2e-10,100,3.6e-07,Power value not found in log
5095,1.2999999999999998,1e-15,2e-10,125,1.8e-07,Power value not found in log
5096,1.2999999999999998,1e-15,2e-10,125,3.6e-07,Power value not found in log
5097,1.2999999999999998,1e-15,4e-10,-40,1.8e-07,Power value not found in log
5098,1.2999999999999998,1e-15,4e-10,-40,3.6e-07,Power value not found in log
5099,1.2999999999999998,1e-15,4e-10,-25,1.8e-07,Power value not found in log
5100,1.2999999999999998,1e-15,4e-10,-25,3.6e-07,Power value not found in log
5101,1.2999999999999998,1e-15,4e-10,0,1.8e-07,Power value not found in log
5102,1.2999999999999998,1e-15,4e-10,0,3.6e-07,Power value not found in log
5103,1.2999999999999998,1e-15,4e-10,25,1.8e-07,Power value not found in log
5104,1.2999999999999998,1e-15,4e-10,25,3.6e-07,Power value not found in log
5105,1.2999999999999998,1e-15,4e-10,75,1.8e-07,Power value not found in log
5107,1.2999999999999998,1e-15,4e-10,100,1.8e-07,Power value not found in log
5108,1.2999999999999998,1e-15,4e-10,100,3.6e-07,Power value not found in log
5109,1.2999999999999998,1e-15,4e-10,125,1.8e-07,Power value not found in log
5111,1.2999999999999998,5.454545454545455e-15,1e-11,-40,1.8e-07,Power value not found in log
5112,1.2999999999999998,5.454545454545455e-15,1e-11,-40,3.6e-07,Power value not found in log
5113,1.2999999999999998,5.454545454545455e-15,1e-11,-25,1.8e-07,Power value not found in log
5114,1.2999999999999998,5.454545454545455e-15,1e-11,-25,3.6e-07,Power value not found in log
5115,1.2999999999999998,5.454545454545455e-15,1e-11,0,1.8e-07,Power value not found in log
5117,1.2999999999999998,5.454545454545455e-15,1e-11,25,1.8e-07,Power value not found in log
5118,1.2999999999999998,5.454545454545455e-15,1e-11,25,3.6e-07,Power value not found in log
5120,1.2999999999999998,5.454545454545455e-15,1e-11,75,3.6e-07,Power value not found in log
5121,1.2999999999999998,5.454545454545455e-15,1e-11,100,1.8e-07,Power value not found in log
5122,1.2999999999999998,5.454545454545455e-15,1e-11,100,3.6e-07,Power value not found in log
5123,1.2999999999999998,5.454545454545455e-15,1e-11,125,1.8e-07,Power value not found in log
5124,1.2999999999999998,5.454545454545455e-15,1e-11,125,3.6e-07,Power value not found in log
5125,1.2999999999999998,5.454545454545455e-15,5e-11,-40,1.8e-07,Power value not found in log
5127,1.2999999999999998,5.454545454545455e-15,5e-11,-25,1.8e-07,Power value not found in log
5128,1.2999999999999998,5.454545454545455e-15,5e-11,-25,3.6e-07,Power value not found in log
5129,1.2999999999999998,5.454545454545455e-15,5e-11,0,1.8e-07,Power value not found in log
5130,1.2999999999999998,5.454545454545455e-15,5e-11,0,3.6e-07,Power value not found in log
5131,1.2999999999999998,5.454545454545455e-15,5e-11,25,1.8e-07,Power value not found in log
5132,1.2999999999999998,5.454545454545455e-15,5e-11,25,3.6e-07,Power value not found in log
5133,1.2999999999999998,5.454545454545455e-15,5e-11,75,1.8e-07,Power value not found in log
5134,1.2999999999999998,5.454545454545455e-15,5e-11,75,3.6e-07,Power value not found in log
5135,1.2999999999999998,5.454545454545455e-15,5e-11,100,1.8e-07,Power value not found in log
5136,1.2999999999999998,5.454545454545455e-15,5e-11,100,3.6e-07,Power value not found in log
5137,1.2999999999999998,5.454545454545455e-15,5e-11,125,1.8e-07,Power value not found in log
5138,1.2999999999999998,5.454545454545455e-15,5e-11,125,3.6e-07,Power value not found in log
5140,1.2999999999999998,5.454545454545455e-15,1e-10,-40,3.6e-07,Power value not found in log
5142,1.2999999999999998,5.454545454545455e-15,1e-10,-25,3.6e-07,Power value not found in log
5144,1.2999999999999998,5.454545454545455e-15,1e-10,0,3.6e-07,Power value not found in log
5145,1.2999999999999998,5.454545454545455e-15,1e-10,25,1.8e-07,Power value not found in log
5146,1.2999999999999998,5.454545454545455e-15,1e-10,25,3.6e-07,Power value not found in log
5147,1.2999999999999998,5.454545454545455e-15,1e-10,75,1.8e-07,Power value not found in log
5149,1.2999999999999998,5.454545454545455e-15,1e-10,100,1.8e-07,Power value not found in log
5150,1.2999999999999998,5.454545454545455e-15,1e-10,100,3.6e-07,Power value not found in log
5151,1.2999999999999998,5.454545454545455e-15,1e-10,125,1.8e-07,Power value not found in log
5152,1.2999999999999998,5.454545454545455e-15,1e-10,125,3.6e-07,Power value not found in log
5154,1.2999999999999998,5.454545454545455e-15,2e-10,-40,3.6e-07,Power value not found in log
5156,1.2999999999999998,5.454545454545455e-15,2e-10,-25,3.6e-07,Power value not found in log
5157,1.2999999999999998,5.454545454545455e-15,2e-10,0,1.8e-07,Power value not found in log
5158,1.2999999999999998,5.454545454545455e-15,2e-10,0,3.6e-07,Power value not found in log
5159,1.2999999999999998,5.454545454545455e-15,2e-10,25,1.8e-07,Power value not found in log
5160,1.2999999999999998,5.454545454545455e-15,2e-10,25,3.6e-07,Power value not found in log
5161,1.2999999999999998,5.454545454545455e-15,2e-10,75,1.8e-07,Power value not found in log
5162,1.2999999999999998,5.454545454545455e-15,2e-10,75,3.6e-07,Power value not found in log
5163,1.2999999999999998,5.454545454545455e-15,2e-10,100,1.8e-07,Power value not found in log
5164,1.2999999999999998,5.454545454545455e-15,2e-10,100,3.6e-07,Power value not found in log
5165,1.2999999999999998,5.454545454545455e-15,2e-10,125,1.8e-07,Power value not found in log
5166,1.2999999999999998,5.454545454545455e-15,2e-10,125,3.6e-07,Power value not found in log
5167,1.2999999999999998,5.454545454545455e-15,4e-10,-40,1.8e-07,Power value not found in log
5169,1.2999999999999998,5.454545454545455e-15,4e-10,-25,1.8e-07,Power value not found in log
5171,1.2999999999999998,5.454545454545455e-15,4e-10,0,1.8e-07,Power value not found in log
5172,1.2999999999999998,5.454545454545455e-15,4e-10,0,3.6e-07,Power value not found in log
5173,1.2999999999999998,5.454545454545455e-15,4e-10,25,1.8e-07,Power value not found in log
5174,1.2999999999999998,5.454545454545455e-15,4e-10,25,3.6e-07,Power value not found in log
5175,1.2999999999999998,5.454545454545455e-15,4e-10,75,1.8e-07,Power value not found in log
5177,1.2999999999999998,5.454545454545455e-15,4e-10,100,1.8e-07,Power value not found in log
5178,1.2999999999999998,5.454545454545455e-15,4e-10,100,3.6e-07,Power value not found in log
5179,1.2999999999999998,5.454545454545455e-15,4e-10,125,1.8e-07,Power value not found in log
5180,1.2999999999999998,5.454545454545455e-15,4e-10,125,3.6e-07,Power value not found in log
5183,1.2999999999999998,9.909090909090909e-15,1e-11,-25,1.8e-07,Power value not found in log
5184,1.2999999999999998,9.909090909090909e-15,1e-11,-25,3.6e-07,Power value not found in log
5185,1.2999999999999998,9.909090909090909e-15,1e-11,0,1.8e-07,Power value not found in log
5187,1.2999999999999998,9.909090909090909e-15,1e-11,25,1.8e-07,Power value not found in log
5188,1.2999999999999998,9.909090909090909e-15,1e-11,25,3.6e-07,Power value not found in log
5189,1.2999999999999998,9.909090909090909e-15,1e-11,75,1.8e-07,Power value not found in log
5191,1.2999999999999998,9.909090909090909e-15,1e-11,100,1.8e-07,Power value not found in log
5193,1.2999999999999998,9.909090909090909e-15,1e-11,125,1.8e-07,Power value not found in log
5194,1.2999999999999998,9.909090909090909e-15,1e-11,125,3.6e-07,Power value not found in log
5195,1.2999999999999998,9.909090909090909e-15,5e-11,-40,1.8e-07,Power value not found in log
5196,1.2999999999999998,9.909090909090909e-15,5e-11,-40,3.6e-07,Power value not found in log
5197,1.2999999999999998,9.909090909090909e-15,5e-11,-25,1.8e-07,Power value not found in log
5198,1.2999999999999998,9.909090909090909e-15,5e-11,-25,3.6e-07,Power value not found in log
5199,1.2999999999999998,9.909090909090909e-15,5e-11,0,1.8e-07,Power value not found in log
5200,1.2999999999999998,9.909090909090909e-15,5e-11,0,3.6e-07,Power value not found in log
5201,1.2999999999999998,9.909090909090909e-15,5e-11,25,1.8e-07,Power value not found in log
5202,1.2999999999999998,9.909090909090909e-15,5e-11,25,3.6e-07,Power value not found in log
5204,1.2999999999999998,9.909090909090909e-15,5e-11,75,3.6e-07,Power value not found in log
5205,1.2999999999999998,9.909090909090909e-15,5e-11,100,1.8e-07,Power value not found in log
5206,1.2999999999999998,9.909090909090909e-15,5e-11,100,3.6e-07,Power value not found in log
5207,1.2999999999999998,9.909090909090909e-15,5e-11,125,1.8e-07,Power value not found in log
5208,1.2999999999999998,9.909090909090909e-15,5e-11,125,3.6e-07,Power value not found in log
5209,1.2999999999999998,9.909090909090909e-15,1e-10,-40,1.8e-07,Power value not found in log
5210,1.2999999999999998,9.909090909090909e-15,1e-10,-40,3.6e-07,Power value not found in log
5211,1.2999999999999998,9.909090909090909e-15,1e-10,-25,1.8e-07,Power value not found in log
5212,1.2999999999999998,9.909090909090909e-15,1e-10,-25,3.6e-07,Power value not found in log
5213,1.2999999999999998,9.909090909090909e-15,1e-10,0,1.8e-07,Power value not found in log
5214,1.2999999999999998,9.909090909090909e-15,1e-10,0,3.6e-07,Power value not found in log
5215,1.2999999999999998,9.909090909090909e-15,1e-10,25,1.8e-07,Power value not found in log
5217,1.2999999999999998,9.909090909090909e-15,1e-10,75,1.8e-07,Power value not found in log
5219,1.2999999999999998,9.909090909090909e-15,1e-10,100,1.8e-07,Power value not found in log
5220,1.2999999999999998,9.909090909090909e-15,1e-10,100,3.6e-07,Power value not found in log
5221,1.2999999999999998,9.909090909090909e-15,1e-10,125,1.8e-07,Power value not found in log
5222,1.2999999999999998,9.909090909090909e-15,1e-10,125,3.6e-07,Power value not found in log
5223,1.2999999999999998,9.909090909090909e-15,2e-10,-40,1.8e-07,Power value not found in log
5224,1.2999999999999998,9.909090909090909e-15,2e-10,-40,3.6e-07,Power value not found in log
5225,1.2999999999999998,9.909090909090909e-15,2e-10,-25,1.8e-07,Power value not found in log
5226,1.2999999999999998,9.909090909090909e-15,2e-10,-25,3.6e-07,Power value not found in log
5227,1.2999999999999998,9.909090909090909e-15,2e-10,0,1.8e-07,Power value not found in log
5228,1.2999999999999998,9.909090909090909e-15,2e-10,0,3.6e-07,Power value not found in log
5229,1.2999999999999998,9.909090909090909e-15,2e-10,25,1.8e-07,Power value not found in log
5231,1.2999999999999998,9.909090909090909e-15,2e-10,75,1.8e-07,Power value not found in log
5232,1.2999999999999998,9.909090909090909e-15,2e-10,75,3.6e-07,Power value not found in log
5233,1.2999999999999998,9.909090909090909e-15,2e-10,100,1.8e-07,Power value not found in log
5234,1.2999999999999998,9.909090909090909e-15,2e-10,100,3.6e-07,Power value not found in log
5236,1.2999999999999998,9.909090909090909e-15,2e-10,125,3.6e-07,Power value not found in log
5237,1.2999999999999998,9.909090909090909e-15,4e-10,-40,1.8e-07,Power value not found in log
5239,1.2999999999999998,9.909090909090909e-15,4e-10,-25,1.8e-07,Power value not found in log
5241,1.2999999999999998,9.909090909090909e-15,4e-10,0,1.8e-07,Power value not found in log
5242,1.2999999999999998,9.909090909090909e-15,4e-10,0,3.6e-07,Power value not found in log
5243,1.2999999999999998,9.909090909090909e-15,4e-10,25,1.8e-07,Power value not found in log
5244,1.2999999999999998,9.909090909090909e-15,4e-10,25,3.6e-07,Power value not found in log
5246,1.2999999999999998,9.909090909090909e-15,4e-10,75,3.6e-07,Power value not found in log
5247,1.2999999999999998,9.909090909090909e-15,4e-10,100,1.8e-07,Power value not found in log
5248,1.2999999999999998,9.909090909090909e-15,4e-10,100,3.6e-07,Power value not found in log
5250,1.2999999999999998,9.909090909090909e-15,4e-10,125,3.6e-07,Power value not found in log
5251,1.2999999999999998,1.436363636363636e-14,1e-11,-40,1.8e-07,Power value not found in log
5252,1.2999999999999998,1.436363636363636e-14,1e-11,-40,3.6e-07,Power value not found in log
5254,1.2999999999999998,1.436363636363636e-14,1e-11,-25,3.6e-07,Power value not found in log
5255,1.2999999999999998,1.436363636363636e-14,1e-11,0,1.8e-07,Power value not found in log
5256,1.2999999999999998,1.436363636363636e-14,1e-11,0,3.6e-07,Power value not found in log
5257,1.2999999999999998,1.436363636363636e-14,1e-11,25,1.8e-07,Power value not found in log
5260,1.2999999999999998,1.436363636363636e-14,1e-11,75,3.6e-07,Power value not found in log
5261,1.2999999999999998,1.436363636363636e-14,1e-11,100,1.8e-07,Power value not found in log
5262,1.2999999999999998,1.436363636363636e-14,1e-11,100,3.6e-07,Power value not found in log
5263,1.2999999999999998,1.436363636363636e-14,1e-11,125,1.8e-07,Power value not found in log
5264,1.2999999999999998,1.436363636363636e-14,1e-11,125,3.6e-07,Power value not found in log
5265,1.2999999999999998,1.436363636363636e-14,5e-11,-40,1.8e-07,Power value not found in log
5266,1.2999999999999998,1.436363636363636e-14,5e-11,-40,3.6e-07,Power value not found in log
5267,1.2999999999999998,1.436363636363636e-14,5e-11,-25,1.8e-07,Power value not found in log
5268,1.2999999999999998,1.436363636363636e-14,5e-11,-25,3.6e-07,Power value not found in log
5269,1.2999999999999998,1.436363636363636e-14,5e-11,0,1.8e-07,Power value not found in log
5270,1.2999999999999998,1.436363636363636e-14,5e-11,0,3.6e-07,Power value not found in log
5271,1.2999999999999998,1.436363636363636e-14,5e-11,25,1.8e-07,Power value not found in log
5272,1.2999999999999998,1.436363636363636e-14,5e-11,25,3.6e-07,Power value not found in log
5274,1.2999999999999998,1.436363636363636e-14,5e-11,75,3.6e-07,Power value not found in log
5275,1.2999999999999998,1.436363636363636e-14,5e-11,100,1.8e-07,Power value not found in log
5276,1.2999999999999998,1.436363636363636e-14,5e-11,100,3.6e-07,Power value not found in log
5277,1.2999999999999998,1.436363636363636e-14,5e-11,125,1.8e-07,Power value not found in log
5278,1.2999999999999998,1.436363636363636e-14,5e-11,125,3.6e-07,Power value not found in log
5279,1.2999999999999998,1.436363636363636e-14,1e-10,-40,1.8e-07,Power value not found in log
5280,1.2999999999999998,1.436363636363636e-14,1e-10,-40,3.6e-07,Power value not found in log
5281,1.2999999999999998,1.436363636363636e-14,1e-10,-25,1.8e-07,Power value not found in log
5283,1.2999999999999998,1.436363636363636e-14,1e-10,0,1.8e-07,Power value not found in log
5284,1.2999999999999998,1.436363636363636e-14,1e-10,0,3.6e-07,Power value not found in log
5285,1.2999999999999998,1.436363636363636e-14,1e-10,25,1.8e-07,Power value not found in log
5286,1.2999999999999998,1.436363636363636e-14,1e-10,25,3.6e-07,Power value not found in log
5287,1.2999999999999998,1.436363636363636e-14,1e-10,75,1.8e-07,Power value not found in log
5288,1.2999999999999998,1.436363636363636e-14,1e-10,75,3.6e-07,Power value not found in log
5289,1.2999999999999998,1.436363636363636e-14,1e-10,100,1.8e-07,Power value not found in log
5291,1.2999999999999998,1.436363636363636e-14,1e-10,125,1.8e-07,Power value not found in log
5292,1.2999999999999998,1.436363636363636e-14,1e-10,125,3.6e-07,Power value not found in log
5294,1.2999999999999998,1.436363636363636e-14,2e-10,-40,3.6e-07,Power value not found in log
5295,1.2999999999999998,1.436363636363636e-14,2e-10,-25,1.8e-07,Power value not found in log
5296,1.2999999999999998,1.436363636363636e-14,2e-10,-25,3.6e-07,Power value not found in log
5297,1.2999999999999998,1.436363636363636e-14,2e-10,0,1.8e-07,Power value not found in log
5300,1.2999999999999998,1.436363636363636e-14,2e-10,25,3.6e-07,Power value not found in log
5301,1.2999999999999998,1.436363636363636e-14,2e-10,75,1.8e-07,Power value not found in log
5303,1.2999999999999998,1.436363636363636e-14,2e-10,100,1.8e-07,Power value not found in log
5304,1.2999999999999998,1.436363636363636e-14,2e-10,100,3.6e-07,Power value not found in log
5305,1.2999999999999998,1.436363636363636e-14,2e-10,125,1.8e-07,Power value not found in log
5306,1.2999999999999998,1.436363636363636e-14,2e-10,125,3.6e-07,Power value not found in log
5307,1.2999999999999998,1.436363636363636e-14,4e-10,-40,1.8e-07,Power value not found in log
5308,1.2999999999999998,1.436363636363636e-14,4e-10,-40,3.6e-07,Power value not found in log
5309,1.2999999999999998,1.436363636363636e-14,4e-10,-25,1.8e-07,Power value not found in log
5310,1.2999999999999998,1.436363636363636e-14,4e-10,-25,3.6e-07,Power value not found in log
5311,1.2999999999999998,1.436363636363636e-14,4e-10,0,1.8e-07,Power value not found in log
5312,1.2999999999999998,1.436363636363636e-14,4e-10,0,3.6e-07,Power value not found in log
5313,1.2999999999999998,1.436363636363636e-14,4e-10,25,1.8e-07,Power value not found in log
5314,1.2999999999999998,1.436363636363636e-14,4e-10,25,3.6e-07,Power value not found in log
5315,1.2999999999999998,1.436363636363636e-14,4e-10,75,1.8e-07,Power value not found in log
5316,1.2999999999999998,1.436363636363636e-14,4e-10,75,3.6e-07,Power value not found in log
5317,1.2999999999999998,1.436363636363636e-14,4e-10,100,1.8e-07,Power value not found in log
5319,1.2999999999999998,1.436363636363636e-14,4e-10,125,1.8e-07,Power value not found in log
5320,1.2999999999999998,1.436363636363636e-14,4e-10,125,3.6e-07,Power value not found in log
5321,1.2999999999999998,1.8818181818181816e-14,1e-11,-40,1.8e-07,Power value not found in log
5323,1.2999999999999998,1.8818181818181816e-14,1e-11,-25,1.8e-07,Power value not found in log
5324,1.2999999999999998,1.8818181818181816e-14,1e-11,-25,3.6e-07,Power value not found in log
5326,1.2999999999999998,1.8818181818181816e-14,1e-11,0,3.6e-07,Power value not found in log
5327,1.2999999999999998,1.8818181818181816e-14,1e-11,25,1.8e-07,Power value not found in log
5328,1.2999999999999998,1.8818181818181816e-14,1e-11,25,3.6e-07,Power value not found in log
5329,1.2999999999999998,1.8818181818181816e-14,1e-11,75,1.8e-07,Power value not found in log
5330,1.2999999999999998,1.8818181818181816e-14,1e-11,75,3.6e-07,Power value not found in log
5332,1.2999999999999998,1.8818181818181816e-14,1e-11,100,3.6e-07,Power value not found in log
5334,1.2999999999999998,1.8818181818181816e-14,1e-11,125,3.6e-07,Power value not found in log
5335,1.2999999999999998,1.8818181818181816e-14,5e-11,-40,1.8e-07,Power value not found in log
5336,1.2999999999999998,1.8818181818181816e-14,5e-11,-40,3.6e-07,Power value not found in log
5338,1.2999999999999998,1.8818181818181816e-14,5e-11,-25,3.6e-07,Power value not found in log
5339,1.2999999999999998,1.8818181818181816e-14,5e-11,0,1.8e-07,Power value not found in log
5340,1.2999999999999998,1.8818181818181816e-14,5e-11,0,3.6e-07,Power value not found in log
5341,1.2999999999999998,1.8818181818181816e-14,5e-11,25,1.8e-07,Power value not found in log
5342,1.2999999999999998,1.8818181818181816e-14,5e-11,25,3.6e-07,Power value not found in log
5343,1.2999999999999998,1.8818181818181816e-14,5e-11,75,1.8e-07,Power value not found in log
5344,1.2999999999999998,1.8818181818181816e-14,5e-11,75,3.6e-07,Power value not found in log
5345,1.2999999999999998,1.8818181818181816e-14,5e-11,100,1.8e-07,Power value not found in log
5346,1.2999999999999998,1.8818181818181816e-14,5e-11,100,3.6e-07,Power value not found in log
5347,1.2999999999999998,1.8818181818181816e-14,5e-11,125,1.8e-07,Power value not found in log
5348,1.2999999999999998,1.8818181818181816e-14,5e-11,125,3.6e-07,Power value not found in log
5349,1.2999999999999998,1.8818181818181816e-14,1e-10,-40,1.8e-07,Power value not found in log
5350,1.2999999999999998,1.8818181818181816e-14,1e-10,-40,3.6e-07,Power value not found in log
5351,1.2999999999999998,1.8818181818181816e-14,1e-10,-25,1.8e-07,Power value not found in log
5352,1.2999999999999998,1.8818181818181816e-14,1e-10,-25,3.6e-07,Power value not found in log
5354,1.2999999999999998,1.8818181818181816e-14,1e-10,0,3.6e-07,Power value not found in log
5355,1.2999999999999998,1.8818181818181816e-14,1e-10,25,1.8e-07,Power value not found in log
5356,1.2999999999999998,1.8818181818181816e-14,1e-10,25,3.6e-07,Power value not found in log
5357,1.2999999999999998,1.8818181818181816e-14,1e-10,75,1.8e-07,Power value not found in log
5359,1.2999999999999998,1.8818181818181816e-14,1e-10,100,1.8e-07,Power value not found in log
5360,1.2999999999999998,1.8818181818181816e-14,1e-10,100,3.6e-07,Power value not found in log
5361,1.2999999999999998,1.8818181818181816e-14,1e-10,125,1.8e-07,Power value not found in log
5363,1.2999999999999998,1.8818181818181816e-14,2e-10,-40,1.8e-07,Power value not found in log
5364,1.2999999999999998,1.8818181818181816e-14,2e-10,-40,3.6e-07,Power value not found in log
5365,1.2999999999999998,1.8818181818181816e-14,2e-10,-25,1.8e-07,Power value not found in log
5366,1.2999999999999998,1.8818181818181816e-14,2e-10,-25,3.6e-07,Power value not found in log
5367,1.2999999999999998,1.8818181818181816e-14,2e-10,0,1.8e-07,Power value not found in log
5369,1.2999999999999998,1.8818181818181816e-14,2e-10,25,1.8e-07,Power value not found in log
5370,1.2999999999999998,1.8818181818181816e-14,2e-10,25,3.6e-07,Power value not found in log
5371,1.2999999999999998,1.8818181818181816e-14,2e-10,75,1.8e-07,Power value not found in log
5372,1.2999999999999998,1.8818181818181816e-14,2e-10,75,3.6e-07,Power value not found in log
5373,1.2999999999999998,1.8818181818181816e-14,2e-10,100,1.8e-07,Power value not found in log
5375,1.2999999999999998,1.8818181818181816e-14,2e-10,125,1.8e-07,Power value not found in log
5376,1.2999999999999998,1.8818181818181816e-14,2e-10,125,3.6e-07,Power value not found in log
5377,1.2999999999999998,1.8818181818181816e-14,4e-10,-40,1.8e-07,Power value not found in log
5378,1.2999999999999998,1.8818181818181816e-14,4e-10,-40,3.6e-07,Power value not found in log
5379,1.2999999999999998,1.8818181818181816e-14,4e-10,-25,1.8e-07,Power value not found in log
5380,1.2999999999999998,1.8818181818181816e-14,4e-10,-25,3.6e-07,Power value not found in log
5381,1.2999999999999998,1.8818181818181816e-14,4e-10,0,1.8e-07,Power value not found in log
5383,1.2999999999999998,1.8818181818181816e-14,4e-10,25,1.8e-07,Power value not found in log
5385,1.2999999999999998,1.8818181818181816e-14,4e-10,75,1.8e-07,Power value not found in log
5386,1.2999999999999998,1.8818181818181816e-14,4e-10,75,3.6e-07,Power value not found in log
5388,1.2999999999999998,1.8818181818181816e-14,4e-10,100,3.6e-07,Power value not found in log
5389,1.2999999999999998,1.8818181818181816e-14,4e-10,125,1.8e-07,Power value not found in log
5391,1.2999999999999998,2.327272727272727e-14,1e-11,-40,1.8e-07,Power value not found in log
5393,1.2999999999999998,2.327272727272727e-14,1e-11,-25,1.8e-07,Power value not found in log
5394,1.2999999999999998,2.327272727272727e-14,1e-11,-25,3.6e-07,Power value not found in log
5395,1.2999999999999998,2.327272727272727e-14,1e-11,0,1.8e-07,Power value not found in log
5396,1.2999999999999998,2.327272727272727e-14,1e-11,0,3.6e-07,Power value not found in log
5397,1.2999999999999998,2.327272727272727e-14,1e-11,25,1.8e-07,Power value not found in log
5398,1.2999999999999998,2.327272727272727e-14,1e-11,25,3.6e-07,Power value not found in log
5399,1.2999999999999998,2.327272727272727e-14,1e-11,75,1.8e-07,Power value not found in log
5400,1.2999999999999998,2.327272727272727e-14,1e-11,75,3.6e-07,Power value not found in log
5401,1.2999999999999998,2.327272727272727e-14,1e-11,100,1.8e-07,Power value not found in log
5402,1.2999999999999998,2.327272727272727e-14,1e-11,100,3.6e-07,Power value not found in log
5403,1.2999999999999998,2.327272727272727e-14,1e-11,125,1.8e-07,Power value not found in log
5404,1.2999999999999998,2.327272727272727e-14,1e-11,125,3.6e-07,Power value not found in log
5405,1.2999999999999998,2.327272727272727e-14,5e-11,-40,1.8e-07,Power value not found in log
5406,1.2999999999999998,2.327272727272727e-14,5e-11,-40,3.6e-07,Power value not found in log
5408,1.2999999999999998,2.327272727272727e-14,5e-11,-25,3.6e-07,Power value not found in log
5410,1.2999999999999998,2.327272727272727e-14,5e-11,0,3.6e-07,Power value not found in log
5411,1.2999999999999998,2.327272727272727e-14,5e-11,25,1.8e-07,Power value not found in log
5413,1.2999999999999998,2.327272727272727e-14,5e-11,75,1.8e-07,Power value not found in log
5415,1.2999999999999998,2.327272727272727e-14,5e-11,100,1.8e-07,Power value not found in log
5416,1.2999999999999998,2.327272727272727e-14,5e-11,100,3.6e-07,Power value not found in log
5417,1.2999999999999998,2.327272727272727e-14,5e-11,125,1.8e-07,Power value not found in log
5418,1.2999999999999998,2.327272727272727e-14,5e-11,125,3.6e-07,Power value not found in log
5419,1.2999999999999998,2.327272727272727e-14,1e-10,-40,1.8e-07,Power value not found in log
5421,1.2999999999999998,2.327272727272727e-14,1e-10,-25,1.8e-07,Power value not found in log
5424,1.2999999999999998,2.327272727272727e-14,1e-10,0,3.6e-07,Power value not found in log
5425,1.2999999999999998,2.327272727272727e-14,1e-10,25,1.8e-07,Power value not found in log
5426,1.2999999999999998,2.327272727272727e-14,1e-10,25,3.6e-07,Power value not found in log
5427,1.2999999999999998,2.327272727272727e-14,1e-10,75,1.8e-07,Power value not found in log
5428,1.2999999999999998,2.327272727272727e-14,1e-10,75,3.6e-07,Power value not found in log
5429,1.2999999999999998,2.327272727272727e-14,1e-10,100,1.8e-07,Power value not found in log
5430,1.2999999999999998,2.327272727272727e-14,1e-10,100,3.6e-07,Power value not found in log
5432,1.2999999999999998,2.327272727272727e-14,1e-10,125,3.6e-07,Power value not found in log
5433,1.2999999999999998,2.327272727272727e-14,2e-10,-40,1.8e-07,Power value not found in log
5435,1.2999999999999998,2.327272727272727e-14,2e-10,-25,1.8e-07,Power value not found in log
5436,1.2999999999999998,2.327272727272727e-14,2e-10,-25,3.6e-07,Power value not found in log
5437,1.2999999999999998,2.327272727272727e-14,2e-10,0,1.8e-07,Power value not found in log
5438,1.2999999999999998,2.327272727272727e-14,2e-10,0,3.6e-07,Power value not found in log
5440,1.2999999999999998,2.327272727272727e-14,2e-10,25,3.6e-07,Power value not found in log
5441,1.2999999999999998,2.327272727272727e-14,2e-10,75,1.8e-07,Power value not found in log
5442,1.2999999999999998,2.327272727272727e-14,2e-10,75,3.6e-07,Power value not found in log
5443,1.2999999999999998,2.327272727272727e-14,2e-10,100,1.8e-07,Power value not found in log
5444,1.2999999999999998,2.327272727272727e-14,2e-10,100,3.6e-07,Power value not found in log
5446,1.2999999999999998,2.327272727272727e-14,2e-10,125,3.6e-07,Power value not found in log
5447,1.2999999999999998,2.327272727272727e-14,4e-10,-40,1.8e-07,Power value not found in log
5448,1.2999999999999998,2.327272727272727e-14,4e-10,-40,3.6e-07,Power value not found in log
5449,1.2999999999999998,2.327272727272727e-14,4e-10,-25,1.8e-07,Power value not found in log
5450,1.2999999999999998,2.327272727272727e-14,4e-10,-25,3.6e-07,Power value not found in log
5451,1.2999999999999998,2.327272727272727e-14,4e-10,0,1.8e-07,Power value not found in log
5452,1.2999999999999998,2.327272727272727e-14,4e-10,0,3.6e-07,Power value not found in log
5453,1.2999999999999998,2.327272727272727e-14,4e-10,25,1.8e-07,Power value not found in log
5454,1.2999999999999998,2.327272727272727e-14,4e-10,25,3.6e-07,Power value not found in log
5455,1.2999999999999998,2.327272727272727e-14,4e-10,75,1.8e-07,Power value not found in log
5457,1.2999999999999998,2.327272727272727e-14,4e-10,100,1.8e-07,Power value not found in log
5459,1.2999999999999998,2.327272727272727e-14,4e-10,125,1.8e-07,Power value not found in log
5460,1.2999999999999998,2.327272727272727e-14,4e-10,125,3.6e-07,Power value not found in log
5461,1.2999999999999998,2.7727272727272724e-14,1e-11,-40,1.8e-07,Power value not found in log
5463,1.2999999999999998,2.7727272727272724e-14,1e-11,-25,1.8e-07,Power value not found in log
5464,1.2999999999999998,2.7727272727272724e-14,1e-11,-25,3.6e-07,Power value not found in log
5465,1.2999999999999998,2.7727272727272724e-14,1e-11,0,1.8e-07,Power value not found in log
5466,1.2999999999999998,2.7727272727272724e-14,1e-11,0,3.6e-07,Power value not found in log
5468,1.2999999999999998,2.7727272727272724e-14,1e-11,25,3.6e-07,Power value not found in log
5469,1.2999999999999998,2.7727272727272724e-14,1e-11,75,1.8e-07,Power value not found in log
5470,1.2999999999999998,2.7727272727272724e-14,1e-11,75,3.6e-07,Power value not found in log
5471,1.2999999999999998,2.7727272727272724e-14,1e-11,100,1.8e-07,Power value not found in log
5473,1.2999999999999998,2.7727272727272724e-14,1e-11,125,1.8e-07,Power value not found in log
5475,1.2999999999999998,2.7727272727272724e-14,5e-11,-40,1.8e-07,Power value not found in log
5476,1.2999999999999998,2.7727272727272724e-14,5e-11,-40,3.6e-07,Power value not found in log
5477,1.2999999999999998,2.7727272727272724e-14,5e-11,-25,1.8e-07,Power value not found in log
5478,1.2999999999999998,2.7727272727272724e-14,5e-11,-25,3.6e-07,Power value not found in log
5479,1.2999999999999998,2.7727272727272724e-14,5e-11,0,1.8e-07,Power value not found in log
5480,1.2999999999999998,2.7727272727272724e-14,5e-11,0,3.6e-07,Power value not found in log
5481,1.2999999999999998,2.7727272727272724e-14,5e-11,25,1.8e-07,Power value not found in log
5482,1.2999999999999998,2.7727272727272724e-14,5e-11,25,3.6e-07,Power value not found in log
5484,1.2999999999999998,2.7727272727272724e-14,5e-11,75,3.6e-07,Power value not found in log
5485,1.2999999999999998,2.7727272727272724e-14,5e-11,100,1.8e-07,Power value not found in log
5486,1.2999999999999998,2.7727272727272724e-14,5e-11,100,3.6e-07,Power value not found in log
5488,1.2999999999999998,2.7727272727272724e-14,5e-11,125,3.6e-07,Power value not found in log
5489,1.2999999999999998,2.7727272727272724e-14,1e-10,-40,1.8e-07,Power value not found in log
5490,1.2999999999999998,2.7727272727272724e-14,1e-10,-40,3.6e-07,Power value not found in log
5491,1.2999999999999998,2.7727272727272724e-14,1e-10,-25,1.8e-07,Power value not found in log
5492,1.2999999999999998,2.7727272727272724e-14,1e-10,-25,3.6e-07,Power value not found in log
5493,1.2999999999999998,2.7727272727272724e-14,1e-10,0,1.8e-07,Power value not found in log
5495,1.2999999999999998,2.7727272727272724e-14,1e-10,25,1.8e-07,Power value not found in log
5496,1.2999999999999998,2.7727272727272724e-14,1e-10,25,3.6e-07,Power value not found in log
5497,1.2999999999999998,2.7727272727272724e-14,1e-10,75,1.8e-07,Power value not found in log
5498,1.2999999999999998,2.7727272727272724e-14,1e-10,75,3.6e-07,Power value not found in log
5500,1.2999999999999998,2.7727272727272724e-14,1e-10,100,3.6e-07,Power value not found in log
5502,1.2999999999999998,2.7727272727272724e-14,1e-10,125,3.6e-07,Power value not found in log
5503,1.2999999999999998,2.7727272727272724e-14,2e-10,-40,1.8e-07,Power value not found in log
5505,1.2999999999999998,2.7727272727272724e-14,2e-10,-25,1.8e-07,Power value not found in log
5506,1.2999999999999998,2.7727272727272724e-14,2e-10,-25,3.6e-07,Power value not found in log
5507,1.2999999999999998,2.7727272727272724e-14,2e-10,0,1.8e-07,Power value not found in log
5509,1.2999999999999998,2.7727272727272724e-14,2e-10,25,1.8e-07,Power value not found in log
5510,1.2999999999999998,2.7727272727272724e-14,2e-10,25,3.6e-07,Power value not found in log
5512,1.2999999999999998,2.7727272727272724e-14,2e-10,75,3.6e-07,Power value not found in log
5513,1.2999999999999998,2.7727272727272724e-14,2e-10,100,1.8e-07,Power value not found in log
5515,1.2999999999999998,2.7727272727272724e-14,2e-10,125,1.8e-07,Power value not found in log
5516,1.2999999999999998,2.7727272727272724e-14,2e-10,125,3.6e-07,Power value not found in log
5517,1.2999999999999998,2.7727272727272724e-14,4e-10,-40,1.8e-07,Power value not found in log
5518,1.2999999999999998,2.7727272727272724e-14,4e-10,-40,3.6e-07,Power value not found in log
5519,1.2999999999999998,2.7727272727272724e-14,4e-10,-25,1.8e-07,Power value not found in log
5520,1.2999999999999998,2.7727272727272724e-14,4e-10,-25,3.6e-07,Power value not found in log
5521,1.2999999999999998,2.7727272727272724e-14,4e-10,0,1.8e-07,Power value not found in log
5522,1.2999999999999998,2.7727272727272724e-14,4e-10,0,3.6e-07,Power value not found in log
5523,1.2999999999999998,2.7727272727272724e-14,4e-10,25,1.8e-07,Power value not found in log
5525,1.2999999999999998,2.7727272727272724e-14,4e-10,75,1.8e-07,Power value not found in log
5526,1.2999999999999998,2.7727272727272724e-14,4e-10,75,3.6e-07,Power value not found in log
5527,1.2999999999999998,2.7727272727272724e-14,4e-10,100,1.8e-07,Power value not found in log
5528,1.2999999999999998,2.7727272727272724e-14,4e-10,100,3.6e-07,Power value not found in log
5529,1.2999999999999998,2.7727272727272724e-14,4e-10,125,1.8e-07,Power value not found in log
5530,1.2999999999999998,2.7727272727272724e-14,4e-10,125,3.6e-07,Power value not found in log
5531,1.2999999999999998,3.218181818181818e-14,1e-11,-40,1.8e-07,Power value not found in log
5533,1.2999999999999998,3.218181818181818e-14,1e-11,-25,1.8e-07,Power value not found in log
5534,1.2999999999999998,3.218181818181818e-14,1e-11,-25,3.6e-07,Power value not found in log
5535,1.2999999999999998,3.218181818181818e-14,1e-11,0,1.8e-07,Power value not found in log
5537,1.2999999999999998,3.218181818181818e-14,1e-11,25,1.8e-07,Power value not found in log
5538,1.2999999999999998,3.218181818181818e-14,1e-11,25,3.6e-07,Power value not found in log
5539,1.2999999999999998,3.218181818181818e-14,1e-11,75,1.8e-07,Power value not found in log
5540,1.2999999999999998,3.218181818181818e-14,1e-11,75,3.6e-07,Power value not found in log
5541,1.2999999999999998,3.218181818181818e-14,1e-11,100,1.8e-07,Power value not found in log
5544,1.2999999999999998,3.218181818181818e-14,1e-11,125,3.6e-07,Power value not found in log
5545,1.2999999999999998,3.218181818181818e-14,5e-11,-40,1.8e-07,Power value not found in log
5546,1.2999999999999998,3.218181818181818e-14,5e-11,-40,3.6e-07,Power value not found in log
5548,1.2999999999999998,3.218181818181818e-14,5e-11,-25,3.6e-07,Power value not found in log
5549,1.2999999999999998,3.218181818181818e-14,5e-11,0,1.8e-07,Power value not found in log
5550,1.2999999999999998,3.218181818181818e-14,5e-11,0,3.6e-07,Power value not found in log
5551,1.2999999999999998,3.218181818181818e-14,5e-11,25,1.8e-07,Power value not found in log
5552,1.2999999999999998,3.218181818181818e-14,5e-11,25,3.6e-07,Power value not found in log
5555,1.2999999999999998,3.218181818181818e-14,5e-11,100,1.8e-07,Power value not found in log
5556,1.2999999999999998,3.218181818181818e-14,5e-11,100,3.6e-07,Power value not found in log
5557,1.2999999999999998,3.218181818181818e-14,5e-11,125,1.8e-07,Power value not found in log
5558,1.2999999999999998,3.218181818181818e-14,5e-11,125,3.6e-07,Power value not found in log
5559,1.2999999999999998,3.218181818181818e-14,1e-10,-40,1.8e-07,Power value not found in log
5561,1.2999999999999998,3.218181818181818e-14,1e-10,-25,1.8e-07,Power value not found in log
5563,1.2999999999999998,3.218181818181818e-14,1e-10,0,1.8e-07,Power value not found in log
5564,1.2999999999999998,3.218181818181818e-14,1e-10,0,3.6e-07,Power value not found in log
5566,1.2999999999999998,3.218181818181818e-14,1e-10,25,3.6e-07,Power value not found in log
5567,1.2999999999999998,3.218181818181818e-14,1e-10,75,1.8e-07,Power value not found in log
5568,1.2999999999999998,3.218181818181818e-14,1e-10,75,3.6e-07,Power value not found in log
5569,1.2999999999999998,3.218181818181818e-14,1e-10,100,1.8e-07,Power value not found in log
5571,1.2999999999999998,3.218181818181818e-14,1e-10,125,1.8e-07,Power value not found in log
5572,1.2999999999999998,3.218181818181818e-14,1e-10,125,3.6e-07,Power value not found in log
5573,1.2999999999999998,3.218181818181818e-14,2e-10,-40,1.8e-07,Power value not found in log
5574,1.2999999999999998,3.218181818181818e-14,2e-10,-40,3.6e-07,Power value not found in log
5576,1.2999999999999998,3.218181818181818e-14,2e-10,-25,3.6e-07,Power value not found in log
5577,1.2999999999999998,3.218181818181818e-14,2e-10,0,1.8e-07,Power value not found in log
5579,1.2999999999999998,3.218181818181818e-14,2e-10,25,1.8e-07,Power value not found in log
5580,1.2999999999999998,3.218181818181818e-14,2e-10,25,3.6e-07,Power value not found in log
5581,1.2999999999999998,3.218181818181818e-14,2e-10,75,1.8e-07,Power value not found in log
5582,1.2999999999999998,3.218181818181818e-14,2e-10,75,3.6e-07,Power value not found in log
5583,1.2999999999999998,3.218181818181818e-14,2e-10,100,1.8e-07,Power value not found in log
5584,1.2999999999999998,3.218181818181818e-14,2e-10,100,3.6e-07,Power value not found in log
5585,1.2999999999999998,3.218181818181818e-14,2e-10,125,1.8e-07,Power value not found in log
5586,1.2999999999999998,3.218181818181818e-14,2e-10,125,3.6e-07,Power value not found in log
5588,1.2999999999999998,3.218181818181818e-14,4e-10,-40,3.6e-07,Power value not found in log
5589,1.2999999999999998,3.218181818181818e-14,4e-10,-25,1.8e-07,Power value not found in log
5590,1.2999999999999998,3.218181818181818e-14,4e-10,-25,3.6e-07,Power value not found in log
5593,1.2999999999999998,3.218181818181818e-14,4e-10,25,1.8e-07,Power value not found in log
5594,1.2999999999999998,3.218181818181818e-14,4e-10,25,3.6e-07,Power value not found in log
5595,1.2999999999999998,3.218181818181818e-14,4e-10,75,1.8e-07,Power value not found in log
5596,1.2999999999999998,3.218181818181818e-14,4e-10,75,3.6e-07,Power value not found in log
5597,1.2999999999999998,3.218181818181818e-14,4e-10,100,1.8e-07,Power value not found in log
5598,1.2999999999999998,3.218181818181818e-14,4e-10,100,3.6e-07,Power value not found in log
5599,1.2999999999999998,3.218181818181818e-14,4e-10,125,1.8e-07,Power value not found in log
5600,1.2999999999999998,3.218181818181818e-14,4e-10,125,3.6e-07,Power value not found in log
5601,1.2999999999999998,3.6636363636363636e-14,1e-11,-40,1.8e-07,Power value not found in log
5602,1.2999999999999998,3.6636363636363636e-14,1e-11,-40,3.6e-07,Power value not found in log
5603,1.2999999999999998,3.6636363636363636e-14,1e-11,-25,1.8e-07,Power value not found in log
5605,1.2999999999999998,3.6636363636363636e-14,1e-11,0,1.8e-07,Power value not found in log
5606,1.2999999999999998,3.6636363636363636e-14,1e-11,0,3.6e-07,Power value not found in log
5607,1.2999999999999998,3.6636363636363636e-14,1e-11,25,1.8e-07,Power value not found in log
5608,1.2999999999999998,3.6636363636363636e-14,1e-11,25,3.6e-07,Power value not found in log
5610,1.2999999999999998,3.6636363636363636e-14,1e-11,75,3.6e-07,Power value not found in log
5611,1.2999999999999998,3.6636363636363636e-14,1e-11,100,1.8e-07,Power value not found in log
5612,1.2999999999999998,3.6636363636363636e-14,1e-11,100,3.6e-07,Power value not found in log
5613,1.2999999999999998,3.6636363636363636e-14,1e-11,125,1.8e-07,Power value not found in log
5614,1.2999999999999998,3.6636363636363636e-14,1e-11,125,3.6e-07,Power value not found in log
5615,1.2999999999999998,3.6636363636363636e-14,5e-11,-40,1.8e-07,Power value not found in log
5616,1.2999999999999998,3.6636363636363636e-14,5e-11,-40,3.6e-07,Power value not found in log
5617,1.2999999999999998,3.6636363636363636e-14,5e-11,-25,1.8e-07,Power value not found in log
5618,1.2999999999999998,3.6636363636363636e-14,5e-11,-25,3.6e-07,Power value not found in log
5619,1.2999999999999998,3.6636363636363636e-14,5e-11,0,1.8e-07,Power value not found in log
5620,1.2999999999999998,3.6636363636363636e-14,5e-11,0,3.6e-07,Power value not found in log
5623,1.2999999999999998,3.6636363636363636e-14,5e-11,75,1.8e-07,Power value not found in log
5624,1.2999999999999998,3.6636363636363636e-14,5e-11,75,3.6e-07,Power value not found in log
5625,1.2999999999999998,3.6636363636363636e-14,5e-11,100,1.8e-07,Power value not found in log
5626,1.2999999999999998,3.6636363636363636e-14,5e-11,100,3.6e-07,Power value not found in log
5627,1.2999999999999998,3.6636363636363636e-14,5e-11,125,1.8e-07,Power value not found in log
5628,1.2999999999999998,3.6636363636363636e-14,5e-11,125,3.6e-07,Power value not found in log
5630,1.2999999999999998,3.6636363636363636e-14,1e-10,-40,3.6e-07,Power value not found in log
5631,1.2999999999999998,3.6636363636363636e-14,1e-10,-25,1.8e-07,Power value not found in log
5632,1.2999999999999998,3.6636363636363636e-14,1e-10,-25,3.6e-07,Power value not found in log
5633,1.2999999999999998,3.6636363636363636e-14,1e-10,0,1.8e-07,Power value not found in log
5634,1.2999999999999998,3.6636363636363636e-14,1e-10,0,3.6e-07,Power value not found in log
5636,1.2999999999999998,3.6636363636363636e-14,1e-10,25,3.6e-07,Power value not found in log
5637,1.2999999999999998,3.6636363636363636e-14,1e-10,75,1.8e-07,Power value not found in log
5638,1.2999999999999998,3.6636363636363636e-14,1e-10,75,3.6e-07,Power value not found in log
5639,1.2999999999999998,3.6636363636363636e-14,1e-10,100,1.8e-07,Power value not found in log
5640,1.2999999999999998,3.6636363636363636e-14,1e-10,100,3.6e-07,Power value not found in log
5641,1.2999999999999998,3.6636363636363636e-14,1e-10,125,1.8e-07,Power value not found in log
5642,1.2999999999999998,3.6636363636363636e-14,1e-10,125,3.6e-07,Power value not found in log
5643,1.2999999999999998,3.6636363636363636e-14,2e-10,-40,1.8e-07,Power value not found in log
5645,1.2999999999999998,3.6636363636363636e-14,2e-10,-25,1.8e-07,Power value not found in log
5646,1.2999999999999998,3.6636363636363636e-14,2e-10,-25,3.6e-07,Power value not found in log
5647,1.2999999999999998,3.6636363636363636e-14,2e-10,0,1.8e-07,Power value not found in log
5648,1.2999999999999998,3.6636363636363636e-14,2e-10,0,3.6e-07,Power value not found in log
5649,1.2999999999999998,3.6636363636363636e-14,2e-10,25,1.8e-07,Power value not found in log
5651,1.2999999999999998,3.6636363636363636e-14,2e-10,75,1.8e-07,Power value not found in log
5653,1.2999999999999998,3.6636363636363636e-14,2e-10,100,1.8e-07,Power value not found in log
5654,1.2999999999999998,3.6636363636363636e-14,2e-10,100,3.6e-07,Power value not found in log
5655,1.2999999999999998,3.6636363636363636e-14,2e-10,125,1.8e-07,Power value not found in log
5657,1.2999999999999998,3.6636363636363636e-14,4e-10,-40,1.8e-07,Power value not found in log
5658,1.2999999999999998,3.6636363636363636e-14,4e-10,-40,3.6e-07,Power value not found in log
5660,1.2999999999999998,3.6636363636363636e-14,4e-10,-25,3.6e-07,Power value not found in log
5661,1.2999999999999998,3.6636363636363636e-14,4e-10,0,1.8e-07,Power value not found in log
5662,1.2999999999999998,3.6636363636363636e-14,4e-10,0,3.6e-07,Power value not found in log
5664,1.2999999999999998,3.6636363636363636e-14,4e-10,25,3.6e-07,Power value not found in log
5666,1.2999999999999998,3.6636363636363636e-14,4e-10,75,3.6e-07,Power value not found in log
5668,1.2999999999999998,3.6636363636363636e-14,4e-10,100,3.6e-07,Power value not found in log
5669,1.2999999999999998,3.6636363636363636e-14,4e-10,125,1.8e-07,Power value not found in log
5671,1.2999999999999998,4.109090909090909e-14,1e-11,-40,1.8e-07,Power value not found in log
5672,1.2999999999999998,4.109090909090909e-14,1e-11,-40,3.6e-07,Power value not found in log
5673,1.2999999999999998,4.109090909090909e-14,1e-11,-25,1.8e-07,Power value not found in log
5674,1.2999999999999998,4.109090909090909e-14,1e-11,-25,3.6e-07,Power value not found in log
5675,1.2999999999999998,4.109090909090909e-14,1e-11,0,1.8e-07,Power value not found in log
5676,1.2999999999999998,4.109090909090909e-14,1e-11,0,3.6e-07,Power value not found in log
5677,1.2999999999999998,4.109090909090909e-14,1e-11,25,1.8e-07,Power value not found in log
5678,1.2999999999999998,4.109090909090909e-14,1e-11,25,3.6e-07,Power value not found in log
5679,1.2999999999999998,4.109090909090909e-14,1e-11,75,1.8e-07,Power value not found in log
5680,1.2999999999999998,4.109090909090909e-14,1e-11,75,3.6e-07,Power value not found in log
5681,1.2999999999999998,4.109090909090909e-14,1e-11,100,1.8e-07,Power value not found in log
5683,1.2999999999999998,4.109090909090909e-14,1e-11,125,1.8e-07,Power value not found in log
5684,1.2999999999999998,4.109090909090909e-14,1e-11,125,3.6e-07,Power value not found in log
5685,1.2999999999999998,4.109090909090909e-14,5e-11,-40,1.8e-07,Power value not found in log
5686,1.2999999999999998,4.109090909090909e-14,5e-11,-40,3.6e-07,Power value not found in log
5687,1.2999999999999998,4.109090909090909e-14,5e-11,-25,1.8e-07,Power value not found in log
5689,1.2999999999999998,4.109090909090909e-14,5e-11,0,1.8e-07,Power value not found in log
5690,1.2999999999999998,4.109090909090909e-14,5e-11,0,3.6e-07,Power value not found in log
5692,1.2999999999999998,4.109090909090909e-14,5e-11,25,3.6e-07,Power value not found in log
5693,1.2999999999999998,4.109090909090909e-14,5e-11,75,1.8e-07,Power value not found in log
5694,1.2999999999999998,4.109090909090909e-14,5e-11,75,3.6e-07,Power value not found in log
5695,1.2999999999999998,4.109090909090909e-14,5e-11,100,1.8e-07,Power value not found in log
5697,1.2999999999999998,4.109090909090909e-14,5e-11,125,1.8e-07,Power value not found in log
5698,1.2999999999999998,4.109090909090909e-14,5e-11,125,3.6e-07,Power value not found in log
5699,1.2999999999999998,4.109090909090909e-14,1e-10,-40,1.8e-07,Power value not found in log
5700,1.2999999999999998,4.109090909090909e-14,1e-10,-40,3.6e-07,Power value not found in log
5701,1.2999999999999998,4.109090909090909e-14,1e-10,-25,1.8e-07,Power value not found in log
5702,1.2999999999999998,4.109090909090909e-14,1e-10,-25,3.6e-07,Power value not found in log
5703,1.2999999999999998,4.109090909090909e-14,1e-10,0,1.8e-07,Power value not found in log
5704,1.2999999999999998,4.109090909090909e-14,1e-10,0,3.6e-07,Power value not found in log
5705,1.2999999999999998,4.109090909090909e-14,1e-10,25,1.8e-07,Power value not found in log
5706,1.2999999999999998,4.109090909090909e-14,1e-10,25,3.6e-07,Power value not found in log
5707,1.2999999999999998,4.109090909090909e-14,1e-10,75,1.8e-07,Power value not found in log
5708,1.2999999999999998,4.109090909090909e-14,1e-10,75,3.6e-07,Power value not found in log
5709,1.2999999999999998,4.109090909090909e-14,1e-10,100,1.8e-07,Power value not found in log
5711,1.2999999999999998,4.109090909090909e-14,1e-10,125,1.8e-07,Power value not found in log
5713,1.2999999999999998,4.109090909090909e-14,2e-10,-40,1.8e-07,Power value not found in log
5714,1.2999999999999998,4.109090909090909e-14,2e-10,-40,3.6e-07,Power value not found in log
5716,1.2999999999999998,4.109090909090909e-14,2e-10,-25,3.6e-07,Power value not found in log
5717,1.2999999999999998,4.109090909090909e-14,2e-10,0,1.8e-07,Power value not found in log
5718,1.2999999999999998,4.109090909090909e-14,2e-10,0,3.6e-07,Power value not found in log
5719,1.2999999999999998,4.109090909090909e-14,2e-10,25,1.8e-07,Power value not found in log
5720,1.2999999999999998,4.109090909090909e-14,2e-10,25,3.6e-07,Power value not found in log
5722,1.2999999999999998,4.109090909090909e-14,2e-10,75,3.6e-07,Power value not found in log
5723,1.2999999999999998,4.109090909090909e-14,2e-10,100,1.8e-07,Power value not found in log
5725,1.2999999999999998,4.109090909090909e-14,2e-10,125,1.8e-07,Power value not found in log
5726,1.2999999999999998,4.109090909090909e-14,2e-10,125,3.6e-07,Power value not found in log
5727,1.2999999999999998,4.109090909090909e-14,4e-10,-40,1.8e-07,Power value not found in log
5728,1.2999999999999998,4.109090909090909e-14,4e-10,-40,3.6e-07,Power value not found in log
5729,1.2999999999999998,4.109090909090909e-14,4e-10,-25,1.8e-07,Power value not found in log
5730,1.2999999999999998,4.109090909090909e-14,4e-10,-25,3.6e-07,Power value not found in log
5731,1.2999999999999998,4.109090909090909e-14,4e-10,0,1.8e-07,Power value not found in log
5734,1.2999999999999998,4.109090909090909e-14,4e-10,25,3.6e-07,Power value not found in log
5736,1.2999999999999998,4.109090909090909e-14,4e-10,75,3.6e-07,Power value not found in log
5738,1.2999999999999998,4.109090909090909e-14,4e-10,100,3.6e-07,Power value not found in log
5739,1.2999999999999998,4.109090909090909e-14,4e-10,125,1.8e-07,Power value not found in log
5740,1.2999999999999998,4.109090909090909e-14,4e-10,125,3.6e-07,Power value not found in log
5741,1.2999999999999998,4.5545454545454544e-14,1e-11,-40,1.8e-07,Power value not found in log
5742,1.2999999999999998,4.5545454545454544e-14,1e-11,-40,3.6e-07,Power value not found in log
5743,1.2999999999999998,4.5545454545454544e-14,1e-11,-25,1.8e-07,Power value not found in log
5744,1.2999999999999998,4.5545454545454544e-14,1e-11,-25,3.6e-07,Power value not found in log
5745,1.2999999999999998,4.5545454545454544e-14,1e-11,0,1.8e-07,Power value not found in log
5746,1.2999999999999998,4.5545454545454544e-14,1e-11,0,3.6e-07,Power value not found in log
5747,1.2999999999999998,4.5545454545454544e-14,1e-11,25,1.8e-07,Power value not found in log
5748,1.2999999999999998,4.5545454545454544e-14,1e-11,25,3.6e-07,Power value not found in log
5749,1.2999999999999998,4.5545454545454544e-14,1e-11,75,1.8e-07,Power value not found in log
5750,1.2999999999999998,4.5545454545454544e-14,1e-11,75,3.6e-07,Power value not found in log
5751,1.2999999999999998,4.5545454545454544e-14,1e-11,100,1.8e-07,Power value not found in log
5752,1.2999999999999998,4.5545454545454544e-14,1e-11,100,3.6e-07,Power value not found in log
5753,1.2999999999999998,4.5545454545454544e-14,1e-11,125,1.8e-07,Power value not found in log
5754,1.2999999999999998,4.5545454545454544e-14,1e-11,125,3.6e-07,Power value not found in log
5756,1.2999999999999998,4.5545454545454544e-14,5e-11,-40,3.6e-07,Power value not found in log
5757,1.2999999999999998,4.5545454545454544e-14,5e-11,-25,1.8e-07,Power value not found in log
5758,1.2999999999999998,4.5545454545454544e-14,5e-11,-25,3.6e-07,Power value not found in log
5759,1.2999999999999998,4.5545454545454544e-14,5e-11,0,1.8e-07,Power value not found in log
5762,1.2999999999999998,4.5545454545454544e-14,5e-11,25,3.6e-07,Power value not found in log
5763,1.2999999999999998,4.5545454545454544e-14,5e-11,75,1.8e-07,Power value not found in log
5766,1.2999999999999998,4.5545454545454544e-14,5e-11,100,3.6e-07,Power value not found in log
5767,1.2999999999999998,4.5545454545454544e-14,5e-11,125,1.8e-07,Power value not found in log
5770,1.2999999999999998,4.5545454545454544e-14,1e-10,-40,3.6e-07,Power value not found in log
5771,1.2999999999999998,4.5545454545454544e-14,1e-10,-25,1.8e-07,Power value not found in log
5772,1.2999999999999998,4.5545454545454544e-14,1e-10,-25,3.6e-07,Power value not found in log
5773,1.2999999999999998,4.5545454545454544e-14,1e-10,0,1.8e-07,Power value not found in log
5774,1.2999999999999998,4.5545454545454544e-14,1e-10,0,3.6e-07,Power value not found in log
5775,1.2999999999999998,4.5545454545454544e-14,1e-10,25,1.8e-07,Power value not found in log
5777,1.2999999999999998,4.5545454545454544e-14,1e-10,75,1.8e-07,Power value not found in log
5779,1.2999999999999998,4.5545454545454544e-14,1e-10,100,1.8e-07,Power value not found in log
5780,1.2999999999999998,4.5545454545454544e-14,1e-10,100,3.6e-07,Power value not found in log
5782,1.2999999999999998,4.5545454545454544e-14,1e-10,125,3.6e-07,Power value not found in log
5783,1.2999999999999998,4.5545454545454544e-14,2e-10,-40,1.8e-07,Power value not found in log
5784,1.2999999999999998,4.5545454545454544e-14,2e-10,-40,3.6e-07,Power value not found in log
5785,1.2999999999999998,4.5545454545454544e-14,2e-10,-25,1.8e-07,Power value not found in log
5786,1.2999999999999998,4.5545454545454544e-14,2e-10,-25,3.6e-07,Power value not found in log
5787,1.2999999999999998,4.5545454545454544e-14,2e-10,0,1.8e-07,Power value not found in log
5788,1.2999999999999998,4.5545454545454544e-14,2e-10,0,3.6e-07,Power value not found in log
5789,1.2999999999999998,4.5545454545454544e-14,2e-10,25,1.8e-07,Power value not found in log
5790,1.2999999999999998,4.5545454545454544e-14,2e-10,25,3.6e-07,Power value not found in log
5791,1.2999999999999998,4.5545454545454544e-14,2e-10,75,1.8e-07,Power value not found in log
5792,1.2999999999999998,4.5545454545454544e-14,2e-10,75,3.6e-07,Power value not found in log
5794,1.2999999999999998,4.5545454545454544e-14,2e-10,100,3.6e-07,Power value not found in log
5795,1.2999999999999998,4.5545454545454544e-14,2e-10,125,1.8e-07,Power value not found in log
5796,1.2999999999999998,4.5545454545454544e-14,2e-10,125,3.6e-07,Power value not found in log
5797,1.2999999999999998,4.5545454545454544e-14,4e-10,-40,1.8e-07,Power value not found in log
5798,1.2999999999999998,4.5545454545454544e-14,4e-10,-40,3.6e-07,Power value not found in log
5800,1.2999999999999998,4.5545454545454544e-14,4e-10,-25,3.6e-07,Power value not found in log
5801,1.2999999999999998,4.5545454545454544e-14,4e-10,0,1.8e-07,Power value not found in log
5803,1.2999999999999998,4.5545454545454544e-14,4e-10,25,1.8e-07,Power value not found in log
5804,1.2999999999999998,4.5545454545454544e-14,4e-10,25,3.6e-07,Power value not found in log
5805,1.2999999999999998,4.5545454545454544e-14,4e-10,75,1.8e-07,Power value not found in log
5806,1.2999999999999998,4.5545454545454544e-14,4e-10,75,3.6e-07,Power value not found in log
5807,1.2999999999999998,4.5545454545454544e-14,4e-10,100,1.8e-07,Power value not found in log
5808,1.2999999999999998,4.5545454545454544e-14,4e-10,100,3.6e-07,Power value not found in log
5809,1.2999999999999998,4.5545454545454544e-14,4e-10,125,1.8e-07,Power value not found in log
5810,1.2999999999999998,4.5545454545454544e-14,4e-10,125,3.6e-07,Power value not found in log
5812,1.2999999999999998,5e-14,1e-11,-40,3.6e-07,Power value not found in log
5813,1.2999999999999998,5e-14,1e-11,-25,1.8e-07,Power value not found in log
5814,1.2999999999999998,5e-14,1e-11,-25,3.6e-07,Power value not found in log
5815,1.2999999999999998,5e-14,1e-11,0,1.8e-07,Power value not found in log
5816,1.2999999999999998,5e-14,1e-11,0,3.6e-07,Power value not found in log
5817,1.2999999999999998,5e-14,1e-11,25,1.8e-07,Power value not found in log
5818,1.2999999999999998,5e-14,1e-11,25,3.6e-07,Power value not found in log
5820,1.2999999999999998,5e-14,1e-11,75,3.6e-07,Power value not found in log
5821,1.2999999999999998,5e-14,1e-11,100,1.8e-07,Power value not found in log
5823,1.2999999999999998,5e-14,1e-11,125,1.8e-07,Power value not found in log
5824,1.2999999999999998,5e-14,1e-11,125,3.6e-07,Power value not found in log
5826,1.2999999999999998,5e-14,5e-11,-40,3.6e-07,Power value not found in log
5827,1.2999999999999998,5e-14,5e-11,-25,1.8e-07,Power value not found in log
5829,1.2999999999999998,5e-14,5e-11,0,1.8e-07,Power value not found in log
5831,1.2999999999999998,5e-14,5e-11,25,1.8e-07,Power value not found in log
5832,1.2999999999999998,5e-14,5e-11,25,3.6e-07,Power value not found in log
5834,1.2999999999999998,5e-14,5e-11,75,3.6e-07,Power value not found in log
5835,1.2999999999999998,5e-14,5e-11,100,1.8e-07,Power value not found in log
5837,1.2999999999999998,5e-14,5e-11,125,1.8e-07,Power value not found in log
5840,1.2999999999999998,5e-14,1e-10,-40,3.6e-07,Power value not found in log
5841,1.2999999999999998,5e-14,1e-10,-25,1.8e-07,Power value not found in log
5842,1.2999999999999998,5e-14,1e-10,-25,3.6e-07,Power value not found in log
5843,1.2999999999999998,5e-14,1e-10,0,1.8e-07,Power value not found in log
5844,1.2999999999999998,5e-14,1e-10,0,3.6e-07,Power value not found in log
5846,1.2999999999999998,5e-14,1e-10,25,3.6e-07,Power value not found in log
5847,1.2999999999999998,5e-14,1e-10,75,1.8e-07,Power value not found in log
5848,1.2999999999999998,5e-14,1e-10,75,3.6e-07,Power value not found in log
5849,1.2999999999999998,5e-14,1e-10,100,1.8e-07,Power value not found in log
5850,1.2999999999999998,5e-14,1e-10,100,3.6e-07,Power value not found in log
5852,1.2999999999999998,5e-14,1e-10,125,3.6e-07,Power value not found in log
5853,1.2999999999999998,5e-14,2e-10,-40,1.8e-07,Power value not found in log
5854,1.2999999999999998,5e-14,2e-10,-40,3.6e-07,Power value not found in log
5855,1.2999999999999998,5e-14,2e-10,-25,1.8e-07,Power value not found in log
5856,1.2999999999999998,5e-14,2e-10,-25,3.6e-07,Power value not found in log
5857,1.2999999999999998,5e-14,2e-10,0,1.8e-07,Power value not found in log
5858,1.2999999999999998,5e-14,2e-10,0,3.6e-07,Power value not found in log
5859,1.2999999999999998,5e-14,2e-10,25,1.8e-07,Power value not found in log
5860,1.2999999999999998,5e-14,2e-10,25,3.6e-07,Power value not found in log
5861,1.2999999999999998,5e-14,2e-10,75,1.8e-07,Power value not found in log
5862,1.2999999999999998,5e-14,2e-10,75,3.6e-07,Power value not found in log
5864,1.2999999999999998,5e-14,2e-10,100,3.6e-07,Power value not found in log
5865,1.2999999999999998,5e-14,2e-10,125,1.8e-07,Power value not found in log
5867,1.2999999999999998,5e-14,4e-10,-40,1.8e-07,Power value not found in log
5868,1.2999999999999998,5e-14,4e-10,-40,3.6e-07,Power value not found in log
5869,1.2999999999999998,5e-14,4e-10,-25,1.8e-07,Power value not found in log
5870,1.2999999999999998,5e-14,4e-10,-25,3.6e-07,Power value not found in log
5871,1.2999999999999998,5e-14,4e-10,0,1.8e-07,Power value not found in log
5872,1.2999999999999998,5e-14,4e-10,0,3.6e-07,Power value not found in log
5873,1.2999999999999998,5e-14,4e-10,25,1.8e-07,Power value not found in log
5874,1.2999999999999998,5e-14,4e-10,25,3.6e-07,Power value not found in log
5876,1.2999999999999998,5e-14,4e-10,75,3.6e-07,Power value not found in log
5878,1.2999999999999998,5e-14,4e-10,100,3.6e-07,Power value not found in log
5879,1.2999999999999998,5e-14,4e-10,125,1.8e-07,Power value not found in log
5880,1.2999999999999998,5e-14,4e-10,125,3.6e-07,Power value not found in log
