Vdd,Cload (fF),Slew (ps),Temp (C),Wp (um),Gate_ID,Power (uW)
0.7,1.0,10.0,-40,0.18,2,0.029
0.7,1.0,10.0,-40,0.36,2,0.035
0.7,1.0,10.0,-25,0.18,2,0.028
0.7,1.0,10.0,-25,0.36,2,0.034
0.7,1.0,10.0,0,0.18,2,0.028
0.7,1.0,10.0,0,0.36,2,0.035
0.7,1.0,10.0,25,0.18,2,0.028
0.7,1.0,10.0,25,0.36,2,0.035
0.7,1.0,10.0,75,0.18,2,0.028
0.7,1.0,10.0,75,0.36,2,0.035
0.7,1.0,10.0,100,0.18,2,0.028
0.7,1.0,10.0,100,0.36,2,0.035
0.7,1.0,10.0,125,0.18,2,0.028
0.7,1.0,10.0,125,0.36,2,0.036
0.7,1.0,50.0,-40,0.18,2,0.045
0.7,1.0,50.0,-40,0.36,2,0.053
0.7,1.0,50.0,-25,0.18,2,0.043
0.7,1.0,50.0,-25,0.36,2,0.05
0.7,1.0,50.0,0,0.18,2,0.041
0.7,1.0,50.0,0,0.36,2,0.048
0.7,1.0,50.0,25,0.18,2,0.039
0.7,1.0,50.0,25,0.36,2,0.046
0.7,1.0,50.0,75,0.18,2,0.037
0.7,1.0,50.0,75,0.36,2,0.041
0.7,1.0,50.0,100,0.18,2,0.036
0.7,1.0,50.0,100,0.36,2,0.043
0.7,1.0,50.0,125,0.18,2,0.035
0.7,1.0,50.0,125,0.36,2,0.042
0.7,1.0,100.0,-40,0.18,2,0.044
0.7,1.0,100.0,-40,0.36,2,0.05
0.7,1.0,100.0,-25,0.18,2,0.044
0.7,1.0,100.0,-25,0.36,2,0.05
0.7,1.0,100.0,0,0.18,2,0.045
0.7,1.0,100.0,0,0.36,2,0.054
0.7,1.0,100.0,25,0.18,2,0.048
0.7,1.0,100.0,25,0.36,2,0.056
0.7,1.0,100.0,75,0.18,2,0.045
0.7,1.0,100.0,75,0.36,2,0.05
0.7,1.0,100.0,100,0.18,2,0.042
0.7,1.0,100.0,100,0.36,2,0.052
0.7,1.0,100.0,125,0.18,2,0.042
0.7,1.0,100.0,125,0.36,2,0.05
0.7,1.0,200.0,-40,0.18,2,0.035
0.7,1.0,200.0,-40,0.36,2,0.049
0.7,1.0,200.0,-25,0.18,2,0.035
0.7,1.0,200.0,-25,0.36,2,0.046
0.7,1.0,200.0,0,0.18,2,0.038
0.7,1.0,200.0,0,0.36,2,0.046
0.7,1.0,200.0,25,0.18,2,0.041
0.7,1.0,200.0,25,0.36,2,0.053
0.7,1.0,200.0,75,0.18,2,0.045
0.7,1.0,200.0,75,0.36,2,0.046
0.7,1.0,200.0,100,0.18,2,0.042
0.7,1.0,200.0,100,0.36,2,0.052
0.7,1.0,200.0,125,0.18,2,0.046
0.7,1.0,200.0,125,0.36,2,0.052
0.7,1.0,400.0,-40,0.18,2,0.043
0.7,1.0,400.0,-40,0.36,2,0.05
0.7,1.0,400.0,-25,0.18,2,0.037
0.7,1.0,400.0,-25,0.36,2,0.048
0.7,1.0,400.0,0,0.18,2,0.042
0.7,1.0,400.0,0,0.36,2,0.051
0.7,1.0,400.0,25,0.18,2,0.035
0.7,1.0,400.0,25,0.36,2,0.053
0.7,1.0,400.0,75,0.18,2,0.038
0.7,1.0,400.0,75,0.36,2,0.054
0.7,1.0,400.0,100,0.18,2,0.039
0.7,1.0,400.0,100,0.36,2,0.046
0.7,1.0,400.0,125,0.18,2,0.041
0.7,1.0,400.0,125,0.36,2,0.048
0.7,5.45,10.0,-40,0.18,2,0.086
0.7,5.45,10.0,-40,0.36,2,0.093
0.7,5.45,10.0,-25,0.18,2,0.087
0.7,5.45,10.0,-25,0.36,2,0.093
0.7,5.45,10.0,0,0.18,2,0.086
0.7,5.45,10.0,0,0.36,2,0.093
0.7,5.45,10.0,25,0.18,2,0.084
0.7,5.45,10.0,25,0.36,2,0.091
0.7,5.45,10.0,75,0.18,2,0.087
0.7,5.45,10.0,75,0.36,2,0.094
0.7,5.45,10.0,100,0.18,2,0.087
0.7,5.45,10.0,100,0.36,2,0.093
0.7,5.45,10.0,125,0.18,2,0.086
0.7,5.45,10.0,125,0.36,2,0.092
0.7,5.45,50.0,-40,0.18,2,0.101
0.7,5.45,50.0,-40,0.36,2,0.109
0.7,5.45,50.0,-25,0.18,2,0.1
0.7,5.45,50.0,-25,0.36,2,0.108
0.7,5.45,50.0,0,0.18,2,0.1
0.7,5.45,50.0,0,0.36,2,0.108
0.7,5.45,50.0,25,0.18,2,0.097
0.7,5.45,50.0,25,0.36,2,0.102
0.7,5.45,50.0,75,0.18,2,0.095
0.7,5.45,50.0,75,0.36,2,0.1
0.7,5.45,50.0,100,0.18,2,0.095
0.7,5.45,50.0,100,0.36,2,0.102
0.7,5.45,50.0,125,0.18,2,0.094
0.7,5.45,50.0,125,0.36,2,0.1
0.7,5.45,100.0,-40,0.18,2,0.121
0.7,5.45,100.0,-40,0.36,2,0.122
0.7,5.45,100.0,-25,0.18,2,0.119
0.7,5.45,100.0,-25,0.36,2,0.13
0.7,5.45,100.0,0,0.18,2,0.109
0.7,5.45,100.0,0,0.36,2,0.123
0.7,5.45,100.0,25,0.18,2,0.112
0.7,5.45,100.0,25,0.36,2,0.118
0.7,5.45,100.0,75,0.18,2,0.104
0.7,5.45,100.0,75,0.36,2,0.111
0.7,5.45,100.0,100,0.18,2,0.106
0.7,5.45,100.0,100,0.36,2,0.108
0.7,5.45,100.0,125,0.18,2,0.104
0.7,5.45,100.0,125,0.36,2,0.108
0.7,5.45,200.0,-40,0.18,2,0.149
0.7,5.45,200.0,-40,0.36,2,0.147
0.7,5.45,200.0,-25,0.18,2,0.141
0.7,5.45,200.0,-25,0.36,2,0.132
0.7,5.45,200.0,0,0.18,2,0.132
0.7,5.45,200.0,0,0.36,2,0.129
0.7,5.45,200.0,25,0.18,2,0.131
0.7,5.45,200.0,25,0.36,2,0.133
0.7,5.45,200.0,75,0.18,2,0.126
0.7,5.45,200.0,75,0.36,2,0.13
0.7,5.45,200.0,100,0.18,2,0.116
0.7,5.45,200.0,100,0.36,2,0.127
0.7,5.45,200.0,125,0.18,2,0.117
0.7,5.45,200.0,125,0.36,2,0.125
0.7,5.45,400.0,-40,0.18,2,0.157
0.7,5.45,400.0,-40,0.36,2,0.168
0.7,5.45,400.0,-25,0.18,2,0.157
0.7,5.45,400.0,-25,0.36,2,0.169
0.7,5.45,400.0,0,0.18,2,0.16
0.7,5.45,400.0,0,0.36,2,0.169
0.7,5.45,400.0,25,0.18,2,0.159
0.7,5.45,400.0,25,0.36,2,0.165
0.7,5.45,400.0,75,0.18,2,0.149
0.7,5.45,400.0,75,0.36,2,0.153
0.7,5.45,400.0,100,0.18,2,0.145
0.7,5.45,400.0,100,0.36,2,0.148
0.7,5.45,400.0,125,0.18,2,0.14
0.7,5.45,400.0,125,0.36,2,0.144
0.7,9.91,10.0,-40,0.18,2,0.14
0.7,9.91,10.0,-40,0.36,2,0.147
0.7,9.91,10.0,-25,0.18,2,0.142
0.7,9.91,10.0,-25,0.36,2,0.15
0.7,9.91,10.0,0,0.18,2,0.144
0.7,9.91,10.0,0,0.36,2,0.149
0.7,9.91,10.0,25,0.18,2,0.143
0.7,9.91,10.0,25,0.36,2,0.148
0.7,9.91,10.0,75,0.18,2,0.141
0.7,9.91,10.0,75,0.36,2,0.147
0.7,9.91,10.0,100,0.18,2,0.139
0.7,9.91,10.0,100,0.36,2,0.148
0.7,9.91,10.0,125,0.18,2,0.138
0.7,9.91,10.0,125,0.36,2,0.151
0.7,9.91,50.0,-40,0.18,2,0.155
0.7,9.91,50.0,-40,0.36,2,0.166
0.7,9.91,50.0,-25,0.18,2,0.155
0.7,9.91,50.0,-25,0.36,2,0.164
0.7,9.91,50.0,0,0.18,2,0.158
0.7,9.91,50.0,0,0.36,2,0.163
0.7,9.91,50.0,25,0.18,2,0.156
0.7,9.91,50.0,25,0.36,2,0.159
0.7,9.91,50.0,75,0.18,2,0.151
0.7,9.91,50.0,75,0.36,2,0.156
0.7,9.91,50.0,100,0.18,2,0.148
0.7,9.91,50.0,100,0.36,2,0.155
0.7,9.91,50.0,125,0.18,2,0.146
0.7,9.91,50.0,125,0.36,2,0.158
0.7,9.91,100.0,-40,0.18,2,0.181
0.7,9.91,100.0,-40,0.36,2,0.188
0.7,9.91,100.0,-25,0.18,2,0.174
0.7,9.91,100.0,-25,0.36,2,0.177
0.7,9.91,100.0,0,0.18,2,0.172
0.7,9.91,100.0,0,0.36,2,0.182
0.7,9.91,100.0,25,0.18,2,0.166
0.7,9.91,100.0,25,0.36,2,0.177
0.7,9.91,100.0,75,0.18,2,0.16
0.7,9.91,100.0,75,0.36,2,0.169
0.7,9.91,100.0,100,0.18,2,0.156
0.7,9.91,100.0,100,0.36,2,0.169
0.7,9.91,100.0,125,0.18,2,0.156
0.7,9.91,100.0,125,0.36,2,0.164
0.7,9.91,200.0,-40,0.18,2,0.202
0.7,9.91,200.0,-40,0.36,2,0.206
0.7,9.91,200.0,-25,0.18,2,0.199
0.7,9.91,200.0,-25,0.36,2,0.199
0.7,9.91,200.0,0,0.18,2,0.195
0.7,9.91,200.0,0,0.36,2,0.194
0.7,9.91,200.0,25,0.18,2,0.187
0.7,9.91,200.0,25,0.36,2,0.189
0.7,9.91,200.0,75,0.18,2,0.182
0.7,9.91,200.0,75,0.36,2,0.19
0.7,9.91,200.0,100,0.18,2,0.173
0.7,9.91,200.0,100,0.36,2,0.188
0.7,9.91,200.0,125,0.18,2,0.17
0.7,9.91,200.0,125,0.36,2,0.184
0.7,9.91,400.0,-40,0.18,2,0.263
0.7,9.91,400.0,-40,0.36,2,0.261
0.7,9.91,400.0,-25,0.18,2,0.254
0.7,9.91,400.0,-25,0.36,2,0.255
0.7,9.91,400.0,0,0.18,2,0.241
0.7,9.91,400.0,0,0.36,2,0.245
0.7,9.91,400.0,25,0.18,2,0.231
0.7,9.91,400.0,25,0.36,2,0.236
0.7,9.91,400.0,75,0.18,2,0.213
0.7,9.91,400.0,75,0.36,2,0.218
0.7,9.91,400.0,100,0.18,2,0.203
0.7,9.91,400.0,100,0.36,2,0.211
0.7,9.91,400.0,125,0.18,2,0.196
0.7,9.91,400.0,125,0.36,2,0.206
0.7,14.36,10.0,-40,0.18,2,0.194
0.7,14.36,10.0,-40,0.36,2,0.201
0.7,14.36,10.0,-25,0.18,2,0.195
0.7,14.36,10.0,-25,0.36,2,0.202
0.7,14.36,10.0,0,0.18,2,0.199
0.7,14.36,10.0,0,0.36,2,0.206
0.7,14.36,10.0,25,0.18,2,0.197
0.7,14.36,10.0,25,0.36,2,0.202
0.7,14.36,10.0,75,0.18,2,0.193
0.7,14.36,10.0,75,0.36,2,0.206
0.7,14.36,10.0,100,0.18,2,0.192
0.7,14.36,10.0,100,0.36,2,0.206
0.7,14.36,10.0,125,0.18,2,0.192
0.7,14.36,10.0,125,0.36,2,0.206
0.7,14.36,50.0,-40,0.18,2,0.212
0.7,14.36,50.0,-40,0.36,2,0.22
0.7,14.36,50.0,-25,0.18,2,0.211
0.7,14.36,50.0,-25,0.36,2,0.218
0.7,14.36,50.0,0,0.18,2,0.211
0.7,14.36,50.0,0,0.36,2,0.217
0.7,14.36,50.0,25,0.18,2,0.21
0.7,14.36,50.0,25,0.36,2,0.216
0.7,14.36,50.0,75,0.18,2,0.203
0.7,14.36,50.0,75,0.36,2,0.215
0.7,14.36,50.0,100,0.18,2,0.201
0.7,14.36,50.0,100,0.36,2,0.212
0.7,14.36,50.0,125,0.18,2,0.199
0.7,14.36,50.0,125,0.36,2,0.215
0.7,14.36,100.0,-40,0.18,2,0.233
0.7,14.36,100.0,-40,0.36,2,0.24
0.7,14.36,100.0,-25,0.18,2,0.229
0.7,14.36,100.0,-25,0.36,2,0.237
0.7,14.36,100.0,0,0.18,2,0.224
0.7,14.36,100.0,0,0.36,2,0.234
0.7,14.36,100.0,25,0.18,2,0.222
0.7,14.36,100.0,25,0.36,2,0.233
0.7,14.36,100.0,75,0.18,2,0.212
0.7,14.36,100.0,75,0.36,2,0.225
0.7,14.36,100.0,100,0.18,2,0.208
0.7,14.36,100.0,100,0.36,2,0.223
0.7,14.36,100.0,125,0.18,2,0.209
0.7,14.36,100.0,125,0.36,2,0.221
0.7,14.36,200.0,-40,0.18,2,0.256
0.7,14.36,200.0,-40,0.36,2,0.263
0.7,14.36,200.0,-25,0.18,2,0.258
0.7,14.36,200.0,-25,0.36,2,0.258
0.7,14.36,200.0,0,0.18,2,0.25
0.7,14.36,200.0,0,0.36,2,0.25
0.7,14.36,200.0,25,0.18,2,0.244
0.7,14.36,200.0,25,0.36,2,0.245
0.7,14.36,200.0,75,0.18,2,0.234
0.7,14.36,200.0,75,0.36,2,0.239
0.7,14.36,200.0,100,0.18,2,0.228
0.7,14.36,200.0,100,0.36,2,0.243
0.7,14.36,200.0,125,0.18,2,0.223
0.7,14.36,200.0,125,0.36,2,0.238
0.7,14.36,400.0,-40,0.18,2,0.328
0.7,14.36,400.0,-40,0.36,2,0.329
0.7,14.36,400.0,-25,0.18,2,0.317
0.7,14.36,400.0,-25,0.36,2,0.32
0.7,14.36,400.0,0,0.18,2,0.301
0.7,14.36,400.0,0,0.36,2,0.302
0.7,14.36,400.0,25,0.18,2,0.296
0.7,14.36,400.0,25,0.36,2,0.297
0.7,14.36,400.0,75,0.18,2,0.267
0.7,14.36,400.0,75,0.36,2,0.275
0.7,14.36,400.0,100,0.18,2,0.257
0.7,14.36,400.0,100,0.36,2,0.271
0.7,14.36,400.0,125,0.18,2,0.25
0.7,14.36,400.0,125,0.36,2,0.266
0.7,18.82,10.0,-40,0.18,2,0.252
0.7,18.82,10.0,-40,0.36,2,0.259
0.7,18.82,10.0,-25,0.18,2,0.253
0.7,18.82,10.0,-25,0.36,2,0.258
0.7,18.82,10.0,0,0.18,2,0.252
0.7,18.82,10.0,0,0.36,2,0.269
0.7,18.82,10.0,25,0.18,2,0.25
0.7,18.82,10.0,25,0.36,2,0.264
0.7,18.82,10.0,75,0.18,2,0.247
0.7,18.82,10.0,75,0.36,2,0.263
0.7,18.82,10.0,100,0.18,2,0.246
0.7,18.82,10.0,100,0.36,2,0.262
0.7,18.82,10.0,125,0.18,2,0.246
0.7,18.82,10.0,125,0.36,2,0.259
0.7,18.82,50.0,-40,0.18,2,0.266
0.7,18.82,50.0,-40,0.36,2,0.279
0.7,18.82,50.0,-25,0.18,2,0.266
0.7,18.82,50.0,-25,0.36,2,0.279
0.7,18.82,50.0,0,0.18,2,0.264
0.7,18.82,50.0,0,0.36,2,0.277
0.7,18.82,50.0,25,0.18,2,0.263
0.7,18.82,50.0,25,0.36,2,0.274
0.7,18.82,50.0,75,0.18,2,0.256
0.7,18.82,50.0,75,0.36,2,0.271
0.7,18.82,50.0,100,0.18,2,0.254
0.7,18.82,50.0,100,0.36,2,0.268
0.7,18.82,50.0,125,0.18,2,0.253
0.7,18.82,50.0,125,0.36,2,0.269
0.7,18.82,100.0,-40,0.18,2,0.292
0.7,18.82,100.0,-40,0.36,2,0.295
0.7,18.82,100.0,-25,0.18,2,0.291
0.7,18.82,100.0,-25,0.36,2,0.294
0.7,18.82,100.0,0,0.18,2,0.282
0.7,18.82,100.0,0,0.36,2,0.294
0.7,18.82,100.0,25,0.18,2,0.274
0.7,18.82,100.0,25,0.36,2,0.291
0.7,18.82,100.0,75,0.18,2,0.265
0.7,18.82,100.0,75,0.36,2,0.282
0.7,18.82,100.0,100,0.18,2,0.261
0.7,18.82,100.0,100,0.36,2,0.28
0.7,18.82,100.0,125,0.18,2,0.262
0.7,18.82,100.0,125,0.36,2,0.275
0.7,18.82,200.0,-40,0.18,2,0.314
0.7,18.82,200.0,-40,0.36,2,0.319
0.7,18.82,200.0,-25,0.18,2,0.312
0.7,18.82,200.0,-25,0.36,2,0.315
0.7,18.82,200.0,0,0.18,2,0.306
0.7,18.82,200.0,0,0.36,2,0.31
0.7,18.82,200.0,25,0.18,2,0.299
0.7,18.82,200.0,25,0.36,2,0.304
0.7,18.82,200.0,75,0.18,2,0.286
0.7,18.82,200.0,75,0.36,2,0.304
0.7,18.82,200.0,100,0.18,2,0.281
0.7,18.82,200.0,100,0.36,2,0.298
0.7,18.82,200.0,125,0.18,2,0.277
0.7,18.82,200.0,125,0.36,2,0.295
0.7,18.82,400.0,-40,0.18,2,0.384
0.7,18.82,400.0,-40,0.36,2,0.384
0.7,18.82,400.0,-25,0.18,2,0.373
0.7,18.82,400.0,-25,0.36,2,0.379
0.7,18.82,400.0,0,0.18,2,0.361
0.7,18.82,400.0,0,0.36,2,0.365
0.7,18.82,400.0,25,0.18,2,0.344
0.7,18.82,400.0,25,0.36,2,0.351
0.7,18.82,400.0,75,0.18,2,0.32
0.7,18.82,400.0,75,0.36,2,0.338
0.7,18.82,400.0,100,0.18,2,0.311
0.7,18.82,400.0,100,0.36,2,0.332
0.7,18.82,400.0,125,0.18,2,0.304
0.7,18.82,400.0,125,0.36,2,0.322
0.7,23.27,10.0,-40,0.36,2,0.314
0.7,23.27,10.0,-25,0.18,2,0.307
0.7,23.27,10.0,-25,0.36,2,0.32
0.7,23.27,10.0,0,0.18,2,0.305
0.7,23.27,10.0,0,0.36,2,0.323
0.7,23.27,10.0,25,0.18,2,0.303
0.7,23.27,10.0,25,0.36,2,0.323
0.7,23.27,10.0,75,0.18,2,0.301
0.7,23.27,10.0,75,0.36,2,0.317
0.7,23.27,10.0,100,0.18,2,0.3
0.7,23.27,10.0,100,0.36,2,0.314
0.7,23.27,10.0,125,0.18,2,0.3
0.7,23.27,10.0,125,0.36,2,0.312
0.7,23.27,50.0,-40,0.18,2,0.323
0.7,23.27,50.0,-40,0.36,2,0.331
0.7,23.27,50.0,-25,0.18,2,0.321
0.7,23.27,50.0,-25,0.36,2,0.33
0.7,23.27,50.0,0,0.18,2,0.317
0.7,23.27,50.0,0,0.36,2,0.331
0.7,23.27,50.0,25,0.18,2,0.316
0.7,23.27,50.0,25,0.36,2,0.331
0.7,23.27,50.0,75,0.18,2,0.31
0.7,23.27,50.0,75,0.36,2,0.325
0.7,23.27,50.0,100,0.18,2,0.308
0.7,23.27,50.0,100,0.36,2,0.321
0.7,23.27,50.0,125,0.18,2,0.307
0.7,23.27,50.0,125,0.36,2,0.321
0.7,23.27,100.0,-40,0.18,2,0.345
0.7,23.27,100.0,-40,0.36,2,0.349
0.7,23.27,100.0,-25,0.18,2,0.344
0.7,23.27,100.0,-25,0.36,2,0.343
0.7,23.27,100.0,0,0.18,2,0.332
0.7,23.27,100.0,0,0.36,2,0.348
0.7,23.27,100.0,25,0.18,2,0.327
0.7,23.27,100.0,25,0.36,2,0.349
0.7,23.27,100.0,75,0.18,2,0.318
0.7,23.27,100.0,75,0.36,2,0.338
0.7,23.27,100.0,100,0.18,2,0.315
0.7,23.27,100.0,100,0.36,2,0.332
0.7,23.27,100.0,125,0.18,2,0.317
0.7,23.27,100.0,125,0.36,2,0.328
0.7,23.27,200.0,-40,0.18,2,0.372
0.7,23.27,200.0,-40,0.36,2,0.379
0.7,23.27,200.0,-25,0.18,2,0.37
0.7,23.27,200.0,-25,0.36,2,0.374
0.7,23.27,200.0,0,0.18,2,0.361
0.7,23.27,200.0,0,0.36,2,0.368
0.7,23.27,200.0,25,0.18,2,0.357
0.7,23.27,200.0,25,0.36,2,0.371
0.7,23.27,200.0,75,0.18,2,0.341
0.7,23.27,200.0,75,0.36,2,0.355
0.7,23.27,200.0,100,0.18,2,0.335
0.7,23.27,200.0,100,0.36,2,0.351
0.7,23.27,200.0,125,0.18,2,0.331
0.7,23.27,200.0,125,0.36,2,0.347
0.7,23.27,400.0,-40,0.18,2,0.442
0.7,23.27,400.0,-40,0.36,2,0.447
0.7,23.27,400.0,-25,0.18,2,0.435
0.7,23.27,400.0,-25,0.36,2,0.438
0.7,23.27,400.0,0,0.18,2,0.42
0.7,23.27,400.0,0,0.36,2,0.423
0.7,23.27,400.0,25,0.18,2,0.401
0.7,23.27,400.0,25,0.36,2,0.414
0.7,23.27,400.0,75,0.18,2,0.374
0.7,23.27,400.0,75,0.36,2,0.395
0.7,23.27,400.0,100,0.18,2,0.365
0.7,23.27,400.0,100,0.36,2,0.383
0.7,23.27,400.0,125,0.18,2,0.358
0.7,23.27,400.0,125,0.36,2,0.375
0.7,27.73,10.0,-40,0.18,2,0.362
0.7,27.73,10.0,-40,0.36,2,0.37
0.7,27.73,10.0,-25,0.18,2,0.361
0.7,27.73,10.0,-25,0.36,2,0.371
0.7,27.73,10.0,0,0.18,2,0.358
0.7,27.73,10.0,0,0.36,2,0.376
0.7,27.73,10.0,25,0.18,2,0.357
0.7,27.73,10.0,25,0.36,2,0.376
0.7,27.73,10.0,75,0.18,2,0.355
0.7,27.73,10.0,75,0.36,2,0.369
0.7,27.73,10.0,100,0.18,2,0.354
0.7,27.73,10.0,100,0.36,2,0.367
0.7,27.73,10.0,125,0.18,2,0.354
0.7,27.73,10.0,125,0.36,2,0.366
0.7,27.73,50.0,-40,0.18,2,0.379
0.7,27.73,50.0,-40,0.36,2,0.39
0.7,27.73,50.0,-25,0.18,2,0.375
0.7,27.73,50.0,-25,0.36,2,0.388
0.7,27.73,50.0,0,0.18,2,0.37
0.7,27.73,50.0,0,0.36,2,0.39
0.7,27.73,50.0,25,0.18,2,0.369
0.7,27.73,50.0,25,0.36,2,0.388
0.7,27.73,50.0,75,0.18,2,0.364
0.7,27.73,50.0,75,0.36,2,0.377
0.7,27.73,50.0,100,0.18,2,0.362
0.7,27.73,50.0,100,0.36,2,0.374
0.7,27.73,50.0,125,0.18,2,0.361
0.7,27.73,50.0,125,0.36,2,0.375
0.7,27.73,100.0,-40,0.18,2,0.403
0.7,27.73,100.0,-40,0.36,2,0.406
0.7,27.73,100.0,-25,0.18,2,0.397
0.7,27.73,100.0,-25,0.36,2,0.411
0.7,27.73,100.0,0,0.18,2,0.387
0.7,27.73,100.0,0,0.36,2,0.408
0.7,27.73,100.0,25,0.18,2,0.38
0.7,27.73,100.0,25,0.36,2,0.406
0.7,27.73,100.0,75,0.18,2,0.372
0.7,27.73,100.0,75,0.36,2,0.391
0.7,27.73,100.0,100,0.18,2,0.37
0.7,27.73,100.0,100,0.36,2,0.385
0.7,27.73,100.0,125,0.18,2,0.371
0.7,27.73,100.0,125,0.36,2,0.382
0.7,27.73,200.0,-40,0.18,2,0.428
0.7,27.73,200.0,-40,0.36,2,0.431
0.7,27.73,200.0,-25,0.18,2,0.424
0.7,27.73,200.0,-25,0.36,2,0.428
0.7,27.73,200.0,0,0.18,2,0.416
0.7,27.73,200.0,0,0.36,2,0.436
0.7,27.73,200.0,25,0.18,2,0.41
0.7,27.73,200.0,25,0.36,2,0.431
0.7,27.73,200.0,75,0.18,2,0.395
0.7,27.73,200.0,75,0.36,2,0.408
0.7,27.73,200.0,100,0.18,2,0.389
0.7,27.73,200.0,100,0.36,2,0.404
0.7,27.73,200.0,125,0.18,2,0.384
0.7,27.73,200.0,125,0.36,2,0.396
0.7,27.73,400.0,-40,0.18,2,0.501
0.7,27.73,400.0,-40,0.36,2,0.514
0.7,27.73,400.0,-25,0.18,2,0.489
0.7,27.73,400.0,-25,0.36,2,0.496
0.7,27.73,400.0,0,0.18,2,0.471
0.7,27.73,400.0,0,0.36,2,0.481
0.7,27.73,400.0,25,0.18,2,0.452
0.7,27.73,400.0,25,0.36,2,0.474
0.7,27.73,400.0,75,0.18,2,0.428
0.7,27.73,400.0,75,0.36,2,0.448
0.7,27.73,400.0,100,0.18,2,0.419
0.7,27.73,400.0,100,0.36,2,0.437
0.7,27.73,400.0,125,0.18,2,0.412
0.7,27.73,400.0,125,0.36,2,0.43
0.7,32.18,10.0,-40,0.18,2,0.416
0.7,32.18,10.0,-40,0.36,2,0.424
0.7,32.18,10.0,-25,0.18,2,0.414
0.7,32.18,10.0,-25,0.36,2,0.427
0.7,32.18,10.0,0,0.18,2,0.412
0.7,32.18,10.0,0,0.36,2,0.433
0.7,32.18,10.0,25,0.18,2,0.411
0.7,32.18,10.0,25,0.36,2,0.43
0.7,32.18,10.0,75,0.18,2,0.409
0.7,32.18,10.0,75,0.36,2,0.422
0.7,32.18,10.0,100,0.18,2,0.408
0.7,32.18,10.0,100,0.36,2,0.421
0.7,32.18,10.0,125,0.18,2,0.408
0.7,32.18,10.0,125,0.36,2,0.42
0.7,32.18,50.0,-40,0.18,2,0.432
0.7,32.18,50.0,-40,0.36,2,0.447
0.7,32.18,50.0,-25,0.18,2,0.428
0.7,32.18,50.0,-25,0.36,2,0.446
0.7,32.18,50.0,0,0.18,2,0.423
0.7,32.18,50.0,0,0.36,2,0.446
0.7,32.18,50.0,25,0.18,2,0.423
0.7,32.18,50.0,25,0.36,2,0.441
0.7,32.18,50.0,75,0.18,2,0.418
0.7,32.18,50.0,75,0.36,2,0.43
0.7,32.18,50.0,100,0.18,2,0.417
0.7,32.18,50.0,100,0.36,2,0.427
0.7,32.18,50.0,125,0.18,2,0.416
0.7,32.18,50.0,125,0.36,2,0.429
0.7,32.18,100.0,-40,0.18,2,0.456
0.7,32.18,100.0,-40,0.36,2,0.463
0.7,32.18,100.0,-25,0.18,2,0.449
0.7,32.18,100.0,-25,0.36,2,0.463
0.7,32.18,100.0,0,0.18,2,0.44
0.7,32.18,100.0,0,0.36,2,0.463
0.7,32.18,100.0,25,0.18,2,0.434
0.7,32.18,100.0,25,0.36,2,0.459
0.7,32.18,100.0,75,0.18,2,0.426
0.7,32.18,100.0,75,0.36,2,0.444
0.7,32.18,100.0,100,0.18,2,0.424
0.7,32.18,100.0,100,0.36,2,0.439
0.7,32.18,100.0,125,0.18,2,0.425
0.7,32.18,100.0,125,0.36,2,0.435
0.7,32.18,200.0,-40,0.18,2,0.49
0.7,32.18,200.0,-40,0.36,2,0.5
0.7,32.18,200.0,-25,0.18,2,0.484
0.7,32.18,200.0,-25,0.36,2,0.502
0.7,32.18,200.0,0,0.18,2,0.47
0.7,32.18,200.0,0,0.36,2,0.497
0.7,32.18,200.0,25,0.18,2,0.463
0.7,32.18,200.0,25,0.36,2,0.483
0.7,32.18,200.0,75,0.18,2,0.448
0.7,32.18,200.0,75,0.36,2,0.461
0.7,32.18,200.0,100,0.18,2,0.443
0.7,32.18,200.0,100,0.36,2,0.457
0.7,32.18,200.0,125,0.18,2,0.439
0.7,32.18,200.0,125,0.36,2,0.452
0.7,32.18,400.0,-40,0.18,2,0.556
0.7,32.18,400.0,-40,0.36,2,0.558
0.7,32.18,400.0,-25,0.18,2,0.541
0.7,32.18,400.0,-25,0.36,2,0.548
0.7,32.18,400.0,0,0.18,2,0.524
0.7,32.18,400.0,0,0.36,2,0.543
0.7,32.18,400.0,25,0.18,2,0.509
0.7,32.18,400.0,25,0.36,2,0.531
0.7,32.18,400.0,75,0.18,2,0.483
0.7,32.18,400.0,75,0.36,2,0.502
0.7,32.18,400.0,100,0.18,2,0.473
0.7,32.18,400.0,100,0.36,2,0.49
0.7,32.18,400.0,125,0.18,2,0.467
0.7,32.18,400.0,125,0.36,2,0.482
0.7,36.64,10.0,-40,0.18,2,0.469
0.7,36.64,10.0,-40,0.36,2,0.483
0.7,36.64,10.0,-25,0.18,2,0.468
0.7,36.64,10.0,-25,0.36,2,0.486
0.7,36.64,10.0,0,0.18,2,0.466
0.7,36.64,10.0,0,0.36,2,0.487
0.7,36.64,10.0,25,0.18,2,0.465
0.7,36.64,10.0,25,0.36,2,0.482
0.7,36.64,10.0,75,0.18,2,0.463
0.7,36.64,10.0,75,0.36,2,0.476
0.7,36.64,10.0,100,0.18,2,0.463
0.7,36.64,10.0,100,0.36,2,0.474
0.7,36.64,10.0,125,0.18,2,0.463
0.7,36.64,10.0,125,0.36,2,0.474
0.7,36.64,50.0,-40,0.18,2,0.485
0.7,36.64,50.0,-40,0.36,2,0.505
0.7,36.64,50.0,-25,0.18,2,0.482
0.7,36.64,50.0,-25,0.36,2,0.505
0.7,36.64,50.0,0,0.18,2,0.477
0.7,36.64,50.0,0,0.36,2,0.501
0.7,36.64,50.0,25,0.18,2,0.477
0.7,36.64,50.0,25,0.36,2,0.493
0.7,36.64,50.0,75,0.18,2,0.472
0.7,36.64,50.0,75,0.36,2,0.484
0.7,36.64,50.0,100,0.18,2,0.471
0.7,36.64,50.0,100,0.36,2,0.481
0.7,36.64,50.0,125,0.18,2,0.47
0.7,36.64,50.0,125,0.36,2,0.483
0.7,36.64,100.0,-40,0.18,2,0.508
0.7,36.64,100.0,-40,0.36,2,0.52
0.7,36.64,100.0,-25,0.18,2,0.503
0.7,36.64,100.0,-25,0.36,2,0.52
0.7,36.64,100.0,0,0.18,2,0.495
0.7,36.64,100.0,0,0.36,2,0.518
0.7,36.64,100.0,25,0.18,2,0.486
0.7,36.64,100.0,25,0.36,2,0.512
0.7,36.64,100.0,75,0.18,2,0.481
0.7,36.64,100.0,75,0.36,2,0.497
0.7,36.64,100.0,100,0.18,2,0.478
0.7,36.64,100.0,100,0.36,2,0.493
0.7,36.64,100.0,125,0.18,2,0.479
0.7,36.64,100.0,125,0.36,2,0.489
0.7,36.64,200.0,-40,0.18,2,0.544
0.7,36.64,200.0,-40,0.36,2,0.554
0.7,36.64,200.0,-25,0.18,2,0.538
0.7,36.64,200.0,-25,0.36,2,0.555
0.7,36.64,200.0,0,0.18,2,0.525
0.7,36.64,200.0,0,0.36,2,0.547
0.7,36.64,200.0,25,0.18,2,0.517
0.7,36.64,200.0,25,0.36,2,0.535
0.7,36.64,200.0,75,0.18,2,0.503
0.7,36.64,200.0,75,0.36,2,0.514
0.7,36.64,200.0,100,0.18,2,0.497
0.7,36.64,200.0,100,0.36,2,0.511
0.7,36.64,200.0,125,0.18,2,0.493
0.7,36.64,200.0,125,0.36,2,0.506
0.7,36.64,400.0,-40,0.18,2,0.61
0.7,36.64,400.0,-40,0.36,2,0.617
0.7,36.64,400.0,-25,0.18,2,0.598
0.7,36.64,400.0,-25,0.36,2,0.619
0.7,36.64,400.0,0,0.18,2,0.577
0.7,36.64,400.0,0,0.36,2,0.6
0.7,36.64,400.0,25,0.18,2,0.559
0.7,36.64,400.0,25,0.36,2,0.584
0.7,36.64,400.0,75,0.18,2,0.536
0.7,36.64,400.0,75,0.36,2,0.555
0.7,36.64,400.0,100,0.18,2,0.528
0.7,36.64,400.0,100,0.36,2,0.544
0.7,36.64,400.0,125,0.18,2,0.521
0.7,36.64,400.0,125,0.36,2,0.537
0.7,41.09,10.0,-40,0.18,2,0.523
0.7,41.09,10.0,-40,0.36,2,0.542
0.7,41.09,10.0,-25,0.18,2,0.522
0.7,41.09,10.0,-25,0.36,2,0.543
0.7,41.09,10.0,0,0.18,2,0.52
0.7,41.09,10.0,0,0.36,2,0.54
0.7,41.09,10.0,25,0.18,2,0.519
0.7,41.09,10.0,25,0.36,2,0.535
0.7,41.09,10.0,75,0.18,2,0.517
0.7,41.09,10.0,75,0.36,2,0.53
0.7,41.09,10.0,100,0.18,2,0.517
0.7,41.09,10.0,100,0.36,2,0.528
0.7,41.09,10.0,125,0.18,2,0.517
0.7,41.09,10.0,125,0.36,2,0.528
0.7,41.09,50.0,-40,0.18,2,0.538
0.7,41.09,50.0,-40,0.36,2,0.556
0.7,41.09,50.0,-25,0.18,2,0.535
0.7,41.09,50.0,-25,0.36,2,0.556
0.7,41.09,50.0,0,0.18,2,0.531
0.7,41.09,50.0,0,0.36,2,0.554
0.7,41.09,50.0,25,0.18,2,0.531
0.7,41.09,50.0,25,0.36,2,0.546
0.7,41.09,50.0,75,0.18,2,0.527
0.7,41.09,50.0,75,0.36,2,0.538
0.7,41.09,50.0,100,0.18,2,0.525
0.7,41.09,50.0,100,0.36,2,0.535
0.7,41.09,50.0,125,0.18,2,0.524
0.7,41.09,50.0,125,0.36,2,0.537
0.7,41.09,100.0,-40,0.18,2,0.562
0.7,41.09,100.0,-40,0.36,2,0.574
0.7,41.09,100.0,-25,0.18,2,0.556
0.7,41.09,100.0,-25,0.36,2,0.58
0.7,41.09,100.0,0,0.18,2,0.549
0.7,41.09,100.0,0,0.36,2,0.571
0.7,41.09,100.0,25,0.18,2,0.542
0.7,41.09,100.0,25,0.36,2,0.564
0.7,41.09,100.0,75,0.18,2,0.535
0.7,41.09,100.0,75,0.36,2,0.551
0.7,41.09,100.0,100,0.18,2,0.532
0.7,41.09,100.0,100,0.36,2,0.546
0.7,41.09,100.0,125,0.18,2,0.534
0.7,41.09,100.0,125,0.36,2,0.543
0.7,41.09,200.0,-40,0.18,2,0.597
0.7,41.09,200.0,-40,0.36,2,0.616
0.7,41.09,200.0,-25,0.18,2,0.589
0.7,41.09,200.0,-25,0.36,2,0.611
0.7,41.09,200.0,0,0.18,2,0.578
0.7,41.09,200.0,0,0.36,2,0.602
0.7,41.09,200.0,25,0.18,2,0.571
0.7,41.09,200.0,25,0.36,2,0.587
0.7,41.09,200.0,75,0.18,2,0.557
0.7,41.09,200.0,75,0.36,2,0.563
0.7,41.09,200.0,100,0.18,2,0.552
0.7,41.09,200.0,100,0.36,2,0.565
0.7,41.09,200.0,125,0.18,2,0.548
0.7,41.09,200.0,125,0.36,2,0.56
0.7,41.09,400.0,-40,0.18,2,0.668
0.7,41.09,400.0,-40,0.36,2,0.682
0.7,41.09,400.0,-25,0.18,2,0.651
0.7,41.09,400.0,-25,0.36,2,0.669
0.7,41.09,400.0,0,0.18,2,0.629
0.7,41.09,400.0,0,0.36,2,0.653
0.7,41.09,400.0,25,0.18,2,0.614
0.7,41.09,400.0,25,0.36,2,0.636
0.7,41.09,400.0,75,0.18,2,0.591
0.7,41.09,400.0,75,0.36,2,0.609
0.7,41.09,400.0,100,0.18,2,0.582
0.7,41.09,400.0,100,0.36,2,0.597
0.7,41.09,400.0,125,0.18,2,0.575
0.7,41.09,400.0,125,0.36,2,0.591
0.7,45.55,10.0,-40,0.18,2,0.577
0.7,45.55,10.0,-40,0.36,2,0.596
0.7,45.55,10.0,-25,0.18,2,0.576
0.7,45.55,10.0,-25,0.36,2,0.598
0.7,45.55,10.0,0,0.18,2,0.574
0.7,45.55,10.0,0,0.36,2,0.593
0.7,45.55,10.0,25,0.18,2,0.573
0.7,45.55,10.0,25,0.36,2,0.588
0.7,45.55,10.0,75,0.18,2,0.572
0.7,45.55,10.0,75,0.36,2,0.584
0.7,45.55,10.0,100,0.18,2,0.571
0.7,45.55,10.0,100,0.36,2,0.582
0.7,45.55,10.0,125,0.18,2,0.571
0.7,45.55,10.0,125,0.36,2,0.582
0.7,45.55,50.0,-40,0.18,2,0.592
0.7,45.55,50.0,-40,0.36,2,0.612
0.7,45.55,50.0,-25,0.18,2,0.589
0.7,45.55,50.0,-25,0.36,2,0.614
0.7,45.55,50.0,0,0.18,2,0.585
0.7,45.55,50.0,0,0.36,2,0.607
0.7,45.55,50.0,25,0.18,2,0.585
0.7,45.55,50.0,25,0.36,2,0.6
0.7,45.55,50.0,75,0.18,2,0.581
0.7,45.55,50.0,75,0.36,2,0.591
0.7,45.55,50.0,100,0.18,2,0.58
0.7,45.55,50.0,100,0.36,2,0.589
0.7,45.55,50.0,125,0.18,2,0.579
0.7,45.55,50.0,125,0.36,2,0.591
0.7,45.55,100.0,-40,0.18,2,0.615
0.7,45.55,100.0,-40,0.36,2,0.63
0.7,45.55,100.0,-25,0.18,2,0.61
0.7,45.55,100.0,-25,0.36,2,0.635
0.7,45.55,100.0,0,0.18,2,0.603
0.7,45.55,100.0,0,0.36,2,0.624
0.7,45.55,100.0,25,0.18,2,0.596
0.7,45.55,100.0,25,0.36,2,0.617
0.7,45.55,100.0,75,0.18,2,0.589
0.7,45.55,100.0,75,0.36,2,0.605
0.7,45.55,100.0,100,0.18,2,0.587
0.7,45.55,100.0,100,0.36,2,0.6
0.7,45.55,100.0,125,0.18,2,0.588
0.7,45.55,100.0,125,0.36,2,0.598
0.7,45.55,200.0,-40,0.18,2,0.649
0.7,45.55,200.0,-40,0.36,2,0.668
0.7,45.55,200.0,-25,0.18,2,0.641
0.7,45.55,200.0,-25,0.36,2,0.672
0.7,45.55,200.0,0,0.18,2,0.632
0.7,45.55,200.0,0,0.36,2,0.654
0.7,45.55,200.0,25,0.18,2,0.625
0.7,45.55,200.0,25,0.36,2,0.64
0.7,45.55,200.0,75,0.18,2,0.611
0.7,45.55,200.0,75,0.36,2,0.619
0.7,45.55,200.0,100,0.18,2,0.606
0.7,45.55,200.0,100,0.36,2,0.618
0.7,45.55,200.0,125,0.18,2,0.601
0.7,45.55,200.0,125,0.36,2,0.614
0.7,45.55,400.0,-40,0.18,2,0.72
0.7,45.55,400.0,-40,0.36,2,0.729
0.7,45.55,400.0,-25,0.18,2,0.704
0.7,45.55,400.0,-25,0.36,2,0.729
0.7,45.55,400.0,0,0.18,2,0.686
0.7,45.55,400.0,0,0.36,2,0.707
0.7,45.55,400.0,25,0.18,2,0.668
0.7,45.55,400.0,25,0.36,2,0.689
0.7,45.55,400.0,75,0.18,2,0.645
0.7,45.55,400.0,75,0.36,2,0.662
0.7,45.55,400.0,100,0.18,2,0.637
0.7,45.55,400.0,100,0.36,2,0.651
0.7,45.55,400.0,125,0.18,2,0.63
0.7,45.55,400.0,125,0.36,2,0.644
0.7,50.0,10.0,-40,0.18,2,0.631
0.7,50.0,10.0,-40,0.36,2,0.655
0.7,50.0,10.0,-25,0.18,2,0.63
0.7,50.0,10.0,-25,0.36,2,0.65
0.7,50.0,10.0,0,0.18,2,0.629
0.7,50.0,10.0,0,0.36,2,0.646
0.7,50.0,10.0,25,0.18,2,0.627
0.7,50.0,10.0,25,0.36,2,0.642
0.7,50.0,10.0,75,0.18,2,0.626
0.7,50.0,10.0,75,0.36,2,0.638
0.7,50.0,10.0,100,0.18,2,0.626
0.7,50.0,10.0,100,0.36,2,0.637
0.7,50.0,10.0,125,0.18,2,0.626
0.7,50.0,10.0,125,0.36,2,0.636
0.7,50.0,50.0,-40,0.18,2,0.646
0.7,50.0,50.0,-40,0.36,2,0.669
0.7,50.0,50.0,-25,0.18,2,0.643
0.7,50.0,50.0,-25,0.36,2,0.669
0.7,50.0,50.0,0,0.18,2,0.639
0.7,50.0,50.0,0,0.36,2,0.659
0.7,50.0,50.0,25,0.18,2,0.64
0.7,50.0,50.0,25,0.36,2,0.653
0.7,50.0,50.0,75,0.18,2,0.635
0.7,50.0,50.0,75,0.36,2,0.645
0.7,50.0,50.0,100,0.18,2,0.634
0.7,50.0,50.0,100,0.36,2,0.643
0.7,50.0,50.0,125,0.18,2,0.633
0.7,50.0,50.0,125,0.36,2,0.642
0.7,50.0,100.0,-40,0.18,2,0.669
0.7,50.0,100.0,-40,0.36,2,0.69
0.7,50.0,100.0,-25,0.18,2,0.664
0.7,50.0,100.0,-25,0.36,2,0.685
0.7,50.0,100.0,0,0.18,2,0.656
0.7,50.0,100.0,0,0.36,2,0.677
0.7,50.0,100.0,25,0.18,2,0.65
0.7,50.0,100.0,25,0.36,2,0.671
0.7,50.0,100.0,75,0.18,2,0.644
0.7,50.0,100.0,75,0.36,2,0.659
0.7,50.0,100.0,100,0.18,2,0.641
0.7,50.0,100.0,100,0.36,2,0.655
0.7,50.0,100.0,125,0.18,2,0.643
0.7,50.0,100.0,125,0.36,2,0.652
0.7,50.0,200.0,-40,0.18,2,0.699
0.7,50.0,200.0,-40,0.36,2,0.729
0.7,50.0,200.0,-25,0.18,2,0.694
0.7,50.0,200.0,-25,0.36,2,0.724
0.7,50.0,200.0,0,0.18,2,0.686
0.7,50.0,200.0,0,0.36,2,0.706
0.7,50.0,200.0,25,0.18,2,0.679
0.7,50.0,200.0,25,0.36,2,0.693
0.7,50.0,200.0,75,0.18,2,0.665
0.7,50.0,200.0,75,0.36,2,0.674
0.7,50.0,200.0,100,0.18,2,0.66
0.7,50.0,200.0,100,0.36,2,0.672
0.7,50.0,200.0,125,0.18,2,0.656
0.7,50.0,200.0,125,0.36,2,0.666
0.7,50.0,400.0,-40,0.18,2,0.777
0.7,50.0,400.0,-40,0.36,2,0.796
0.7,50.0,400.0,-25,0.18,2,0.758
0.7,50.0,400.0,-25,0.36,2,0.787
0.7,50.0,400.0,0,0.18,2,0.737
0.7,50.0,400.0,0,0.36,2,0.759
0.7,50.0,400.0,25,0.18,2,0.723
0.7,50.0,400.0,25,0.36,2,0.742
0.7,50.0,400.0,75,0.18,2,0.7
0.7,50.0,400.0,75,0.36,2,0.716
0.7,50.0,400.0,100,0.18,2,0.691
0.7,50.0,400.0,100,0.36,2,0.706
0.7,50.0,400.0,125,0.18,2,0.684
0.7,50.0,400.0,125,0.36,2,0.7
0.8,1.0,10.0,-40,0.18,2,0.039
0.8,1.0,10.0,-40,0.36,2,0.047
0.8,1.0,10.0,-25,0.18,2,0.038
0.8,1.0,10.0,-25,0.36,2,0.047
0.8,1.0,10.0,0,0.18,2,0.039
0.8,1.0,10.0,0,0.36,2,0.047
0.8,1.0,10.0,25,0.18,2,0.038
0.8,1.0,10.0,25,0.36,2,0.046
0.8,1.0,10.0,75,0.18,2,0.038
0.8,1.0,10.0,75,0.36,2,0.046
0.8,1.0,10.0,100,0.18,2,0.038
0.8,1.0,10.0,100,0.36,2,0.048
0.8,1.0,10.0,125,0.18,2,0.039
0.8,1.0,10.0,125,0.36,2,0.048
0.8,1.0,50.0,-40,0.18,2,0.057
0.8,1.0,50.0,-40,0.36,2,0.064
0.8,1.0,50.0,-25,0.18,2,0.058
0.8,1.0,50.0,-25,0.36,2,0.064
0.8,1.0,50.0,0,0.18,2,0.057
0.8,1.0,50.0,0,0.36,2,0.062
0.8,1.0,50.0,25,0.18,2,0.056
0.8,1.0,50.0,25,0.36,2,0.064
0.8,1.0,50.0,75,0.18,2,0.052
0.8,1.0,50.0,75,0.36,2,0.061
0.8,1.0,50.0,100,0.18,2,0.051
0.8,1.0,50.0,100,0.36,2,0.06
0.8,1.0,50.0,125,0.18,2,0.05
0.8,1.0,50.0,125,0.36,2,0.06
0.8,1.0,100.0,-40,0.18,2,0.053
0.8,1.0,100.0,-40,0.36,2,0.065
0.8,1.0,100.0,-25,0.18,2,0.05
0.8,1.0,100.0,-25,0.36,2,0.061
0.8,1.0,100.0,0,0.18,2,0.053
0.8,1.0,100.0,0,0.36,2,0.062
0.8,1.0,100.0,25,0.18,2,0.054
0.8,1.0,100.0,25,0.36,2,0.063
0.8,1.0,100.0,75,0.18,2,0.059
0.8,1.0,100.0,75,0.36,2,0.071
0.8,1.0,100.0,100,0.18,2,0.06
0.8,1.0,100.0,100,0.36,2,0.068
0.8,1.0,100.0,125,0.18,2,0.06
0.8,1.0,100.0,125,0.36,2,0.066
0.8,1.0,200.0,-40,0.18,2,0.049
0.8,1.0,200.0,-40,0.36,2,0.067
0.8,1.0,200.0,-25,0.18,2,0.051
0.8,1.0,200.0,-25,0.36,2,0.056
0.8,1.0,200.0,0,0.18,2,0.051
0.8,1.0,200.0,0,0.36,2,0.059
0.8,1.0,200.0,25,0.18,2,0.049
0.8,1.0,200.0,25,0.36,2,0.066
0.8,1.0,200.0,75,0.18,2,0.052
0.8,1.0,200.0,75,0.36,2,0.06
0.8,1.0,200.0,100,0.18,2,0.052
0.8,1.0,200.0,100,0.36,2,0.063
0.8,1.0,200.0,125,0.36,2,0.066
0.8,1.0,400.0,-40,0.18,2,0.05
0.8,1.0,400.0,-25,0.18,2,0.055
0.8,1.0,400.0,-25,0.36,2,0.063
0.8,1.0,400.0,0,0.18,2,0.061
0.8,1.0,400.0,0,0.36,2,0.063
0.8,1.0,400.0,25,0.18,2,0.06
0.8,1.0,400.0,25,0.36,2,0.058
0.8,1.0,400.0,75,0.36,2,0.063
0.8,1.0,400.0,100,0.18,2,0.05
0.8,1.0,400.0,100,0.36,2,0.066
0.8,1.0,400.0,125,0.18,2,0.059
0.8,1.0,400.0,125,0.36,2,0.068
0.8,5.45,10.0,-40,0.18,2,0.112
0.8,5.45,10.0,-40,0.36,2,0.121
0.8,5.45,10.0,-25,0.18,2,0.112
0.8,5.45,10.0,-25,0.36,2,0.121
0.8,5.45,10.0,25,0.18,2,0.113
0.8,5.45,10.0,25,0.36,2,0.122
0.8,5.45,10.0,75,0.18,2,0.112
0.8,5.45,10.0,75,0.36,2,0.121
0.8,5.45,10.0,100,0.18,2,0.112
0.8,5.45,10.0,125,0.36,2,0.123
0.8,5.45,50.0,-40,0.18,2,0.145
0.8,5.45,50.0,-40,0.36,2,0.145
0.8,5.45,50.0,-25,0.18,2,0.139
0.8,5.45,50.0,-25,0.36,2,0.151
0.8,5.45,50.0,0,0.18,2,0.14
0.8,5.45,50.0,0,0.36,2,0.146
0.8,5.45,50.0,125,0.18,2,0.127
0.8,5.45,50.0,125,0.36,2,0.133
0.8,5.45,100.0,-40,0.18,2,0.164
0.8,5.45,100.0,-40,0.36,2,0.169
0.8,5.45,100.0,-25,0.18,2,0.172
0.8,5.45,100.0,0,0.18,2,0.162
0.8,5.45,100.0,0,0.36,2,0.167
0.8,5.45,100.0,25,0.18,2,0.158
0.8,5.45,100.0,75,0.18,2,0.149
0.8,5.45,100.0,75,0.36,2,0.155
0.8,5.45,100.0,100,0.18,2,0.145
0.8,5.45,100.0,100,0.36,2,0.153
0.8,5.45,100.0,125,0.36,2,0.15
0.8,5.45,200.0,-25,0.18,2,0.213
0.8,5.45,200.0,-25,0.36,2,0.222
0.8,5.45,200.0,0,0.18,2,0.192
0.8,5.45,200.0,0,0.36,2,0.198
0.8,5.45,200.0,25,0.18,2,0.193
0.8,5.45,200.0,25,0.36,2,0.192
0.8,5.45,200.0,100,0.18,2,0.175
0.8,5.45,400.0,25,0.18,2,0.206
0.8,5.45,400.0,75,0.18,2,0.203
0.8,5.45,400.0,75,0.36,2,0.214
0.8,5.45,400.0,100,0.18,2,0.203
0.8,5.45,400.0,100,0.36,2,0.207
0.8,5.45,400.0,125,0.18,2,0.201
0.8,9.91,10.0,-25,0.36,2,0.192
0.8,9.91,10.0,0,0.36,2,0.193
0.8,9.91,10.0,25,0.18,2,0.185
0.8,9.91,10.0,25,0.36,2,0.197
0.8,9.91,10.0,75,0.18,2,0.187
0.8,9.91,10.0,75,0.36,2,0.194
0.8,9.91,10.0,100,0.18,2,0.188
0.8,9.91,10.0,125,0.36,2,0.194
0.8,9.91,50.0,-25,0.18,2,0.212
0.8,9.91,50.0,-25,0.36,2,0.219
0.8,9.91,50.0,0,0.18,2,0.209
0.8,9.91,50.0,0,0.36,2,0.219
0.8,9.91,50.0,25,0.18,2,0.207
0.8,9.91,100.0,-40,0.18,2,0.238
0.8,9.91,100.0,-40,0.36,2,0.25
0.8,9.91,100.0,-25,0.18,2,0.243
0.8,9.91,100.0,-25,0.36,2,0.245
0.8,9.91,100.0,0,0.18,2,0.236
0.8,9.91,100.0,25,0.36,2,0.24
0.8,9.91,100.0,125,0.36,2,0.224
0.8,9.91,200.0,-40,0.18,2,0.299
0.8,9.91,200.0,-40,0.36,2,0.286
0.8,9.91,200.0,-25,0.18,2,0.289
0.8,9.91,200.0,-25,0.36,2,0.286
0.8,9.91,200.0,0,0.18,2,0.278
0.8,9.91,200.0,0,0.36,2,0.28
0.8,9.91,200.0,25,0.18,2,0.277
0.8,9.91,200.0,25,0.36,2,0.277
0.8,9.91,200.0,75,0.18,2,0.257
0.8,9.91,200.0,75,0.36,2,0.256
0.8,9.91,200.0,100,0.18,2,0.249
0.8,9.91,200.0,100,0.36,2,0.255
0.8,9.91,200.0,125,0.18,2,0.243
0.8,9.91,200.0,125,0.36,2,0.254
0.8,9.91,400.0,-40,0.18,2,0.348
0.8,9.91,400.0,-40,0.36,2,0.352
0.8,9.91,400.0,-25,0.18,2,0.35
0.8,9.91,400.0,-25,0.36,2,0.359
0.8,9.91,400.0,0,0.18,2,0.349
0.8,9.91,400.0,0,0.36,2,0.354
0.8,9.91,400.0,25,0.18,2,0.34
0.8,9.91,400.0,25,0.36,2,0.345
0.8,9.91,400.0,75,0.18,2,0.315
0.8,9.91,400.0,75,0.36,2,0.316
0.8,9.91,400.0,100,0.18,2,0.306
0.8,9.91,400.0,100,0.36,2,0.309
0.8,9.91,400.0,125,0.18,2,0.294
0.8,9.91,400.0,125,0.36,2,0.299
0.8,14.36,10.0,-40,0.18,2,0.256
0.8,14.36,10.0,-40,0.36,2,0.266
0.8,14.36,10.0,-25,0.18,2,0.259
0.8,14.36,10.0,-25,0.36,2,0.269
0.8,14.36,10.0,0,0.18,2,0.261
0.8,14.36,10.0,0,0.36,2,0.269
0.8,14.36,10.0,25,0.18,2,0.26
0.8,14.36,10.0,25,0.36,2,0.269
0.8,14.36,10.0,75,0.18,2,0.259
0.8,14.36,10.0,75,0.36,2,0.272
0.8,14.36,10.0,100,0.18,2,0.256
0.8,14.36,10.0,100,0.36,2,0.268
0.8,14.36,10.0,125,0.18,2,0.255
0.8,14.36,10.0,125,0.36,2,0.273
0.8,14.36,50.0,-40,0.18,2,0.284
0.8,14.36,50.0,-40,0.36,2,0.293
0.8,14.36,50.0,-25,0.18,2,0.284
0.8,14.36,50.0,-25,0.36,2,0.296
0.8,14.36,50.0,0,0.18,2,0.279
0.8,14.36,50.0,0,0.36,2,0.292
0.8,14.36,50.0,25,0.18,2,0.277
0.8,14.36,50.0,25,0.36,2,0.286
0.8,14.36,50.0,75,0.18,2,0.277
0.8,14.36,50.0,75,0.36,2,0.285
0.8,14.36,50.0,100,0.18,2,0.273
0.8,14.36,50.0,100,0.36,2,0.283
0.8,14.36,50.0,125,0.18,2,0.269
0.8,14.36,50.0,125,0.36,2,0.281
0.8,14.36,100.0,-40,0.18,2,0.322
0.8,14.36,100.0,-40,0.36,2,0.33
0.8,14.36,100.0,-25,0.18,2,0.319
0.8,14.36,100.0,-25,0.36,2,0.317
0.8,14.36,100.0,0,0.18,2,0.303
0.8,14.36,100.0,0,0.36,2,0.32
0.8,14.36,100.0,25,0.18,2,0.306
0.8,14.36,100.0,25,0.36,2,0.314
0.8,14.36,100.0,75,0.18,2,0.296
0.8,14.36,100.0,75,0.36,2,0.304
0.8,14.36,100.0,100,0.18,2,0.289
0.8,14.36,100.0,100,0.36,2,0.299
0.8,14.36,100.0,125,0.18,2,0.284
0.8,14.36,100.0,125,0.36,2,0.297
0.8,14.36,200.0,-40,0.18,2,0.374
0.8,14.36,200.0,-40,0.36,2,0.38
0.8,14.36,200.0,-25,0.18,2,0.366
0.8,14.36,200.0,-25,0.36,2,0.37
0.8,14.36,200.0,0,0.18,2,0.352
0.8,14.36,200.0,0,0.36,2,0.365
0.8,14.36,200.0,25,0.18,2,0.35
0.8,14.36,200.0,25,0.36,2,0.356
0.8,14.36,200.0,75,0.18,2,0.333
0.8,14.36,200.0,75,0.36,2,0.333
0.8,14.36,200.0,100,0.18,2,0.323
0.8,14.36,200.0,100,0.36,2,0.333
0.8,14.36,200.0,125,0.18,2,0.314
0.8,14.36,200.0,125,0.36,2,0.33
0.8,14.36,400.0,-40,0.18,2,0.472
0.8,14.36,400.0,-40,0.36,2,0.455
0.8,14.36,400.0,-25,0.18,2,0.461
0.8,14.36,400.0,-25,0.36,2,0.449
0.8,14.36,400.0,0,0.18,2,0.443
0.8,14.36,400.0,0,0.36,2,0.44
0.8,14.36,400.0,25,0.18,2,0.429
0.8,14.36,400.0,25,0.36,2,0.429
0.8,14.36,400.0,75,0.18,2,0.398
0.8,14.36,400.0,75,0.36,2,0.4
0.8,14.36,400.0,100,0.18,2,0.382
0.8,14.36,400.0,100,0.36,2,0.386
0.8,14.36,400.0,125,0.18,2,0.368
0.8,14.36,400.0,125,0.36,2,0.376
0.8,18.82,10.0,-40,0.18,2,0.327
0.8,18.82,10.0,-40,0.36,2,0.338
0.8,18.82,10.0,-25,0.18,2,0.329
0.8,18.82,10.0,-25,0.36,2,0.34
0.8,18.82,10.0,0,0.18,2,0.329
0.8,18.82,10.0,0,0.36,2,0.338
0.8,18.82,10.0,25,0.18,2,0.332
0.8,18.82,10.0,25,0.36,2,0.339
0.8,18.82,10.0,75,0.18,2,0.327
0.8,18.82,10.0,75,0.36,2,0.347
0.8,18.82,10.0,100,0.18,2,0.325
0.8,18.82,10.0,100,0.36,2,0.345
0.8,18.82,10.0,125,0.18,2,0.324
0.8,18.82,10.0,125,0.36,2,0.348
0.8,18.82,50.0,-40,0.18,2,0.357
0.8,18.82,50.0,-40,0.36,2,0.364
0.8,18.82,50.0,-25,0.18,2,0.355
0.8,18.82,50.0,-25,0.36,2,0.366
0.8,18.82,50.0,0,0.18,2,0.358
0.8,18.82,50.0,0,0.36,2,0.364
0.8,18.82,50.0,25,0.18,2,0.355
0.8,18.82,50.0,25,0.36,2,0.359
0.8,18.82,50.0,75,0.36,2,0.361
0.8,18.82,50.0,100,0.18,2,0.342
0.8,18.82,50.0,125,0.18,2,0.339
0.8,18.82,50.0,125,0.36,2,0.359
0.8,18.82,100.0,-40,0.18,2,0.394
0.8,18.82,100.0,-25,0.18,2,0.389
0.8,18.82,100.0,0,0.36,2,0.392
0.8,18.82,100.0,25,0.18,2,0.381
0.8,18.82,100.0,25,0.36,2,0.386
0.8,18.82,100.0,75,0.18,2,0.363
0.8,18.82,100.0,75,0.36,2,0.376
0.8,18.82,100.0,100,0.18,2,0.358
0.8,18.82,100.0,100,0.36,2,0.377
0.8,18.82,100.0,125,0.18,2,0.353
0.8,18.82,100.0,125,0.36,2,0.374
0.8,18.82,200.0,-40,0.18,2,0.461
0.8,18.82,200.0,-25,0.18,2,0.448
0.8,18.82,200.0,-25,0.36,2,0.445
0.8,18.82,200.0,0,0.18,2,0.441
0.8,18.82,200.0,25,0.18,2,0.429
0.8,18.82,200.0,25,0.36,2,0.434
0.8,18.82,200.0,75,0.18,2,0.402
0.8,18.82,200.0,75,0.36,2,0.422
0.8,18.82,200.0,100,0.18,2,0.392
0.8,18.82,200.0,100,0.36,2,0.412
0.8,18.82,400.0,-25,0.18,2,0.548
0.8,18.82,400.0,0,0.18,2,0.527
0.8,18.82,400.0,25,0.36,2,0.504
0.8,18.82,400.0,100,0.36,2,0.464
0.8,18.82,400.0,125,0.36,2,0.453
0.8,23.27,10.0,-40,0.36,2,0.41
0.8,23.27,10.0,-25,0.18,2,0.402
0.8,23.27,10.0,-25,0.36,2,0.411
0.8,23.27,10.0,0,0.36,2,0.411
0.8,23.27,10.0,25,0.18,2,0.403
0.8,23.27,10.0,25,0.36,2,0.414
0.8,23.27,10.0,75,0.18,2,0.397
0.8,23.27,10.0,100,0.18,2,0.395
0.8,23.27,50.0,-40,0.18,2,0.427
0.8,23.27,50.0,-25,0.36,2,0.44
0.8,23.27,50.0,25,0.36,2,0.439
0.8,23.27,50.0,75,0.36,2,0.436
0.8,23.27,50.0,125,0.18,2,0.409
0.8,23.27,100.0,-40,0.18,2,0.471
0.8,23.27,100.0,25,0.36,2,0.46
0.8,23.27,100.0,75,0.36,2,0.455
0.8,23.27,100.0,100,0.18,2,0.427
0.8,23.27,100.0,125,0.36,2,0.446
0.8,23.27,200.0,-25,0.36,2,0.537
0.8,23.27,200.0,0,0.18,2,0.513
0.8,23.27,200.0,0,0.36,2,0.511
0.8,23.27,200.0,25,0.18,2,0.503
0.8,23.27,200.0,75,0.18,2,0.467
0.8,23.27,200.0,100,0.18,2,0.461
0.8,23.27,200.0,100,0.36,2,0.489
0.8,23.27,200.0,125,0.18,2,0.452
0.8,23.27,200.0,125,0.36,2,0.479
0.8,23.27,400.0,-40,0.18,2,0.642
0.8,23.27,400.0,0,0.18,2,0.606
0.8,23.27,400.0,25,0.36,2,0.578
0.8,23.27,400.0,125,0.18,2,0.509
0.8,27.73,10.0,-40,0.18,2,0.476
0.8,27.73,10.0,-40,0.36,2,0.486
0.8,27.73,10.0,-25,0.18,2,0.481
0.8,27.73,10.0,0,0.18,2,0.476
0.8,27.73,10.0,0,0.36,2,0.488
0.8,27.73,10.0,25,0.18,2,0.472
0.8,27.73,10.0,25,0.36,2,0.495
0.8,27.73,10.0,75,0.18,2,0.467
0.8,27.73,10.0,75,0.36,2,0.493
0.8,27.73,10.0,125,0.18,2,0.465
0.8,27.73,50.0,-40,0.18,2,0.504
0.8,27.73,50.0,-40,0.36,2,0.509
0.8,27.73,50.0,-25,0.18,2,0.505
0.8,27.73,50.0,-25,0.36,2,0.511
0.8,27.73,50.0,25,0.18,2,0.492
0.8,27.73,50.0,75,0.18,2,0.485
0.8,27.73,50.0,100,0.18,2,0.481
0.8,27.73,50.0,125,0.36,2,0.499
0.8,27.73,100.0,-40,0.36,2,0.554
0.8,27.73,100.0,-25,0.36,2,0.542
0.8,27.73,100.0,0,0.18,2,0.535
0.8,27.73,100.0,0,0.36,2,0.541
0.8,27.73,100.0,25,0.18,2,0.522
0.8,27.73,100.0,75,0.36,2,0.528
0.8,27.73,100.0,100,0.36,2,0.522
0.8,27.73,200.0,-40,0.18,2,0.611
0.8,27.73,200.0,-25,0.18,2,0.606
0.8,27.73,200.0,-25,0.36,2,0.587
0.8,27.73,200.0,0,0.36,2,0.601
0.8,27.73,400.0,-40,0.18,2,0.717
0.8,27.73,400.0,-25,0.18,2,0.713
0.8,27.73,400.0,0,0.36,2,0.679
0.8,27.73,400.0,75,0.18,2,0.61
0.8,32.18,10.0,0,0.18,2,0.545
0.8,32.18,10.0,25,0.18,2,0.541
0.8,32.18,10.0,100,0.18,2,0.536
0.8,32.18,10.0,125,0.18,2,0.536
0.8,32.18,10.0,125,0.36,2,0.555
0.8,32.18,50.0,-40,0.18,2,0.582
0.8,32.18,50.0,-25,0.36,2,0.583
0.8,32.18,50.0,0,0.36,2,0.585
0.8,32.18,50.0,75,0.36,2,0.58
0.8,32.18,50.0,125,0.36,2,0.568
0.8,32.18,100.0,-25,0.18,2,0.613
0.8,32.18,100.0,0,0.18,2,0.603
0.8,32.18,100.0,0,0.36,2,0.615
0.8,32.18,100.0,25,0.18,2,0.59
0.8,32.18,100.0,100,0.36,2,0.59
0.8,32.18,100.0,125,0.36,2,0.583
0.8,32.18,200.0,-40,0.18,2,0.678
0.8,32.18,200.0,-40,0.36,2,0.669
0.8,32.18,200.0,0,0.18,2,0.661
0.8,32.18,200.0,25,0.36,2,0.661
0.8,32.18,200.0,75,0.18,2,0.61
0.8,32.18,200.0,75,0.36,2,0.643
0.8,32.18,200.0,100,0.18,2,0.6
0.8,32.18,200.0,100,0.36,2,0.628
0.8,32.18,200.0,125,0.36,2,0.616
0.8,32.18,400.0,-40,0.18,2,0.794
0.8,32.18,400.0,-25,0.18,2,0.782
0.8,32.18,400.0,0,0.18,2,0.757
0.8,32.18,400.0,0,0.36,2,0.766
0.8,32.18,400.0,75,0.36,2,0.711
0.8,32.18,400.0,100,0.36,2,0.688
0.8,32.18,400.0,125,0.36,2,0.673
0.8,36.64,10.0,-40,0.36,2,0.629
0.8,36.64,10.0,-25,0.18,2,0.619
0.8,36.64,10.0,-25,0.36,2,0.629
0.8,36.64,10.0,0,0.18,2,0.615
0.8,36.64,10.0,0,0.36,2,0.632
0.8,36.64,10.0,25,0.18,2,0.612
0.8,36.64,10.0,100,0.36,2,0.627
0.8,36.64,50.0,-25,0.18,2,0.647
0.8,36.64,50.0,0,0.36,2,0.659
0.8,36.64,50.0,25,0.36,2,0.663
0.8,36.64,50.0,75,0.36,2,0.649
0.8,36.64,100.0,-40,0.18,2,0.687
0.8,36.64,100.0,0,0.18,2,0.671
0.8,36.64,100.0,25,0.36,2,0.692
0.8,36.64,100.0,75,0.18,2,0.643
0.8,36.64,100.0,100,0.36,2,0.659
0.8,36.64,100.0,125,0.18,2,0.635
0.8,36.64,100.0,125,0.36,2,0.653
0.8,36.64,200.0,-40,0.18,2,0.759
0.8,36.64,200.0,-40,0.36,2,0.77
0.8,36.64,200.0,-25,0.36,2,0.761
0.8,36.64,200.0,0,0.36,2,0.747
0.8,36.64,200.0,25,0.36,2,0.741
0.8,36.64,200.0,75,0.18,2,0.68
0.8,36.64,200.0,100,0.18,2,0.671
0.8,36.64,200.0,125,0.18,2,0.663
0.8,36.64,400.0,25,0.36,2,0.819
0.8,36.64,400.0,75,0.36,2,0.78
0.8,36.64,400.0,100,0.18,2,0.736
0.8,41.09,10.0,-25,0.36,2,0.7
0.8,41.09,10.0,25,0.18,2,0.682
0.8,41.09,10.0,100,0.18,2,0.678
0.8,41.09,50.0,-40,0.18,2,0.719
0.8,41.09,50.0,-25,0.18,2,0.714
0.8,41.09,50.0,0,0.36,2,0.733
0.8,41.09,50.0,75,0.18,2,0.696
0.8,41.09,50.0,100,0.36,2,0.711
0.8,41.09,50.0,125,0.36,2,0.707
0.8,41.09,100.0,-25,0.18,2,0.752
0.8,41.09,100.0,-25,0.36,2,0.764
0.8,41.09,100.0,25,0.18,2,0.73
0.8,41.09,100.0,75,0.36,2,0.736
0.8,41.09,100.0,125,0.18,2,0.705
0.8,41.09,200.0,-25,0.36,2,0.843
0.8,41.09,200.0,0,0.36,2,0.832
0.8,41.09,200.0,75,0.18,2,0.747
0.8,41.09,200.0,100,0.18,2,0.741
0.8,41.09,400.0,-25,0.36,2,0.933
0.8,41.09,400.0,0,0.18,2,0.894
0.8,41.09,400.0,0,0.36,2,0.911
0.8,41.09,400.0,100,0.18,2,0.806
0.8,45.55,10.0,-40,0.18,2,0.76
0.8,45.55,10.0,-40,0.36,2,0.772
0.8,45.55,10.0,-25,0.18,2,0.758
0.8,45.55,10.0,-25,0.36,2,0.775
0.8,45.55,10.0,0,0.36,2,0.782
0.8,45.55,10.0,25,0.18,2,0.753
0.8,45.55,10.0,75,0.36,2,0.77
0.8,45.55,50.0,-40,0.36,2,0.805
0.8,45.55,50.0,25,0.18,2,0.772
0.8,45.55,50.0,25,0.36,2,0.807
0.8,45.55,50.0,75,0.18,2,0.767
0.8,45.55,50.0,75,0.36,2,0.787
0.8,45.55,50.0,125,0.36,2,0.778
0.8,45.55,100.0,-40,0.36,2,0.849
0.8,45.55,100.0,-25,0.36,2,0.829
0.8,45.55,100.0,0,0.18,2,0.809
0.8,45.55,100.0,0,0.36,2,0.837
0.8,45.55,100.0,25,0.36,2,0.832
0.8,45.55,100.0,100,0.36,2,0.798
0.8,45.55,200.0,-40,0.18,2,0.902
0.8,45.55,200.0,-25,0.36,2,0.916
0.8,45.55,200.0,0,0.18,2,0.865
0.8,45.55,200.0,25,0.18,2,0.847
0.8,45.55,200.0,75,0.18,2,0.818
0.8,45.55,200.0,100,0.36,2,0.835
0.8,45.55,400.0,0,0.18,2,0.963
0.8,45.55,400.0,25,0.18,2,0.934
0.8,45.55,400.0,125,0.18,2,0.863
0.8,45.55,400.0,125,0.36,2,0.882
0.8,50.0,10.0,0,0.18,2,0.826
0.8,50.0,10.0,25,0.36,2,0.852
0.8,50.0,10.0,100,0.36,2,0.837
0.8,50.0,50.0,-40,0.36,2,0.876
0.8,50.0,50.0,0,0.36,2,0.887
0.8,50.0,50.0,25,0.36,2,0.876
0.8,50.0,50.0,100,0.18,2,0.835
0.8,50.0,50.0,125,0.18,2,0.833
0.8,50.0,100.0,-40,0.18,2,0.894
0.8,50.0,100.0,0,0.18,2,0.88
0.8,50.0,100.0,75,0.18,2,0.855
0.8,50.0,100.0,125,0.36,2,0.863
0.8,50.0,200.0,0,0.36,2,0.971
0.8,50.0,200.0,100,0.36,2,0.904
0.8,50.0,400.0,25,0.18,2,1.005
0.8,50.0,400.0,75,0.36,2,0.986
0.8,50.0,400.0,100,0.36,2,0.967
0.8,50.0,400.0,125,0.36,2,0.952
0.9,1.0,10.0,-40,0.18,2,0.052
0.9,1.0,10.0,-25,0.18,2,0.05
0.9,1.0,10.0,-25,0.36,2,0.06
0.9,1.0,10.0,125,0.18,2,0.049
0.9,1.0,50.0,-40,0.36,2,0.077
0.9,1.0,50.0,-25,0.18,2,0.066
0.9,1.0,50.0,125,0.18,2,0.068
0.9,1.0,50.0,125,0.36,2,0.078
0.9,1.0,100.0,25,0.36,2,0.081
0.9,1.0,100.0,100,0.18,2,0.071
0.9,1.0,200.0,-40,0.18,2,0.08
0.9,1.0,200.0,-25,0.36,2,0.086
0.9,1.0,200.0,0,0.18,2,0.072
0.9,1.0,200.0,100,0.36,2,0.091
0.9,1.0,400.0,25,0.36,2,0.094
0.9,1.0,400.0,100,0.18,2,0.073
0.9,5.45,10.0,-25,0.18,2,0.142
0.9,5.45,10.0,25,0.18,2,0.144
0.9,5.45,10.0,75,0.18,2,0.144
0.9,5.45,10.0,100,0.36,2,0.155
0.9,5.45,50.0,0,0.36,2,0.183
0.9,5.45,50.0,125,0.36,2,0.178
0.9,5.45,100.0,-40,0.36,2,0.225
0.9,5.45,100.0,-25,0.18,2,0.223
0.9,5.45,100.0,25,0.36,2,0.214
0.9,5.45,100.0,125,0.18,2,0.188
0.9,5.45,200.0,0,0.36,2,0.26
0.9,5.45,200.0,75,0.36,2,0.245
0.9,5.45,200.0,100,0.18,2,0.234
0.9,5.45,200.0,125,0.18,2,0.228
0.9,5.45,400.0,-40,0.36,2,0.282
0.9,5.45,400.0,-25,0.36,2,0.279
0.9,5.45,400.0,75,0.18,2,0.262
0.9,5.45,400.0,100,0.18,2,0.264
0.9,9.91,10.0,-25,0.18,2,0.237
0.9,9.91,10.0,0,0.18,2,0.236
0.9,9.91,10.0,25,0.36,2,0.246
0.9,9.91,10.0,125,0.18,2,0.238
0.9,9.91,50.0,-40,0.18,2,0.279
0.9,9.91,50.0,-25,0.36,2,0.277
0.9,9.91,50.0,100,0.36,2,0.271
0.9,9.91,100.0,-40,0.36,2,0.334
0.9,9.91,100.0,-25,0.36,2,0.328
0.9,9.91,100.0,25,0.18,2,0.305
0.9,9.91,100.0,75,0.18,2,0.295
0.9,9.91,100.0,100,0.36,2,0.296
0.9,9.91,200.0,-25,0.36,2,0.375
0.9,9.91,200.0,0,0.36,2,0.382
0.9,9.91,200.0,75,0.36,2,0.35
0.9,9.91,200.0,100,0.36,2,0.337
0.9,9.91,400.0,-25,0.36,2,0.447
0.9,9.91,400.0,125,0.36,2,0.405
0.9,14.36,10.0,-25,0.18,2,0.327
0.9,14.36,10.0,0,0.18,2,0.326
0.9,14.36,10.0,25,0.36,2,0.337
0.9,14.36,50.0,-40,0.18,2,0.372
0.9,14.36,50.0,-25,0.18,2,0.368
0.9,14.36,50.0,0,0.36,2,0.374
0.9,14.36,50.0,75,0.36,2,0.365
0.9,14.36,100.0,-40,0.36,2,0.426
0.9,14.36,100.0,0,0.18,2,0.408
0.9,14.36,100.0,25,0.18,2,0.398
0.9,14.36,100.0,100,0.36,2,0.393
0.9,14.36,200.0,100,0.18,2,0.435
0.9,14.36,400.0,-40,0.36,2,0.636
0.9,14.36,400.0,-25,0.36,2,0.606
0.9,14.36,400.0,25,0.36,2,0.573
0.9,14.36,400.0,125,0.18,2,0.51
0.9,18.82,10.0,-40,0.18,2,0.416
0.9,18.82,10.0,0,0.36,2,0.43
0.9,18.82,10.0,25,0.36,2,0.435
0.9,18.82,10.0,75,0.18,2,0.423
0.9,18.82,10.0,125,0.18,2,0.416
0.9,18.82,50.0,-40,0.36,2,0.478
0.9,18.82,50.0,25,0.18,2,0.455
0.9,18.82,50.0,75,0.36,2,0.459
0.9,18.82,100.0,-40,0.36,2,0.521
0.9,18.82,100.0,-25,0.36,2,0.515
0.9,18.82,100.0,25,0.18,2,0.489
0.9,18.82,100.0,75,0.36,2,0.493
0.9,18.82,400.0,-40,0.18,2,0.761
0.9,18.82,400.0,-25,0.18,2,0.752
0.9,18.82,400.0,-25,0.36,2,0.731
0.9,18.82,400.0,0,0.36,2,0.693
0.9,18.82,400.0,25,0.36,2,0.679
0.9,18.82,400.0,75,0.36,2,0.647
0.9,18.82,400.0,100,0.36,2,0.631
0.9,23.27,10.0,-25,0.18,2,0.51
0.9,23.27,10.0,0,0.36,2,0.521
0.9,23.27,10.0,25,0.36,2,0.523
0.9,23.27,10.0,75,0.18,2,0.509
0.9,23.27,10.0,125,0.36,2,0.539
0.9,23.27,50.0,0,0.36,2,0.56
0.9,23.27,50.0,125,0.18,2,0.527
0.9,23.27,100.0,-40,0.36,2,0.613
0.9,23.27,100.0,0,0.18,2,0.597
0.9,23.27,100.0,100,0.18,2,0.558
0.9,23.27,200.0,-40,0.36,2,0.706
0.9,23.27,200.0,0,0.18,2,0.677
0.9,23.27,400.0,-40,0.36,2,0.856
0.9,23.27,400.0,75,0.18,2,0.741
0.9,27.73,10.0,-25,0.18,2,0.602
0.9,27.73,10.0,75,0.18,2,0.597
0.9,27.73,10.0,100,0.36,2,0.63
0.9,27.73,50.0,-40,0.18,2,0.649
0.9,27.73,50.0,-25,0.18,2,0.644
0.9,27.73,50.0,0,0.18,2,0.645
0.9,27.73,50.0,100,0.18,2,0.619
0.9,27.73,100.0,0,0.36,2,0.703
0.9,27.73,100.0,75,0.18,2,0.656
0.9,27.73,100.0,100,0.36,2,0.683
0.9,27.73,100.0,125,0.36,2,0.675
0.9,27.73,200.0,25,0.18,2,0.757
0.9,27.73,200.0,100,0.18,2,0.703
0.9,27.73,200.0,125,0.18,2,0.69
0.9,27.73,400.0,-40,0.36,2,0.941
0.9,27.73,400.0,-25,0.36,2,0.942
0.9,27.73,400.0,25,0.18,2,0.905
0.9,27.73,400.0,75,0.18,2,0.831
0.9,27.73,400.0,125,0.18,2,0.781
0.9,27.73,400.0,125,0.36,2,0.813
0.9,32.18,10.0,-25,0.18,2,0.7
0.9,32.18,10.0,25,0.36,2,0.714
0.9,32.18,10.0,125,0.36,2,0.713
0.9,32.18,50.0,-40,0.36,2,0.749
0.9,32.18,50.0,-25,0.18,2,0.742
0.9,32.18,50.0,0,0.18,2,0.736
0.9,32.18,100.0,-40,0.36,2,0.799
0.9,32.18,100.0,-25,0.36,2,0.807
0.9,32.18,100.0,0,0.36,2,0.795
0.9,32.18,100.0,25,0.36,2,0.784
0.9,32.18,200.0,-40,0.18,2,0.894
0.9,32.18,200.0,0,0.18,2,0.87
0.9,32.18,200.0,25,0.18,2,0.856
0.9,32.18,200.0,100,0.18,2,0.789
0.9,32.18,400.0,-40,0.18,2,1.087
0.9,32.18,400.0,0,0.18,2,1.033
0.9,32.18,400.0,25,0.18,2,0.994
0.9,32.18,400.0,100,0.18,2,0.892
0.9,36.64,10.0,-25,0.18,2,0.79
0.9,36.64,10.0,0,0.18,2,0.787
0.9,36.64,10.0,125,0.18,2,0.771
0.9,36.64,50.0,-40,0.18,2,0.831
0.9,36.64,50.0,0,0.18,2,0.826
0.9,36.64,50.0,100,0.36,2,0.829
0.9,36.64,100.0,-40,0.36,2,0.879
0.9,36.64,100.0,-25,0.36,2,0.894
0.9,36.64,100.0,75,0.18,2,0.83
0.9,36.64,100.0,125,0.36,2,0.849
0.9,36.64,200.0,0,0.18,2,0.964
0.9,36.64,400.0,-40,0.18,2,1.187
0.9,36.64,400.0,-25,0.18,2,1.162
0.9,36.64,400.0,25,0.18,2,1.083
0.9,41.09,10.0,-25,0.18,2,0.879
0.9,41.09,10.0,25,0.18,2,0.869
0.9,41.09,10.0,75,0.18,2,0.863
0.9,41.09,10.0,100,0.18,2,0.862
0.9,41.09,200.0,125,0.18,2,0.956
0.9,41.09,200.0,125,0.36,2,0.988
0.9,41.09,400.0,-40,0.18,2,1.269
0.9,41.09,400.0,0,0.18,2,1.224
0.9,41.09,400.0,25,0.36,2,1.205
0.9,41.09,400.0,100,0.36,2,1.104
0.9,41.09,400.0,125,0.36,2,1.08
0.9,45.55,10.0,0,0.18,2,0.962
0.9,45.55,50.0,-25,0.36,2,1.027
0.9,45.55,50.0,25,0.36,2,1.034
0.9,45.55,50.0,125,0.36,2,0.997
0.9,45.55,100.0,-25,0.18,2,1.067
0.9,45.55,100.0,25,0.18,2,1.033
0.9,45.55,100.0,75,0.36,2,1.05
0.9,45.55,200.0,-40,0.18,2,1.172
0.9,45.55,200.0,125,0.36,2,1.076
0.9,45.55,400.0,-40,0.36,2,1.366
0.9,45.55,400.0,25,0.18,2,1.262
0.9,45.55,400.0,75,0.18,2,1.187
0.9,45.55,400.0,125,0.18,2,1.139
0.9,50.0,10.0,-25,0.18,2,1.055
0.9,50.0,10.0,0,0.18,2,1.051
0.9,50.0,10.0,25,0.18,2,1.047
0.9,50.0,10.0,75,0.18,2,1.042
0.9,50.0,50.0,25,0.18,2,1.08
0.9,50.0,50.0,100,0.18,2,1.066
0.9,50.0,100.0,-40,0.36,2,1.184
0.9,50.0,100.0,0,0.18,2,1.136
0.9,50.0,100.0,25,0.18,2,1.121
0.9,50.0,100.0,75,0.18,2,1.097
0.9,50.0,100.0,100,0.18,2,1.091
0.9,50.0,100.0,125,0.18,2,1.085
0.9,50.0,200.0,-40,0.18,2,1.261
0.9,50.0,200.0,-25,0.36,2,1.268
0.9,50.0,200.0,0,0.36,2,1.236
0.9,50.0,200.0,25,0.36,2,1.255
0.9,50.0,200.0,125,0.18,2,1.135
0.9,50.0,400.0,-25,0.36,2,1.456
0.9,50.0,400.0,25,0.18,2,1.349
0.9,50.0,400.0,100,0.36,2,1.28
0.9,50.0,400.0,125,0.36,2,1.256
1.0,1.0,10.0,-40,0.18,2,0.064
1.0,1.0,10.0,-25,0.36,2,0.074
1.0,1.0,10.0,0,0.36,2,0.073
1.0,1.0,10.0,100,0.36,2,0.076
1.0,1.0,10.0,125,0.36,2,0.079
1.0,1.0,50.0,-40,0.36,2,0.109
1.0,1.0,50.0,0,0.18,2,0.081
1.0,1.0,50.0,25,0.18,2,0.081
1.0,1.0,50.0,25,0.36,2,0.1
1.0,1.0,50.0,125,0.36,2,0.097
1.0,1.0,100.0,-25,0.36,2,0.111
1.0,1.0,100.0,0,0.36,2,0.104
1.0,1.0,100.0,25,0.18,2,0.077
1.0,1.0,100.0,75,0.18,2,0.086
1.0,1.0,100.0,100,0.36,2,0.112
1.0,1.0,100.0,125,0.18,2,0.088
1.0,1.0,200.0,-25,0.18,2,0.088
1.0,1.0,200.0,100,0.36,2,0.113
1.0,1.0,200.0,125,0.18,2,0.096
1.0,1.0,400.0,-40,0.18,2,0.139
1.0,1.0,400.0,25,0.18,2,0.122
1.0,5.45,10.0,-40,0.18,2,0.176
1.0,5.45,10.0,125,0.18,2,0.18
1.0,5.45,50.0,0,0.18,2,0.227
1.0,5.45,50.0,125,0.18,2,0.212
1.0,5.45,100.0,75,0.18,2,0.257
1.0,5.45,100.0,125,0.18,2,0.244
1.0,5.45,100.0,125,0.36,2,0.253
1.0,5.45,200.0,-25,0.36,2,0.33
1.0,5.45,200.0,75,0.18,2,0.314
1.0,5.45,400.0,-40,0.36,2,0.393
1.0,5.45,400.0,0,0.36,2,0.377
1.0,5.45,400.0,75,0.18,2,0.324
1.0,5.45,400.0,100,0.36,2,0.332
1.0,9.91,10.0,-25,0.18,2,0.293
1.0,9.91,10.0,0,0.18,2,0.29
1.0,9.91,10.0,75,0.18,2,0.295
1.0,9.91,10.0,100,0.36,2,0.311
1.0,9.91,50.0,-40,0.18,2,0.351
1.0,9.91,50.0,-25,0.18,2,0.349
1.0,9.91,50.0,25,0.36,2,0.352
1.0,9.91,50.0,100,0.18,2,0.329
1.0,9.91,50.0,125,0.18,2,0.327
1.0,9.91,100.0,-40,0.36,2,0.417
1.0,9.91,100.0,-25,0.36,2,0.41
1.0,9.91,200.0,-25,0.18,2,0.521
1.0,9.91,200.0,0,0.36,2,0.5
1.0,9.91,200.0,25,0.36,2,0.473
1.0,9.91,400.0,25,0.36,2,0.575
1.0,14.36,10.0,-25,0.18,2,0.402
1.0,14.36,10.0,0,0.36,2,0.417
1.0,14.36,10.0,75,0.18,2,0.408
1.0,14.36,50.0,100,0.18,2,0.445
1.0,14.36,100.0,-40,0.18,2,0.546
1.0,14.36,100.0,0,0.18,2,0.529
1.0,14.36,100.0,25,0.18,2,0.515
1.0,14.36,100.0,100,0.18,2,0.488
1.0,14.36,100.0,125,0.18,2,0.481
1.0,14.36,200.0,-40,0.18,2,0.665
1.0,14.36,200.0,-25,0.18,2,0.66
1.0,14.36,200.0,-25,0.36,2,0.632
1.0,14.36,200.0,0,0.36,2,0.622
1.0,14.36,200.0,25,0.36,2,0.601
1.0,14.36,200.0,75,0.36,2,0.579
1.0,14.36,400.0,-40,0.18,2,0.812
1.0,14.36,400.0,0,0.18,2,0.761
1.0,18.82,10.0,-40,0.36,2,0.534
1.0,18.82,10.0,-25,0.18,2,0.52
1.0,18.82,10.0,25,0.18,2,0.525
1.0,18.82,10.0,100,0.18,2,0.525
1.0,18.82,50.0,75,0.18,2,0.569
1.0,18.82,100.0,-40,0.36,2,0.661
1.0,18.82,100.0,-25,0.36,2,0.663
1.0,18.82,100.0,0,0.36,2,0.653
1.0,18.82,200.0,-40,0.18,2,0.797
1.0,18.82,200.0,-25,0.18,2,0.777
1.0,18.82,200.0,25,0.36,2,0.737
1.0,18.82,400.0,-25,0.18,2,0.967
1.0,18.82,400.0,0,0.36,2,0.918
1.0,18.82,400.0,75,0.18,2,0.851
1.0,18.82,400.0,125,0.36,2,0.785
1.0,23.27,10.0,25,0.36,2,0.651
1.0,23.27,10.0,100,0.18,2,0.631
1.0,23.27,50.0,-40,0.36,2,0.706
1.0,23.27,50.0,-25,0.36,2,0.705
1.0,23.27,50.0,0,0.36,2,0.705
1.0,23.27,100.0,-40,0.36,2,0.779
1.0,23.27,100.0,0,0.18,2,0.754
1.0,23.27,100.0,25,0.18,2,0.747
1.0,23.27,100.0,125,0.18,2,0.699
1.0,23.27,200.0,-25,0.18,2,0.893
1.0,23.27,200.0,0,0.18,2,0.89
1.0,23.27,200.0,25,0.18,2,0.861
1.0,23.27,200.0,125,0.18,2,0.771
1.0,23.27,400.0,-40,0.36,2,1.141
1.0,27.73,10.0,-40,0.36,2,0.756
1.0,27.73,10.0,-25,0.18,2,0.741
1.0,27.73,10.0,0,0.36,2,0.76
1.0,27.73,50.0,-25,0.18,2,0.81
1.0,27.73,50.0,125,0.36,2,0.813
1.0,27.73,100.0,-40,0.18,2,0.88
1.0,27.73,100.0,-25,0.18,2,0.882
1.0,27.73,100.0,125,0.18,2,0.807
1.0,27.73,200.0,-40,0.18,2,1.03
1.0,27.73,200.0,25,0.18,2,0.97
1.0,27.73,200.0,25,0.36,2,0.983
1.0,27.73,200.0,75,0.18,2,0.924
1.0,27.73,400.0,-25,0.18,2,1.259
1.0,32.18,10.0,-25,0.36,2,0.873
1.0,32.18,10.0,0,0.18,2,0.863
1.0,32.18,10.0,75,0.18,2,0.852
1.0,32.18,10.0,125,0.18,2,0.847
1.0,32.18,50.0,-25,0.36,2,0.94
1.0,32.18,50.0,0,0.36,2,0.932
1.0,32.18,100.0,-25,0.18,2,1.002
1.0,32.18,100.0,0,0.18,2,0.992
1.0,32.18,200.0,0,0.18,2,1.112
1.0,32.18,200.0,125,0.18,2,0.99
1.0,32.18,400.0,-25,0.36,2,1.361
1.0,32.18,400.0,0,0.36,2,1.325
1.0,32.18,400.0,25,0.36,2,1.285
1.0,32.18,400.0,125,0.18,2,1.13
1.0,36.64,10.0,-40,0.36,2,0.985
1.0,36.64,10.0,0,0.36,2,0.996
1.0,36.64,50.0,-40,0.36,2,1.051
1.0,36.64,50.0,0,0.36,2,1.059
1.0,36.64,50.0,100,0.18,2,0.993
1.0,36.64,50.0,125,0.18,2,0.989
1.0,36.64,100.0,25,0.36,2,1.109
1.0,36.64,100.0,125,0.18,2,1.026
1.0,36.64,200.0,-25,0.36,2,1.263
1.0,36.64,200.0,25,0.18,2,1.202
1.0,36.64,200.0,75,0.36,2,1.182
1.0,36.64,400.0,0,0.18,2,1.463
1.0,36.64,400.0,0,0.36,2,1.443
1.0,36.64,400.0,25,0.18,2,1.416
1.0,41.09,10.0,-40,0.36,2,1.096
1.0,41.09,10.0,0,0.36,2,1.117
1.0,41.09,10.0,75,0.18,2,1.071
1.0,41.09,10.0,100,0.18,2,1.068
1.0,41.09,10.0,125,0.36,2,1.108
1.0,41.09,50.0,-25,0.18,2,1.153
1.0,41.09,50.0,-25,0.36,2,1.169
1.0,41.09,50.0,25,0.36,2,1.162
1.0,41.09,50.0,75,0.36,2,1.167
1.0,41.09,50.0,125,0.18,2,1.1
1.0,41.09,100.0,25,0.36,2,1.244
1.0,41.09,200.0,-40,0.36,2,1.394
1.0,41.09,200.0,0,0.36,2,1.357
1.0,41.09,400.0,-40,0.36,2,1.602
1.0,41.09,400.0,-25,0.36,2,1.578
1.0,41.09,400.0,25,0.18,2,1.529
1.0,41.09,400.0,125,0.36,2,1.404
1.0,45.55,10.0,0,0.36,2,1.227
1.0,45.55,10.0,25,0.36,2,1.227
1.0,45.55,10.0,100,0.18,2,1.179
1.0,45.55,50.0,0,0.18,2,1.256
1.0,45.55,50.0,0,0.36,2,1.273
1.0,45.55,100.0,0,0.36,2,1.335
1.0,45.55,100.0,25,0.36,2,1.337
1.0,45.55,100.0,100,0.36,2,1.305
1.0,45.55,200.0,-25,0.18,2,1.487
1.0,45.55,200.0,0,0.18,2,1.456
1.0,45.55,200.0,100,0.18,2,1.339
1.0,45.55,200.0,125,0.36,2,1.363
1.0,45.55,400.0,0,0.36,2,1.689
1.0,45.55,400.0,125,0.36,2,1.506
1.0,50.0,10.0,-40,0.36,2,1.323
1.0,50.0,10.0,75,0.18,2,1.291
1.0,50.0,10.0,125,0.36,2,1.324
1.0,50.0,50.0,-25,0.18,2,1.377
1.0,50.0,50.0,0,0.36,2,1.389
1.0,50.0,50.0,25,0.36,2,1.389
1.0,50.0,50.0,75,0.36,2,1.383
1.0,50.0,100.0,25,0.36,2,1.455
1.0,50.0,100.0,75,0.18,2,1.38
1.0,50.0,100.0,100,0.36,2,1.412
1.0,50.0,100.0,125,0.36,2,1.397
1.0,50.0,200.0,-40,0.36,2,1.621
1.0,50.0,400.0,-25,0.18,2,1.875
1.0,50.0,400.0,25,0.36,2,1.786
1.1,1.0,10.0,-40,0.36,2,0.089
1.1,1.0,10.0,0,0.18,2,0.078
1.1,1.0,10.0,25,0.36,2,0.089
1.1,1.0,10.0,75,0.36,2,0.093
1.1,1.0,10.0,100,0.18,2,0.079
1.1,1.0,50.0,0,0.18,2,0.093
1.1,1.0,50.0,25,0.36,2,0.134
1.1,1.0,50.0,100,0.36,2,0.124
1.1,1.0,100.0,125,0.18,2,0.109
1.1,1.0,200.0,-25,0.18,2,0.147
1.1,1.0,200.0,0,0.36,2,0.167
1.1,1.0,200.0,75,0.36,2,0.156
1.1,1.0,400.0,-25,0.36,2,0.293
1.1,1.0,400.0,125,0.18,2,0.161
1.1,5.45,10.0,-25,0.36,2,0.231
1.1,5.45,10.0,75,0.18,2,0.22
1.1,5.45,10.0,125,0.36,2,0.243
1.1,5.45,50.0,0,0.18,2,0.289
1.1,5.45,50.0,75,0.18,2,0.272
1.1,5.45,50.0,75,0.36,2,0.281
1.1,5.45,50.0,100,0.18,2,0.265
1.1,5.45,50.0,125,0.18,2,0.262
1.1,5.45,100.0,-40,0.18,2,0.371
1.1,5.45,100.0,75,0.18,2,0.326
1.1,5.45,100.0,100,0.36,2,0.331
1.1,5.45,100.0,125,0.36,2,0.329
1.1,5.45,200.0,75,0.18,2,0.389
1.1,5.45,200.0,125,0.36,2,0.376
1.1,5.45,400.0,-40,0.36,2,0.597
1.1,5.45,400.0,-25,0.36,2,0.576
1.1,9.91,10.0,-40,0.36,2,0.367
1.1,9.91,10.0,0,0.18,2,0.354
1.1,9.91,10.0,25,0.36,2,0.37
1.1,9.91,10.0,75,0.18,2,0.361
1.1,9.91,10.0,100,0.18,2,0.362
1.1,9.91,50.0,-40,0.18,2,0.44
1.1,9.91,50.0,-25,0.36,2,0.451
1.1,9.91,50.0,100,0.36,2,0.424
1.1,9.91,50.0,125,0.36,2,0.419
1.1,9.91,100.0,25,0.36,2,0.502
1.1,9.91,100.0,75,0.18,2,0.473
1.1,9.91,100.0,100,0.18,2,0.462
1.1,9.91,200.0,125,0.18,2,0.548
1.1,9.91,200.0,125,0.36,2,0.551
1.1,9.91,400.0,75,0.36,2,0.717
1.1,14.36,10.0,-40,0.18,2,0.488
1.1,14.36,10.0,0,0.18,2,0.495
1.1,14.36,10.0,25,0.18,2,0.492
1.1,14.36,10.0,125,0.18,2,0.503
1.1,14.36,10.0,125,0.36,2,0.52
1.1,14.36,50.0,-40,0.36,2,0.595
1.1,14.36,50.0,0,0.18,2,0.57
1.1,14.36,100.0,0,0.18,2,0.66
1.1,14.36,100.0,75,0.18,2,0.615
1.1,14.36,100.0,100,0.18,2,0.605
1.1,14.36,200.0,0,0.18,2,0.814
1.1,14.36,200.0,0,0.36,2,0.812
1.1,14.36,200.0,100,0.36,2,0.715
1.1,14.36,400.0,-25,0.18,2,0.987
1.1,14.36,400.0,-25,0.36,2,1.061
1.1,14.36,400.0,0,0.18,2,0.97
1.1,18.82,10.0,-25,0.18,2,0.63
1.1,18.82,10.0,0,0.36,2,0.654
1.1,18.82,10.0,100,0.18,2,0.642
1.1,18.82,10.0,125,0.18,2,0.639
1.1,18.82,50.0,100,0.36,2,0.711
1.1,18.82,100.0,-25,0.36,2,0.82
1.1,18.82,200.0,-40,0.36,2,0.969
1.1,18.82,200.0,100,0.36,2,0.876
1.1,23.27,10.0,100,0.18,2,0.773
1.1,23.27,50.0,-40,0.36,2,0.869
1.1,23.27,50.0,-25,0.36,2,0.867
1.1,23.27,50.0,25,0.36,2,0.861
1.1,23.27,50.0,75,0.18,2,0.838
1.1,23.27,50.0,125,0.18,2,0.813
1.1,23.27,100.0,0,0.18,2,0.941
1.1,23.27,100.0,25,0.18,2,0.928
1.1,23.27,100.0,75,0.18,2,0.902
1.1,23.27,100.0,125,0.18,2,0.864
1.1,23.27,200.0,-40,0.18,2,1.157
1.1,23.27,200.0,-25,0.18,2,1.136
1.1,23.27,200.0,-25,0.36,2,1.116
1.1,23.27,200.0,25,0.18,2,1.079
1.1,23.27,200.0,100,0.18,2,0.997
1.1,23.27,200.0,125,0.18,2,0.967
1.1,23.27,400.0,-25,0.18,2,1.419
1.1,23.27,400.0,0,0.18,2,1.386
1.1,23.27,400.0,25,0.36,2,1.314
1.1,27.73,10.0,-25,0.18,2,0.904
1.1,27.73,50.0,-40,0.36,2,1.007
1.1,27.73,50.0,-25,0.18,2,0.989
1.1,27.73,50.0,0,0.18,2,0.991
1.1,27.73,50.0,0,0.36,2,0.998
1.1,27.73,50.0,25,0.36,2,0.995
1.1,27.73,50.0,100,0.36,2,0.99
1.1,27.73,100.0,-40,0.36,2,1.109
1.1,27.73,100.0,-25,0.18,2,1.085
1.1,27.73,100.0,75,0.18,2,1.033
1.1,27.73,200.0,-40,0.36,2,1.282
1.1,27.73,400.0,-40,0.36,2,1.597
1.1,27.73,400.0,0,0.36,2,1.513
1.1,27.73,400.0,25,0.36,2,1.474
1.1,32.18,10.0,0,0.18,2,1.043
1.1,32.18,10.0,100,0.18,2,1.034
1.1,32.18,10.0,125,0.36,2,1.093
1.1,32.18,50.0,-25,0.18,2,1.128
1.1,32.18,50.0,0,0.36,2,1.139
1.1,32.18,50.0,25,0.36,2,1.134
1.1,32.18,100.0,-40,0.36,2,1.254
1.1,32.18,100.0,0,0.18,2,1.215
1.1,32.18,100.0,75,0.36,2,1.195
1.1,32.18,100.0,100,0.36,2,1.194
1.1,32.18,200.0,-40,0.36,2,1.426
1.1,32.18,200.0,125,0.36,2,1.28
1.1,32.18,400.0,-40,0.18,2,1.78
1.1,32.18,400.0,75,0.18,2,1.541
1.1,32.18,400.0,125,0.36,2,1.453
1.1,36.64,10.0,25,0.18,2,1.189
1.1,36.64,10.0,75,0.36,2,1.22
1.1,36.64,50.0,0,0.18,2,1.262
1.1,36.64,50.0,125,0.36,2,1.273
1.1,36.64,100.0,-40,0.36,2,1.394
1.1,36.64,100.0,25,0.18,2,1.345
1.1,36.64,100.0,75,0.36,2,1.342
1.1,36.64,200.0,-40,0.36,2,1.564
1.1,36.64,200.0,75,0.36,2,1.463
1.1,36.64,400.0,-40,0.36,2,1.89
1.1,36.64,400.0,75,0.36,2,1.687
1.1,36.64,400.0,100,0.36,2,1.645
1.1,41.09,10.0,25,0.18,2,1.319
1.1,41.09,10.0,75,0.36,2,1.379
1.1,41.09,50.0,-40,0.36,2,1.423
1.1,41.09,100.0,-40,0.18,2,1.516
1.1,41.09,100.0,-25,0.36,2,1.52
1.1,41.09,100.0,100,0.36,2,1.479
1.1,41.09,100.0,125,0.18,2,1.396
1.1,41.09,200.0,-25,0.18,2,1.714
1.1,41.09,200.0,25,0.36,2,1.646
1.1,41.09,200.0,125,0.36,2,1.559
1.1,41.09,400.0,-40,0.18,2,2.101
1.1,41.09,400.0,0,0.36,2,1.949
1.1,41.09,400.0,75,0.18,2,1.8
1.1,45.55,10.0,-25,0.18,2,1.458
1.1,45.55,10.0,0,0.36,2,1.478
1.1,45.55,50.0,-25,0.18,2,1.544
1.1,45.55,50.0,25,0.18,2,1.52
1.1,45.55,50.0,75,0.18,2,1.491
1.1,45.55,50.0,125,0.18,2,1.474
1.1,45.55,100.0,-40,0.36,2,1.67
1.1,45.55,100.0,-25,0.18,2,1.645
1.1,45.55,100.0,25,0.18,2,1.608
1.1,45.55,100.0,125,0.18,2,1.528
1.1,45.55,200.0,-40,0.36,2,1.869
1.1,45.55,200.0,-25,0.18,2,1.844
1.1,45.55,200.0,75,0.18,2,1.685
1.1,45.55,400.0,-40,0.36,2,2.199
1.1,45.55,400.0,-25,0.18,2,2.24
1.1,45.55,400.0,0,0.18,2,2.177
1.1,45.55,400.0,75,0.18,2,1.936
1.1,45.55,400.0,125,0.18,2,1.834
1.1,50.0,10.0,-25,0.18,2,1.593
1.1,50.0,10.0,75,0.18,2,1.568
1.1,50.0,50.0,-40,0.36,2,1.691
1.1,50.0,50.0,-25,0.18,2,1.679
1.1,50.0,100.0,0,0.36,2,1.789
1.1,50.0,100.0,75,0.36,2,1.765
1.1,50.0,100.0,125,0.36,2,1.716
1.1,50.0,200.0,-25,0.36,2,2.003
1.1,50.0,200.0,100,0.36,2,1.855
1.1,50.0,200.0,125,0.36,2,1.821
1.1,50.0,400.0,-25,0.36,2,2.316
1.1,50.0,400.0,0,0.18,2,2.313
1.1,50.0,400.0,75,0.18,2,2.07
1.1,50.0,400.0,100,0.18,2,2.022
1.1,50.0,400.0,125,0.36,2,2.021
1.2,1.0,10.0,25,0.18,2,0.094
1.2,1.0,10.0,100,0.18,2,0.098
1.2,1.0,50.0,25,0.18,2,0.13
1.2,1.0,50.0,75,0.36,2,0.161
1.2,1.0,100.0,-40,0.18,2,0.162
1.2,1.0,100.0,0,0.18,2,0.161
1.2,1.0,100.0,25,0.18,2,0.153
1.2,1.0,200.0,-25,0.18,2,0.224
1.2,1.0,200.0,0,0.18,2,0.218
1.2,1.0,200.0,25,0.18,2,0.188
1.2,1.0,200.0,125,0.18,2,0.173
1.2,1.0,400.0,-40,0.36,2,0.517
1.2,1.0,400.0,-25,0.36,2,0.497
1.2,1.0,400.0,0,0.36,2,0.438
1.2,1.0,400.0,25,0.36,2,0.4
1.2,1.0,400.0,100,0.36,2,0.314
1.2,5.45,10.0,100,0.36,2,0.291
1.2,5.45,50.0,-40,0.36,2,0.369
1.2,5.45,50.0,0,0.18,2,0.357
1.2,5.45,50.0,25,0.18,2,0.344
1.2,5.45,50.0,125,0.18,2,0.324
1.2,5.45,100.0,-40,0.36,2,0.485
1.2,5.45,100.0,-25,0.36,2,0.48
1.2,5.45,100.0,0,0.36,2,0.451
1.2,5.45,100.0,25,0.36,2,0.436
1.2,5.45,200.0,0,0.18,2,0.509
1.2,5.45,200.0,25,0.18,2,0.487
1.2,5.45,200.0,100,0.36,2,0.499
1.2,5.45,400.0,-40,0.18,2,0.742
1.2,5.45,400.0,-25,0.36,2,0.795
1.2,5.45,400.0,125,0.18,2,0.532
1.2,9.91,10.0,-25,0.18,2,0.423
1.2,9.91,10.0,0,0.18,2,0.424
1.2,9.91,10.0,75,0.18,2,0.429
1.2,9.91,10.0,100,0.18,2,0.433
1.2,9.91,10.0,125,0.36,2,0.463
1.2,9.91,50.0,-25,0.18,2,0.533
1.2,9.91,50.0,75,0.36,2,0.519
1.2,9.91,100.0,100,0.18,2,0.575
1.2,9.91,200.0,-40,0.36,2,0.884
1.2,9.91,200.0,125,0.36,2,0.695
1.2,9.91,400.0,-25,0.36,2,1.092
1.2,14.36,10.0,-25,0.18,2,0.59
1.2,14.36,10.0,25,0.18,2,0.592
1.2,14.36,10.0,125,0.18,2,0.602
1.2,14.36,50.0,75,0.18,2,0.67
1.2,14.36,50.0,100,0.36,2,0.69
1.2,14.36,100.0,0,0.36,2,0.811
1.2,14.36,200.0,100,0.36,2,0.89
1.2,14.36,400.0,-40,0.36,2,1.409
1.2,14.36,400.0,-25,0.36,2,1.363
1.2,14.36,400.0,0,0.36,2,1.312
1.2,14.36,400.0,25,0.36,2,1.239
1.2,14.36,400.0,75,0.18,2,1.118
1.2,18.82,10.0,-40,0.36,2,0.766
1.2,18.82,10.0,0,0.36,2,0.778
1.2,18.82,10.0,125,0.36,2,0.798
1.2,18.82,50.0,-25,0.36,2,0.882
1.2,18.82,50.0,25,0.36,2,0.867
1.2,18.82,50.0,75,0.18,2,0.84
1.2,18.82,100.0,-40,0.18,2,1.008
1.2,18.82,100.0,0,0.18,2,0.981
1.2,18.82,100.0,100,0.18,2,0.92
1.2,18.82,100.0,125,0.36,2,0.92
1.2,18.82,200.0,-25,0.18,2,1.218
1.2,18.82,400.0,-40,0.18,2,1.572
1.2,18.82,400.0,-40,0.36,2,1.654
1.2,18.82,400.0,75,0.36,2,1.326
1.2,18.82,400.0,100,0.36,2,1.295
1.2,23.27,10.0,-40,0.18,2,0.917
1.2,23.27,10.0,0,0.36,2,0.936
1.2,23.27,10.0,25,0.36,2,0.945
1.2,23.27,10.0,100,0.18,2,0.931
1.2,23.27,50.0,-25,0.36,2,1.046
1.2,23.27,50.0,0,0.36,2,1.045
1.2,23.27,50.0,25,0.36,2,1.037
1.2,23.27,50.0,75,0.18,2,1.008
1.2,23.27,100.0,0,0.36,2,1.16
1.2,23.27,100.0,25,0.36,2,1.145
1.2,23.27,200.0,-40,0.36,2,1.408
1.2,23.27,200.0,0,0.36,2,1.349
1.2,23.27,200.0,75,0.18,2,1.268
1.2,23.27,200.0,100,0.36,2,1.243
1.2,23.27,400.0,25,0.18,2,1.661
1.2,23.27,400.0,75,0.36,2,1.544
1.2,23.27,400.0,125,0.36,2,1.459
1.2,27.73,10.0,-40,0.36,2,1.095
1.2,27.73,10.0,0,0.36,2,1.113
1.2,27.73,10.0,75,0.18,2,1.095
1.2,27.73,50.0,-40,0.18,2,1.19
1.2,27.73,50.0,0,0.36,2,1.212
1.2,27.73,100.0,-40,0.18,2,1.326
1.2,27.73,100.0,-40,0.36,2,1.356
1.2,27.73,100.0,75,0.18,2,1.259
1.2,27.73,100.0,100,0.18,2,1.232
1.2,27.73,200.0,-40,0.18,2,1.602
1.2,27.73,200.0,25,0.36,2,1.496
1.2,27.73,200.0,100,0.18,2,1.386
1.2,27.73,400.0,0,0.36,2,1.928
1.2,27.73,400.0,100,0.18,2,1.677
1.2,27.73,400.0,125,0.36,2,1.621
1.2,32.18,10.0,-25,0.18,2,1.239
1.2,32.18,10.0,75,0.18,2,1.248
1.2,32.18,50.0,-25,0.36,2,1.372
1.2,32.18,50.0,75,0.18,2,1.324
1.2,32.18,50.0,100,0.18,2,1.308
1.2,32.18,100.0,-25,0.18,2,1.494
1.2,32.18,100.0,-25,0.36,2,1.489
1.2,32.18,100.0,25,0.36,2,1.472
1.2,32.18,100.0,100,0.36,2,1.437
1.2,32.18,200.0,-25,0.36,2,1.739
1.2,32.18,200.0,0,0.18,2,1.716
1.2,32.18,200.0,0,0.36,2,1.679
1.2,32.18,400.0,-25,0.36,2,2.191
1.2,32.18,400.0,100,0.36,2,1.827
1.2,36.64,10.0,-40,0.18,2,1.4
1.2,36.64,10.0,-25,0.18,2,1.403
1.2,36.64,10.0,125,0.36,2,1.474
1.2,36.64,50.0,-40,0.36,2,1.542
1.2,36.64,50.0,75,0.18,2,1.481
1.2,36.64,50.0,75,0.36,2,1.528
1.2,36.64,50.0,125,0.36,2,1.534
1.2,36.64,100.0,125,0.18,2,1.525
1.2,36.64,200.0,-40,0.18,2,1.948
1.2,36.64,200.0,-40,0.36,2,1.912
1.2,36.64,400.0,0,0.18,2,2.32
1.2,41.09,10.0,-40,0.18,2,1.573
1.2,41.09,10.0,-25,0.36,2,1.597
1.2,41.09,50.0,-40,0.18,2,1.693
1.2,41.09,50.0,25,0.18,2,1.683
1.2,41.09,50.0,75,0.36,2,1.701
1.2,41.09,50.0,100,0.36,2,1.707
1.2,41.09,100.0,-25,0.36,2,1.836
1.2,41.09,100.0,25,0.18,2,1.792
1.2,41.09,100.0,100,0.18,2,1.7
1.2,41.09,100.0,125,0.36,2,1.765
1.2,41.09,200.0,-25,0.18,2,2.104
1.2,41.09,200.0,25,0.36,2,2.016
1.2,41.09,200.0,125,0.18,2,1.821
1.2,41.09,400.0,-40,0.18,2,2.597
1.2,41.09,400.0,100,0.36,2,2.219
1.2,45.55,10.0,-40,0.18,2,1.735
1.2,45.55,10.0,-25,0.18,2,1.741
1.2,45.55,10.0,25,0.18,2,1.736
1.2,45.55,10.0,125,0.36,2,1.785
1.2,45.55,50.0,-40,0.18,2,1.848
1.2,45.55,50.0,-25,0.36,2,1.887
1.2,45.55,50.0,25,0.18,2,1.832
1.2,45.55,50.0,25,0.36,2,1.869
1.2,45.55,50.0,125,0.36,2,1.845
1.2,45.55,100.0,25,0.18,2,1.95
1.2,45.55,100.0,100,0.36,2,1.949
1.2,45.55,100.0,125,0.18,2,1.841
1.2,45.55,100.0,125,0.36,2,1.92
1.2,45.55,200.0,-40,0.18,2,2.285
1.2,45.55,200.0,-25,0.18,2,2.269
1.2,45.55,200.0,25,0.36,2,2.194
1.2,45.55,200.0,100,0.18,2,2.013
1.2,45.55,200.0,125,0.18,2,1.979
1.2,45.55,400.0,-40,0.36,2,2.718
1.2,45.55,400.0,125,0.18,2,2.25
1.2,50.0,10.0,-40,0.36,2,1.921
1.2,50.0,10.0,0,0.18,2,1.907
1.2,50.0,10.0,25,0.18,2,1.891
1.2,50.0,10.0,125,0.18,2,1.869
1.2,50.0,50.0,-40,0.36,2,2.034
1.2,50.0,50.0,0,0.18,2,2.016
1.2,50.0,50.0,125,0.18,2,1.927
1.2,50.0,100.0,-25,0.18,2,2.161
1.2,50.0,100.0,25,0.18,2,2.104
1.2,50.0,200.0,75,0.36,2,2.291
1.2,50.0,200.0,125,0.36,2,2.211
1.2,50.0,400.0,75,0.36,2,2.598
1.3,1.0,10.0,75,0.18,2,0.118
1.3,1.0,50.0,-40,0.18,2,0.169
1.3,1.0,50.0,-25,0.36,2,0.203
1.3,1.0,50.0,0,0.18,2,0.166
1.3,1.0,50.0,75,0.18,2,0.159
1.3,1.0,50.0,125,0.18,2,0.163
1.3,1.0,100.0,-40,0.36,2,0.268
1.3,1.0,100.0,25,0.18,2,0.203
1.3,1.0,200.0,-40,0.18,2,0.357
1.3,1.0,200.0,25,0.18,2,0.283
1.3,1.0,200.0,75,0.18,2,0.255
1.3,1.0,400.0,75,0.36,2,0.498
1.3,1.0,400.0,125,0.36,2,0.455
1.3,5.45,10.0,0,0.36,2,0.333
1.3,5.45,10.0,75,0.18,2,0.314
1.3,5.45,50.0,-40,0.36,2,0.453
1.3,5.45,100.0,-40,0.18,2,0.557
1.3,5.45,100.0,-25,0.18,2,0.543
1.3,5.45,100.0,0,0.18,2,0.535
1.3,5.45,100.0,75,0.36,2,0.52
1.3,5.45,200.0,-40,0.18,2,0.678
1.3,5.45,200.0,-25,0.18,2,0.664
1.3,5.45,400.0,-40,0.36,2,1.158
1.3,5.45,400.0,-25,0.36,2,1.129
1.3,5.45,400.0,75,0.36,2,0.83
1.3,9.91,10.0,-40,0.18,2,0.497
1.3,9.91,10.0,-40,0.36,2,0.521
1.3,9.91,10.0,0,0.36,2,0.526
1.3,9.91,10.0,75,0.36,2,0.539
1.3,9.91,10.0,100,0.36,2,0.547
1.3,9.91,50.0,75,0.18,2,0.605
1.3,9.91,100.0,25,0.36,2,0.749
1.3,9.91,100.0,75,0.36,2,0.722
1.3,9.91,200.0,25,0.36,2,0.998
1.3,9.91,200.0,125,0.18,2,0.827
1.3,9.91,400.0,-40,0.36,2,1.474
1.3,9.91,400.0,-25,0.36,2,1.417
1.3,9.91,400.0,75,0.18,2,1.046
1.3,9.91,400.0,125,0.18,2,1.001
1.3,14.36,10.0,-25,0.18,2,0.695
1.3,14.36,10.0,25,0.36,2,0.723
1.3,14.36,10.0,75,0.18,2,0.707
1.3,14.36,50.0,75,0.18,2,0.804
1.3,14.36,100.0,-25,0.36,2,1.002
1.3,14.36,100.0,100,0.36,2,0.926
1.3,14.36,200.0,-40,0.18,2,1.298
1.3,14.36,200.0,0,0.36,2,1.243
1.3,14.36,200.0,25,0.18,2,1.187
1.3,14.36,200.0,75,0.36,2,1.118
1.3,14.36,400.0,100,0.36,2,1.392
1.3,18.82,10.0,-40,0.36,2,0.914
1.3,18.82,10.0,0,0.18,2,0.887
1.3,18.82,10.0,100,0.18,2,0.908
1.3,18.82,10.0,125,0.18,2,0.917
1.3,18.82,50.0,-25,0.18,2,1.028
1.3,18.82,100.0,0,0.18,2,1.189
1.3,18.82,100.0,75,0.36,2,1.126
1.3,18.82,100.0,125,0.36,2,1.109
1.3,18.82,200.0,0,0.36,2,1.428
1.3,18.82,200.0,100,0.36,2,1.293
1.3,18.82,400.0,0,0.36,2,1.928
1.3,18.82,400.0,25,0.36,2,1.828
1.3,18.82,400.0,100,0.18,2,1.591
1.3,18.82,400.0,125,0.36,2,1.572
1.3,23.27,10.0,-40,0.36,2,1.097
1.3,23.27,50.0,-25,0.18,2,1.228
1.3,23.27,50.0,0,0.18,2,1.217
1.3,23.27,50.0,25,0.36,2,1.23
1.3,23.27,50.0,75,0.36,2,1.226
1.3,23.27,100.0,-40,0.36,2,1.406
1.3,23.27,100.0,-25,0.36,2,1.398
1.3,23.27,100.0,0,0.18,2,1.364
1.3,23.27,100.0,125,0.18,2,1.273
1.3,23.27,200.0,-40,0.36,2,1.718
1.3,23.27,200.0,25,0.18,2,1.618
1.3,23.27,200.0,125,0.18,2,1.443
1.3,23.27,400.0,75,0.36,2,1.877
1.3,23.27,400.0,100,0.36,2,1.848
1.3,27.73,10.0,-40,0.36,2,1.29
1.3,27.73,10.0,25,0.18,2,1.279
1.3,27.73,10.0,100,0.36,2,1.334
1.3,27.73,10.0,125,0.36,2,1.343
1.3,27.73,50.0,75,0.18,2,1.397
1.3,27.73,50.0,125,0.18,2,1.361
1.3,27.73,100.0,0,0.36,2,1.597
1.3,27.73,100.0,100,0.18,2,1.478
1.3,27.73,100.0,125,0.18,2,1.45
1.3,27.73,200.0,-40,0.36,2,1.95
1.3,27.73,200.0,0,0.36,2,1.835
1.3,27.73,200.0,75,0.18,2,1.742
1.3,27.73,200.0,100,0.36,2,1.703
1.3,27.73,400.0,25,0.36,2,2.291
1.3,32.18,10.0,-40,0.36,2,1.491
1.3,32.18,10.0,0,0.36,2,1.494
1.3,32.18,10.0,100,0.36,2,1.526
1.3,32.18,10.0,125,0.18,2,1.464
1.3,32.18,50.0,-25,0.18,2,1.602
1.3,32.18,50.0,75,0.18,2,1.58
1.3,32.18,50.0,75,0.36,2,1.626
1.3,32.18,100.0,-40,0.36,2,1.827
1.3,32.18,100.0,-25,0.36,2,1.783
1.3,32.18,100.0,25,0.18,2,1.743
1.3,32.18,100.0,100,0.36,2,1.714
1.3,32.18,200.0,-25,0.18,2,2.128
1.3,32.18,200.0,0,0.36,2,2.054
1.3,32.18,400.0,-40,0.18,2,2.675
1.3,32.18,400.0,0,0.18,2,2.572
1.3,32.18,400.0,0,0.36,2,2.583
1.3,36.64,10.0,-25,0.36,2,1.693
1.3,36.64,10.0,75,0.18,2,1.66
1.3,36.64,50.0,25,0.18,2,1.79
1.3,36.64,50.0,25,0.36,2,1.815
1.3,36.64,100.0,-40,0.18,2,1.973
1.3,36.64,100.0,25,0.18,2,1.94
1.3,36.64,200.0,-40,0.36,2,2.323
1.3,36.64,200.0,25,0.36,2,2.22
1.3,36.64,200.0,75,0.36,2,2.114
1.3,36.64,200.0,125,0.36,2,2.078
1.3,36.64,400.0,-25,0.18,2,2.93
1.3,36.64,400.0,25,0.18,2,2.702
1.3,36.64,400.0,75,0.18,2,2.537
1.3,36.64,400.0,100,0.18,2,2.444
1.3,36.64,400.0,125,0.36,2,2.404
1.3,41.09,10.0,100,0.36,2,1.932
1.3,41.09,50.0,-25,0.36,2,2.021
1.3,41.09,50.0,25,0.18,2,1.993
1.3,41.09,50.0,100,0.36,2,2.018
1.3,41.09,100.0,100,0.36,2,2.116
1.3,41.09,100.0,125,0.36,2,2.111
1.3,41.09,200.0,-25,0.18,2,2.516
1.3,41.09,200.0,75,0.18,2,2.281
1.3,41.09,200.0,100,0.36,2,2.305
1.3,41.09,400.0,0,0.36,2,2.923
1.3,41.09,400.0,25,0.18,2,2.921
1.3,41.09,400.0,75,0.18,2,2.726
1.3,41.09,400.0,100,0.18,2,2.611
1.3,45.55,50.0,-40,0.18,2,2.196
1.3,45.55,50.0,0,0.36,2,2.218
1.3,45.55,50.0,25,0.18,2,2.175
1.3,45.55,50.0,75,0.36,2,2.206
1.3,45.55,50.0,100,0.18,2,2.107
1.3,45.55,50.0,125,0.36,2,2.197
1.3,45.55,100.0,-40,0.18,2,2.395
1.3,45.55,100.0,25,0.36,2,2.369
1.3,45.55,100.0,75,0.36,2,2.325
1.3,45.55,100.0,125,0.18,2,2.187
1.3,45.55,200.0,100,0.18,2,2.412
1.3,45.55,400.0,-25,0.18,2,3.312
1.3,45.55,400.0,0,0.36,2,3.145
1.3,50.0,10.0,-40,0.18,2,2.226
1.3,50.0,10.0,75,0.18,2,2.21
1.3,50.0,10.0,100,0.36,2,2.318
1.3,50.0,50.0,-40,0.18,2,2.368
1.3,50.0,50.0,-25,0.36,2,2.418
1.3,50.0,50.0,0,0.36,2,2.403
1.3,50.0,50.0,75,0.18,2,2.31
1.3,50.0,50.0,100,0.36,2,2.407
1.3,50.0,50.0,125,0.36,2,2.378
1.3,50.0,100.0,-40,0.18,2,2.572
1.3,50.0,100.0,25,0.18,2,2.509
1.3,50.0,100.0,125,0.18,2,2.376
1.3,50.0,200.0,100,0.18,2,2.596
1.3,50.0,200.0,125,0.36,2,2.654
1.3,50.0,400.0,75,0.18,2,3.093
1.3,50.0,400.0,100,0.18,2,2.988
0.7,23.27,10.0,-40,0.18,2,0.309
0.8,1.0,200.0,125,0.18,2,0.056
0.8,1.0,400.0,-40,0.36,2,0.07
0.8,1.0,400.0,75,0.18,2,0.052
0.8,5.45,10.0,0,0.18,2,0.113
0.8,5.45,10.0,0,0.36,2,0.122
0.8,5.45,10.0,100,0.36,2,0.121
0.8,5.45,10.0,125,0.18,2,0.113
0.8,5.45,50.0,25,0.18,2,0.134
0.8,5.45,50.0,25,0.36,2,0.142
0.8,5.45,50.0,75,0.18,2,0.132
0.8,5.45,50.0,75,0.36,2,0.142
0.8,5.45,50.0,100,0.18,2,0.128
0.8,5.45,50.0,100,0.36,2,0.137
0.8,5.45,100.0,-25,0.36,2,0.158
0.8,5.45,100.0,25,0.36,2,0.164
0.8,5.45,100.0,125,0.18,2,0.139
0.8,5.45,200.0,-40,0.18,2,0.205
0.8,5.45,200.0,-40,0.36,2,0.215
0.8,5.45,200.0,75,0.18,2,0.177
0.8,5.45,200.0,75,0.36,2,0.178
0.8,5.45,200.0,100,0.36,2,0.174
0.8,5.45,200.0,125,0.18,2,0.166
0.8,5.45,200.0,125,0.36,2,0.173
0.8,5.45,400.0,-40,0.18,2,0.193
0.8,5.45,400.0,-40,0.36,2,0.192
0.8,5.45,400.0,-25,0.18,2,0.199
0.8,5.45,400.0,-25,0.36,2,0.19
0.8,5.45,400.0,0,0.18,2,0.201
0.8,5.45,400.0,0,0.36,2,0.199
0.8,5.45,400.0,25,0.36,2,0.2
0.8,5.45,400.0,125,0.36,2,0.209
0.8,9.91,10.0,-40,0.18,2,0.183
0.8,9.91,10.0,-40,0.36,2,0.192
0.8,9.91,10.0,-25,0.18,2,0.183
0.8,9.91,10.0,0,0.18,2,0.184
0.8,9.91,10.0,100,0.36,2,0.194
0.8,9.91,10.0,125,0.18,2,0.187
0.8,9.91,50.0,-40,0.18,2,0.216
0.8,9.91,50.0,-40,0.36,2,0.223
0.8,9.91,50.0,25,0.36,2,0.213
0.8,9.91,50.0,75,0.18,2,0.207
0.8,9.91,50.0,75,0.36,2,0.21
0.8,9.91,50.0,100,0.18,2,0.203
0.8,9.91,50.0,100,0.36,2,0.21
0.8,9.91,50.0,125,0.18,2,0.201
0.8,9.91,50.0,125,0.36,2,0.21
0.8,9.91,100.0,0,0.36,2,0.247
0.8,9.91,100.0,25,0.18,2,0.231
0.8,9.91,100.0,75,0.18,2,0.222
0.8,9.91,100.0,75,0.36,2,0.231
0.8,9.91,100.0,100,0.18,2,0.217
0.8,9.91,100.0,100,0.36,2,0.228
0.8,9.91,100.0,125,0.18,2,0.216
0.8,18.82,50.0,75,0.18,2,0.346
0.8,18.82,50.0,100,0.36,2,0.359
0.8,18.82,100.0,-40,0.36,2,0.408
0.8,18.82,100.0,-25,0.36,2,0.401
0.8,18.82,100.0,0,0.18,2,0.386
0.8,18.82,200.0,-40,0.36,2,0.45
0.8,18.82,200.0,0,0.36,2,0.438
0.8,18.82,200.0,125,0.18,2,0.383
0.8,18.82,200.0,125,0.36,2,0.405
0.8,18.82,400.0,-40,0.18,2,0.56
0.8,18.82,400.0,-40,0.36,2,0.531
0.8,18.82,400.0,-25,0.36,2,0.519
0.8,18.82,400.0,0,0.36,2,0.523
0.8,18.82,400.0,25,0.18,2,0.509
0.8,18.82,400.0,75,0.18,2,0.473
0.8,18.82,400.0,75,0.36,2,0.476
0.8,18.82,400.0,100,0.18,2,0.453
0.8,18.82,400.0,125,0.18,2,0.438
0.8,23.27,10.0,-40,0.18,2,0.401
0.8,23.27,10.0,0,0.18,2,0.405
0.8,23.27,10.0,75,0.36,2,0.42
0.8,23.27,10.0,100,0.36,2,0.42
0.8,23.27,10.0,125,0.18,2,0.395
0.8,23.27,10.0,125,0.36,2,0.418
0.8,23.27,50.0,-40,0.36,2,0.441
0.8,23.27,50.0,-25,0.18,2,0.43
0.8,23.27,50.0,0,0.18,2,0.428
0.8,23.27,50.0,0,0.36,2,0.442
0.8,23.27,50.0,25,0.18,2,0.424
0.8,23.27,50.0,75,0.18,2,0.415
0.8,23.27,50.0,100,0.18,2,0.411
0.8,23.27,50.0,100,0.36,2,0.433
0.8,23.27,50.0,125,0.36,2,0.43
0.8,23.27,100.0,-40,0.36,2,0.479
0.8,23.27,100.0,-25,0.18,2,0.467
0.8,23.27,100.0,-25,0.36,2,0.473
0.8,23.27,100.0,0,0.18,2,0.467
0.8,23.27,100.0,0,0.36,2,0.465
0.8,23.27,100.0,25,0.18,2,0.453
0.8,23.27,100.0,75,0.18,2,0.433
0.8,23.27,100.0,100,0.36,2,0.451
0.8,23.27,100.0,125,0.18,2,0.422
0.8,23.27,200.0,-40,0.18,2,0.536
0.8,23.27,200.0,-40,0.36,2,0.531
0.8,23.27,200.0,-25,0.18,2,0.519
0.8,23.27,200.0,25,0.36,2,0.514
0.8,23.27,200.0,75,0.36,2,0.496
0.8,23.27,400.0,-40,0.36,2,0.615
0.8,23.27,400.0,-25,0.18,2,0.626
0.8,23.27,400.0,-25,0.36,2,0.621
0.8,23.27,400.0,0,0.36,2,0.6
0.8,23.27,400.0,25,0.18,2,0.586
0.8,23.27,400.0,75,0.18,2,0.54
0.8,23.27,400.0,75,0.36,2,0.557
0.8,23.27,400.0,100,0.18,2,0.524
0.8,23.27,400.0,100,0.36,2,0.542
0.8,23.27,400.0,125,0.36,2,0.531
0.8,27.73,10.0,-25,0.36,2,0.491
0.8,27.73,10.0,100,0.18,2,0.466
0.8,27.73,10.0,100,0.36,2,0.49
0.8,27.73,10.0,125,0.36,2,0.486
0.8,27.73,50.0,0,0.18,2,0.501
0.8,27.73,50.0,0,0.36,2,0.513
0.8,27.73,50.0,25,0.36,2,0.511
0.8,27.73,50.0,75,0.36,2,0.51
0.8,27.73,50.0,100,0.36,2,0.505
0.8,27.73,50.0,125,0.18,2,0.479
0.8,27.73,100.0,-40,0.18,2,0.542
0.8,27.73,100.0,-25,0.18,2,0.539
0.8,27.73,100.0,25,0.36,2,0.533
0.8,27.73,100.0,75,0.18,2,0.503
0.8,27.73,100.0,100,0.18,2,0.497
0.8,27.73,100.0,125,0.18,2,0.492
0.8,27.73,100.0,125,0.36,2,0.515
0.8,27.73,200.0,-40,0.36,2,0.605
0.8,27.73,200.0,0,0.18,2,0.59
0.8,27.73,200.0,25,0.18,2,0.571
0.8,27.73,200.0,25,0.36,2,0.588
0.8,27.73,200.0,75,0.18,2,0.541
0.8,27.73,200.0,75,0.36,2,0.571
0.8,27.73,200.0,100,0.18,2,0.53
0.8,27.73,200.0,100,0.36,2,0.56
0.8,27.73,200.0,125,0.18,2,0.523
0.8,27.73,200.0,125,0.36,2,0.547
0.8,27.73,400.0,-40,0.36,2,0.716
0.8,27.73,400.0,-25,0.36,2,0.706
0.8,27.73,400.0,0,0.18,2,0.686
0.8,27.73,400.0,25,0.18,2,0.656
0.8,27.73,400.0,25,0.36,2,0.658
0.8,27.73,400.0,75,0.36,2,0.632
0.8,27.73,400.0,100,0.18,2,0.594
0.8,27.73,400.0,100,0.36,2,0.619
0.8,27.73,400.0,125,0.18,2,0.58
0.8,27.73,400.0,125,0.36,2,0.604
0.8,32.18,10.0,-40,0.18,2,0.547
0.8,32.18,10.0,-40,0.36,2,0.557
0.8,32.18,10.0,-25,0.18,2,0.549
0.8,32.18,10.0,-25,0.36,2,0.565
0.8,32.18,10.0,0,0.36,2,0.564
0.8,32.18,10.0,25,0.36,2,0.564
0.8,32.18,10.0,75,0.18,2,0.537
0.8,32.18,10.0,75,0.36,2,0.564
0.8,32.18,10.0,100,0.36,2,0.558
0.8,32.18,50.0,-40,0.36,2,0.586
0.8,32.18,50.0,-25,0.18,2,0.575
0.8,32.18,50.0,0,0.18,2,0.569
0.8,32.18,50.0,25,0.18,2,0.562
0.8,32.18,50.0,25,0.36,2,0.585
0.8,32.18,50.0,75,0.18,2,0.555
0.8,32.18,50.0,100,0.18,2,0.552
0.8,32.18,50.0,100,0.36,2,0.573
0.8,32.18,50.0,125,0.18,2,0.55
0.8,32.18,100.0,-40,0.18,2,0.607
0.8,32.18,100.0,-40,0.36,2,0.622
0.8,32.18,100.0,-25,0.36,2,0.617
0.8,32.18,100.0,25,0.36,2,0.608
0.8,32.18,100.0,75,0.18,2,0.573
0.8,32.18,100.0,75,0.36,2,0.599
0.8,32.18,100.0,100,0.18,2,0.567
0.8,32.18,100.0,125,0.18,2,0.564
0.8,32.18,200.0,-25,0.18,2,0.679
0.8,32.18,200.0,-25,0.36,2,0.68
0.8,32.18,200.0,0,0.36,2,0.667
0.8,32.18,200.0,25,0.18,2,0.639
0.8,32.18,200.0,125,0.18,2,0.593
0.8,32.18,400.0,-40,0.36,2,0.784
0.8,32.18,400.0,-25,0.36,2,0.778
0.8,32.18,400.0,25,0.18,2,0.725
0.8,32.18,400.0,25,0.36,2,0.736
0.8,32.18,400.0,75,0.18,2,0.68
0.8,32.18,400.0,100,0.18,2,0.664
0.8,32.18,400.0,125,0.18,2,0.65
0.8,36.64,10.0,-40,0.18,2,0.618
0.8,36.64,10.0,25,0.36,2,0.638
0.8,36.64,10.0,75,0.18,2,0.608
0.8,36.64,10.0,75,0.36,2,0.632
0.8,36.64,10.0,100,0.18,2,0.607
0.8,36.64,10.0,125,0.18,2,0.607
0.8,36.64,10.0,125,0.36,2,0.625
0.8,36.64,50.0,-40,0.18,2,0.649
0.8,36.64,50.0,-40,0.36,2,0.652
0.8,36.64,50.0,-25,0.36,2,0.658
0.8,36.64,50.0,0,0.18,2,0.638
0.8,36.64,50.0,25,0.18,2,0.631
0.8,36.64,50.0,75,0.18,2,0.626
0.8,36.64,50.0,100,0.18,2,0.623
0.8,36.64,50.0,100,0.36,2,0.642
0.8,36.64,50.0,125,0.18,2,0.621
0.8,36.64,50.0,125,0.36,2,0.637
0.8,36.64,100.0,-40,0.36,2,0.703
0.8,36.64,100.0,-25,0.18,2,0.682
0.8,36.64,100.0,-25,0.36,2,0.691
0.8,36.64,100.0,0,0.36,2,0.687
0.8,36.64,100.0,25,0.18,2,0.66
0.8,36.64,100.0,75,0.36,2,0.667
0.8,36.64,100.0,100,0.18,2,0.638
0.8,36.64,200.0,-25,0.18,2,0.75
0.8,36.64,200.0,0,0.18,2,0.727
0.8,36.64,200.0,25,0.18,2,0.698
0.8,36.64,200.0,75,0.36,2,0.707
0.8,36.64,200.0,100,0.36,2,0.696
0.8,36.64,200.0,125,0.36,2,0.686
0.8,36.64,400.0,-40,0.18,2,0.88
0.8,36.64,400.0,-40,0.36,2,0.872
0.8,36.64,400.0,-25,0.18,2,0.857
0.8,36.64,400.0,-25,0.36,2,0.861
0.8,36.64,400.0,0,0.18,2,0.825
0.8,36.64,400.0,0,0.36,2,0.836
0.8,36.64,400.0,25,0.18,2,0.795
0.8,36.64,400.0,75,0.18,2,0.751
0.8,36.64,400.0,100,0.36,2,0.758
0.8,36.64,400.0,125,0.18,2,0.721
0.8,36.64,400.0,125,0.36,2,0.742
0.8,41.09,10.0,-40,0.18,2,0.69
0.8,41.09,10.0,-40,0.36,2,0.697
0.8,41.09,10.0,-25,0.18,2,0.688
0.8,41.09,10.0,0,0.18,2,0.685
0.8,41.09,10.0,0,0.36,2,0.706
0.8,41.09,10.0,25,0.36,2,0.715
0.8,41.09,10.0,75,0.18,2,0.679
0.8,41.09,10.0,75,0.36,2,0.701
0.8,41.09,10.0,100,0.36,2,0.697
0.8,41.09,10.0,125,0.18,2,0.678
0.8,41.09,10.0,125,0.36,2,0.695
0.8,41.09,50.0,-40,0.36,2,0.733
0.8,41.09,50.0,-25,0.36,2,0.74
0.8,41.09,50.0,0,0.18,2,0.708
0.8,41.09,50.0,25,0.18,2,0.702
0.8,41.09,50.0,25,0.36,2,0.737
0.8,41.09,50.0,75,0.36,2,0.717
0.8,41.09,50.0,100,0.18,2,0.693
0.8,41.09,50.0,125,0.18,2,0.691
0.8,41.09,100.0,-40,0.18,2,0.756
0.8,41.09,100.0,-40,0.36,2,0.775
0.8,41.09,100.0,0,0.18,2,0.74
0.8,41.09,100.0,0,0.36,2,0.763
0.8,41.09,100.0,25,0.36,2,0.761
0.8,41.09,100.0,75,0.18,2,0.714
0.8,41.09,100.0,100,0.18,2,0.709
0.8,41.09,100.0,100,0.36,2,0.728
0.8,41.09,100.0,125,0.36,2,0.722
0.8,41.09,200.0,-40,0.18,2,0.833
0.8,41.09,200.0,-40,0.36,2,0.842
0.8,41.09,200.0,-25,0.18,2,0.82
0.8,41.09,200.0,0,0.18,2,0.796
0.8,41.09,200.0,25,0.18,2,0.777
0.8,41.09,200.0,25,0.36,2,0.807
0.8,41.09,200.0,75,0.36,2,0.779
0.8,41.09,200.0,100,0.36,2,0.765
0.8,41.09,200.0,125,0.18,2,0.734
0.8,41.09,200.0,125,0.36,2,0.755
0.8,41.09,400.0,-40,0.18,2,0.948
0.8,41.09,400.0,-40,0.36,2,0.939
0.8,41.09,400.0,-25,0.18,2,0.928
0.8,41.09,400.0,25,0.18,2,0.864
0.8,41.09,400.0,25,0.36,2,0.894
0.8,41.09,400.0,75,0.18,2,0.821
0.8,41.09,400.0,75,0.36,2,0.846
0.8,41.09,400.0,100,0.36,2,0.828
0.8,41.09,400.0,125,0.18,2,0.792
0.8,41.09,400.0,125,0.36,2,0.812
0.8,45.55,10.0,0,0.18,2,0.755
0.8,45.55,10.0,25,0.36,2,0.783
0.8,45.55,10.0,75,0.18,2,0.75
0.8,45.55,10.0,100,0.18,2,0.749
0.8,45.55,10.0,100,0.36,2,0.767
0.8,45.55,10.0,125,0.18,2,0.749
0.8,45.55,10.0,125,0.36,2,0.765
0.8,45.55,50.0,-40,0.18,2,0.79
0.8,45.55,50.0,-25,0.18,2,0.785
0.8,45.55,50.0,-25,0.36,2,0.804
0.8,45.55,50.0,0,0.18,2,0.778
0.8,45.55,50.0,0,0.36,2,0.814
0.8,45.55,50.0,100,0.18,2,0.764
0.8,45.55,50.0,100,0.36,2,0.78
0.8,45.55,50.0,125,0.18,2,0.762
0.8,45.55,100.0,-40,0.18,2,0.824
0.8,45.55,100.0,-25,0.18,2,0.82
0.8,45.55,100.0,25,0.18,2,0.8
0.8,45.55,100.0,75,0.18,2,0.785
0.8,45.55,100.0,75,0.36,2,0.805
0.8,45.55,100.0,100,0.18,2,0.779
0.8,45.55,100.0,125,0.18,2,0.776
0.8,45.55,100.0,125,0.36,2,0.793
0.8,45.55,200.0,-40,0.36,2,0.918
0.8,45.55,200.0,-25,0.18,2,0.887
0.8,45.55,200.0,0,0.36,2,0.878
0.8,45.55,200.0,25,0.36,2,0.886
0.8,45.55,200.0,75,0.36,2,0.848
0.8,45.55,200.0,100,0.18,2,0.812
0.8,45.55,200.0,125,0.18,2,0.805
0.8,45.55,200.0,125,0.36,2,0.82
0.8,45.55,400.0,-40,0.18,2,1.019
0.8,45.55,400.0,-40,0.36,2,1.025
0.8,45.55,400.0,-25,0.18,2,0.994
0.8,45.55,400.0,-25,0.36,2,1.003
0.8,45.55,400.0,0,0.36,2,0.987
0.8,45.55,400.0,25,0.36,2,0.971
0.8,45.55,400.0,75,0.18,2,0.892
0.8,45.55,400.0,75,0.36,2,0.916
0.8,45.55,400.0,100,0.18,2,0.877
0.8,45.55,400.0,100,0.36,2,0.897
0.8,50.0,10.0,-40,0.18,2,0.83
0.8,50.0,10.0,-40,0.36,2,0.852
0.8,50.0,10.0,-25,0.18,2,0.828
0.8,50.0,10.0,-25,0.36,2,0.853
0.8,50.0,10.0,0,0.36,2,0.86
0.8,50.0,10.0,25,0.18,2,0.823
0.8,50.0,10.0,75,0.18,2,0.821
0.8,50.0,10.0,75,0.36,2,0.84
0.8,50.0,10.0,100,0.18,2,0.82
0.8,50.0,10.0,125,0.18,2,0.82
0.8,50.0,10.0,125,0.36,2,0.836
0.8,50.0,50.0,-40,0.18,2,0.859
0.8,50.0,50.0,-25,0.18,2,0.855
0.8,50.0,50.0,-25,0.36,2,0.876
0.8,50.0,50.0,0,0.18,2,0.848
0.8,50.0,50.0,25,0.18,2,0.843
0.8,50.0,50.0,75,0.18,2,0.838
0.8,50.0,50.0,75,0.36,2,0.857
0.8,50.0,50.0,100,0.36,2,0.851
0.8,50.0,50.0,125,0.36,2,0.848
0.8,50.0,100.0,-40,0.36,2,0.914
0.8,50.0,100.0,-25,0.18,2,0.89
0.8,50.0,100.0,-25,0.36,2,0.91
0.8,50.0,100.0,0,0.36,2,0.906
0.8,50.0,100.0,25,0.18,2,0.871
0.8,50.0,100.0,25,0.36,2,0.9
0.8,50.0,100.0,75,0.36,2,0.875
0.8,50.0,100.0,100,0.18,2,0.851
0.8,50.0,100.0,100,0.36,2,0.868
0.8,50.0,100.0,125,0.18,2,0.847
0.8,50.0,200.0,-40,0.18,2,0.97
0.8,50.0,200.0,-40,0.36,2,0.984
0.8,50.0,200.0,-25,0.18,2,0.956
0.8,50.0,200.0,-25,0.36,2,0.98
0.8,50.0,200.0,0,0.18,2,0.935
0.8,50.0,200.0,25,0.18,2,0.917
0.8,50.0,200.0,25,0.36,2,0.951
0.8,50.0,200.0,75,0.18,2,0.889
0.8,50.0,200.0,75,0.36,2,0.917
0.8,50.0,200.0,100,0.18,2,0.883
0.8,50.0,200.0,125,0.18,2,0.876
0.8,50.0,200.0,125,0.36,2,0.894
0.8,50.0,400.0,-40,0.18,2,1.089
0.8,50.0,400.0,-40,0.36,2,1.092
0.8,50.0,400.0,-25,0.18,2,1.067
0.8,50.0,400.0,-25,0.36,2,1.079
0.8,50.0,400.0,0,0.18,2,1.033
0.8,50.0,400.0,0,0.36,2,1.07
0.8,50.0,400.0,25,0.36,2,1.039
0.8,50.0,400.0,75,0.18,2,0.963
0.8,50.0,400.0,100,0.18,2,0.948
0.8,50.0,400.0,125,0.18,2,0.934
0.9,1.0,10.0,-40,0.36,2,0.061
0.9,1.0,10.0,0,0.18,2,0.049
0.9,1.0,10.0,0,0.36,2,0.06
0.9,1.0,10.0,25,0.18,2,0.049
0.9,1.0,10.0,25,0.36,2,0.06
0.9,1.0,10.0,75,0.18,2,0.049
0.9,1.0,10.0,75,0.36,2,0.06
0.9,1.0,10.0,100,0.18,2,0.049
0.9,1.0,10.0,100,0.36,2,0.061
0.9,1.0,10.0,125,0.36,2,0.063
0.9,1.0,50.0,-40,0.18,2,0.063
0.9,1.0,50.0,-25,0.36,2,0.078
0.9,1.0,50.0,0,0.18,2,0.07
0.9,1.0,50.0,0,0.36,2,0.078
0.9,1.0,50.0,25,0.18,2,0.068
0.9,1.0,50.0,25,0.36,2,0.08
0.9,1.0,50.0,75,0.18,2,0.069
0.9,1.0,50.0,75,0.36,2,0.077
0.9,1.0,50.0,100,0.18,2,0.068
0.9,1.0,50.0,100,0.36,2,0.077
0.9,1.0,100.0,-40,0.18,2,0.06
0.9,1.0,100.0,-40,0.36,2,0.085
0.9,1.0,100.0,-25,0.18,2,0.063
0.9,1.0,100.0,-25,0.36,2,0.082
0.9,1.0,100.0,0,0.18,2,0.066
0.9,1.0,100.0,0,0.36,2,0.085
0.9,1.0,100.0,25,0.18,2,0.062
0.9,1.0,100.0,75,0.18,2,0.069
0.9,1.0,100.0,75,0.36,2,0.086
0.9,1.0,100.0,100,0.36,2,0.082
0.9,1.0,100.0,125,0.18,2,0.073
0.9,1.0,100.0,125,0.36,2,0.081
0.9,1.0,200.0,-40,0.36,2,0.091
0.9,1.0,200.0,-25,0.18,2,0.076
0.9,1.0,200.0,0,0.36,2,0.093
0.9,1.0,200.0,25,0.18,2,0.072
0.9,1.0,200.0,25,0.36,2,0.087
0.9,1.0,200.0,75,0.18,2,0.067
0.9,1.0,200.0,75,0.36,2,0.089
0.9,1.0,200.0,100,0.18,2,0.066
0.9,1.0,200.0,125,0.18,2,0.07
0.9,1.0,200.0,125,0.36,2,0.09
0.9,1.0,400.0,-40,0.18,2,0.075
0.9,1.0,400.0,-40,0.36,2,0.086
0.9,1.0,400.0,-25,0.18,2,0.075
0.9,1.0,400.0,-25,0.36,2,0.091
0.9,1.0,400.0,0,0.18,2,0.068
0.9,1.0,400.0,0,0.36,2,0.097
0.9,1.0,400.0,25,0.18,2,0.069
0.9,1.0,400.0,75,0.18,2,0.073
0.9,1.0,400.0,75,0.36,2,0.095
0.9,1.0,400.0,100,0.36,2,0.091
0.9,1.0,400.0,125,0.18,2,0.084
0.9,1.0,400.0,125,0.36,2,0.088
0.9,5.45,10.0,-40,0.18,2,0.146
0.9,5.45,10.0,-40,0.36,2,0.154
0.9,5.45,10.0,-25,0.36,2,0.155
0.9,5.45,10.0,0,0.18,2,0.145
0.9,5.45,10.0,0,0.36,2,0.157
0.9,5.45,10.0,25,0.36,2,0.155
0.9,5.45,10.0,75,0.36,2,0.156
0.9,5.45,10.0,100,0.18,2,0.143
0.9,5.45,10.0,125,0.18,2,0.144
0.9,5.45,10.0,125,0.36,2,0.156
0.9,5.45,50.0,-40,0.18,2,0.184
0.9,5.45,50.0,-40,0.36,2,0.192
0.9,5.45,50.0,-25,0.18,2,0.18
0.9,5.45,50.0,-25,0.36,2,0.189
0.9,5.45,50.0,0,0.18,2,0.181
0.9,5.45,50.0,25,0.18,2,0.177
0.9,5.45,50.0,25,0.36,2,0.181
0.9,5.45,50.0,75,0.18,2,0.171
0.9,5.45,50.0,75,0.36,2,0.18
0.9,5.45,50.0,100,0.18,2,0.169
0.9,5.45,50.0,100,0.36,2,0.177
0.9,5.45,50.0,125,0.18,2,0.169
0.9,5.45,100.0,-40,0.18,2,0.227
0.9,5.45,100.0,-25,0.36,2,0.226
0.9,5.45,100.0,0,0.18,2,0.215
0.9,5.45,100.0,0,0.36,2,0.222
0.9,5.45,100.0,25,0.18,2,0.209
0.9,5.45,100.0,75,0.18,2,0.195
0.9,5.45,100.0,75,0.36,2,0.202
0.9,5.45,100.0,100,0.18,2,0.195
0.9,5.45,100.0,100,0.36,2,0.198
0.9,5.45,100.0,125,0.36,2,0.196
0.9,5.45,200.0,-40,0.18,2,0.249
0.9,5.45,200.0,-40,0.36,2,0.266
0.9,5.45,200.0,-25,0.18,2,0.253
0.9,5.45,200.0,-25,0.36,2,0.264
0.9,5.45,200.0,0,0.18,2,0.263
0.9,5.45,200.0,25,0.18,2,0.254
0.9,5.45,200.0,25,0.36,2,0.254
0.9,5.45,200.0,75,0.18,2,0.242
0.9,5.45,200.0,100,0.36,2,0.243
0.9,5.45,200.0,125,0.36,2,0.237
0.9,5.45,400.0,-40,0.18,2,0.259
0.9,5.45,400.0,-25,0.18,2,0.238
0.9,5.45,400.0,0,0.18,2,0.252
0.9,5.45,400.0,0,0.36,2,0.265
0.9,5.45,400.0,25,0.18,2,0.257
0.9,5.45,400.0,25,0.36,2,0.27
0.9,5.45,400.0,75,0.36,2,0.266
0.9,5.45,400.0,100,0.36,2,0.268
0.9,5.45,400.0,125,0.18,2,0.266
0.9,5.45,400.0,125,0.36,2,0.268
0.9,9.91,10.0,-40,0.18,2,0.236
0.9,9.91,10.0,-40,0.36,2,0.247
0.9,9.91,10.0,-25,0.36,2,0.246
0.9,9.91,10.0,0,0.36,2,0.248
0.9,9.91,10.0,25,0.18,2,0.235
0.9,9.91,10.0,75,0.18,2,0.236
0.9,9.91,10.0,75,0.36,2,0.249
0.9,9.91,10.0,100,0.18,2,0.239
0.9,9.91,10.0,100,0.36,2,0.252
0.9,9.91,10.0,125,0.36,2,0.249
0.9,9.91,50.0,-40,0.36,2,0.283
0.9,9.91,50.0,-25,0.18,2,0.274
0.9,9.91,50.0,0,0.18,2,0.27
0.9,9.91,50.0,0,0.36,2,0.28
0.9,9.91,50.0,25,0.18,2,0.27
0.9,9.91,50.0,25,0.36,2,0.28
0.9,9.91,50.0,75,0.18,2,0.265
0.9,9.91,50.0,75,0.36,2,0.273
0.9,9.91,50.0,100,0.18,2,0.262
0.9,9.91,50.0,125,0.18,2,0.262
0.9,9.91,50.0,125,0.36,2,0.271
0.9,9.91,100.0,-40,0.18,2,0.326
0.9,9.91,100.0,-25,0.18,2,0.326
0.9,9.91,100.0,0,0.18,2,0.314
0.9,9.91,100.0,0,0.36,2,0.32
0.9,9.91,100.0,25,0.36,2,0.314
0.9,9.91,100.0,75,0.36,2,0.301
0.9,9.91,100.0,100,0.18,2,0.289
0.9,9.91,100.0,125,0.36,2,0.289
0.9,9.91,200.0,-40,0.18,2,0.411
0.9,9.91,200.0,-25,0.18,2,0.397
0.9,9.91,200.0,25,0.18,2,0.373
0.9,9.91,200.0,75,0.18,2,0.346
0.9,9.91,200.0,125,0.18,2,0.328
0.9,9.91,200.0,125,0.36,2,0.337
0.9,9.91,400.0,-40,0.18,2,0.43
0.9,9.91,400.0,-40,0.36,2,0.465
0.9,9.91,400.0,-25,0.18,2,0.437
0.9,9.91,400.0,0,0.18,2,0.439
0.9,9.91,400.0,0,0.36,2,0.448
0.9,9.91,400.0,25,0.18,2,0.443
0.9,9.91,400.0,25,0.36,2,0.432
0.9,9.91,400.0,75,0.18,2,0.43
0.9,9.91,400.0,75,0.36,2,0.416
0.9,9.91,400.0,100,0.36,2,0.415
0.9,9.91,400.0,125,0.18,2,0.407
0.9,14.36,10.0,-40,0.18,2,0.325
0.9,14.36,10.0,-25,0.36,2,0.337
0.9,14.36,10.0,0,0.36,2,0.338
0.9,14.36,10.0,25,0.18,2,0.326
0.9,14.36,10.0,100,0.18,2,0.331
0.9,14.36,10.0,100,0.36,2,0.344
0.9,14.36,10.0,125,0.18,2,0.329
0.9,14.36,10.0,125,0.36,2,0.345
0.9,14.36,50.0,-40,0.36,2,0.375
0.9,14.36,50.0,-25,0.36,2,0.38
0.9,14.36,50.0,0,0.18,2,0.364
0.9,14.36,50.0,25,0.18,2,0.36
0.9,14.36,50.0,25,0.36,2,0.376
0.9,14.36,50.0,75,0.18,2,0.359
0.9,14.36,50.0,100,0.18,2,0.358
0.9,14.36,50.0,100,0.36,2,0.362
0.9,14.36,50.0,125,0.18,2,0.352
0.9,14.36,50.0,125,0.36,2,0.364
0.9,14.36,100.0,-40,0.18,2,0.419
0.9,14.36,100.0,-25,0.18,2,0.411
0.9,14.36,100.0,-25,0.36,2,0.422
0.9,14.36,100.0,0,0.36,2,0.419
0.9,14.36,100.0,25,0.36,2,0.408
0.9,14.36,100.0,75,0.18,2,0.388
0.9,14.36,100.0,75,0.36,2,0.394
0.9,14.36,100.0,100,0.18,2,0.386
0.9,14.36,100.0,125,0.18,2,0.377
0.9,14.36,200.0,-40,0.18,2,0.514
0.9,14.36,200.0,-40,0.36,2,0.488
0.9,14.36,200.0,-25,0.18,2,0.504
0.9,14.36,200.0,-25,0.36,2,0.487
0.9,14.36,200.0,0,0.18,2,0.491
0.9,14.36,200.0,0,0.36,2,0.486
0.9,14.36,200.0,25,0.18,2,0.47
0.9,14.36,200.0,25,0.36,2,0.478
0.9,14.36,200.0,75,0.18,2,0.444
0.9,14.36,200.0,75,0.36,2,0.456
0.9,14.36,200.0,100,0.36,2,0.435
0.9,14.36,200.0,125,0.18,2,0.423
0.9,14.36,200.0,125,0.36,2,0.429
0.9,14.36,400.0,-25,0.18,2,0.622
0.9,14.36,400.0,0,0.18,2,0.606
0.9,14.36,400.0,0,0.36,2,0.597
0.9,14.36,400.0,25,0.18,2,0.589
0.9,14.36,400.0,75,0.18,2,0.545
0.9,14.36,400.0,75,0.36,2,0.548
0.9,14.36,400.0,100,0.18,2,0.526
0.9,14.36,400.0,100,0.36,2,0.533
0.9,14.36,400.0,125,0.36,2,0.517
0.9,18.82,10.0,-40,0.36,2,0.429
0.9,18.82,10.0,-25,0.18,2,0.419
0.9,18.82,10.0,-25,0.36,2,0.432
0.9,18.82,10.0,0,0.18,2,0.422
0.9,18.82,10.0,25,0.18,2,0.421
0.9,18.82,10.0,75,0.36,2,0.435
0.9,18.82,10.0,100,0.18,2,0.418
0.9,18.82,50.0,-40,0.18,2,0.461
0.9,18.82,50.0,-25,0.18,2,0.459
0.9,18.82,50.0,-25,0.36,2,0.473
0.9,18.82,50.0,0,0.18,2,0.456
0.9,18.82,50.0,0,0.36,2,0.464
0.9,18.82,50.0,25,0.36,2,0.464
0.9,18.82,50.0,75,0.18,2,0.452
0.9,18.82,50.0,100,0.18,2,0.444
0.9,18.82,50.0,100,0.36,2,0.461
0.9,18.82,50.0,125,0.36,2,0.46
0.9,18.82,100.0,-40,0.18,2,0.514
0.9,18.82,100.0,-25,0.18,2,0.506
0.9,18.82,100.0,0,0.36,2,0.506
0.9,18.82,100.0,25,0.36,2,0.5
0.9,18.82,100.0,100,0.18,2,0.472
0.9,18.82,100.0,100,0.36,2,0.489
0.9,18.82,100.0,125,0.18,2,0.463
0.9,18.82,100.0,125,0.36,2,0.485
0.9,18.82,200.0,-40,0.18,2,0.614
0.9,18.82,200.0,-40,0.36,2,0.598
0.9,18.82,200.0,-25,0.18,2,0.601
0.9,18.82,200.0,-25,0.36,2,0.596
0.9,18.82,200.0,0,0.36,2,0.587
0.9,18.82,200.0,25,0.36,2,0.572
0.9,18.82,200.0,75,0.18,2,0.541
0.9,18.82,200.0,75,0.36,2,0.547
0.9,18.82,200.0,100,0.18,2,0.525
0.9,18.82,200.0,125,0.18,2,0.509
0.9,18.82,200.0,125,0.36,2,0.527
0.9,18.82,400.0,-40,0.36,2,0.753
0.9,18.82,400.0,0,0.18,2,0.728
0.9,18.82,400.0,25,0.18,2,0.698
0.9,18.82,400.0,75,0.18,2,0.647
0.9,18.82,400.0,100,0.18,2,0.623
0.9,18.82,400.0,125,0.18,2,0.603
0.9,18.82,400.0,125,0.36,2,0.617
0.9,23.27,10.0,-40,0.18,2,0.506
0.9,23.27,10.0,-40,0.36,2,0.519
0.9,23.27,10.0,-25,0.36,2,0.52
0.9,23.27,10.0,0,0.18,2,0.51
0.9,23.27,10.0,25,0.18,2,0.514
0.9,23.27,10.0,75,0.36,2,0.53
0.9,23.27,10.0,100,0.18,2,0.506
0.9,23.27,10.0,125,0.18,2,0.504
0.9,23.27,50.0,-40,0.36,2,0.567
0.9,23.27,50.0,-25,0.18,2,0.556
0.9,23.27,50.0,-25,0.36,2,0.564
0.9,23.27,50.0,0,0.18,2,0.548
0.9,23.27,50.0,25,0.36,2,0.56
0.9,23.27,50.0,75,0.18,2,0.536
0.9,23.27,50.0,100,0.18,2,0.531
0.9,23.27,50.0,125,0.36,2,0.555
0.9,23.27,100.0,-40,0.18,2,0.608
0.9,23.27,100.0,-25,0.18,2,0.607
0.9,23.27,100.0,0,0.36,2,0.6
0.9,23.27,100.0,25,0.18,2,0.591
0.9,23.27,100.0,25,0.36,2,0.601
0.9,23.27,100.0,75,0.18,2,0.569
0.9,23.27,100.0,100,0.36,2,0.585
0.9,23.27,100.0,125,0.18,2,0.55
0.9,23.27,100.0,125,0.36,2,0.584
0.9,23.27,200.0,-40,0.18,2,0.706
0.9,23.27,200.0,-25,0.18,2,0.698
0.9,23.27,200.0,-25,0.36,2,0.702
0.9,23.27,200.0,0,0.36,2,0.677
0.9,23.27,200.0,25,0.18,2,0.66
0.9,23.27,200.0,25,0.36,2,0.67
0.9,23.27,200.0,75,0.36,2,0.646
0.9,23.27,200.0,100,0.18,2,0.613
0.9,23.27,200.0,125,0.18,2,0.596
0.9,23.27,200.0,125,0.36,2,0.622
0.9,23.27,400.0,-40,0.18,2,0.881
0.9,23.27,400.0,-25,0.18,2,0.861
0.9,23.27,400.0,-25,0.36,2,0.832
0.9,23.27,400.0,0,0.36,2,0.806
0.9,23.27,400.0,25,0.18,2,0.796
0.9,23.27,400.0,25,0.36,2,0.782
0.9,23.27,400.0,75,0.36,2,0.734
0.9,23.27,400.0,100,0.36,2,0.736
0.9,23.27,400.0,125,0.18,2,0.692
0.9,23.27,400.0,125,0.36,2,0.721
0.9,27.73,10.0,-40,0.18,2,0.601
0.9,27.73,10.0,-40,0.36,2,0.612
0.9,27.73,10.0,-25,0.36,2,0.614
0.9,27.73,10.0,0,0.36,2,0.616
0.9,27.73,10.0,25,0.36,2,0.614
0.9,27.73,10.0,100,0.18,2,0.594
0.9,27.73,10.0,125,0.18,2,0.593
0.9,27.73,10.0,125,0.36,2,0.627
0.9,27.73,50.0,-40,0.36,2,0.656
0.9,27.73,50.0,-25,0.36,2,0.657
0.9,27.73,50.0,0,0.36,2,0.66
0.9,27.73,50.0,25,0.18,2,0.641
0.9,27.73,50.0,25,0.36,2,0.655
0.9,27.73,50.0,75,0.18,2,0.623
0.9,27.73,50.0,75,0.36,2,0.655
0.9,27.73,50.0,100,0.36,2,0.654
0.9,27.73,50.0,125,0.36,2,0.648
0.9,27.73,100.0,-40,0.18,2,0.71
0.9,27.73,100.0,-40,0.36,2,0.703
0.9,27.73,100.0,-25,0.18,2,0.704
0.9,27.73,100.0,-25,0.36,2,0.698
0.9,27.73,100.0,0,0.18,2,0.698
0.9,27.73,100.0,25,0.18,2,0.685
0.9,27.73,100.0,25,0.36,2,0.698
0.9,27.73,100.0,75,0.36,2,0.69
0.9,27.73,100.0,100,0.18,2,0.646
0.9,27.73,100.0,125,0.18,2,0.639
0.9,27.73,200.0,-40,0.18,2,0.797
0.9,27.73,200.0,-25,0.18,2,0.785
0.9,27.73,200.0,-25,0.36,2,0.784
0.9,27.73,200.0,0,0.18,2,0.768
0.9,27.73,200.0,0,0.36,2,0.778
0.9,27.73,200.0,25,0.36,2,0.764
0.9,27.73,200.0,75,0.18,2,0.72
0.9,27.73,200.0,75,0.36,2,0.734
0.9,27.73,200.0,100,0.36,2,0.732
0.9,27.73,200.0,125,0.36,2,0.726
0.9,27.73,400.0,-25,0.18,2,0.962
0.9,27.73,400.0,0,0.18,2,0.929
0.9,27.73,400.0,0,0.36,2,0.923
0.9,27.73,400.0,25,0.36,2,0.901
0.9,27.73,400.0,75,0.36,2,0.834
0.9,27.73,400.0,100,0.18,2,0.803
0.9,27.73,400.0,100,0.36,2,0.83
0.9,32.18,10.0,-40,0.18,2,0.698
0.9,32.18,10.0,-40,0.36,2,0.712
0.9,32.18,10.0,0,0.18,2,0.7
0.9,32.18,10.0,25,0.18,2,0.694
0.9,32.18,10.0,75,0.18,2,0.685
0.9,32.18,10.0,75,0.36,2,0.725
0.9,32.18,10.0,100,0.18,2,0.683
0.9,32.18,10.0,100,0.36,2,0.72
0.9,32.18,50.0,-40,0.18,2,0.736
0.9,32.18,50.0,-25,0.36,2,0.754
0.9,32.18,50.0,0,0.36,2,0.745
0.9,32.18,50.0,25,0.36,2,0.744
0.9,32.18,50.0,75,0.18,2,0.711
0.9,32.18,50.0,75,0.36,2,0.745
0.9,32.18,50.0,100,0.36,2,0.744
0.9,32.18,50.0,125,0.36,2,0.735
0.9,32.18,100.0,-25,0.18,2,0.796
0.9,32.18,100.0,0,0.18,2,0.782
0.9,32.18,100.0,25,0.18,2,0.771
0.9,32.18,100.0,75,0.18,2,0.743
0.9,32.18,100.0,75,0.36,2,0.785
0.9,32.18,100.0,100,0.36,2,0.771
0.9,32.18,100.0,125,0.36,2,0.762
0.9,32.18,200.0,-40,0.36,2,0.901
0.9,32.18,200.0,-25,0.18,2,0.887
0.9,32.18,200.0,-25,0.36,2,0.888
0.9,32.18,200.0,0,0.36,2,0.871
0.9,32.18,200.0,75,0.18,2,0.808
0.9,32.18,200.0,75,0.36,2,0.844
0.9,32.18,200.0,100,0.36,2,0.833
0.9,32.18,200.0,125,0.18,2,0.778
0.9,32.18,200.0,125,0.36,2,0.813
0.9,32.18,400.0,-25,0.18,2,1.064
0.9,32.18,400.0,-25,0.36,2,1.051
0.9,32.18,400.0,0,0.36,2,1.027
0.9,32.18,400.0,75,0.18,2,0.92
0.9,32.18,400.0,75,0.36,2,0.949
0.9,32.18,400.0,100,0.36,2,0.922
0.9,32.18,400.0,125,0.18,2,0.87
0.9,32.18,400.0,125,0.36,2,0.902
0.9,36.64,10.0,-40,0.18,2,0.784
0.9,36.64,10.0,-25,0.36,2,0.803
0.9,36.64,10.0,0,0.36,2,0.813
0.9,36.64,10.0,25,0.18,2,0.781
0.9,36.64,10.0,75,0.18,2,0.774
0.9,36.64,10.0,100,0.18,2,0.772
0.9,36.64,10.0,100,0.36,2,0.806
0.9,36.64,10.0,125,0.36,2,0.8
0.9,36.64,50.0,-40,0.36,2,0.842
0.9,36.64,50.0,-25,0.36,2,0.838
0.9,36.64,50.0,0,0.36,2,0.838
0.9,36.64,50.0,25,0.18,2,0.814
0.9,36.64,50.0,25,0.36,2,0.836
0.9,36.64,50.0,75,0.18,2,0.799
0.9,36.64,50.0,75,0.36,2,0.841
0.9,36.64,50.0,100,0.18,2,0.797
0.9,36.64,50.0,125,0.18,2,0.794
0.9,36.64,100.0,-40,0.18,2,0.888
0.9,36.64,100.0,-25,0.18,2,0.884
0.9,36.64,100.0,0,0.18,2,0.875
0.9,36.64,100.0,0,0.36,2,0.891
0.9,36.64,100.0,25,0.36,2,0.882
0.9,36.64,100.0,75,0.36,2,0.874
0.9,36.64,100.0,100,0.18,2,0.823
0.9,36.64,100.0,125,0.18,2,0.817
0.9,36.64,200.0,-40,0.18,2,0.976
0.9,36.64,200.0,-40,0.36,2,1.002
0.9,36.64,200.0,-25,0.18,2,0.97
0.9,36.64,200.0,0,0.36,2,0.961
0.9,36.64,200.0,25,0.18,2,0.941
0.9,36.64,200.0,25,0.36,2,0.947
0.9,36.64,200.0,75,0.18,2,0.896
0.9,36.64,200.0,75,0.36,2,0.939
0.9,36.64,200.0,100,0.18,2,0.88
0.9,36.64,200.0,100,0.36,2,0.919
0.9,36.64,200.0,125,0.36,2,0.9
0.9,36.64,400.0,-25,0.36,2,1.163
0.9,36.64,400.0,0,0.18,2,1.131
0.9,36.64,400.0,0,0.36,2,1.128
0.9,36.64,400.0,25,0.36,2,1.105
0.9,36.64,400.0,75,0.18,2,1.009
0.9,36.64,400.0,100,0.18,2,0.981
0.9,36.64,400.0,100,0.36,2,1.021
0.9,36.64,400.0,125,0.18,2,0.96
0.9,41.09,10.0,-40,0.18,2,0.874
0.9,41.09,10.0,-25,0.36,2,0.896
0.9,41.09,10.0,0,0.36,2,0.896
0.9,41.09,10.0,75,0.36,2,0.901
0.9,41.09,10.0,100,0.36,2,0.893
0.9,41.09,10.0,125,0.18,2,0.861
0.9,41.09,50.0,-40,0.18,2,0.917
0.9,41.09,50.0,-25,0.18,2,0.92
0.9,41.09,50.0,-25,0.36,2,0.941
0.9,41.09,50.0,0,0.36,2,0.933
0.9,41.09,50.0,25,0.18,2,0.902
0.9,41.09,50.0,25,0.36,2,0.932
0.9,41.09,50.0,75,0.36,2,0.926
0.9,41.09,50.0,100,0.36,2,0.916
0.9,41.09,50.0,125,0.18,2,0.883
0.9,41.09,50.0,125,0.36,2,0.909
0.9,41.09,100.0,-40,0.36,2,0.997
0.9,41.09,100.0,-25,0.18,2,0.978
0.9,41.09,100.0,-25,0.36,2,0.988
0.9,41.09,100.0,0,0.18,2,0.962
0.9,41.09,100.0,0,0.36,2,0.976
0.9,41.09,100.0,25,0.18,2,0.945
0.9,41.09,100.0,75,0.18,2,0.92
0.9,41.09,100.0,100,0.18,2,0.912
0.9,41.09,100.0,100,0.36,2,0.946
0.9,41.09,100.0,125,0.18,2,0.906
0.9,41.09,100.0,125,0.36,2,0.936
0.9,41.09,200.0,-40,0.18,2,1.089
0.9,41.09,200.0,-40,0.36,2,1.089
0.9,41.09,200.0,-25,0.36,2,1.067
0.9,41.09,200.0,0,0.18,2,1.051
0.9,41.09,200.0,25,0.18,2,1.028
0.9,41.09,200.0,75,0.18,2,0.984
0.9,41.09,200.0,100,0.18,2,0.968
0.9,41.09,400.0,-40,0.36,2,1.257
0.9,41.09,400.0,-25,0.36,2,1.256
0.9,41.09,400.0,0,0.36,2,1.227
0.9,41.09,400.0,25,0.18,2,1.178
0.9,41.09,400.0,75,0.18,2,1.097
0.9,41.09,400.0,100,0.18,2,1.071
0.9,45.55,10.0,-40,0.18,2,0.965
0.9,45.55,10.0,-25,0.18,2,0.967
0.9,45.55,10.0,0,0.36,2,0.985
0.9,45.55,10.0,25,0.36,2,0.992
0.9,45.55,10.0,75,0.36,2,0.987
0.9,45.55,10.0,100,0.18,2,0.951
0.9,45.55,10.0,125,0.18,2,0.951
0.9,45.55,50.0,-40,0.18,2,1.012
0.9,45.55,50.0,-25,0.18,2,1.012
0.9,45.55,50.0,0,0.36,2,1.026
0.9,45.55,50.0,25,0.18,2,0.989
0.9,45.55,50.0,75,0.36,2,1.014
0.9,45.55,50.0,100,0.36,2,1.004
0.9,45.55,50.0,125,0.18,2,0.973
0.9,45.55,100.0,-40,0.36,2,1.091
0.9,45.55,100.0,-25,0.36,2,1.075
0.9,45.55,100.0,0,0.18,2,1.049
0.9,45.55,100.0,0,0.36,2,1.077
0.9,45.55,100.0,25,0.36,2,1.071
0.9,45.55,100.0,75,0.18,2,1.008
0.9,45.55,100.0,100,0.36,2,1.035
0.9,45.55,100.0,125,0.18,2,0.996
0.9,45.55,100.0,125,0.36,2,1.024
0.9,45.55,200.0,-40,0.36,2,1.176
0.9,45.55,200.0,-25,0.18,2,1.174
0.9,45.55,200.0,0,0.18,2,1.145
0.9,45.55,200.0,25,0.18,2,1.115
0.9,45.55,200.0,75,0.18,2,1.073
0.9,45.55,200.0,75,0.36,2,1.114
0.9,45.55,200.0,100,0.18,2,1.058
0.9,45.55,200.0,125,0.18,2,1.046
0.9,45.55,400.0,-40,0.18,2,1.375
0.9,45.55,400.0,-25,0.18,2,1.354
0.9,45.55,400.0,-25,0.36,2,1.361
0.9,45.55,400.0,0,0.18,2,1.305
0.9,45.55,400.0,25,0.36,2,1.301
0.9,45.55,400.0,75,0.36,2,1.225
0.9,45.55,400.0,100,0.18,2,1.16
0.9,45.55,400.0,125,0.36,2,1.167
0.9,50.0,10.0,-40,0.36,2,1.065
0.9,50.0,10.0,0,0.36,2,1.078
0.9,50.0,10.0,25,0.36,2,1.087
0.9,50.0,10.0,75,0.36,2,1.074
0.9,50.0,10.0,100,0.18,2,1.041
0.9,50.0,10.0,125,0.18,2,1.04
0.9,50.0,50.0,-40,0.18,2,1.104
0.9,50.0,50.0,-40,0.36,2,1.124
0.9,50.0,50.0,-25,0.36,2,1.13
0.9,50.0,50.0,0,0.18,2,1.088
0.9,50.0,50.0,25,0.36,2,1.129
0.9,50.0,50.0,75,0.36,2,1.1
0.9,50.0,50.0,125,0.18,2,1.062
0.9,50.0,100.0,-40,0.18,2,1.162
0.9,50.0,100.0,-25,0.36,2,1.183
0.9,50.0,100.0,0,0.36,2,1.18
0.9,50.0,100.0,25,0.36,2,1.174
0.9,50.0,100.0,100,0.36,2,1.123
0.9,50.0,200.0,-40,0.36,2,1.275
0.9,50.0,200.0,0,0.18,2,1.222
0.9,50.0,200.0,75,0.18,2,1.162
0.9,50.0,200.0,100,0.18,2,1.145
0.9,50.0,200.0,100,0.36,2,1.18
0.9,50.0,400.0,-40,0.18,2,1.465
0.9,50.0,400.0,-25,0.18,2,1.442
0.9,50.0,400.0,0,0.18,2,1.391
0.9,50.0,400.0,25,0.36,2,1.378
0.9,50.0,400.0,75,0.36,2,1.313
0.9,50.0,400.0,125,0.18,2,1.229
1.0,1.0,10.0,-25,0.18,2,0.063
1.0,1.0,10.0,0,0.18,2,0.063
1.0,1.0,10.0,25,0.36,2,0.074
1.0,1.0,10.0,75,0.18,2,0.062
1.0,1.0,10.0,75,0.36,2,0.076
1.0,1.0,10.0,100,0.18,2,0.063
1.0,1.0,10.0,125,0.18,2,0.064
1.0,1.0,50.0,-40,0.18,2,0.079
1.0,1.0,50.0,-25,0.36,2,0.106
1.0,1.0,50.0,0,0.36,2,0.101
1.0,1.0,50.0,75,0.18,2,0.086
1.0,1.0,50.0,100,0.18,2,0.086
1.0,1.0,50.0,100,0.36,2,0.097
1.0,1.0,50.0,125,0.18,2,0.086
1.0,1.0,100.0,-40,0.36,2,0.101
1.0,1.0,100.0,0,0.18,2,0.081
1.0,1.0,100.0,25,0.36,2,0.105
1.0,1.0,100.0,100,0.18,2,0.085
1.0,1.0,200.0,-40,0.18,2,0.094
1.0,1.0,200.0,-25,0.36,2,0.114
1.0,1.0,200.0,0,0.36,2,0.105
1.0,1.0,200.0,25,0.18,2,0.099
1.0,1.0,200.0,75,0.18,2,0.097
1.0,1.0,200.0,100,0.18,2,0.096
1.0,1.0,200.0,125,0.36,2,0.115
1.0,1.0,400.0,-25,0.18,2,0.136
1.0,1.0,400.0,0,0.18,2,0.121
1.0,1.0,400.0,0,0.36,2,0.141
1.0,1.0,400.0,25,0.36,2,0.141
1.0,1.0,400.0,75,0.36,2,0.128
1.0,1.0,400.0,100,0.18,2,0.1
1.0,1.0,400.0,100,0.36,2,0.123
1.0,1.0,400.0,125,0.18,2,0.109
1.0,1.0,400.0,125,0.36,2,0.153
1.0,5.45,10.0,-25,0.18,2,0.178
1.0,5.45,10.0,0,0.18,2,0.181
1.0,5.45,10.0,0,0.36,2,0.19
1.0,5.45,10.0,25,0.18,2,0.183
1.0,5.45,10.0,25,0.36,2,0.193
1.0,5.45,10.0,75,0.36,2,0.197
1.0,5.45,10.0,100,0.18,2,0.182
1.0,5.45,10.0,100,0.36,2,0.195
1.0,5.45,10.0,125,0.36,2,0.196
1.0,5.45,50.0,-40,0.36,2,0.246
1.0,5.45,50.0,-25,0.36,2,0.243
1.0,5.45,50.0,0,0.36,2,0.236
1.0,5.45,50.0,25,0.36,2,0.233
1.0,5.45,50.0,75,0.18,2,0.213
1.0,5.45,50.0,75,0.36,2,0.226
1.0,5.45,50.0,100,0.18,2,0.211
1.0,5.45,50.0,125,0.36,2,0.225
1.0,5.45,100.0,-40,0.18,2,0.3
1.0,5.45,100.0,-25,0.18,2,0.291
1.0,5.45,100.0,-25,0.36,2,0.278
1.0,5.45,100.0,0,0.36,2,0.275
1.0,5.45,100.0,25,0.18,2,0.273
1.0,5.45,100.0,75,0.36,2,0.268
1.0,5.45,100.0,100,0.18,2,0.251
1.0,5.45,200.0,-40,0.18,2,0.327
1.0,5.45,200.0,-25,0.18,2,0.322
1.0,5.45,200.0,0,0.18,2,0.315
1.0,5.45,200.0,25,0.18,2,0.318
1.0,5.45,200.0,25,0.36,2,0.324
1.0,5.45,200.0,100,0.18,2,0.304
1.0,5.45,200.0,100,0.36,2,0.309
1.0,5.45,200.0,125,0.18,2,0.298
1.0,5.45,200.0,125,0.36,2,0.304
1.0,5.45,400.0,-40,0.18,2,0.358
1.0,5.45,400.0,-25,0.18,2,0.353
1.0,5.45,400.0,-25,0.36,2,0.387
1.0,5.45,400.0,25,0.18,2,0.326
1.0,5.45,400.0,25,0.36,2,0.364
1.0,5.45,400.0,100,0.18,2,0.327
1.0,5.45,400.0,125,0.18,2,0.331
1.0,5.45,400.0,125,0.36,2,0.335
1.0,9.91,10.0,-40,0.18,2,0.291
1.0,9.91,10.0,-25,0.36,2,0.306
1.0,9.91,10.0,0,0.36,2,0.304
1.0,9.91,10.0,25,0.36,2,0.307
1.0,9.91,10.0,75,0.36,2,0.31
1.0,9.91,10.0,100,0.18,2,0.295
1.0,9.91,10.0,125,0.18,2,0.297
1.0,9.91,50.0,-40,0.36,2,0.365
1.0,9.91,50.0,-25,0.36,2,0.364
1.0,9.91,50.0,0,0.18,2,0.345
1.0,9.91,50.0,25,0.18,2,0.338
1.0,9.91,50.0,75,0.36,2,0.342
1.0,9.91,50.0,100,0.36,2,0.345
1.0,9.91,100.0,-40,0.18,2,0.422
1.0,9.91,100.0,0,0.18,2,0.407
1.0,9.91,100.0,25,0.18,2,0.396
1.0,9.91,100.0,75,0.18,2,0.375
1.0,9.91,100.0,75,0.36,2,0.385
1.0,9.91,100.0,100,0.36,2,0.381
1.0,9.91,100.0,125,0.36,2,0.376
1.0,9.91,200.0,-40,0.18,2,0.53
1.0,9.91,200.0,-40,0.36,2,0.542
1.0,9.91,200.0,0,0.18,2,0.503
1.0,9.91,200.0,75,0.18,2,0.457
1.0,9.91,200.0,100,0.18,2,0.444
1.0,9.91,200.0,100,0.36,2,0.443
1.0,9.91,200.0,125,0.18,2,0.427
1.0,9.91,400.0,-40,0.18,2,0.585
1.0,9.91,400.0,-25,0.18,2,0.566
1.0,9.91,400.0,-25,0.36,2,0.611
1.0,9.91,400.0,0,0.18,2,0.557
1.0,9.91,400.0,25,0.18,2,0.542
1.0,9.91,400.0,75,0.18,2,0.545
1.0,9.91,400.0,100,0.18,2,0.539
1.0,9.91,400.0,100,0.36,2,0.546
1.0,9.91,400.0,125,0.18,2,0.528
1.0,9.91,400.0,125,0.36,2,0.522
1.0,14.36,10.0,-40,0.18,2,0.401
1.0,14.36,10.0,-40,0.36,2,0.415
1.0,14.36,10.0,0,0.18,2,0.403
1.0,14.36,10.0,25,0.18,2,0.404
1.0,14.36,10.0,75,0.36,2,0.421
1.0,14.36,10.0,100,0.18,2,0.412
1.0,14.36,10.0,100,0.36,2,0.424
1.0,14.36,10.0,125,0.18,2,0.412
1.0,14.36,50.0,-40,0.18,2,0.466
1.0,14.36,50.0,-25,0.18,2,0.463
1.0,14.36,50.0,0,0.18,2,0.456
1.0,14.36,50.0,25,0.18,2,0.456
1.0,14.36,50.0,25,0.36,2,0.471
1.0,14.36,50.0,75,0.18,2,0.446
1.0,14.36,50.0,75,0.36,2,0.465
1.0,14.36,50.0,125,0.18,2,0.447
1.0,14.36,100.0,-40,0.36,2,0.541
1.0,14.36,100.0,-25,0.18,2,0.541
1.0,14.36,100.0,-25,0.36,2,0.54
1.0,14.36,100.0,25,0.36,2,0.524
1.0,14.36,100.0,75,0.18,2,0.492
1.0,14.36,100.0,75,0.36,2,0.504
1.0,14.36,100.0,100,0.36,2,0.496
1.0,14.36,100.0,125,0.36,2,0.493
1.0,14.36,200.0,-40,0.36,2,0.663
1.0,14.36,200.0,0,0.18,2,0.637
1.0,14.36,200.0,25,0.18,2,0.609
1.0,14.36,200.0,75,0.18,2,0.58
1.0,14.36,200.0,100,0.36,2,0.57
1.0,14.36,200.0,125,0.18,2,0.552
1.0,14.36,200.0,125,0.36,2,0.555
1.0,14.36,400.0,-25,0.18,2,0.775
1.0,14.36,400.0,0,0.36,2,0.778
1.0,14.36,400.0,25,0.36,2,0.757
1.0,14.36,400.0,75,0.36,2,0.716
1.0,14.36,400.0,100,0.18,2,0.69
1.0,14.36,400.0,100,0.36,2,0.69
1.0,14.36,400.0,125,0.18,2,0.671
1.0,14.36,400.0,125,0.36,2,0.666
1.0,18.82,10.0,-25,0.36,2,0.537
1.0,18.82,10.0,0,0.18,2,0.525
1.0,18.82,10.0,0,0.36,2,0.536
1.0,18.82,10.0,25,0.36,2,0.537
1.0,18.82,10.0,75,0.36,2,0.546
1.0,18.82,10.0,125,0.18,2,0.52
1.0,18.82,50.0,-40,0.18,2,0.577
1.0,18.82,50.0,-40,0.36,2,0.591
1.0,18.82,50.0,-25,0.18,2,0.578
1.0,18.82,50.0,-25,0.36,2,0.591
1.0,18.82,50.0,0,0.18,2,0.577
1.0,18.82,50.0,25,0.18,2,0.568
1.0,18.82,50.0,75,0.36,2,0.576
1.0,18.82,50.0,100,0.36,2,0.576
1.0,18.82,50.0,125,0.18,2,0.554
1.0,18.82,100.0,-40,0.18,2,0.652
1.0,18.82,100.0,0,0.18,2,0.638
1.0,18.82,100.0,25,0.36,2,0.636
1.0,18.82,100.0,75,0.36,2,0.622
1.0,18.82,100.0,100,0.18,2,0.605
1.0,18.82,100.0,125,0.18,2,0.592
1.0,18.82,100.0,125,0.36,2,0.609
1.0,18.82,200.0,-25,0.36,2,0.765
1.0,18.82,200.0,0,0.18,2,0.754
1.0,18.82,200.0,0,0.36,2,0.747
1.0,18.82,200.0,25,0.18,2,0.742
1.0,18.82,200.0,75,0.18,2,0.701
1.0,18.82,200.0,75,0.36,2,0.706
1.0,18.82,200.0,100,0.36,2,0.692
1.0,18.82,200.0,125,0.36,2,0.68
1.0,18.82,400.0,-40,0.18,2,0.977
1.0,18.82,400.0,-40,0.36,2,1.007
1.0,18.82,400.0,0,0.18,2,0.938
1.0,18.82,400.0,25,0.18,2,0.915
1.0,18.82,400.0,25,0.36,2,0.898
1.0,18.82,400.0,75,0.36,2,0.841
1.0,18.82,400.0,100,0.18,2,0.826
1.0,18.82,400.0,125,0.18,2,0.796
1.0,23.27,10.0,-40,0.18,2,0.629
1.0,23.27,10.0,-40,0.36,2,0.641
1.0,23.27,10.0,-25,0.18,2,0.631
1.0,23.27,10.0,-25,0.36,2,0.647
1.0,23.27,10.0,0,0.36,2,0.651
1.0,23.27,10.0,75,0.18,2,0.637
1.0,23.27,10.0,75,0.36,2,0.652
1.0,23.27,10.0,100,0.36,2,0.655
1.0,23.27,10.0,125,0.18,2,0.628
1.0,23.27,10.0,125,0.36,2,0.665
1.0,23.27,50.0,-40,0.18,2,0.701
1.0,23.27,50.0,-25,0.18,2,0.697
1.0,23.27,50.0,0,0.18,2,0.693
1.0,23.27,50.0,25,0.18,2,0.69
1.0,23.27,50.0,25,0.36,2,0.702
1.0,23.27,50.0,75,0.18,2,0.678
1.0,23.27,50.0,75,0.36,2,0.696
1.0,23.27,50.0,100,0.18,2,0.667
1.0,23.27,50.0,125,0.18,2,0.661
1.0,23.27,50.0,125,0.36,2,0.692
1.0,23.27,100.0,-40,0.18,2,0.769
1.0,23.27,100.0,-25,0.36,2,0.776
1.0,23.27,100.0,25,0.36,2,0.756
1.0,23.27,100.0,75,0.18,2,0.728
1.0,23.27,100.0,75,0.36,2,0.737
1.0,23.27,100.0,100,0.36,2,0.732
1.0,23.27,200.0,-40,0.18,2,0.913
1.0,23.27,200.0,-40,0.36,2,0.892
1.0,23.27,200.0,-25,0.36,2,0.887
1.0,23.27,200.0,0,0.36,2,0.873
1.0,23.27,200.0,75,0.18,2,0.814
1.0,23.27,200.0,100,0.18,2,0.791
1.0,23.27,200.0,125,0.36,2,0.792
1.0,23.27,400.0,-40,0.18,2,1.104
1.0,23.27,400.0,-25,0.18,2,1.113
1.0,23.27,400.0,-25,0.36,2,1.11
1.0,23.27,400.0,0,0.18,2,1.089
1.0,23.27,400.0,25,0.18,2,1.046
1.0,23.27,400.0,25,0.36,2,1.037
1.0,23.27,400.0,75,0.18,2,0.981
1.0,23.27,400.0,75,0.36,2,0.971
1.0,23.27,400.0,100,0.36,2,0.949
1.0,23.27,400.0,125,0.18,2,0.904
1.0,23.27,400.0,125,0.36,2,0.923
1.0,27.73,10.0,-25,0.36,2,0.757
1.0,27.73,10.0,25,0.18,2,0.751
1.0,27.73,10.0,25,0.36,2,0.762
1.0,27.73,10.0,75,0.18,2,0.744
1.0,27.73,10.0,100,0.18,2,0.74
1.0,27.73,10.0,125,0.18,2,0.737
1.0,27.73,10.0,125,0.36,2,0.785
1.0,27.73,50.0,-40,0.18,2,0.812
1.0,27.73,50.0,-40,0.36,2,0.823
1.0,27.73,50.0,-25,0.36,2,0.821
1.0,27.73,50.0,0,0.18,2,0.806
1.0,27.73,50.0,25,0.18,2,0.802
1.0,27.73,50.0,25,0.36,2,0.82
1.0,27.73,50.0,75,0.36,2,0.816
1.0,27.73,50.0,100,0.18,2,0.775
1.0,27.73,50.0,125,0.18,2,0.77
1.0,27.73,100.0,-40,0.36,2,0.896
1.0,27.73,100.0,0,0.18,2,0.866
1.0,27.73,100.0,0,0.36,2,0.88
1.0,27.73,100.0,25,0.18,2,0.868
1.0,27.73,100.0,25,0.36,2,0.868
1.0,27.73,100.0,75,0.18,2,0.834
1.0,27.73,100.0,75,0.36,2,0.853
1.0,27.73,100.0,100,0.18,2,0.822
1.0,27.73,100.0,100,0.36,2,0.853
1.0,27.73,200.0,-40,0.36,2,1.037
1.0,27.73,200.0,-25,0.18,2,1.02
1.0,27.73,200.0,0,0.18,2,0.996
1.0,27.73,200.0,0,0.36,2,0.998
1.0,27.73,200.0,75,0.36,2,0.942
1.0,27.73,200.0,100,0.18,2,0.898
1.0,27.73,200.0,100,0.36,2,0.929
1.0,27.73,200.0,125,0.18,2,0.881
1.0,27.73,200.0,125,0.36,2,0.916
1.0,27.73,400.0,-40,0.18,2,1.274
1.0,27.73,400.0,-40,0.36,2,1.242
1.0,27.73,400.0,-25,0.36,2,1.23
1.0,27.73,400.0,0,0.36,2,1.197
1.0,27.73,400.0,25,0.18,2,1.183
1.0,27.73,400.0,75,0.18,2,1.088
1.0,27.73,400.0,75,0.36,2,1.103
1.0,27.73,400.0,100,0.18,2,1.05
1.0,27.73,400.0,100,0.36,2,1.079
1.0,27.73,400.0,125,0.18,2,1.019
1.0,32.18,10.0,-40,0.18,2,0.858
1.0,32.18,10.0,-25,0.18,2,0.86
1.0,32.18,10.0,0,0.36,2,0.876
1.0,32.18,10.0,25,0.36,2,0.877
1.0,32.18,10.0,75,0.36,2,0.892
1.0,32.18,10.0,100,0.18,2,0.849
1.0,32.18,10.0,100,0.36,2,0.9
1.0,32.18,10.0,125,0.36,2,0.894
1.0,32.18,50.0,-40,0.36,2,0.943
1.0,32.18,50.0,-25,0.18,2,0.932
1.0,32.18,50.0,0,0.18,2,0.929
1.0,32.18,50.0,25,0.18,2,0.919
1.0,32.18,50.0,25,0.36,2,0.927
1.0,32.18,50.0,75,0.36,2,0.929
1.0,32.18,50.0,100,0.18,2,0.883
1.0,32.18,50.0,100,0.36,2,0.937
1.0,32.18,50.0,125,0.18,2,0.879
1.0,32.18,50.0,125,0.36,2,0.926
1.0,32.18,100.0,-40,0.36,2,1.008
1.0,32.18,100.0,0,0.36,2,0.995
1.0,32.18,100.0,25,0.18,2,0.983
1.0,32.18,100.0,25,0.36,2,0.983
1.0,32.18,100.0,75,0.36,2,0.986
1.0,32.18,100.0,100,0.18,2,0.928
1.0,32.18,100.0,100,0.36,2,0.978
1.0,32.18,100.0,125,0.18,2,0.917
1.0,32.18,100.0,125,0.36,2,0.966
1.0,32.18,200.0,-40,0.18,2,1.151
1.0,32.18,200.0,-40,0.36,2,1.153
1.0,32.18,200.0,-25,0.18,2,1.14
1.0,32.18,200.0,0,0.36,2,1.124
1.0,32.18,200.0,25,0.18,2,1.093
1.0,32.18,200.0,75,0.18,2,1.03
1.0,32.18,200.0,75,0.36,2,1.063
1.0,32.18,200.0,100,0.18,2,1.005
1.0,32.18,200.0,125,0.36,2,1.034
1.0,32.18,400.0,-40,0.36,2,1.378
1.0,32.18,400.0,-25,0.18,2,1.388
1.0,32.18,400.0,0,0.18,2,1.351
1.0,32.18,400.0,25,0.18,2,1.302
1.0,32.18,400.0,75,0.18,2,1.205
1.0,32.18,400.0,75,0.36,2,1.239
1.0,32.18,400.0,100,0.18,2,1.164
1.0,32.18,400.0,100,0.36,2,1.2
1.0,32.18,400.0,125,0.36,2,1.175
1.0,36.64,10.0,-40,0.18,2,0.972
1.0,36.64,10.0,-25,0.18,2,0.98
1.0,36.64,10.0,-25,0.36,2,0.998
1.0,36.64,10.0,0,0.18,2,0.982
1.0,36.64,10.0,25,0.18,2,0.974
1.0,36.64,10.0,25,0.36,2,0.994
1.0,36.64,10.0,75,0.18,2,0.961
1.0,36.64,10.0,75,0.36,2,1.017
1.0,36.64,10.0,100,0.18,2,0.958
1.0,36.64,10.0,100,0.36,2,1.01
1.0,36.64,10.0,125,0.18,2,0.957
1.0,36.64,10.0,125,0.36,2,1.001
1.0,36.64,50.0,-40,0.18,2,1.037
1.0,36.64,50.0,-25,0.18,2,1.042
1.0,36.64,50.0,-25,0.36,2,1.06
1.0,36.64,50.0,0,0.18,2,1.036
1.0,36.64,50.0,25,0.18,2,1.025
1.0,36.64,50.0,25,0.36,2,1.056
1.0,36.64,50.0,75,0.18,2,1.001
1.0,36.64,50.0,75,0.36,2,1.049
1.0,36.64,50.0,100,0.36,2,1.046
1.0,36.64,50.0,125,0.36,2,1.034
1.0,36.64,100.0,-40,0.18,2,1.111
1.0,36.64,100.0,-40,0.36,2,1.13
1.0,36.64,100.0,-25,0.18,2,1.112
1.0,36.64,100.0,-25,0.36,2,1.125
1.0,36.64,100.0,0,0.18,2,1.104
1.0,36.64,100.0,0,0.36,2,1.116
1.0,36.64,100.0,25,0.18,2,1.089
1.0,36.64,100.0,75,0.18,2,1.05
1.0,36.64,100.0,75,0.36,2,1.094
1.0,36.64,100.0,100,0.18,2,1.036
1.0,36.64,100.0,100,0.36,2,1.09
1.0,36.64,100.0,125,0.36,2,1.073
1.0,36.64,200.0,-40,0.18,2,1.258
1.0,36.64,200.0,-40,0.36,2,1.272
1.0,36.64,200.0,-25,0.18,2,1.252
1.0,36.64,200.0,0,0.18,2,1.228
1.0,36.64,200.0,0,0.36,2,1.253
1.0,36.64,200.0,25,0.36,2,1.208
1.0,36.64,200.0,75,0.18,2,1.138
1.0,36.64,200.0,100,0.18,2,1.115
1.0,36.64,200.0,100,0.36,2,1.169
1.0,36.64,200.0,125,0.18,2,1.101
1.0,36.64,200.0,125,0.36,2,1.144
1.0,36.64,400.0,-40,0.18,2,1.538
1.0,36.64,400.0,-40,0.36,2,1.524
1.0,36.64,400.0,-25,0.18,2,1.518
1.0,36.64,400.0,-25,0.36,2,1.464
1.0,36.64,400.0,25,0.36,2,1.403
1.0,36.64,400.0,75,0.18,2,1.315
1.0,36.64,400.0,75,0.36,2,1.353
1.0,36.64,400.0,100,0.18,2,1.274
1.0,36.64,400.0,100,0.36,2,1.323
1.0,36.64,400.0,125,0.18,2,1.24
1.0,36.64,400.0,125,0.36,2,1.292
1.0,41.09,10.0,-40,0.18,2,1.083
1.0,41.09,10.0,-25,0.18,2,1.09
1.0,41.09,10.0,-25,0.36,2,1.107
1.0,41.09,10.0,0,0.18,2,1.09
1.0,41.09,10.0,25,0.18,2,1.081
1.0,41.09,10.0,25,0.36,2,1.123
1.0,41.09,10.0,75,0.36,2,1.124
1.0,41.09,10.0,100,0.36,2,1.116
1.0,41.09,10.0,125,0.18,2,1.067
1.0,41.09,50.0,-40,0.18,2,1.151
1.0,41.09,50.0,-40,0.36,2,1.156
1.0,41.09,50.0,0,0.18,2,1.147
1.0,41.09,50.0,0,0.36,2,1.165
1.0,41.09,50.0,25,0.18,2,1.132
1.0,41.09,50.0,75,0.18,2,1.11
1.0,41.09,50.0,100,0.18,2,1.103
1.0,41.09,50.0,100,0.36,2,1.154
1.0,41.09,50.0,125,0.36,2,1.141
1.0,41.09,100.0,-40,0.18,2,1.223
1.0,41.09,100.0,-40,0.36,2,1.228
1.0,41.09,100.0,-25,0.18,2,1.229
1.0,41.09,100.0,-25,0.36,2,1.232
1.0,41.09,100.0,0,0.18,2,1.221
1.0,41.09,100.0,0,0.36,2,1.222
1.0,41.09,100.0,25,0.18,2,1.195
1.0,41.09,100.0,75,0.18,2,1.159
1.0,41.09,100.0,75,0.36,2,1.21
1.0,41.09,100.0,100,0.18,2,1.146
1.0,41.09,100.0,100,0.36,2,1.198
1.0,41.09,100.0,125,0.18,2,1.136
1.0,41.09,100.0,125,0.36,2,1.181
1.0,41.09,200.0,-40,0.18,2,1.379
1.0,41.09,200.0,-25,0.18,2,1.368
1.0,41.09,200.0,-25,0.36,2,1.382
1.0,41.09,200.0,0,0.18,2,1.35
1.0,41.09,200.0,25,0.18,2,1.307
1.0,41.09,200.0,25,0.36,2,1.344
1.0,41.09,200.0,75,0.18,2,1.247
1.0,41.09,200.0,75,0.36,2,1.303
1.0,41.09,200.0,100,0.18,2,1.229
1.0,41.09,200.0,100,0.36,2,1.275
1.0,41.09,200.0,125,0.18,2,1.205
1.0,41.09,200.0,125,0.36,2,1.251
1.0,41.09,400.0,-40,0.18,2,1.675
1.0,41.09,400.0,-25,0.18,2,1.642
1.0,41.09,400.0,0,0.18,2,1.586
1.0,41.09,400.0,0,0.36,2,1.57
1.0,41.09,400.0,25,0.36,2,1.54
1.0,41.09,400.0,75,0.18,2,1.425
1.0,41.09,400.0,75,0.36,2,1.47
1.0,41.09,400.0,100,0.18,2,1.384
1.0,41.09,400.0,100,0.36,2,1.443
1.0,41.09,400.0,125,0.18,2,1.35
1.0,45.55,10.0,-40,0.18,2,1.194
1.0,45.55,10.0,-40,0.36,2,1.223
1.0,45.55,10.0,-25,0.18,2,1.202
1.0,45.55,10.0,-25,0.36,2,1.217
1.0,45.55,10.0,0,0.18,2,1.197
1.0,45.55,10.0,25,0.18,2,1.19
1.0,45.55,10.0,75,0.18,2,1.181
1.0,45.55,10.0,75,0.36,2,1.236
1.0,45.55,10.0,100,0.36,2,1.223
1.0,45.55,10.0,125,0.18,2,1.178
1.0,45.55,10.0,125,0.36,2,1.216
1.0,45.55,50.0,-40,0.18,2,1.264
1.0,45.55,50.0,-40,0.36,2,1.276
1.0,45.55,50.0,-25,0.18,2,1.268
1.0,45.55,50.0,-25,0.36,2,1.272
1.0,45.55,50.0,25,0.18,2,1.24
1.0,45.55,50.0,25,0.36,2,1.274
1.0,45.55,50.0,75,0.18,2,1.219
1.0,45.55,50.0,75,0.36,2,1.276
1.0,45.55,50.0,100,0.18,2,1.213
1.0,45.55,50.0,100,0.36,2,1.26
1.0,45.55,50.0,125,0.18,2,1.21
1.0,45.55,50.0,125,0.36,2,1.248
1.0,45.55,100.0,-40,0.18,2,1.344
1.0,45.55,100.0,-40,0.36,2,1.348
1.0,45.55,100.0,-25,0.18,2,1.338
1.0,45.55,100.0,-25,0.36,2,1.345
1.0,45.55,100.0,0,0.18,2,1.327
1.0,45.55,100.0,25,0.18,2,1.303
1.0,45.55,100.0,75,0.18,2,1.268
1.0,45.55,100.0,75,0.36,2,1.327
1.0,45.55,100.0,100,0.18,2,1.257
1.0,45.55,100.0,125,0.18,2,1.247
1.0,45.55,100.0,125,0.36,2,1.288
1.0,45.55,200.0,-40,0.18,2,1.488
1.0,45.55,200.0,-40,0.36,2,1.514
1.0,45.55,200.0,-25,0.36,2,1.5
1.0,45.55,200.0,0,0.36,2,1.477
1.0,45.55,200.0,25,0.18,2,1.415
1.0,45.55,200.0,25,0.36,2,1.453
1.0,45.55,200.0,75,0.18,2,1.362
1.0,45.55,200.0,75,0.36,2,1.417
1.0,45.55,200.0,100,0.36,2,1.386
1.0,45.55,200.0,125,0.18,2,1.322
1.0,45.55,400.0,-40,0.18,2,1.789
1.0,45.55,400.0,-40,0.36,2,1.715
1.0,45.55,400.0,-25,0.18,2,1.746
1.0,45.55,400.0,-25,0.36,2,1.713
1.0,45.55,400.0,0,0.18,2,1.712
1.0,45.55,400.0,25,0.18,2,1.643
1.0,45.55,400.0,25,0.36,2,1.664
1.0,45.55,400.0,75,0.18,2,1.535
1.0,45.55,400.0,75,0.36,2,1.575
1.0,45.55,400.0,100,0.18,2,1.494
1.0,45.55,400.0,100,0.36,2,1.556
1.0,45.55,400.0,125,0.18,2,1.461
1.0,50.0,10.0,-40,0.18,2,1.306
1.0,50.0,10.0,-25,0.18,2,1.313
1.0,50.0,10.0,-25,0.36,2,1.33
1.0,50.0,10.0,0,0.18,2,1.305
1.0,50.0,10.0,0,0.36,2,1.333
1.0,50.0,10.0,25,0.18,2,1.299
1.0,50.0,10.0,25,0.36,2,1.339
1.0,50.0,10.0,75,0.36,2,1.342
1.0,50.0,10.0,100,0.18,2,1.289
1.0,50.0,10.0,100,0.36,2,1.331
1.0,50.0,10.0,125,0.18,2,1.288
1.0,50.0,50.0,-40,0.18,2,1.376
1.0,50.0,50.0,-40,0.36,2,1.405
1.0,50.0,50.0,-25,0.36,2,1.393
1.0,50.0,50.0,0,0.18,2,1.363
1.0,50.0,50.0,25,0.18,2,1.349
1.0,50.0,50.0,75,0.18,2,1.33
1.0,50.0,50.0,100,0.18,2,1.323
1.0,50.0,50.0,100,0.36,2,1.366
1.0,50.0,50.0,125,0.18,2,1.321
1.0,50.0,50.0,125,0.36,2,1.357
1.0,50.0,100.0,-40,0.18,2,1.46
1.0,50.0,100.0,-40,0.36,2,1.466
1.0,50.0,100.0,-25,0.18,2,1.465
1.0,50.0,100.0,-25,0.36,2,1.473
1.0,50.0,100.0,0,0.18,2,1.434
1.0,50.0,100.0,0,0.36,2,1.457
1.0,50.0,100.0,25,0.18,2,1.412
1.0,50.0,100.0,75,0.36,2,1.434
1.0,50.0,100.0,100,0.18,2,1.366
1.0,50.0,100.0,125,0.18,2,1.357
1.0,50.0,200.0,-40,0.18,2,1.608
1.0,50.0,200.0,-25,0.18,2,1.601
1.0,50.0,200.0,-25,0.36,2,1.612
1.0,50.0,200.0,0,0.18,2,1.56
1.0,50.0,200.0,0,0.36,2,1.601
1.0,50.0,200.0,25,0.18,2,1.523
1.0,50.0,200.0,25,0.36,2,1.564
1.0,50.0,200.0,75,0.18,2,1.471
1.0,50.0,200.0,75,0.36,2,1.523
1.0,50.0,200.0,100,0.18,2,1.449
1.0,50.0,200.0,100,0.36,2,1.493
1.0,50.0,200.0,125,0.18,2,1.432
1.0,50.0,200.0,125,0.36,2,1.471
1.0,50.0,400.0,-40,0.18,2,1.881
1.0,50.0,400.0,-40,0.36,2,1.819
1.0,50.0,400.0,-25,0.36,2,1.841
1.0,50.0,400.0,0,0.18,2,1.816
1.0,50.0,400.0,0,0.36,2,1.835
1.0,50.0,400.0,25,0.18,2,1.758
1.0,50.0,400.0,75,0.18,2,1.645
1.0,50.0,400.0,75,0.36,2,1.709
1.0,50.0,400.0,100,0.18,2,1.605
1.0,50.0,400.0,100,0.36,2,1.656
1.0,50.0,400.0,125,0.18,2,1.572
1.0,50.0,400.0,125,0.36,2,1.616
1.1,1.0,10.0,-40,0.18,2,0.078
1.1,1.0,10.0,-25,0.18,2,0.078
1.1,1.0,10.0,-25,0.36,2,0.088
1.1,1.0,10.0,0,0.36,2,0.088
1.1,1.0,10.0,25,0.18,2,0.077
1.1,1.0,10.0,75,0.18,2,0.077
1.1,1.0,10.0,100,0.36,2,0.094
1.1,1.0,10.0,125,0.18,2,0.08
1.1,1.0,10.0,125,0.36,2,0.098
1.1,1.0,50.0,-40,0.18,2,0.1
1.1,1.0,50.0,-40,0.36,2,0.139
1.1,1.0,50.0,-25,0.18,2,0.104
1.1,1.0,50.0,-25,0.36,2,0.117
1.1,1.0,50.0,0,0.36,2,0.126
1.1,1.0,50.0,25,0.18,2,0.098
1.1,1.0,50.0,75,0.18,2,0.105
1.1,1.0,50.0,75,0.36,2,0.129
1.1,1.0,50.0,100,0.18,2,0.105
1.1,1.0,50.0,125,0.18,2,0.106
1.1,1.0,50.0,125,0.36,2,0.128
1.1,1.0,100.0,-40,0.18,2,0.127
1.1,1.0,100.0,-40,0.36,2,0.143
1.1,1.0,100.0,-25,0.18,2,0.117
1.1,1.0,100.0,-25,0.36,2,0.129
1.1,1.0,100.0,0,0.18,2,0.116
1.1,1.0,100.0,0,0.36,2,0.137
1.1,1.0,100.0,25,0.18,2,0.118
1.1,1.0,100.0,25,0.36,2,0.134
1.1,1.0,100.0,75,0.18,2,0.112
1.1,1.0,100.0,75,0.36,2,0.142
1.1,1.0,100.0,100,0.18,2,0.106
1.1,1.0,100.0,100,0.36,2,0.144
1.1,1.0,100.0,125,0.36,2,0.143
1.1,1.0,200.0,-40,0.18,2,0.14
1.1,1.0,200.0,-40,0.36,2,0.194
1.1,1.0,200.0,-25,0.36,2,0.202
1.1,1.0,200.0,0,0.18,2,0.134
1.1,1.0,200.0,25,0.18,2,0.13
1.1,1.0,200.0,25,0.36,2,0.158
1.1,1.0,200.0,75,0.18,2,0.129
1.1,1.0,200.0,100,0.18,2,0.135
1.1,1.0,200.0,100,0.36,2,0.161
1.1,1.0,200.0,125,0.18,2,0.13
1.1,1.0,200.0,125,0.36,2,0.165
1.1,1.0,400.0,-40,0.18,2,0.239
1.1,1.0,400.0,-40,0.36,2,0.304
1.1,1.0,400.0,-25,0.18,2,0.219
1.1,1.0,400.0,0,0.18,2,0.211
1.1,1.0,400.0,0,0.36,2,0.257
1.1,1.0,400.0,25,0.18,2,0.19
1.1,1.0,400.0,25,0.36,2,0.23
1.1,1.0,400.0,75,0.18,2,0.169
1.1,1.0,400.0,75,0.36,2,0.206
1.1,1.0,400.0,100,0.18,2,0.167
1.1,1.0,400.0,100,0.36,2,0.2
1.1,1.0,400.0,125,0.36,2,0.184
1.1,5.45,10.0,-40,0.18,2,0.216
1.1,5.45,10.0,-40,0.36,2,0.23
1.1,5.45,10.0,-25,0.18,2,0.216
1.1,5.45,10.0,0,0.18,2,0.216
1.1,5.45,10.0,0,0.36,2,0.232
1.1,5.45,10.0,25,0.18,2,0.218
1.1,5.45,10.0,25,0.36,2,0.234
1.1,5.45,10.0,75,0.36,2,0.237
1.1,5.45,10.0,100,0.18,2,0.222
1.1,5.45,10.0,100,0.36,2,0.24
1.1,5.45,10.0,125,0.18,2,0.224
1.1,5.45,50.0,-40,0.18,2,0.297
1.1,5.45,50.0,-40,0.36,2,0.306
1.1,5.45,50.0,-25,0.18,2,0.293
1.1,5.45,50.0,-25,0.36,2,0.3
1.1,5.45,50.0,0,0.36,2,0.298
1.1,5.45,50.0,25,0.18,2,0.282
1.1,5.45,50.0,25,0.36,2,0.293
1.1,5.45,50.0,100,0.36,2,0.282
1.1,5.45,50.0,125,0.36,2,0.282
1.1,5.45,100.0,-40,0.36,2,0.381
1.1,5.45,100.0,-25,0.18,2,0.373
1.1,5.45,100.0,-25,0.36,2,0.373
1.1,5.45,100.0,0,0.18,2,0.363
1.1,5.45,100.0,0,0.36,2,0.361
1.1,5.45,100.0,25,0.18,2,0.35
1.1,5.45,100.0,25,0.36,2,0.339
1.1,5.45,100.0,75,0.36,2,0.337
1.1,5.45,100.0,100,0.18,2,0.317
1.1,5.45,100.0,125,0.18,2,0.311
1.1,5.45,200.0,-40,0.18,2,0.419
1.1,5.45,200.0,-40,0.36,2,0.463
1.1,5.45,200.0,-25,0.18,2,0.405
1.1,5.45,200.0,-25,0.36,2,0.455
1.1,5.45,200.0,0,0.18,2,0.396
1.1,5.45,200.0,25,0.18,2,0.4
1.1,5.45,200.0,25,0.36,2,0.419
1.1,5.45,200.0,75,0.36,2,0.399
1.1,5.45,200.0,100,0.18,2,0.388
1.1,5.45,200.0,100,0.36,2,0.384
1.1,5.45,200.0,125,0.18,2,0.382
1.1,5.45,400.0,-40,0.18,2,0.515
1.1,5.45,400.0,0,0.18,2,0.465
1.1,5.45,400.0,0,0.36,2,0.541
1.1,5.45,400.0,25,0.36,2,0.51
1.1,5.45,400.0,75,0.18,2,0.425
1.1,5.45,400.0,100,0.18,2,0.406
1.1,5.45,400.0,100,0.36,2,0.464
1.1,5.45,400.0,125,0.18,2,0.402
1.1,5.45,400.0,125,0.36,2,0.46
1.1,9.91,10.0,-25,0.18,2,0.356
1.1,9.91,10.0,-25,0.36,2,0.368
1.1,9.91,10.0,0,0.36,2,0.369
1.1,9.91,10.0,25,0.18,2,0.355
1.1,9.91,10.0,75,0.36,2,0.377
1.1,9.91,10.0,125,0.18,2,0.362
1.1,9.91,10.0,125,0.36,2,0.385
1.1,9.91,50.0,-40,0.36,2,0.445
1.1,9.91,50.0,-25,0.18,2,0.433
1.1,9.91,50.0,0,0.18,2,0.428
1.1,9.91,50.0,0,0.36,2,0.444
1.1,9.91,50.0,25,0.18,2,0.422
1.1,9.91,50.0,75,0.18,2,0.408
1.1,9.91,50.0,100,0.18,2,0.407
1.1,9.91,100.0,-40,0.18,2,0.536
1.1,9.91,100.0,-25,0.18,2,0.529
1.1,9.91,100.0,0,0.18,2,0.516
1.1,9.91,100.0,0,0.36,2,0.518
1.1,9.91,100.0,25,0.18,2,0.502
1.1,9.91,100.0,75,0.36,2,0.483
1.1,9.91,100.0,125,0.18,2,0.452
1.1,9.91,100.0,125,0.36,2,0.472
1.1,9.91,200.0,-40,0.36,2,0.691
1.1,9.91,200.0,-25,0.36,2,0.691
1.1,9.91,200.0,0,0.18,2,0.635
1.1,9.91,200.0,0,0.36,2,0.665
1.1,9.91,200.0,25,0.36,2,0.623
1.1,9.91,200.0,75,0.36,2,0.575
1.1,9.91,200.0,100,0.36,2,0.562
1.1,9.91,400.0,-40,0.36,2,0.846
1.1,9.91,400.0,-25,0.18,2,0.757
1.1,9.91,400.0,-25,0.36,2,0.825
1.1,9.91,400.0,0,0.36,2,0.798
1.1,9.91,400.0,25,0.18,2,0.695
1.1,9.91,400.0,25,0.36,2,0.765
1.1,9.91,400.0,75,0.18,2,0.664
1.1,9.91,400.0,100,0.36,2,0.697
1.1,9.91,400.0,125,0.36,2,0.673
1.1,14.36,10.0,-40,0.36,2,0.504
1.1,14.36,10.0,-25,0.18,2,0.489
1.1,14.36,10.0,-25,0.36,2,0.505
1.1,14.36,10.0,25,0.36,2,0.51
1.1,14.36,10.0,75,0.18,2,0.495
1.1,14.36,10.0,100,0.18,2,0.498
1.1,14.36,10.0,100,0.36,2,0.516
1.1,14.36,50.0,-40,0.18,2,0.575
1.1,14.36,50.0,-25,0.36,2,0.589
1.1,14.36,50.0,25,0.18,2,0.562
1.1,14.36,50.0,75,0.18,2,0.556
1.1,14.36,50.0,75,0.36,2,0.572
1.1,14.36,50.0,100,0.18,2,0.551
1.1,14.36,50.0,125,0.18,2,0.547
1.1,14.36,50.0,125,0.36,2,0.566
1.1,14.36,100.0,-40,0.18,2,0.67
1.1,14.36,100.0,-25,0.18,2,0.667
1.1,14.36,100.0,-25,0.36,2,0.673
1.1,14.36,100.0,0,0.36,2,0.659
1.1,14.36,100.0,25,0.18,2,0.646
1.1,14.36,100.0,75,0.36,2,0.631
1.1,14.36,100.0,100,0.36,2,0.624
1.1,14.36,100.0,125,0.36,2,0.611
1.1,14.36,200.0,-40,0.36,2,0.859
1.1,14.36,200.0,-25,0.18,2,0.836
1.1,14.36,200.0,-25,0.36,2,0.836
1.1,14.36,200.0,25,0.18,2,0.787
1.1,14.36,200.0,25,0.36,2,0.792
1.1,14.36,200.0,75,0.36,2,0.73
1.1,14.36,200.0,100,0.18,2,0.711
1.1,14.36,200.0,125,0.18,2,0.694
1.1,14.36,400.0,-40,0.18,2,1.005
1.1,14.36,400.0,-40,0.36,2,1.079
1.1,14.36,400.0,25,0.18,2,0.948
1.1,14.36,400.0,25,0.36,2,0.952
1.1,14.36,400.0,75,0.18,2,0.897
1.1,14.36,400.0,75,0.36,2,0.915
1.1,14.36,400.0,100,0.18,2,0.871
1.1,14.36,400.0,125,0.18,2,0.859
1.1,14.36,400.0,125,0.36,2,0.864
1.1,18.82,10.0,-40,0.36,2,0.644
1.1,18.82,10.0,-25,0.36,2,0.646
1.1,18.82,10.0,0,0.18,2,0.632
1.1,18.82,10.0,25,0.18,2,0.632
1.1,18.82,10.0,25,0.36,2,0.647
1.1,18.82,10.0,75,0.18,2,0.641
1.1,18.82,10.0,75,0.36,2,0.658
1.1,18.82,10.0,100,0.36,2,0.663
1.1,18.82,10.0,125,0.36,2,0.67
1.1,18.82,50.0,-40,0.18,2,0.715
1.1,18.82,50.0,-25,0.18,2,0.712
1.1,18.82,50.0,0,0.18,2,0.704
1.1,18.82,50.0,0,0.36,2,0.721
1.1,18.82,50.0,25,0.18,2,0.703
1.1,18.82,50.0,75,0.18,2,0.692
1.1,18.82,50.0,75,0.36,2,0.707
1.1,18.82,50.0,100,0.18,2,0.691
1.1,18.82,50.0,125,0.18,2,0.684
1.1,18.82,50.0,125,0.36,2,0.704
1.1,18.82,100.0,-40,0.18,2,0.824
1.1,18.82,100.0,-40,0.36,2,0.826
1.1,18.82,100.0,-25,0.18,2,0.813
1.1,18.82,100.0,0,0.18,2,0.795
1.1,18.82,100.0,25,0.18,2,0.779
1.1,18.82,100.0,25,0.36,2,0.804
1.1,18.82,100.0,75,0.36,2,0.765
1.1,18.82,100.0,100,0.36,2,0.763
1.1,18.82,100.0,125,0.18,2,0.736
1.1,18.82,200.0,-40,0.18,2,1.008
1.1,18.82,200.0,-25,0.36,2,0.988
1.1,18.82,200.0,0,0.18,2,0.962
1.1,18.82,200.0,25,0.18,2,0.933
1.1,18.82,200.0,25,0.36,2,0.928
1.1,18.82,200.0,75,0.18,2,0.885
1.1,18.82,200.0,100,0.18,2,0.857
1.1,18.82,200.0,125,0.36,2,0.851
1.1,18.82,400.0,-40,0.18,2,1.237
1.1,18.82,400.0,-40,0.36,2,1.287
1.1,18.82,400.0,-25,0.18,2,1.231
1.1,18.82,400.0,-25,0.36,2,1.259
1.1,18.82,400.0,0,0.18,2,1.184
1.1,18.82,400.0,0,0.36,2,1.212
1.1,18.82,400.0,25,0.18,2,1.152
1.1,18.82,400.0,25,0.36,2,1.165
1.1,18.82,400.0,75,0.18,2,1.091
1.1,18.82,400.0,75,0.36,2,1.059
1.1,18.82,400.0,100,0.18,2,1.047
1.1,18.82,400.0,100,0.36,2,1.048
1.1,18.82,400.0,125,0.36,2,1.026
1.1,23.27,10.0,-40,0.18,2,0.764
1.1,23.27,10.0,-40,0.36,2,0.786
1.1,23.27,10.0,-25,0.18,2,0.767
1.1,23.27,10.0,-25,0.36,2,0.782
1.1,23.27,10.0,0,0.18,2,0.774
1.1,23.27,10.0,0,0.36,2,0.793
1.1,23.27,10.0,25,0.18,2,0.772
1.1,23.27,10.0,75,0.18,2,0.778
1.1,23.27,10.0,75,0.36,2,0.8
1.1,23.27,10.0,100,0.36,2,0.798
1.1,23.27,10.0,125,0.18,2,0.768
1.1,23.27,10.0,125,0.36,2,0.803
1.1,23.27,50.0,-40,0.18,2,0.85
1.1,23.27,50.0,-25,0.18,2,0.853
1.1,23.27,50.0,0,0.18,2,0.849
1.1,23.27,50.0,25,0.18,2,0.842
1.1,23.27,50.0,100,0.18,2,0.824
1.1,23.27,50.0,100,0.36,2,0.848
1.1,23.27,50.0,125,0.36,2,0.851
1.1,23.27,100.0,-40,0.18,2,0.956
1.1,23.27,100.0,-40,0.36,2,0.966
1.1,23.27,100.0,-25,0.18,2,0.95
1.1,23.27,100.0,0,0.36,2,0.962
1.1,23.27,100.0,25,0.36,2,0.931
1.1,23.27,100.0,75,0.36,2,0.916
1.1,23.27,100.0,100,0.36,2,0.904
1.1,23.27,100.0,125,0.36,2,0.899
1.1,23.27,200.0,-40,0.36,2,1.136
1.1,23.27,200.0,0,0.36,2,1.1
1.1,23.27,200.0,25,0.36,2,1.061
1.1,23.27,200.0,75,0.36,2,1.035
1.1,23.27,200.0,100,0.36,2,1.02
1.1,23.27,200.0,125,0.36,2,0.994
1.1,23.27,400.0,-40,0.18,2,1.435
1.1,23.27,400.0,-25,0.36,2,1.428
1.1,23.27,400.0,25,0.18,2,1.342
1.1,23.27,400.0,75,0.18,2,1.248
1.1,23.27,400.0,100,0.18,2,1.207
1.1,23.27,400.0,100,0.36,2,1.197
1.1,23.27,400.0,125,0.18,2,1.164
1.1,23.27,400.0,125,0.36,2,1.158
1.1,27.73,10.0,-40,0.36,2,0.913
1.1,27.73,10.0,0,0.18,2,0.907
1.1,27.73,10.0,0,0.36,2,0.933
1.1,27.73,10.0,25,0.36,2,0.927
1.1,27.73,10.0,75,0.36,2,0.931
1.1,27.73,10.0,100,0.36,2,0.938
1.1,27.73,10.0,125,0.36,2,0.95
1.1,27.73,50.0,-40,0.18,2,0.995
1.1,27.73,50.0,25,0.18,2,0.991
1.1,27.73,50.0,75,0.18,2,0.967
1.1,27.73,50.0,100,0.18,2,0.953
1.1,27.73,50.0,125,0.36,2,0.992
1.1,27.73,100.0,-25,0.36,2,1.119
1.1,27.73,100.0,0,0.36,2,1.096
1.1,27.73,100.0,25,0.18,2,1.063
1.1,27.73,100.0,75,0.36,2,1.056
1.1,27.73,100.0,100,0.36,2,1.044
1.1,27.73,100.0,125,0.18,2,0.998
1.1,27.73,100.0,125,0.36,2,1.042
1.1,27.73,200.0,-40,0.18,2,1.302
1.1,27.73,200.0,-25,0.18,2,1.272
1.1,27.73,200.0,-25,0.36,2,1.281
1.1,27.73,200.0,0,0.18,2,1.265
1.1,27.73,200.0,0,0.36,2,1.249
1.1,27.73,200.0,25,0.18,2,1.234
1.1,27.73,200.0,75,0.18,2,1.16
1.1,27.73,200.0,100,0.18,2,1.126
1.1,27.73,200.0,125,0.18,2,1.101
1.1,27.73,200.0,125,0.36,2,1.132
1.1,27.73,400.0,-40,0.18,2,1.618
1.1,27.73,400.0,-25,0.36,2,1.587
1.1,27.73,400.0,0,0.18,2,1.556
1.1,27.73,400.0,75,0.18,2,1.403
1.1,27.73,400.0,75,0.36,2,1.377
1.1,27.73,400.0,100,0.18,2,1.349
1.1,27.73,400.0,125,0.18,2,1.29
1.1,27.73,400.0,125,0.36,2,1.321
1.1,32.18,10.0,-40,0.36,2,1.052
1.1,32.18,10.0,-25,0.18,2,1.036
1.1,32.18,10.0,-25,0.36,2,1.064
1.1,32.18,10.0,25,0.18,2,1.051
1.1,32.18,10.0,25,0.36,2,1.063
1.1,32.18,10.0,75,0.36,2,1.073
1.1,32.18,10.0,100,0.36,2,1.086
1.1,32.18,10.0,125,0.18,2,1.031
1.1,32.18,50.0,-40,0.36,2,1.144
1.1,32.18,50.0,-25,0.36,2,1.142
1.1,32.18,50.0,0,0.18,2,1.124
1.1,32.18,50.0,25,0.18,2,1.122
1.1,32.18,50.0,75,0.18,2,1.097
1.1,32.18,50.0,75,0.36,2,1.13
1.1,32.18,50.0,100,0.18,2,1.084
1.1,32.18,50.0,125,0.18,2,1.076
1.1,32.18,50.0,125,0.36,2,1.143
1.1,32.18,100.0,-40,0.18,2,1.246
1.1,32.18,100.0,-25,0.36,2,1.25
1.1,32.18,100.0,25,0.18,2,1.205
1.1,32.18,100.0,75,0.18,2,1.166
1.1,32.18,100.0,100,0.18,2,1.145
1.1,32.18,100.0,125,0.36,2,1.188
1.1,32.18,200.0,-25,0.18,2,1.432
1.1,32.18,200.0,-25,0.36,2,1.435
1.1,32.18,200.0,0,0.36,2,1.397
1.1,32.18,200.0,25,0.18,2,1.364
1.1,32.18,200.0,25,0.36,2,1.386
1.1,32.18,200.0,75,0.36,2,1.314
1.1,32.18,200.0,100,0.18,2,1.261
1.1,32.18,200.0,100,0.36,2,1.294
1.1,32.18,200.0,125,0.18,2,1.231
1.1,32.18,400.0,-25,0.18,2,1.764
1.1,32.18,400.0,-25,0.36,2,1.732
1.1,32.18,400.0,0,0.36,2,1.677
1.1,32.18,400.0,25,0.18,2,1.654
1.1,32.18,400.0,25,0.36,2,1.63
1.1,32.18,400.0,100,0.18,2,1.472
1.1,32.18,400.0,100,0.36,2,1.497
1.1,32.18,400.0,125,0.18,2,1.428
1.1,36.64,10.0,-40,0.18,2,1.181
1.1,36.64,10.0,-40,0.36,2,1.187
1.1,36.64,10.0,-25,0.18,2,1.182
1.1,36.64,10.0,0,0.18,2,1.186
1.1,36.64,10.0,0,0.36,2,1.197
1.1,36.64,10.0,25,0.36,2,1.203
1.1,36.64,10.0,100,0.18,2,1.166
1.1,36.64,10.0,100,0.36,2,1.234
1.1,36.64,10.0,125,0.18,2,1.164
1.1,36.64,50.0,-40,0.18,2,1.279
1.1,36.64,50.0,-25,0.18,2,1.275
1.1,36.64,50.0,-25,0.36,2,1.294
1.1,36.64,50.0,0,0.36,2,1.282
1.1,36.64,50.0,25,0.18,2,1.263
1.1,36.64,50.0,25,0.36,2,1.286
1.1,36.64,50.0,75,0.36,2,1.274
1.1,36.64,50.0,100,0.18,2,1.216
1.1,36.64,50.0,100,0.36,2,1.276
1.1,36.64,50.0,125,0.18,2,1.208
1.1,36.64,100.0,-40,0.18,2,1.379
1.1,36.64,100.0,-25,0.36,2,1.386
1.1,36.64,100.0,0,0.18,2,1.361
1.1,36.64,100.0,0,0.36,2,1.368
1.1,36.64,100.0,25,0.36,2,1.359
1.1,36.64,100.0,75,0.18,2,1.294
1.1,36.64,100.0,100,0.36,2,1.332
1.1,36.64,100.0,125,0.18,2,1.266
1.1,36.64,200.0,-40,0.18,2,1.586
1.1,36.64,200.0,-25,0.18,2,1.568
1.1,36.64,200.0,-25,0.36,2,1.563
1.1,36.64,200.0,0,0.36,2,1.54
1.1,36.64,200.0,25,0.36,2,1.533
1.1,36.64,200.0,100,0.18,2,1.391
1.1,36.64,200.0,100,0.36,2,1.442
1.1,36.64,200.0,125,0.36,2,1.429
1.1,36.64,400.0,-40,0.18,2,1.954
1.1,36.64,400.0,-25,0.36,2,1.86
1.1,36.64,400.0,0,0.18,2,1.865
1.1,36.64,400.0,0,0.36,2,1.809
1.1,36.64,400.0,25,0.18,2,1.818
1.1,36.64,400.0,75,0.18,2,1.664
1.1,36.64,400.0,125,0.18,2,1.566
1.1,36.64,400.0,125,0.36,2,1.579
1.1,41.09,10.0,-40,0.18,2,1.32
1.1,41.09,10.0,-25,0.18,2,1.324
1.1,41.09,10.0,0,0.18,2,1.329
1.1,41.09,10.0,0,0.36,2,1.352
1.1,41.09,10.0,25,0.36,2,1.342
1.1,41.09,10.0,75,0.18,2,1.303
1.1,41.09,10.0,100,0.36,2,1.367
1.1,41.09,10.0,125,0.18,2,1.297
1.1,41.09,50.0,-40,0.18,2,1.409
1.1,41.09,50.0,-25,0.18,2,1.409
1.1,41.09,50.0,-25,0.36,2,1.426
1.1,41.09,50.0,0,0.18,2,1.41
1.1,41.09,50.0,25,0.18,2,1.392
1.1,41.09,50.0,25,0.36,2,1.423
1.1,41.09,50.0,75,0.18,2,1.358
1.1,41.09,50.0,100,0.18,2,1.348
1.1,41.09,50.0,100,0.36,2,1.42
1.1,41.09,50.0,125,0.18,2,1.341
1.1,41.09,50.0,125,0.36,2,1.402
1.1,41.09,100.0,-40,0.36,2,1.529
1.1,41.09,100.0,-25,0.18,2,1.516
1.1,41.09,100.0,0,0.36,2,1.512
1.1,41.09,100.0,25,0.18,2,1.479
1.1,41.09,100.0,25,0.36,2,1.494
1.1,41.09,100.0,75,0.18,2,1.428
1.1,41.09,100.0,100,0.18,2,1.409
1.1,41.09,100.0,125,0.36,2,1.456
1.1,41.09,200.0,-40,0.18,2,1.731
1.1,41.09,200.0,-25,0.36,2,1.712
1.1,41.09,200.0,0,0.36,2,1.696
1.1,41.09,200.0,25,0.18,2,1.639
1.1,41.09,200.0,75,0.18,2,1.554
1.1,41.09,200.0,75,0.36,2,1.612
1.1,41.09,200.0,100,0.18,2,1.522
1.1,41.09,200.0,100,0.36,2,1.594
1.1,41.09,200.0,125,0.18,2,1.498
1.1,41.09,400.0,-25,0.18,2,2.084
1.1,41.09,400.0,0,0.18,2,2.025
1.1,41.09,400.0,25,0.36,2,1.913
1.1,41.09,400.0,75,0.36,2,1.833
1.1,41.09,400.0,100,0.36,2,1.768
1.1,41.09,400.0,125,0.18,2,1.7
1.1,45.55,10.0,-40,0.18,2,1.449
1.1,45.55,10.0,-40,0.36,2,1.481
1.1,45.55,10.0,0,0.18,2,1.462
1.1,45.55,10.0,25,0.36,2,1.502
1.1,45.55,10.0,75,0.18,2,1.435
1.1,45.55,10.0,75,0.36,2,1.505
1.1,45.55,10.0,100,0.18,2,1.432
1.1,45.55,10.0,100,0.36,2,1.497
1.1,45.55,10.0,125,0.36,2,1.485
1.1,45.55,50.0,-40,0.18,2,1.55
1.1,45.55,50.0,-40,0.36,2,1.556
1.1,45.55,50.0,0,0.18,2,1.542
1.1,45.55,50.0,0,0.36,2,1.554
1.1,45.55,50.0,25,0.36,2,1.554
1.1,45.55,50.0,75,0.36,2,1.561
1.1,45.55,50.0,100,0.18,2,1.481
1.1,45.55,50.0,125,0.36,2,1.531
1.1,45.55,100.0,-25,0.36,2,1.673
1.1,45.55,100.0,0,0.36,2,1.662
1.1,45.55,100.0,25,0.36,2,1.655
1.1,45.55,100.0,75,0.18,2,1.56
1.1,45.55,100.0,75,0.36,2,1.621
1.1,45.55,100.0,100,0.36,2,1.609
1.1,45.55,100.0,125,0.36,2,1.586
1.1,45.55,200.0,-25,0.36,2,1.855
1.1,45.55,200.0,0,0.18,2,1.817
1.1,45.55,200.0,0,0.36,2,1.856
1.1,45.55,200.0,25,0.18,2,1.773
1.1,45.55,200.0,25,0.36,2,1.833
1.1,45.55,200.0,75,0.36,2,1.755
1.1,45.55,200.0,100,0.18,2,1.653
1.1,45.55,200.0,100,0.36,2,1.724
1.1,45.55,200.0,125,0.18,2,1.629
1.1,45.55,200.0,125,0.36,2,1.691
1.1,45.55,400.0,-25,0.36,2,2.138
1.1,45.55,400.0,0,0.36,2,2.106
1.1,45.55,400.0,25,0.18,2,2.068
1.1,45.55,400.0,25,0.36,2,2.066
1.1,45.55,400.0,100,0.18,2,1.882
1.1,45.55,400.0,100,0.36,2,1.942
1.1,45.55,400.0,125,0.36,2,1.875
1.1,50.0,10.0,-40,0.18,2,1.584
1.1,50.0,10.0,-40,0.36,2,1.608
1.1,50.0,10.0,-25,0.36,2,1.605
1.1,50.0,10.0,0,0.18,2,1.59
1.1,50.0,10.0,0,0.36,2,1.63
1.1,50.0,10.0,25,0.18,2,1.58
1.1,50.0,10.0,25,0.36,2,1.629
1.1,50.0,10.0,75,0.36,2,1.641
1.1,50.0,10.0,100,0.18,2,1.565
1.1,50.0,10.0,100,0.36,2,1.625
1.1,50.0,10.0,125,0.18,2,1.564
1.1,50.0,10.0,125,0.36,2,1.615
1.1,50.0,50.0,-40,0.18,2,1.682
1.1,50.0,50.0,-25,0.36,2,1.692
1.1,50.0,50.0,0,0.18,2,1.675
1.1,50.0,50.0,0,0.36,2,1.689
1.1,50.0,50.0,25,0.18,2,1.653
1.1,50.0,50.0,25,0.36,2,1.694
1.1,50.0,50.0,75,0.18,2,1.623
1.1,50.0,50.0,75,0.36,2,1.697
1.1,50.0,50.0,100,0.18,2,1.614
1.1,50.0,50.0,100,0.36,2,1.677
1.1,50.0,50.0,125,0.18,2,1.608
1.1,50.0,50.0,125,0.36,2,1.661
1.1,50.0,100.0,-40,0.18,2,1.783
1.1,50.0,100.0,-40,0.36,2,1.798
1.1,50.0,100.0,-25,0.18,2,1.782
1.1,50.0,100.0,-25,0.36,2,1.794
1.1,50.0,100.0,0,0.18,2,1.768
1.1,50.0,100.0,25,0.18,2,1.738
1.1,50.0,100.0,25,0.36,2,1.779
1.1,50.0,100.0,75,0.18,2,1.69
1.1,50.0,100.0,100,0.18,2,1.674
1.1,50.0,100.0,100,0.36,2,1.739
1.1,50.0,100.0,125,0.18,2,1.661
1.1,50.0,200.0,-40,0.18,2,1.992
1.1,50.0,200.0,-40,0.36,2,2.008
1.1,50.0,200.0,-25,0.18,2,2.005
1.1,50.0,200.0,0,0.18,2,1.957
1.1,50.0,200.0,0,0.36,2,1.979
1.1,50.0,200.0,25,0.18,2,1.901
1.1,50.0,200.0,25,0.36,2,1.937
1.1,50.0,200.0,75,0.18,2,1.817
1.1,50.0,200.0,75,0.36,2,1.897
1.1,50.0,200.0,100,0.18,2,1.785
1.1,50.0,200.0,125,0.18,2,1.767
1.1,50.0,400.0,-40,0.18,2,2.393
1.1,50.0,400.0,-40,0.36,2,2.318
1.1,50.0,400.0,-25,0.18,2,2.383
1.1,50.0,400.0,0,0.36,2,2.23
1.1,50.0,400.0,25,0.18,2,2.203
1.1,50.0,400.0,25,0.36,2,2.226
1.1,50.0,400.0,75,0.36,2,2.095
1.1,50.0,400.0,100,0.36,2,2.078
1.1,50.0,400.0,125,0.18,2,1.967
1.2,1.0,10.0,-40,0.18,2,0.095
1.2,1.0,10.0,-40,0.36,2,0.105
1.2,1.0,10.0,-25,0.18,2,0.094
1.2,1.0,10.0,-25,0.36,2,0.106
1.2,1.0,10.0,0,0.18,2,0.094
1.2,1.0,10.0,0,0.36,2,0.109
1.2,1.0,10.0,25,0.36,2,0.109
1.2,1.0,10.0,75,0.18,2,0.095
1.2,1.0,10.0,75,0.36,2,0.115
1.2,1.0,10.0,100,0.36,2,0.119
1.2,1.0,10.0,125,0.18,2,0.101
1.2,1.0,10.0,125,0.36,2,0.125
1.2,1.0,50.0,-40,0.18,2,0.145
1.2,1.0,50.0,-40,0.36,2,0.164
1.2,1.0,50.0,-25,0.18,2,0.135
1.2,1.0,50.0,-25,0.36,2,0.169
1.2,1.0,50.0,0,0.18,2,0.127
1.2,1.0,50.0,0,0.36,2,0.167
1.2,1.0,50.0,25,0.36,2,0.164
1.2,1.0,50.0,75,0.18,2,0.124
1.2,1.0,50.0,100,0.18,2,0.128
1.2,1.0,50.0,100,0.36,2,0.163
1.2,1.0,50.0,125,0.18,2,0.131
1.2,1.0,50.0,125,0.36,2,0.165
1.2,1.0,100.0,-40,0.36,2,0.204
1.2,1.0,100.0,-25,0.18,2,0.144
1.2,1.0,100.0,-25,0.36,2,0.178
1.2,1.0,100.0,0,0.36,2,0.184
1.2,1.0,100.0,25,0.36,2,0.177
1.2,1.0,100.0,75,0.18,2,0.143
1.2,1.0,100.0,75,0.36,2,0.182
1.2,1.0,100.0,100,0.18,2,0.143
1.2,1.0,100.0,100,0.36,2,0.176
1.2,1.0,100.0,125,0.18,2,0.145
1.2,1.0,100.0,125,0.36,2,0.186
1.2,1.0,200.0,-40,0.18,2,0.235
1.2,1.0,200.0,-40,0.36,2,0.318
1.2,1.0,200.0,-25,0.36,2,0.293
1.2,1.0,200.0,0,0.36,2,0.277
1.2,1.0,200.0,25,0.36,2,0.248
1.2,1.0,200.0,75,0.18,2,0.184
1.2,1.0,200.0,75,0.36,2,0.207
1.2,1.0,200.0,100,0.18,2,0.182
1.2,1.0,200.0,100,0.36,2,0.201
1.2,1.0,200.0,125,0.36,2,0.231
1.2,1.0,400.0,-40,0.18,2,0.434
1.2,1.0,400.0,-25,0.18,2,0.372
1.2,1.0,400.0,0,0.18,2,0.348
1.2,1.0,400.0,25,0.18,2,0.306
1.2,1.0,400.0,75,0.18,2,0.256
1.2,1.0,400.0,75,0.36,2,0.331
1.2,1.0,400.0,100,0.18,2,0.244
1.2,1.0,400.0,125,0.18,2,0.238
1.2,1.0,400.0,125,0.36,2,0.304
1.2,5.45,10.0,-40,0.18,2,0.259
1.2,5.45,10.0,-40,0.36,2,0.277
1.2,5.45,10.0,-25,0.18,2,0.26
1.2,5.45,10.0,-25,0.36,2,0.278
1.2,5.45,10.0,0,0.18,2,0.26
1.2,5.45,10.0,0,0.36,2,0.28
1.2,5.45,10.0,25,0.18,2,0.26
1.2,5.45,10.0,25,0.36,2,0.281
1.2,5.45,10.0,75,0.18,2,0.264
1.2,5.45,10.0,75,0.36,2,0.286
1.2,5.45,10.0,100,0.18,2,0.267
1.2,5.45,10.0,125,0.18,2,0.271
1.2,5.45,10.0,125,0.36,2,0.299
1.2,5.45,50.0,-40,0.18,2,0.373
1.2,5.45,50.0,-25,0.18,2,0.369
1.2,5.45,50.0,-25,0.36,2,0.374
1.2,5.45,50.0,0,0.36,2,0.363
1.2,5.45,50.0,25,0.36,2,0.359
1.2,5.45,50.0,75,0.18,2,0.332
1.2,5.45,50.0,75,0.36,2,0.348
1.2,5.45,50.0,100,0.18,2,0.328
1.2,5.45,50.0,100,0.36,2,0.343
1.2,5.45,50.0,125,0.36,2,0.347
1.2,5.45,100.0,-40,0.18,2,0.459
1.2,5.45,100.0,-25,0.18,2,0.459
1.2,5.45,100.0,0,0.18,2,0.446
1.2,5.45,100.0,25,0.18,2,0.433
1.2,5.45,100.0,75,0.18,2,0.406
1.2,5.45,100.0,75,0.36,2,0.408
1.2,5.45,100.0,100,0.18,2,0.396
1.2,5.45,100.0,100,0.36,2,0.414
1.2,5.45,100.0,125,0.18,2,0.386
1.2,5.45,100.0,125,0.36,2,0.41
1.2,5.45,200.0,-40,0.18,2,0.542
1.2,5.45,200.0,-40,0.36,2,0.617
1.2,5.45,200.0,-25,0.18,2,0.499
1.2,5.45,200.0,-25,0.36,2,0.592
1.2,5.45,200.0,0,0.36,2,0.56
1.2,5.45,200.0,25,0.36,2,0.545
1.2,5.45,200.0,75,0.18,2,0.48
1.2,5.45,200.0,75,0.36,2,0.507
1.2,5.45,200.0,100,0.18,2,0.483
1.2,5.45,200.0,125,0.18,2,0.469
1.2,5.45,200.0,125,0.36,2,0.486
1.2,5.45,400.0,-40,0.36,2,0.832
1.2,5.45,400.0,-25,0.18,2,0.693
1.2,5.45,400.0,0,0.18,2,0.653
1.2,5.45,400.0,0,0.36,2,0.748
1.2,5.45,400.0,25,0.18,2,0.61
1.2,5.45,400.0,25,0.36,2,0.705
1.2,5.45,400.0,75,0.18,2,0.555
1.2,5.45,400.0,75,0.36,2,0.643
1.2,5.45,400.0,100,0.18,2,0.53
1.2,5.45,400.0,100,0.36,2,0.609
1.2,5.45,400.0,125,0.36,2,0.595
1.2,9.91,10.0,-40,0.18,2,0.421
1.2,9.91,10.0,-40,0.36,2,0.44
1.2,9.91,10.0,-25,0.36,2,0.441
1.2,9.91,10.0,0,0.36,2,0.443
1.2,9.91,10.0,25,0.18,2,0.424
1.2,9.91,10.0,25,0.36,2,0.444
1.2,9.91,10.0,75,0.36,2,0.452
1.2,9.91,10.0,100,0.36,2,0.456
1.2,9.91,10.0,125,0.18,2,0.436
1.2,9.91,50.0,-40,0.18,2,0.542
1.2,9.91,50.0,-40,0.36,2,0.537
1.2,9.91,50.0,-25,0.36,2,0.54
1.2,9.91,50.0,0,0.18,2,0.521
1.2,9.91,50.0,0,0.36,2,0.534
1.2,9.91,50.0,25,0.18,2,0.514
1.2,9.91,50.0,25,0.36,2,0.533
1.2,9.91,50.0,75,0.18,2,0.499
1.2,9.91,50.0,100,0.18,2,0.497
1.2,9.91,50.0,100,0.36,2,0.519
1.2,9.91,50.0,125,0.18,2,0.492
1.2,9.91,50.0,125,0.36,2,0.515
1.2,9.91,100.0,-40,0.18,2,0.661
1.2,9.91,100.0,-40,0.36,2,0.671
1.2,9.91,100.0,-25,0.18,2,0.655
1.2,9.91,100.0,-25,0.36,2,0.648
1.2,9.91,100.0,0,0.18,2,0.634
1.2,9.91,100.0,0,0.36,2,0.636
1.2,9.91,100.0,25,0.18,2,0.616
1.2,9.91,100.0,25,0.36,2,0.618
1.2,9.91,100.0,75,0.18,2,0.588
1.2,9.91,100.0,75,0.36,2,0.599
1.2,9.91,100.0,100,0.36,2,0.586
1.2,9.91,100.0,125,0.18,2,0.557
1.2,9.91,100.0,125,0.36,2,0.577
1.2,9.91,200.0,-40,0.18,2,0.818
1.2,9.91,200.0,-25,0.18,2,0.803
1.2,9.91,200.0,-25,0.36,2,0.873
1.2,9.91,200.0,0,0.18,2,0.784
1.2,9.91,200.0,0,0.36,2,0.83
1.2,9.91,200.0,25,0.18,2,0.771
1.2,9.91,200.0,25,0.36,2,0.804
1.2,9.91,200.0,75,0.18,2,0.722
1.2,9.91,200.0,75,0.36,2,0.721
1.2,9.91,200.0,100,0.18,2,0.699
1.2,9.91,200.0,100,0.36,2,0.702
1.2,9.91,200.0,125,0.18,2,0.679
1.2,9.91,400.0,-40,0.18,2,1.008
1.2,9.91,400.0,-40,0.36,2,1.122
1.2,9.91,400.0,-25,0.18,2,0.984
1.2,9.91,400.0,0,0.18,2,0.938
1.2,9.91,400.0,0,0.36,2,1.037
1.2,9.91,400.0,25,0.18,2,0.896
1.2,9.91,400.0,25,0.36,2,1.007
1.2,9.91,400.0,75,0.18,2,0.847
1.2,9.91,400.0,75,0.36,2,0.916
1.2,9.91,400.0,100,0.18,2,0.831
1.2,9.91,400.0,100,0.36,2,0.889
1.2,9.91,400.0,125,0.18,2,0.823
1.2,9.91,400.0,125,0.36,2,0.854
1.2,14.36,10.0,-40,0.18,2,0.585
1.2,14.36,10.0,-40,0.36,2,0.603
1.2,14.36,10.0,-25,0.36,2,0.608
1.2,14.36,10.0,0,0.18,2,0.591
1.2,14.36,10.0,0,0.36,2,0.609
1.2,14.36,10.0,25,0.36,2,0.612
1.2,14.36,10.0,75,0.18,2,0.593
1.2,14.36,10.0,75,0.36,2,0.619
1.2,14.36,10.0,100,0.18,2,0.596
1.2,14.36,10.0,100,0.36,2,0.621
1.2,14.36,10.0,125,0.36,2,0.628
1.2,14.36,50.0,-40,0.18,2,0.696
1.2,14.36,50.0,-40,0.36,2,0.721
1.2,14.36,50.0,-25,0.18,2,0.697
1.2,14.36,50.0,-25,0.36,2,0.722
1.2,14.36,50.0,0,0.18,2,0.687
1.2,14.36,50.0,0,0.36,2,0.709
1.2,14.36,50.0,25,0.18,2,0.684
1.2,14.36,50.0,25,0.36,2,0.695
1.2,14.36,50.0,75,0.36,2,0.692
1.2,14.36,50.0,100,0.18,2,0.663
1.2,14.36,50.0,125,0.18,2,0.664
1.2,14.36,50.0,125,0.36,2,0.692
1.2,14.36,100.0,-40,0.18,2,0.837
1.2,14.36,100.0,-40,0.36,2,0.84
1.2,14.36,100.0,-25,0.18,2,0.83
1.2,14.36,100.0,-25,0.36,2,0.833
1.2,14.36,100.0,0,0.18,2,0.812
1.2,14.36,100.0,25,0.18,2,0.792
1.2,14.36,100.0,25,0.36,2,0.795
1.2,14.36,100.0,75,0.18,2,0.751
1.2,14.36,100.0,75,0.36,2,0.771
1.2,14.36,100.0,100,0.18,2,0.744
1.2,14.36,100.0,100,0.36,2,0.762
1.2,14.36,100.0,125,0.18,2,0.734
1.2,14.36,100.0,125,0.36,2,0.751
1.2,14.36,200.0,-40,0.18,2,1.059
1.2,14.36,200.0,-40,0.36,2,1.089
1.2,14.36,200.0,-25,0.18,2,1.05
1.2,14.36,200.0,-25,0.36,2,1.052
1.2,14.36,200.0,0,0.18,2,1.015
1.2,14.36,200.0,0,0.36,2,1.022
1.2,14.36,200.0,25,0.18,2,0.971
1.2,14.36,200.0,25,0.36,2,0.974
1.2,14.36,200.0,75,0.18,2,0.916
1.2,14.36,200.0,75,0.36,2,0.911
1.2,14.36,200.0,100,0.18,2,0.886
1.2,14.36,200.0,125,0.18,2,0.861
1.2,14.36,200.0,125,0.36,2,0.875
1.2,14.36,400.0,-40,0.18,2,1.269
1.2,14.36,400.0,-25,0.18,2,1.233
1.2,14.36,400.0,0,0.18,2,1.204
1.2,14.36,400.0,25,0.18,2,1.19
1.2,14.36,400.0,75,0.36,2,1.16
1.2,14.36,400.0,100,0.18,2,1.088
1.2,14.36,400.0,100,0.36,2,1.11
1.2,14.36,400.0,125,0.18,2,1.062
1.2,14.36,400.0,125,0.36,2,1.079
1.2,18.82,10.0,-40,0.18,2,0.747
1.2,18.82,10.0,-25,0.18,2,0.749
1.2,18.82,10.0,-25,0.36,2,0.77
1.2,18.82,10.0,0,0.18,2,0.752
1.2,18.82,10.0,25,0.18,2,0.754
1.2,18.82,10.0,25,0.36,2,0.782
1.2,18.82,10.0,75,0.18,2,0.76
1.2,18.82,10.0,75,0.36,2,0.783
1.2,18.82,10.0,100,0.18,2,0.776
1.2,18.82,10.0,100,0.36,2,0.791
1.2,18.82,10.0,125,0.18,2,0.771
1.2,18.82,50.0,-40,0.18,2,0.866
1.2,18.82,50.0,-40,0.36,2,0.881
1.2,18.82,50.0,-25,0.18,2,0.861
1.2,18.82,50.0,0,0.18,2,0.854
1.2,18.82,50.0,0,0.36,2,0.872
1.2,18.82,50.0,25,0.18,2,0.846
1.2,18.82,50.0,75,0.36,2,0.861
1.2,18.82,50.0,100,0.18,2,0.834
1.2,18.82,50.0,100,0.36,2,0.856
1.2,18.82,50.0,125,0.18,2,0.832
1.2,18.82,50.0,125,0.36,2,0.853
1.2,18.82,100.0,-40,0.36,2,1.006
1.2,18.82,100.0,-25,0.18,2,1.003
1.2,18.82,100.0,-25,0.36,2,1.004
1.2,18.82,100.0,0,0.36,2,0.989
1.2,18.82,100.0,25,0.18,2,0.952
1.2,18.82,100.0,25,0.36,2,0.969
1.2,18.82,100.0,75,0.18,2,0.923
1.2,18.82,100.0,75,0.36,2,0.94
1.2,18.82,100.0,100,0.36,2,0.927
1.2,18.82,100.0,125,0.18,2,0.901
1.2,18.82,200.0,-40,0.18,2,1.246
1.2,18.82,200.0,-40,0.36,2,1.226
1.2,18.82,200.0,-25,0.36,2,1.239
1.2,18.82,200.0,0,0.18,2,1.194
1.2,18.82,200.0,0,0.36,2,1.185
1.2,18.82,200.0,25,0.18,2,1.158
1.2,18.82,200.0,25,0.36,2,1.128
1.2,18.82,200.0,75,0.18,2,1.091
1.2,18.82,200.0,75,0.36,2,1.089
1.2,18.82,200.0,100,0.18,2,1.058
1.2,18.82,200.0,100,0.36,2,1.056
1.2,18.82,200.0,125,0.18,2,1.04
1.2,18.82,200.0,125,0.36,2,1.05
1.2,18.82,400.0,-25,0.18,2,1.531
1.2,18.82,400.0,0,0.18,2,1.46
1.2,18.82,400.0,0,0.36,2,1.515
1.2,18.82,400.0,25,0.18,2,1.432
1.2,18.82,400.0,25,0.36,2,1.467
1.2,18.82,400.0,75,0.18,2,1.349
1.2,18.82,400.0,100,0.18,2,1.308
1.2,18.82,400.0,125,0.18,2,1.26
1.2,18.82,400.0,125,0.36,2,1.273
1.2,23.27,10.0,-40,0.36,2,0.938
1.2,23.27,10.0,-25,0.18,2,0.918
1.2,23.27,10.0,-25,0.36,2,0.939
1.2,23.27,10.0,0,0.18,2,0.926
1.2,23.27,10.0,25,0.18,2,0.923
1.2,23.27,10.0,75,0.18,2,0.937
1.2,23.27,10.0,75,0.36,2,0.968
1.2,23.27,10.0,100,0.36,2,0.965
1.2,23.27,10.0,125,0.18,2,0.924
1.2,23.27,10.0,125,0.36,2,0.966
1.2,23.27,50.0,-40,0.18,2,1.031
1.2,23.27,50.0,-40,0.36,2,1.047
1.2,23.27,50.0,-25,0.18,2,1.028
1.2,23.27,50.0,0,0.18,2,1.025
1.2,23.27,50.0,25,0.18,2,1.016
1.2,23.27,50.0,75,0.36,2,1.027
1.2,23.27,50.0,100,0.18,2,0.999
1.2,23.27,50.0,100,0.36,2,1.022
1.2,23.27,50.0,125,0.18,2,0.987
1.2,23.27,50.0,125,0.36,2,1.032
1.2,23.27,100.0,-40,0.18,2,1.174
1.2,23.27,100.0,-40,0.36,2,1.178
1.2,23.27,100.0,-25,0.18,2,1.16
1.2,23.27,100.0,-25,0.36,2,1.175
1.2,23.27,100.0,0,0.18,2,1.145
1.2,23.27,100.0,25,0.18,2,1.125
1.2,23.27,100.0,75,0.18,2,1.104
1.2,23.27,100.0,75,0.36,2,1.105
1.2,23.27,100.0,100,0.18,2,1.079
1.2,23.27,100.0,100,0.36,2,1.103
1.2,23.27,100.0,125,0.18,2,1.055
1.2,23.27,100.0,125,0.36,2,1.099
1.2,23.27,200.0,-40,0.18,2,1.424
1.2,23.27,200.0,-25,0.18,2,1.407
1.2,23.27,200.0,-25,0.36,2,1.411
1.2,23.27,200.0,0,0.18,2,1.375
1.2,23.27,200.0,25,0.18,2,1.341
1.2,23.27,200.0,25,0.36,2,1.318
1.2,23.27,200.0,75,0.36,2,1.254
1.2,23.27,200.0,100,0.18,2,1.232
1.2,23.27,200.0,125,0.18,2,1.2
1.2,23.27,200.0,125,0.36,2,1.221
1.2,23.27,400.0,-40,0.18,2,1.803
1.2,23.27,400.0,-40,0.36,2,1.86
1.2,23.27,400.0,-25,0.18,2,1.761
1.2,23.27,400.0,-25,0.36,2,1.829
1.2,23.27,400.0,0,0.18,2,1.715
1.2,23.27,400.0,0,0.36,2,1.748
1.2,23.27,400.0,75,0.18,2,1.556
1.2,23.27,400.0,100,0.18,2,1.489
1.2,23.27,400.0,100,0.36,2,1.5
1.2,23.27,400.0,125,0.18,2,1.443
1.2,27.73,10.0,-40,0.18,2,1.073
1.2,27.73,10.0,-25,0.18,2,1.075
1.2,27.73,10.0,-25,0.36,2,1.098
1.2,27.73,10.0,0,0.18,2,1.081
1.2,27.73,10.0,25,0.18,2,1.089
1.2,27.73,10.0,25,0.36,2,1.105
1.2,27.73,10.0,75,0.36,2,1.118
1.2,27.73,10.0,100,0.18,2,1.085
1.2,27.73,10.0,100,0.36,2,1.122
1.2,27.73,10.0,125,0.18,2,1.079
1.2,27.73,10.0,125,0.36,2,1.132
1.2,27.73,50.0,-40,0.36,2,1.215
1.2,27.73,50.0,-25,0.18,2,1.188
1.2,27.73,50.0,-25,0.36,2,1.215
1.2,27.73,50.0,0,0.18,2,1.193
1.2,27.73,50.0,25,0.18,2,1.188
1.2,27.73,50.0,25,0.36,2,1.201
1.2,27.73,50.0,75,0.18,2,1.173
1.2,27.73,50.0,75,0.36,2,1.194
1.2,27.73,50.0,100,0.18,2,1.153
1.2,27.73,50.0,100,0.36,2,1.194
1.2,27.73,50.0,125,0.18,2,1.14
1.2,27.73,50.0,125,0.36,2,1.191
1.2,27.73,100.0,-25,0.36,2,1.35
1.2,27.73,100.0,0,0.18,2,1.311
1.2,27.73,100.0,0,0.36,2,1.318
1.2,27.73,100.0,25,0.18,2,1.294
1.2,27.73,100.0,75,0.36,2,1.281
1.2,27.73,100.0,100,0.36,2,1.272
1.2,27.73,100.0,125,0.18,2,1.209
1.2,27.73,100.0,125,0.36,2,1.26
1.2,27.73,200.0,-40,0.36,2,1.574
1.2,27.73,200.0,-25,0.18,2,1.579
1.2,27.73,200.0,-25,0.36,2,1.548
1.2,27.73,200.0,0,0.18,2,1.553
1.2,27.73,200.0,0,0.36,2,1.503
1.2,27.73,200.0,25,0.18,2,1.51
1.2,27.73,200.0,75,0.18,2,1.434
1.2,27.73,200.0,75,0.36,2,1.442
1.2,27.73,200.0,100,0.36,2,1.424
1.2,27.73,200.0,125,0.18,2,1.35
1.2,27.73,200.0,125,0.36,2,1.384
1.2,27.73,400.0,-40,0.18,2,2.016
1.2,27.73,400.0,-40,0.36,2,2.042
1.2,27.73,400.0,-25,0.18,2,1.988
1.2,27.73,400.0,-25,0.36,2,1.937
1.2,27.73,400.0,0,0.18,2,1.919
1.2,27.73,400.0,25,0.18,2,1.861
1.2,27.73,400.0,25,0.36,2,1.84
1.2,27.73,400.0,75,0.18,2,1.742
1.2,27.73,400.0,75,0.36,2,1.73
1.2,27.73,400.0,100,0.36,2,1.653
1.2,27.73,400.0,125,0.18,2,1.614
1.2,32.18,10.0,-40,0.18,2,1.233
1.2,32.18,10.0,-40,0.36,2,1.255
1.2,32.18,10.0,-25,0.36,2,1.259
1.2,32.18,10.0,0,0.18,2,1.244
1.2,32.18,10.0,0,0.36,2,1.274
1.2,32.18,10.0,25,0.18,2,1.251
1.2,32.18,10.0,25,0.36,2,1.276
1.2,32.18,10.0,75,0.36,2,1.28
1.2,32.18,10.0,100,0.18,2,1.24
1.2,32.18,10.0,100,0.36,2,1.291
1.2,32.18,10.0,125,0.18,2,1.236
1.2,32.18,10.0,125,0.36,2,1.308
1.2,32.18,50.0,-40,0.18,2,1.353
1.2,32.18,50.0,-40,0.36,2,1.379
1.2,32.18,50.0,-25,0.18,2,1.352
1.2,32.18,50.0,0,0.18,2,1.351
1.2,32.18,50.0,0,0.36,2,1.366
1.2,32.18,50.0,25,0.18,2,1.349
1.2,32.18,50.0,25,0.36,2,1.364
1.2,32.18,50.0,75,0.36,2,1.358
1.2,32.18,50.0,100,0.36,2,1.359
1.2,32.18,50.0,125,0.18,2,1.296
1.2,32.18,50.0,125,0.36,2,1.364
1.2,32.18,100.0,-40,0.18,2,1.494
1.2,32.18,100.0,-40,0.36,2,1.527
1.2,32.18,100.0,0,0.18,2,1.474
1.2,32.18,100.0,0,0.36,2,1.485
1.2,32.18,100.0,25,0.18,2,1.458
1.2,32.18,100.0,75,0.18,2,1.413
1.2,32.18,100.0,75,0.36,2,1.452
1.2,32.18,100.0,100,0.18,2,1.388
1.2,32.18,100.0,125,0.18,2,1.366
1.2,32.18,100.0,125,0.36,2,1.429
1.2,32.18,200.0,-40,0.18,2,1.774
1.2,32.18,200.0,-40,0.36,2,1.748
1.2,32.18,200.0,-25,0.18,2,1.77
1.2,32.18,200.0,25,0.18,2,1.686
1.2,32.18,200.0,25,0.36,2,1.66
1.2,32.18,200.0,75,0.18,2,1.588
1.2,32.18,200.0,75,0.36,2,1.628
1.2,32.18,200.0,100,0.18,2,1.543
1.2,32.18,200.0,100,0.36,2,1.579
1.2,32.18,200.0,125,0.18,2,1.509
1.2,32.18,200.0,125,0.36,2,1.558
1.2,32.18,400.0,-40,0.18,2,2.225
1.2,32.18,400.0,-40,0.36,2,2.26
1.2,32.18,400.0,-25,0.18,2,2.183
1.2,32.18,400.0,0,0.18,2,2.123
1.2,32.18,400.0,0,0.36,2,2.075
1.2,32.18,400.0,25,0.18,2,2.052
1.2,32.18,400.0,25,0.36,2,2.034
1.2,32.18,400.0,75,0.18,2,1.917
1.2,32.18,400.0,75,0.36,2,1.907
1.2,32.18,400.0,100,0.18,2,1.841
1.2,32.18,400.0,125,0.18,2,1.762
1.2,32.18,400.0,125,0.36,2,1.812
1.2,36.64,10.0,-40,0.36,2,1.414
1.2,36.64,10.0,-25,0.36,2,1.442
1.2,36.64,10.0,0,0.18,2,1.41
1.2,36.64,10.0,0,0.36,2,1.437
1.2,36.64,10.0,25,0.18,2,1.423
1.2,36.64,10.0,25,0.36,2,1.434
1.2,36.64,10.0,75,0.18,2,1.403
1.2,36.64,10.0,75,0.36,2,1.449
1.2,36.64,10.0,100,0.18,2,1.396
1.2,36.64,10.0,100,0.36,2,1.466
1.2,36.64,10.0,125,0.18,2,1.393
1.2,36.64,50.0,-40,0.18,2,1.535
1.2,36.64,50.0,-25,0.18,2,1.533
1.2,36.64,50.0,-25,0.36,2,1.537
1.2,36.64,50.0,0,0.18,2,1.518
1.2,36.64,50.0,0,0.36,2,1.534
1.2,36.64,50.0,25,0.18,2,1.519
1.2,36.64,50.0,25,0.36,2,1.533
1.2,36.64,50.0,100,0.18,2,1.464
1.2,36.64,50.0,100,0.36,2,1.527
1.2,36.64,50.0,125,0.18,2,1.453
1.2,36.64,100.0,-40,0.18,2,1.666
1.2,36.64,100.0,-40,0.36,2,1.687
1.2,36.64,100.0,-25,0.18,2,1.663
1.2,36.64,100.0,-25,0.36,2,1.687
1.2,36.64,100.0,0,0.18,2,1.642
1.2,36.64,100.0,0,0.36,2,1.655
1.2,36.64,100.0,25,0.18,2,1.63
1.2,36.64,100.0,25,0.36,2,1.661
1.2,36.64,100.0,75,0.18,2,1.571
1.2,36.64,100.0,75,0.36,2,1.615
1.2,36.64,100.0,100,0.36,2,1.607
1.2,36.64,100.0,125,0.36,2,1.604
1.2,36.64,200.0,-25,0.18,2,1.923
1.2,36.64,200.0,-25,0.36,2,1.881
1.2,36.64,200.0,0,0.18,2,1.903
1.2,36.64,200.0,0,0.36,2,1.875
1.2,36.64,200.0,25,0.18,2,1.846
1.2,36.64,200.0,25,0.36,2,1.838
1.2,36.64,200.0,75,0.18,2,1.744
1.2,36.64,200.0,75,0.36,2,1.768
1.2,36.64,200.0,100,0.18,2,1.702
1.2,36.64,200.0,125,0.18,2,1.664
1.2,36.64,200.0,125,0.36,2,1.725
1.2,36.64,400.0,-40,0.18,2,2.422
1.2,36.64,400.0,-40,0.36,2,2.385
1.2,36.64,400.0,-25,0.18,2,2.374
1.2,36.64,400.0,-25,0.36,2,2.343
1.2,36.64,400.0,0,0.36,2,2.242
1.2,36.64,400.0,25,0.18,2,2.233
1.2,36.64,400.0,25,0.36,2,2.182
1.2,36.64,400.0,75,0.18,2,2.076
1.2,36.64,400.0,75,0.36,2,2.083
1.2,36.64,400.0,100,0.18,2,1.984
1.2,36.64,400.0,100,0.36,2,2.017
1.2,36.64,400.0,125,0.18,2,1.924
1.2,36.64,400.0,125,0.36,2,1.975
1.2,41.09,10.0,-40,0.36,2,1.585
1.2,41.09,10.0,-25,0.18,2,1.577
1.2,41.09,10.0,0,0.18,2,1.581
1.2,41.09,10.0,0,0.36,2,1.599
1.2,41.09,10.0,25,0.18,2,1.582
1.2,41.09,10.0,25,0.36,2,1.601
1.2,41.09,10.0,75,0.18,2,1.559
1.2,41.09,10.0,75,0.36,2,1.623
1.2,41.09,10.0,100,0.18,2,1.554
1.2,41.09,10.0,100,0.36,2,1.64
1.2,41.09,10.0,125,0.18,2,1.551
1.2,41.09,10.0,125,0.36,2,1.632
1.2,41.09,50.0,-40,0.36,2,1.704
1.2,41.09,50.0,-25,0.18,2,1.687
1.2,41.09,50.0,-25,0.36,2,1.708
1.2,41.09,50.0,0,0.18,2,1.692
1.2,41.09,50.0,0,0.36,2,1.719
1.2,41.09,50.0,25,0.36,2,1.716
1.2,41.09,50.0,75,0.18,2,1.634
1.2,41.09,50.0,100,0.18,2,1.62
1.2,41.09,50.0,125,0.18,2,1.611
1.2,41.09,50.0,125,0.36,2,1.692
1.2,41.09,100.0,-40,0.18,2,1.832
1.2,41.09,100.0,-40,0.36,2,1.853
1.2,41.09,100.0,-25,0.18,2,1.832
1.2,41.09,100.0,0,0.18,2,1.817
1.2,41.09,100.0,0,0.36,2,1.828
1.2,41.09,100.0,25,0.36,2,1.811
1.2,41.09,100.0,75,0.18,2,1.726
1.2,41.09,100.0,75,0.36,2,1.786
1.2,41.09,100.0,100,0.36,2,1.782
1.2,41.09,100.0,125,0.18,2,1.682
1.2,41.09,200.0,-40,0.18,2,2.116
1.2,41.09,200.0,-40,0.36,2,2.067
1.2,41.09,200.0,-25,0.36,2,2.081
1.2,41.09,200.0,0,0.18,2,2.062
1.2,41.09,200.0,0,0.36,2,2.079
1.2,41.09,200.0,25,0.18,2,2.011
1.2,41.09,200.0,75,0.36,2,1.944
1.2,41.09,200.0,100,0.18,2,1.857
1.2,41.09,200.0,125,0.36,2,1.901
1.2,41.09,400.0,-40,0.36,2,2.524
1.2,41.09,400.0,-25,0.18,2,2.568
1.2,41.09,400.0,-25,0.36,2,2.483
1.2,41.09,400.0,0,0.18,2,2.482
1.2,41.09,400.0,0,0.36,2,2.448
1.2,41.09,400.0,25,0.18,2,2.422
1.2,41.09,400.0,25,0.36,2,2.364
1.2,41.09,400.0,75,0.18,2,2.221
1.2,41.09,400.0,75,0.36,2,2.265
1.2,41.09,400.0,100,0.18,2,2.147
1.2,41.09,400.0,125,0.18,2,2.086
1.2,41.09,400.0,125,0.36,2,2.154
1.2,45.55,10.0,-40,0.36,2,1.763
1.2,45.55,10.0,-25,0.36,2,1.756
1.2,45.55,10.0,0,0.18,2,1.75
1.2,45.55,10.0,0,0.36,2,1.777
1.2,45.55,10.0,25,0.36,2,1.762
1.2,45.55,10.0,75,0.18,2,1.716
1.2,45.55,10.0,75,0.36,2,1.81
1.2,45.55,10.0,100,0.18,2,1.712
1.2,45.55,10.0,100,0.36,2,1.8
1.2,45.55,10.0,125,0.18,2,1.71
1.2,45.55,50.0,-40,0.36,2,1.876
1.2,45.55,50.0,-25,0.18,2,1.853
1.2,45.55,50.0,0,0.18,2,1.845
1.2,45.55,50.0,0,0.36,2,1.871
1.2,45.55,50.0,75,0.18,2,1.793
1.2,45.55,50.0,75,0.36,2,1.882
1.2,45.55,50.0,100,0.18,2,1.778
1.2,45.55,50.0,100,0.36,2,1.867
1.2,45.55,50.0,125,0.18,2,1.769
1.2,45.55,100.0,-40,0.18,2,1.999
1.2,45.55,100.0,-40,0.36,2,1.996
1.2,45.55,100.0,-25,0.18,2,1.996
1.2,45.55,100.0,-25,0.36,2,2.009
1.2,45.55,100.0,0,0.18,2,1.978
1.2,45.55,100.0,0,0.36,2,2.006
1.2,45.55,100.0,25,0.36,2,1.988
1.2,45.55,100.0,75,0.18,2,1.884
1.2,45.55,100.0,75,0.36,2,1.957
1.2,45.55,100.0,100,0.18,2,1.857
1.2,45.55,200.0,-40,0.36,2,2.266
1.2,45.55,200.0,-25,0.36,2,2.254
1.2,45.55,200.0,0,0.18,2,2.209
1.2,45.55,200.0,0,0.36,2,2.225
1.2,45.55,200.0,25,0.18,2,2.168
1.2,45.55,200.0,75,0.18,2,2.058
1.2,45.55,200.0,75,0.36,2,2.121
1.2,45.55,200.0,100,0.36,2,2.103
1.2,45.55,200.0,125,0.36,2,2.056
1.2,45.55,400.0,-40,0.18,2,2.784
1.2,45.55,400.0,-25,0.18,2,2.746
1.2,45.55,400.0,-25,0.36,2,2.698
1.2,45.55,400.0,0,0.18,2,2.667
1.2,45.55,400.0,25,0.18,2,2.585
1.2,45.55,400.0,25,0.36,2,2.538
1.2,45.55,400.0,75,0.18,2,2.403
1.2,45.55,400.0,75,0.36,2,2.434
1.2,45.55,400.0,100,0.18,2,2.309
1.2,45.55,400.0,100,0.36,2,2.377
1.2,45.55,400.0,125,0.36,2,2.296
1.2,50.0,10.0,-25,0.18,2,1.901
1.2,50.0,10.0,-25,0.36,2,1.919
1.2,50.0,10.0,0,0.36,2,1.928
1.2,50.0,10.0,25,0.36,2,1.928
1.2,50.0,10.0,75,0.18,2,1.874
1.2,50.0,10.0,75,0.36,2,1.964
1.2,50.0,10.0,100,0.18,2,1.87
1.2,50.0,10.0,100,0.36,2,1.954
1.2,50.0,10.0,125,0.36,2,1.939
1.2,50.0,50.0,-40,0.18,2,2.01
1.2,50.0,50.0,-25,0.18,2,2.02
1.2,50.0,50.0,-25,0.36,2,2.04
1.2,50.0,50.0,0,0.36,2,2.029
1.2,50.0,50.0,25,0.18,2,1.987
1.2,50.0,50.0,25,0.36,2,2.028
1.2,50.0,50.0,75,0.18,2,1.948
1.2,50.0,50.0,75,0.36,2,2.038
1.2,50.0,50.0,100,0.18,2,1.937
1.2,50.0,50.0,100,0.36,2,2.021
1.2,50.0,50.0,125,0.36,2,2.002
1.2,50.0,100.0,-40,0.18,2,2.157
1.2,50.0,100.0,-40,0.36,2,2.173
1.2,50.0,100.0,-25,0.36,2,2.18
1.2,50.0,100.0,0,0.18,2,2.136
1.2,50.0,100.0,0,0.36,2,2.166
1.2,50.0,100.0,25,0.36,2,2.137
1.2,50.0,100.0,75,0.18,2,2.036
1.2,50.0,100.0,75,0.36,2,2.131
1.2,50.0,100.0,100,0.18,2,2.016
1.2,50.0,100.0,100,0.36,2,2.104
1.2,50.0,100.0,125,0.18,2,1.997
1.2,50.0,100.0,125,0.36,2,2.075
1.2,50.0,200.0,-40,0.18,2,2.432
1.2,50.0,200.0,-40,0.36,2,2.421
1.2,50.0,200.0,-25,0.36,2,2.448
1.2,50.0,200.0,0,0.18,2,2.381
1.2,50.0,200.0,0,0.36,2,2.412
1.2,50.0,200.0,25,0.18,2,2.322
1.2,50.0,200.0,25,0.36,2,2.375
1.2,50.0,200.0,75,0.18,2,2.214
1.2,50.0,200.0,100,0.18,2,2.172
1.2,50.0,200.0,100,0.36,2,2.26
1.2,50.0,200.0,125,0.18,2,2.137
1.2,50.0,400.0,-40,0.18,2,2.957
1.2,50.0,400.0,-40,0.36,2,2.916
1.2,50.0,400.0,-25,0.18,2,2.935
1.2,50.0,400.0,-25,0.36,2,2.899
1.2,50.0,400.0,0,0.18,2,2.852
1.2,50.0,400.0,0,0.36,2,2.781
1.2,50.0,400.0,25,0.18,2,2.747
1.2,50.0,400.0,25,0.36,2,2.725
1.2,50.0,400.0,75,0.18,2,2.543
1.2,50.0,400.0,100,0.18,2,2.475
1.2,50.0,400.0,100,0.36,2,2.55
1.2,50.0,400.0,125,0.18,2,2.409
1.2,50.0,400.0,125,0.36,2,2.467
1.3,1.0,10.0,-40,0.18,2,0.114
1.3,1.0,10.0,-40,0.36,2,0.128
1.3,1.0,10.0,-25,0.18,2,0.114
1.3,1.0,10.0,-25,0.36,2,0.13
1.3,1.0,10.0,0,0.18,2,0.114
1.3,1.0,10.0,0,0.36,2,0.129
1.3,1.0,10.0,25,0.18,2,0.115
1.3,1.0,10.0,25,0.36,2,0.132
1.3,1.0,10.0,75,0.36,2,0.144
1.3,1.0,10.0,100,0.18,2,0.122
1.3,1.0,10.0,100,0.36,2,0.153
1.3,1.0,10.0,125,0.18,2,0.128
1.3,1.0,10.0,125,0.36,2,0.163
1.3,1.0,50.0,-40,0.36,2,0.225
1.3,1.0,50.0,-25,0.18,2,0.171
1.3,1.0,50.0,0,0.36,2,0.194
1.3,1.0,50.0,25,0.18,2,0.162
1.3,1.0,50.0,25,0.36,2,0.208
1.3,1.0,50.0,75,0.36,2,0.209
1.3,1.0,50.0,100,0.18,2,0.158
1.3,1.0,50.0,100,0.36,2,0.21
1.3,1.0,50.0,125,0.36,2,0.216
1.3,1.0,100.0,-40,0.18,2,0.221
1.3,1.0,100.0,-25,0.18,2,0.225
1.3,1.0,100.0,-25,0.36,2,0.229
1.3,1.0,100.0,0,0.18,2,0.203
1.3,1.0,100.0,0,0.36,2,0.233
1.3,1.0,100.0,25,0.36,2,0.202
1.3,1.0,100.0,75,0.18,2,0.195
1.3,1.0,100.0,75,0.36,2,0.233
1.3,1.0,100.0,100,0.18,2,0.19
1.3,1.0,100.0,100,0.36,2,0.229
1.3,1.0,100.0,125,0.18,2,0.191
1.3,1.0,100.0,125,0.36,2,0.235
1.3,1.0,200.0,-40,0.36,2,0.415
1.3,1.0,200.0,-25,0.36,2,0.419
1.3,1.0,200.0,0,0.18,2,0.324
1.3,1.0,200.0,0,0.36,2,0.41
1.3,1.0,200.0,25,0.36,2,0.343
1.3,1.0,200.0,75,0.36,2,0.326
1.3,1.0,200.0,100,0.18,2,0.262
1.3,1.0,200.0,100,0.36,2,0.302
1.3,1.0,200.0,125,0.18,2,0.245
1.3,1.0,200.0,125,0.36,2,0.297
1.3,1.0,400.0,-40,0.18,2,0.657
1.3,1.0,400.0,-40,0.36,2,0.874
1.3,1.0,400.0,-25,0.18,2,0.598
1.3,1.0,400.0,-25,0.36,2,0.77
1.3,1.0,400.0,0,0.18,2,0.537
1.3,1.0,400.0,0,0.36,2,0.691
1.3,1.0,400.0,25,0.18,2,0.462
1.3,1.0,400.0,25,0.36,2,0.632
1.3,1.0,400.0,75,0.18,2,0.399
1.3,1.0,400.0,100,0.18,2,0.376
1.3,1.0,400.0,100,0.36,2,0.479
1.3,1.0,400.0,125,0.18,2,0.349
1.3,5.45,10.0,-40,0.18,2,0.307
1.3,5.45,10.0,-40,0.36,2,0.33
1.3,5.45,10.0,-25,0.18,2,0.31
1.3,5.45,10.0,-25,0.36,2,0.333
1.3,5.45,10.0,0,0.18,2,0.31
1.3,5.45,10.0,25,0.18,2,0.31
1.3,5.45,10.0,25,0.36,2,0.336
1.3,5.45,10.0,75,0.36,2,0.349
1.3,5.45,10.0,100,0.18,2,0.319
1.3,5.45,10.0,100,0.36,2,0.352
1.3,5.45,10.0,125,0.18,2,0.325
1.3,5.45,10.0,125,0.36,2,0.363
1.3,5.45,50.0,-40,0.18,2,0.451
1.3,5.45,50.0,-25,0.18,2,0.446
1.3,5.45,50.0,-25,0.36,2,0.443
1.3,5.45,50.0,0,0.18,2,0.437
1.3,5.45,50.0,25,0.18,2,0.418
1.3,5.45,50.0,75,0.18,2,0.405
1.3,5.45,50.0,75,0.36,2,0.414
1.3,5.45,50.0,100,0.18,2,0.402
1.3,5.45,50.0,100,0.36,2,0.426
1.3,5.45,50.0,125,0.18,2,0.399
1.3,5.45,50.0,125,0.36,2,0.423
1.3,5.45,100.0,-40,0.36,2,0.631
1.3,5.45,100.0,-25,0.36,2,0.603
1.3,5.45,100.0,0,0.36,2,0.559
1.3,5.45,100.0,25,0.18,2,0.528
1.3,5.45,100.0,25,0.36,2,0.55
1.3,5.45,100.0,75,0.18,2,0.499
1.3,5.45,100.0,100,0.18,2,0.487
1.3,5.45,100.0,100,0.36,2,0.505
1.3,5.45,100.0,125,0.36,2,0.507
1.3,5.45,200.0,-40,0.36,2,0.775
1.3,5.45,200.0,-25,0.36,2,0.762
1.3,5.45,200.0,0,0.18,2,0.626
1.3,5.45,200.0,0,0.36,2,0.731
1.3,5.45,200.0,25,0.18,2,0.622
1.3,5.45,200.0,25,0.36,2,0.687
1.3,5.45,200.0,75,0.18,2,0.579
1.3,5.45,200.0,75,0.36,2,0.654
1.3,5.45,200.0,100,0.18,2,0.57
1.3,5.45,200.0,100,0.36,2,0.644
1.3,5.45,200.0,125,0.18,2,0.569
1.3,5.45,200.0,125,0.36,2,0.622
1.3,5.45,400.0,-40,0.18,2,1.006
1.3,5.45,400.0,-25,0.18,2,0.958
1.3,5.45,400.0,0,0.18,2,0.863
1.3,5.45,400.0,25,0.18,2,0.819
1.3,5.45,400.0,25,0.36,2,0.962
1.3,5.45,400.0,75,0.18,2,0.725
1.3,5.45,400.0,100,0.36,2,0.795
1.3,5.45,400.0,125,0.18,2,0.673
1.3,5.45,400.0,125,0.36,2,0.774
1.3,9.91,10.0,-25,0.18,2,0.499
1.3,9.91,10.0,-25,0.36,2,0.523
1.3,9.91,10.0,0,0.18,2,0.501
1.3,9.91,10.0,25,0.18,2,0.502
1.3,9.91,10.0,25,0.36,2,0.53
1.3,9.91,10.0,75,0.18,2,0.508
1.3,9.91,10.0,100,0.18,2,0.515
1.3,9.91,10.0,125,0.18,2,0.52
1.3,9.91,10.0,125,0.36,2,0.557
1.3,9.91,50.0,-40,0.36,2,0.653
1.3,9.91,50.0,-25,0.18,2,0.642
1.3,9.91,50.0,-25,0.36,2,0.651
1.3,9.91,50.0,0,0.18,2,0.631
1.3,9.91,50.0,0,0.36,2,0.648
1.3,9.91,50.0,25,0.18,2,0.619
1.3,9.91,50.0,25,0.36,2,0.639
1.3,9.91,50.0,75,0.36,2,0.624
1.3,9.91,50.0,100,0.18,2,0.597
1.3,9.91,50.0,125,0.18,2,0.595
1.3,9.91,50.0,125,0.36,2,0.631
1.3,9.91,100.0,-40,0.18,2,0.815
1.3,9.91,100.0,-40,0.36,2,0.833
1.3,9.91,100.0,-25,0.18,2,0.792
1.3,9.91,100.0,-25,0.36,2,0.808
1.3,9.91,100.0,0,0.18,2,0.778
1.3,9.91,100.0,0,0.36,2,0.771
1.3,9.91,100.0,25,0.18,2,0.749
1.3,9.91,100.0,75,0.18,2,0.712
1.3,9.91,100.0,100,0.18,2,0.698
1.3,9.91,100.0,100,0.36,2,0.718
1.3,9.91,100.0,125,0.18,2,0.686
1.3,9.91,100.0,125,0.36,2,0.702
1.3,9.91,200.0,-40,0.18,2,0.989
1.3,9.91,200.0,-40,0.36,2,1.088
1.3,9.91,200.0,-25,0.18,2,0.979
1.3,9.91,200.0,-25,0.36,2,1.085
1.3,9.91,200.0,0,0.18,2,0.958
1.3,9.91,200.0,0,0.36,2,1.011
1.3,9.91,200.0,25,0.18,2,0.928
1.3,9.91,200.0,75,0.18,2,0.889
1.3,9.91,200.0,75,0.36,2,0.911
1.3,9.91,200.0,100,0.18,2,0.859
1.3,9.91,200.0,100,0.36,2,0.874
1.3,9.91,200.0,125,0.36,2,0.868
1.3,9.91,400.0,-25,0.18,2,1.263
1.3,9.91,400.0,0,0.18,2,1.197
1.3,9.91,400.0,0,0.36,2,1.335
1.3,9.91,400.0,25,0.18,2,1.142
1.3,9.91,400.0,25,0.36,2,1.284
1.3,9.91,400.0,75,0.36,2,1.153
1.3,9.91,400.0,100,0.18,2,1.019
1.3,9.91,400.0,100,0.36,2,1.127
1.3,9.91,400.0,125,0.36,2,1.078
1.3,14.36,10.0,-40,0.18,2,0.69
1.3,14.36,10.0,-40,0.36,2,0.713
1.3,14.36,10.0,-25,0.36,2,0.721
1.3,14.36,10.0,0,0.18,2,0.7
1.3,14.36,10.0,0,0.36,2,0.724
1.3,14.36,10.0,25,0.18,2,0.703
1.3,14.36,10.0,75,0.36,2,0.74
1.3,14.36,10.0,100,0.18,2,0.712
1.3,14.36,10.0,100,0.36,2,0.746
1.3,14.36,10.0,125,0.36,2,0.754
1.3,14.36,50.0,-40,0.18,2,0.83
1.3,14.36,50.0,-25,0.18,2,0.83
1.3,14.36,50.0,-25,0.36,2,0.863
1.3,14.36,50.0,0,0.18,2,0.822
1.3,14.36,50.0,0,0.36,2,0.851
1.3,14.36,50.0,25,0.36,2,0.836
1.3,14.36,50.0,75,0.36,2,0.828
1.3,14.36,50.0,100,0.18,2,0.798
1.3,14.36,50.0,100,0.36,2,0.828
1.3,14.36,50.0,125,0.18,2,0.794
1.3,14.36,50.0,125,0.36,2,0.831
1.3,14.36,100.0,-40,0.18,2,1.022
1.3,14.36,100.0,-40,0.36,2,1.0
1.3,14.36,100.0,-25,0.18,2,1.012
1.3,14.36,100.0,0,0.18,2,0.986
1.3,14.36,100.0,0,0.36,2,0.987
1.3,14.36,100.0,25,0.18,2,0.956
1.3,14.36,100.0,25,0.36,2,0.967
1.3,14.36,100.0,75,0.18,2,0.909
1.3,14.36,100.0,75,0.36,2,0.925
1.3,14.36,100.0,100,0.18,2,0.894
1.3,14.36,100.0,125,0.18,2,0.882
1.3,14.36,100.0,125,0.36,2,0.908
1.3,14.36,200.0,-40,0.36,2,1.366
1.3,14.36,200.0,-25,0.18,2,1.267
1.3,14.36,200.0,-25,0.36,2,1.326
1.3,14.36,200.0,0,0.18,2,1.239
1.3,14.36,200.0,25,0.36,2,1.19
1.3,14.36,200.0,75,0.18,2,1.115
1.3,14.36,200.0,100,0.18,2,1.076
1.3,14.36,200.0,100,0.36,2,1.094
1.3,14.36,200.0,125,0.18,2,1.048
1.3,14.36,200.0,125,0.36,2,1.065
1.3,14.36,400.0,-40,0.18,2,1.614
1.3,14.36,400.0,-40,0.36,2,1.779
1.3,14.36,400.0,-25,0.18,2,1.592
1.3,14.36,400.0,-25,0.36,2,1.72
1.3,14.36,400.0,0,0.18,2,1.494
1.3,14.36,400.0,0,0.36,2,1.641
1.3,14.36,400.0,25,0.18,2,1.44
1.3,14.36,400.0,25,0.36,2,1.567
1.3,14.36,400.0,75,0.18,2,1.362
1.3,14.36,400.0,75,0.36,2,1.449
1.3,14.36,400.0,100,0.18,2,1.329
1.3,14.36,400.0,125,0.18,2,1.294
1.3,14.36,400.0,125,0.36,2,1.344
1.3,18.82,10.0,-40,0.18,2,0.879
1.3,18.82,10.0,-25,0.18,2,0.882
1.3,18.82,10.0,-25,0.36,2,0.917
1.3,18.82,10.0,0,0.36,2,0.915
1.3,18.82,10.0,25,0.18,2,0.89
1.3,18.82,10.0,25,0.36,2,0.918
1.3,18.82,10.0,75,0.18,2,0.901
1.3,18.82,10.0,75,0.36,2,0.929
1.3,18.82,10.0,100,0.36,2,0.938
1.3,18.82,10.0,125,0.36,2,0.949
1.3,18.82,50.0,-40,0.18,2,1.032
1.3,18.82,50.0,-40,0.36,2,1.055
1.3,18.82,50.0,-25,0.36,2,1.04
1.3,18.82,50.0,0,0.18,2,1.022
1.3,18.82,50.0,0,0.36,2,1.046
1.3,18.82,50.0,25,0.18,2,1.012
1.3,18.82,50.0,25,0.36,2,1.046
1.3,18.82,50.0,75,0.18,2,0.997
1.3,18.82,50.0,75,0.36,2,1.036
1.3,18.82,50.0,100,0.18,2,0.995
1.3,18.82,50.0,100,0.36,2,1.022
1.3,18.82,50.0,125,0.36,2,1.024
1.3,18.82,100.0,-40,0.18,2,1.219
1.3,18.82,100.0,-40,0.36,2,1.187
1.3,18.82,100.0,-25,0.18,2,1.213
1.3,18.82,100.0,-25,0.36,2,1.203
1.3,18.82,100.0,0,0.36,2,1.19
1.3,18.82,100.0,25,0.18,2,1.151
1.3,18.82,100.0,25,0.36,2,1.157
1.3,18.82,100.0,75,0.18,2,1.109
1.3,18.82,100.0,100,0.18,2,1.096
1.3,18.82,100.0,100,0.36,2,1.117
1.3,18.82,100.0,125,0.18,2,1.087
1.3,18.82,200.0,-40,0.18,2,1.536
1.3,18.82,200.0,-40,0.36,2,1.527
1.3,18.82,200.0,-25,0.18,2,1.499
1.3,18.82,200.0,-25,0.36,2,1.521
1.3,18.82,200.0,0,0.18,2,1.464
1.3,18.82,200.0,25,0.18,2,1.405
1.3,18.82,200.0,25,0.36,2,1.422
1.3,18.82,200.0,75,0.18,2,1.328
1.3,18.82,200.0,75,0.36,2,1.328
1.3,18.82,200.0,100,0.18,2,1.28
1.3,18.82,200.0,125,0.18,2,1.257
1.3,18.82,200.0,125,0.36,2,1.271
1.3,18.82,400.0,-40,0.18,2,1.939
1.3,18.82,400.0,-40,0.36,2,2.04
1.3,18.82,400.0,-25,0.18,2,1.887
1.3,18.82,400.0,-25,0.36,2,2.015
1.3,18.82,400.0,0,0.18,2,1.791
1.3,18.82,400.0,25,0.18,2,1.735
1.3,18.82,400.0,75,0.18,2,1.647
1.3,18.82,400.0,75,0.36,2,1.66
1.3,18.82,400.0,100,0.36,2,1.608
1.3,18.82,400.0,125,0.18,2,1.554
1.3,23.27,10.0,-40,0.18,2,1.078
1.3,23.27,10.0,-25,0.18,2,1.08
1.3,23.27,10.0,-25,0.36,2,1.102
1.3,23.27,10.0,0,0.18,2,1.089
1.3,23.27,10.0,0,0.36,2,1.114
1.3,23.27,10.0,25,0.18,2,1.088
1.3,23.27,10.0,25,0.36,2,1.118
1.3,23.27,10.0,75,0.18,2,1.104
1.3,23.27,10.0,75,0.36,2,1.133
1.3,23.27,10.0,100,0.18,2,1.108
1.3,23.27,10.0,100,0.36,2,1.146
1.3,23.27,10.0,125,0.18,2,1.1
1.3,23.27,10.0,125,0.36,2,1.157
1.3,23.27,50.0,-40,0.18,2,1.229
1.3,23.27,50.0,-40,0.36,2,1.232
1.3,23.27,50.0,-25,0.36,2,1.238
1.3,23.27,50.0,0,0.36,2,1.238
1.3,23.27,50.0,25,0.18,2,1.204
1.3,23.27,50.0,75,0.18,2,1.202
1.3,23.27,50.0,100,0.18,2,1.196
1.3,23.27,50.0,100,0.36,2,1.223
1.3,23.27,50.0,125,0.18,2,1.179
1.3,23.27,50.0,125,0.36,2,1.228
1.3,23.27,100.0,-40,0.18,2,1.406
1.3,23.27,100.0,-25,0.18,2,1.402
1.3,23.27,100.0,0,0.36,2,1.394
1.3,23.27,100.0,25,0.18,2,1.344
1.3,23.27,100.0,25,0.36,2,1.357
1.3,23.27,100.0,75,0.18,2,1.314
1.3,23.27,100.0,75,0.36,2,1.326
1.3,23.27,100.0,100,0.18,2,1.296
1.3,23.27,100.0,100,0.36,2,1.318
1.3,23.27,100.0,125,0.36,2,1.315
1.3,23.27,200.0,-40,0.18,2,1.719
1.3,23.27,200.0,-25,0.18,2,1.709
1.3,23.27,200.0,-25,0.36,2,1.679
1.3,23.27,200.0,0,0.18,2,1.659
1.3,23.27,200.0,0,0.36,2,1.646
1.3,23.27,200.0,25,0.36,2,1.605
1.3,23.27,200.0,75,0.18,2,1.526
1.3,23.27,200.0,75,0.36,2,1.525
1.3,23.27,200.0,100,0.18,2,1.493
1.3,23.27,200.0,100,0.36,2,1.493
1.3,23.27,200.0,125,0.36,2,1.482
1.3,23.27,400.0,-40,0.18,2,2.221
1.3,23.27,400.0,-40,0.36,2,2.336
1.3,23.27,400.0,-25,0.18,2,2.194
1.3,23.27,400.0,-25,0.36,2,2.292
1.3,23.27,400.0,0,0.18,2,2.09
1.3,23.27,400.0,0,0.36,2,2.165
1.3,23.27,400.0,25,0.18,2,2.019
1.3,23.27,400.0,25,0.36,2,2.057
1.3,23.27,400.0,75,0.18,2,1.897
1.3,23.27,400.0,100,0.18,2,1.835
1.3,23.27,400.0,125,0.18,2,1.769
1.3,23.27,400.0,125,0.36,2,1.799
1.3,27.73,10.0,-40,0.18,2,1.266
1.3,27.73,10.0,-25,0.18,2,1.273
1.3,27.73,10.0,-25,0.36,2,1.301
1.3,27.73,10.0,0,0.18,2,1.282
1.3,27.73,10.0,0,0.36,2,1.314
1.3,27.73,10.0,25,0.36,2,1.307
1.3,27.73,10.0,75,0.18,2,1.298
1.3,27.73,10.0,75,0.36,2,1.334
1.3,27.73,10.0,100,0.18,2,1.288
1.3,27.73,10.0,125,0.18,2,1.281
1.3,27.73,50.0,-40,0.18,2,1.411
1.3,27.73,50.0,-40,0.36,2,1.437
1.3,27.73,50.0,-25,0.18,2,1.42
1.3,27.73,50.0,-25,0.36,2,1.44
1.3,27.73,50.0,0,0.18,2,1.415
1.3,27.73,50.0,0,0.36,2,1.436
1.3,27.73,50.0,25,0.18,2,1.415
1.3,27.73,50.0,25,0.36,2,1.443
1.3,27.73,50.0,75,0.36,2,1.422
1.3,27.73,50.0,100,0.18,2,1.375
1.3,27.73,50.0,100,0.36,2,1.424
1.3,27.73,50.0,125,0.36,2,1.421
1.3,27.73,100.0,-40,0.18,2,1.591
1.3,27.73,100.0,-40,0.36,2,1.606
1.3,27.73,100.0,-25,0.18,2,1.6
1.3,27.73,100.0,-25,0.36,2,1.624
1.3,27.73,100.0,0,0.18,2,1.582
1.3,27.73,100.0,25,0.18,2,1.555
1.3,27.73,100.0,25,0.36,2,1.559
1.3,27.73,100.0,75,0.18,2,1.51
1.3,27.73,100.0,75,0.36,2,1.529
1.3,27.73,100.0,100,0.36,2,1.528
1.3,27.73,100.0,125,0.36,2,1.514
1.3,27.73,200.0,-40,0.18,2,1.948
1.3,27.73,200.0,-25,0.18,2,1.923
1.3,27.73,200.0,-25,0.36,2,1.89
1.3,27.73,200.0,0,0.18,2,1.876
1.3,27.73,200.0,25,0.18,2,1.82
1.3,27.73,200.0,25,0.36,2,1.835
1.3,27.73,200.0,75,0.36,2,1.72
1.3,27.73,200.0,100,0.18,2,1.679
1.3,27.73,200.0,125,0.18,2,1.637
1.3,27.73,200.0,125,0.36,2,1.664
1.3,27.73,400.0,-40,0.18,2,2.477
1.3,27.73,400.0,-40,0.36,2,2.552
1.3,27.73,400.0,-25,0.18,2,2.433
1.3,27.73,400.0,-25,0.36,2,2.504
1.3,27.73,400.0,0,0.18,2,2.345
1.3,27.73,400.0,0,0.36,2,2.367
1.3,27.73,400.0,25,0.18,2,2.276
1.3,27.73,400.0,75,0.18,2,2.113
1.3,27.73,400.0,75,0.36,2,2.097
1.3,27.73,400.0,100,0.18,2,2.048
1.3,27.73,400.0,100,0.36,2,2.044
1.3,27.73,400.0,125,0.18,2,1.967
1.3,27.73,400.0,125,0.36,2,1.982
1.3,32.18,10.0,-40,0.18,2,1.451
1.3,32.18,10.0,-25,0.18,2,1.46
1.3,32.18,10.0,-25,0.36,2,1.485
1.3,32.18,10.0,0,0.18,2,1.469
1.3,32.18,10.0,25,0.18,2,1.474
1.3,32.18,10.0,25,0.36,2,1.507
1.3,32.18,10.0,75,0.18,2,1.479
1.3,32.18,10.0,75,0.36,2,1.514
1.3,32.18,10.0,100,0.18,2,1.469
1.3,32.18,10.0,125,0.36,2,1.543
1.3,32.18,50.0,-40,0.18,2,1.599
1.3,32.18,50.0,-40,0.36,2,1.643
1.3,32.18,50.0,-25,0.36,2,1.638
1.3,32.18,50.0,0,0.18,2,1.608
1.3,32.18,50.0,0,0.36,2,1.627
1.3,32.18,50.0,25,0.18,2,1.598
1.3,32.18,50.0,25,0.36,2,1.624
1.3,32.18,50.0,100,0.18,2,1.557
1.3,32.18,50.0,100,0.36,2,1.615
1.3,32.18,50.0,125,0.18,2,1.542
1.3,32.18,50.0,125,0.36,2,1.62
1.3,32.18,100.0,-40,0.18,2,1.795
1.3,32.18,100.0,-25,0.18,2,1.781
1.3,32.18,100.0,0,0.18,2,1.764
1.3,32.18,100.0,0,0.36,2,1.776
1.3,32.18,100.0,25,0.36,2,1.769
1.3,32.18,100.0,75,0.18,2,1.694
1.3,32.18,100.0,75,0.36,2,1.743
1.3,32.18,100.0,100,0.18,2,1.658
1.3,32.18,100.0,125,0.18,2,1.636
1.3,32.18,100.0,125,0.36,2,1.708
1.3,32.18,200.0,-40,0.18,2,2.159
1.3,32.18,200.0,-40,0.36,2,2.11
1.3,32.18,200.0,-25,0.36,2,2.09
1.3,32.18,200.0,0,0.18,2,2.066
1.3,32.18,200.0,25,0.18,2,2.027
1.3,32.18,200.0,25,0.36,2,2.018
1.3,32.18,200.0,75,0.18,2,1.913
1.3,32.18,200.0,75,0.36,2,1.946
1.3,32.18,200.0,100,0.18,2,1.86
1.3,32.18,200.0,100,0.36,2,1.892
1.3,32.18,200.0,125,0.18,2,1.814
1.3,32.18,200.0,125,0.36,2,1.869
1.3,32.18,400.0,-40,0.36,2,2.749
1.3,32.18,400.0,-25,0.18,2,2.704
1.3,32.18,400.0,-25,0.36,2,2.651
1.3,32.18,400.0,25,0.18,2,2.506
1.3,32.18,400.0,25,0.36,2,2.495
1.3,32.18,400.0,75,0.18,2,2.337
1.3,32.18,400.0,75,0.36,2,2.301
1.3,32.18,400.0,100,0.18,2,2.248
1.3,32.18,400.0,100,0.36,2,2.249
1.3,32.18,400.0,125,0.18,2,2.165
1.3,32.18,400.0,125,0.36,2,2.19
1.3,36.64,10.0,-40,0.18,2,1.64
1.3,36.64,10.0,-40,0.36,2,1.688
1.3,36.64,10.0,-25,0.18,2,1.647
1.3,36.64,10.0,0,0.18,2,1.658
1.3,36.64,10.0,0,0.36,2,1.685
1.3,36.64,10.0,25,0.18,2,1.669
1.3,36.64,10.0,25,0.36,2,1.694
1.3,36.64,10.0,75,0.36,2,1.708
1.3,36.64,10.0,100,0.18,2,1.652
1.3,36.64,10.0,100,0.36,2,1.725
1.3,36.64,10.0,125,0.18,2,1.648
1.3,36.64,10.0,125,0.36,2,1.759
1.3,36.64,50.0,-40,0.18,2,1.804
1.3,36.64,50.0,-40,0.36,2,1.822
1.3,36.64,50.0,-25,0.18,2,1.799
1.3,36.64,50.0,-25,0.36,2,1.816
1.3,36.64,50.0,0,0.18,2,1.797
1.3,36.64,50.0,0,0.36,2,1.815
1.3,36.64,50.0,75,0.18,2,1.759
1.3,36.64,50.0,75,0.36,2,1.809
1.3,36.64,50.0,100,0.18,2,1.739
1.3,36.64,50.0,100,0.36,2,1.813
1.3,36.64,50.0,125,0.18,2,1.726
1.3,36.64,50.0,125,0.36,2,1.826
1.3,36.64,100.0,-40,0.36,2,1.968
1.3,36.64,100.0,-25,0.18,2,1.978
1.3,36.64,100.0,-25,0.36,2,2.018
1.3,36.64,100.0,0,0.18,2,1.955
1.3,36.64,100.0,0,0.36,2,1.977
1.3,36.64,100.0,25,0.36,2,1.958
1.3,36.64,100.0,75,0.18,2,1.875
1.3,36.64,100.0,75,0.36,2,1.93
1.3,36.64,100.0,100,0.18,2,1.842
1.3,36.64,100.0,100,0.36,2,1.914
1.3,36.64,100.0,125,0.18,2,1.821
1.3,36.64,100.0,125,0.36,2,1.909
1.3,36.64,200.0,-40,0.18,2,2.345
1.3,36.64,200.0,-25,0.18,2,2.304
1.3,36.64,200.0,-25,0.36,2,2.306
1.3,36.64,200.0,0,0.18,2,2.274
1.3,36.64,200.0,0,0.36,2,2.243
1.3,36.64,200.0,25,0.18,2,2.237
1.3,36.64,200.0,75,0.18,2,2.097
1.3,36.64,200.0,100,0.18,2,2.046
1.3,36.64,200.0,100,0.36,2,2.1
1.3,36.64,200.0,125,0.18,2,1.998
1.3,36.64,400.0,-40,0.18,2,2.944
1.3,36.64,400.0,-40,0.36,2,2.927
1.3,36.64,400.0,-25,0.36,2,2.899
1.3,36.64,400.0,0,0.18,2,2.828
1.3,36.64,400.0,0,0.36,2,2.757
1.3,36.64,400.0,25,0.36,2,2.707
1.3,36.64,400.0,75,0.36,2,2.501
1.3,36.64,400.0,100,0.36,2,2.456
1.3,36.64,400.0,125,0.18,2,2.335
1.3,41.09,10.0,-40,0.18,2,1.842
1.3,41.09,10.0,-40,0.36,2,1.871
1.3,41.09,10.0,-25,0.18,2,1.855
1.3,41.09,10.0,-25,0.36,2,1.866
1.3,41.09,10.0,0,0.18,2,1.854
1.3,41.09,10.0,0,0.36,2,1.889
1.3,41.09,10.0,25,0.18,2,1.868
1.3,41.09,10.0,25,0.36,2,1.885
1.3,41.09,10.0,75,0.18,2,1.842
1.3,41.09,10.0,75,0.36,2,1.908
1.3,41.09,10.0,100,0.18,2,1.835
1.3,41.09,10.0,125,0.18,2,1.833
1.3,41.09,10.0,125,0.36,2,1.94
1.3,41.09,50.0,-40,0.18,2,2.001
1.3,41.09,50.0,-40,0.36,2,2.014
1.3,41.09,50.0,-25,0.18,2,2.003
1.3,41.09,50.0,0,0.18,2,1.998
1.3,41.09,50.0,0,0.36,2,2.025
1.3,41.09,50.0,25,0.36,2,2.013
1.3,41.09,50.0,75,0.18,2,1.944
1.3,41.09,50.0,75,0.36,2,2.026
1.3,41.09,50.0,100,0.18,2,1.922
1.3,41.09,50.0,125,0.18,2,1.91
1.3,41.09,50.0,125,0.36,2,2.017
1.3,41.09,100.0,-40,0.18,2,2.178
1.3,41.09,100.0,-40,0.36,2,2.206
1.3,41.09,100.0,-25,0.18,2,2.178
1.3,41.09,100.0,-25,0.36,2,2.182
1.3,41.09,100.0,0,0.18,2,2.156
1.3,41.09,100.0,0,0.36,2,2.171
1.3,41.09,100.0,25,0.18,2,2.139
1.3,41.09,100.0,25,0.36,2,2.168
1.3,41.09,100.0,75,0.18,2,2.058
1.3,41.09,100.0,75,0.36,2,2.128
1.3,41.09,100.0,100,0.18,2,2.024
1.3,41.09,100.0,125,0.18,2,2.003
1.3,41.09,200.0,-40,0.18,2,2.534
1.3,41.09,200.0,-40,0.36,2,2.499
1.3,41.09,200.0,-25,0.36,2,2.481
1.3,41.09,200.0,0,0.18,2,2.489
1.3,41.09,200.0,0,0.36,2,2.473
1.3,41.09,200.0,25,0.18,2,2.417
1.3,41.09,200.0,25,0.36,2,2.412
1.3,41.09,200.0,75,0.36,2,2.318
1.3,41.09,200.0,100,0.18,2,2.232
1.3,41.09,200.0,125,0.18,2,2.183
1.3,41.09,200.0,125,0.36,2,2.28
1.3,41.09,400.0,-40,0.18,2,3.19
1.3,41.09,400.0,-40,0.36,2,3.041
1.3,41.09,400.0,-25,0.18,2,3.14
1.3,41.09,400.0,-25,0.36,2,3.029
1.3,41.09,400.0,0,0.18,2,3.026
1.3,41.09,400.0,25,0.36,2,2.928
1.3,41.09,400.0,75,0.36,2,2.741
1.3,41.09,400.0,100,0.36,2,2.682
1.3,41.09,400.0,125,0.18,2,2.526
1.3,41.09,400.0,125,0.36,2,2.608
1.3,45.55,10.0,-40,0.18,2,2.036
1.3,45.55,10.0,-40,0.36,2,2.066
1.3,45.55,10.0,-25,0.18,2,2.059
1.3,45.55,10.0,-25,0.36,2,2.081
1.3,45.55,10.0,0,0.18,2,2.067
1.3,45.55,10.0,0,0.36,2,2.092
1.3,45.55,10.0,25,0.18,2,2.052
1.3,45.55,10.0,25,0.36,2,2.09
1.3,45.55,10.0,75,0.18,2,2.026
1.3,45.55,10.0,75,0.36,2,2.113
1.3,45.55,10.0,100,0.18,2,2.02
1.3,45.55,10.0,100,0.36,2,2.131
1.3,45.55,10.0,125,0.18,2,2.018
1.3,45.55,10.0,125,0.36,2,2.121
1.3,45.55,50.0,-40,0.36,2,2.232
1.3,45.55,50.0,-25,0.18,2,2.183
1.3,45.55,50.0,-25,0.36,2,2.233
1.3,45.55,50.0,0,0.18,2,2.208
1.3,45.55,50.0,25,0.36,2,2.23
1.3,45.55,50.0,75,0.18,2,2.126
1.3,45.55,50.0,100,0.36,2,2.216
1.3,45.55,50.0,125,0.18,2,2.095
1.3,45.55,100.0,-40,0.36,2,2.379
1.3,45.55,100.0,-25,0.18,2,2.384
1.3,45.55,100.0,-25,0.36,2,2.382
1.3,45.55,100.0,0,0.18,2,2.355
1.3,45.55,100.0,0,0.36,2,2.388
1.3,45.55,100.0,25,0.18,2,2.325
1.3,45.55,100.0,75,0.18,2,2.24
1.3,45.55,100.0,100,0.18,2,2.208
1.3,45.55,100.0,100,0.36,2,2.322
1.3,45.55,100.0,125,0.36,2,2.294
1.3,45.55,200.0,-40,0.18,2,2.735
1.3,45.55,200.0,-40,0.36,2,2.69
1.3,45.55,200.0,-25,0.18,2,2.714
1.3,45.55,200.0,-25,0.36,2,2.694
1.3,45.55,200.0,0,0.18,2,2.668
1.3,45.55,200.0,0,0.36,2,2.65
1.3,45.55,200.0,25,0.18,2,2.601
1.3,45.55,200.0,25,0.36,2,2.617
1.3,45.55,200.0,75,0.18,2,2.465
1.3,45.55,200.0,75,0.36,2,2.533
1.3,45.55,200.0,100,0.36,2,2.509
1.3,45.55,200.0,125,0.18,2,2.367
1.3,45.55,200.0,125,0.36,2,2.464
1.3,45.55,400.0,-40,0.18,2,3.415
1.3,45.55,400.0,-40,0.36,2,3.261
1.3,45.55,400.0,-25,0.36,2,3.19
1.3,45.55,400.0,0,0.18,2,3.234
1.3,45.55,400.0,25,0.18,2,3.147
1.3,45.55,400.0,25,0.36,2,3.1
1.3,45.55,400.0,75,0.18,2,2.894
1.3,45.55,400.0,75,0.36,2,2.952
1.3,45.55,400.0,100,0.18,2,2.799
1.3,45.55,400.0,100,0.36,2,2.885
1.3,45.55,400.0,125,0.18,2,2.715
1.3,45.55,400.0,125,0.36,2,2.802
1.3,50.0,10.0,-40,0.36,2,2.247
1.3,50.0,10.0,-25,0.18,2,2.239
1.3,50.0,10.0,-25,0.36,2,2.271
1.3,50.0,10.0,0,0.18,2,2.254
1.3,50.0,10.0,0,0.36,2,2.279
1.3,50.0,10.0,25,0.18,2,2.233
1.3,50.0,10.0,25,0.36,2,2.27
1.3,50.0,10.0,75,0.36,2,2.327
1.3,50.0,10.0,100,0.18,2,2.206
1.3,50.0,10.0,125,0.18,2,2.204
1.3,50.0,10.0,125,0.36,2,2.301
1.3,50.0,50.0,-40,0.36,2,2.408
1.3,50.0,50.0,-25,0.18,2,2.389
1.3,50.0,50.0,0,0.18,2,2.388
1.3,50.0,50.0,25,0.18,2,2.359
1.3,50.0,50.0,25,0.36,2,2.41
1.3,50.0,50.0,75,0.36,2,2.411
1.3,50.0,50.0,100,0.18,2,2.291
1.3,50.0,50.0,125,0.18,2,2.281
1.3,50.0,100.0,-40,0.36,2,2.577
1.3,50.0,100.0,-25,0.18,2,2.57
1.3,50.0,100.0,-25,0.36,2,2.595
1.3,50.0,100.0,0,0.18,2,2.545
1.3,50.0,100.0,0,0.36,2,2.576
1.3,50.0,100.0,25,0.36,2,2.549
1.3,50.0,100.0,75,0.18,2,2.425
1.3,50.0,100.0,75,0.36,2,2.541
1.3,50.0,100.0,100,0.18,2,2.394
1.3,50.0,100.0,100,0.36,2,2.513
1.3,50.0,100.0,125,0.36,2,2.475
1.3,50.0,200.0,-40,0.18,2,2.923
1.3,50.0,200.0,-40,0.36,2,2.909
1.3,50.0,200.0,-25,0.18,2,2.906
1.3,50.0,200.0,-25,0.36,2,2.9
1.3,50.0,200.0,0,0.18,2,2.852
1.3,50.0,200.0,0,0.36,2,2.868
1.3,50.0,200.0,25,0.18,2,2.784
1.3,50.0,200.0,25,0.36,2,2.793
1.3,50.0,200.0,75,0.18,2,2.65
1.3,50.0,200.0,75,0.36,2,2.729
1.3,50.0,200.0,100,0.36,2,2.705
1.3,50.0,200.0,125,0.18,2,2.553
1.3,50.0,400.0,-40,0.18,2,3.61
1.3,50.0,400.0,-40,0.36,2,3.439
1.3,50.0,400.0,-25,0.18,2,3.556
1.3,50.0,400.0,-25,0.36,2,3.418
1.3,50.0,400.0,0,0.18,2,3.465
1.3,50.0,400.0,0,0.36,2,3.341
1.3,50.0,400.0,25,0.18,2,3.34
1.3,50.0,400.0,25,0.36,2,3.312
1.3,50.0,400.0,75,0.36,2,3.171
1.3,50.0,400.0,100,0.36,2,3.039
1.3,50.0,400.0,125,0.18,2,2.907
1.3,50.0,400.0,125,0.36,2,2.974
0.7,1.0,10.0,-40,0.18,3,0.143
0.7,1.0,10.0,-40,0.36,3,0.193
0.7,1.0,10.0,-25,0.18,3,0.145
0.7,1.0,10.0,-25,0.36,3,0.196
0.7,1.0,10.0,0,0.18,3,0.147
0.7,1.0,10.0,0,0.36,3,0.2
0.7,1.0,10.0,25,0.18,3,0.15
0.7,1.0,10.0,25,0.36,3,0.205
0.7,1.0,10.0,75,0.18,3,0.154
0.7,1.0,10.0,75,0.36,3,0.213
0.7,1.0,10.0,100,0.18,3,0.156
0.7,1.0,10.0,100,0.36,3,0.217
0.7,1.0,10.0,125,0.18,3,0.158
0.7,1.0,10.0,125,0.36,3,0.22
0.7,1.0,50.0,-40,0.18,3,0.137
0.7,1.0,50.0,-40,0.36,3,0.179
0.7,1.0,50.0,-25,0.18,3,0.139
0.7,1.0,50.0,-25,0.36,3,0.182
0.7,1.0,50.0,0,0.18,3,0.141
0.7,1.0,50.0,0,0.36,3,0.187
0.7,1.0,50.0,25,0.18,3,0.143
0.7,1.0,50.0,25,0.36,3,0.191
0.7,1.0,50.0,75,0.18,3,0.148
0.7,1.0,50.0,75,0.36,3,0.2
0.7,1.0,50.0,100,0.18,3,0.15
0.7,1.0,50.0,100,0.36,3,0.204
0.7,1.0,50.0,125,0.18,3,0.152
0.7,1.0,50.0,125,0.36,3,0.208
0.7,1.0,100.0,-40,0.18,3,0.135
0.7,1.0,100.0,-40,0.36,3,0.175
0.7,1.0,100.0,-25,0.18,3,0.136
0.7,1.0,100.0,-25,0.36,3,0.178
0.7,1.0,100.0,0,0.18,3,0.138
0.7,1.0,100.0,0,0.36,3,0.182
0.7,1.0,100.0,25,0.18,3,0.141
0.7,1.0,100.0,25,0.36,3,0.186
0.7,1.0,100.0,75,0.18,3,0.145
0.7,1.0,100.0,75,0.36,3,0.194
0.7,1.0,100.0,100,0.18,3,0.147
0.7,1.0,100.0,100,0.36,3,0.198
0.7,1.0,100.0,125,0.18,3,0.149
0.7,1.0,100.0,125,0.36,3,0.202
0.7,1.0,200.0,-40,0.18,3,0.133
0.7,1.0,200.0,-40,0.36,3,0.173
0.7,1.0,200.0,-25,0.18,3,0.134
0.7,1.0,200.0,-25,0.36,3,0.175
0.7,1.0,200.0,0,0.18,3,0.136
0.7,1.0,200.0,0,0.36,3,0.179
0.7,1.0,200.0,25,0.18,3,0.138
0.7,1.0,200.0,25,0.36,3,0.182
0.7,1.0,200.0,75,0.18,3,0.142
0.7,1.0,200.0,75,0.36,3,0.189
0.7,1.0,200.0,100,0.18,3,0.144
0.7,1.0,200.0,100,0.36,3,0.193
0.7,1.0,200.0,125,0.18,3,0.146
0.7,1.0,200.0,125,0.36,3,0.196
0.7,1.0,400.0,-40,0.18,3,0.132
0.7,1.0,400.0,-40,0.36,3,0.171
0.7,1.0,400.0,-25,0.18,3,0.133
0.7,1.0,400.0,-25,0.36,3,0.173
0.7,1.0,400.0,0,0.18,3,0.135
0.7,1.0,400.0,0,0.36,3,0.176
0.7,1.0,400.0,25,0.18,3,0.137
0.7,1.0,400.0,25,0.36,3,0.179
0.7,1.0,400.0,75,0.18,3,0.141
0.7,1.0,400.0,75,0.36,3,0.186
0.7,1.0,400.0,100,0.18,3,0.142
0.7,1.0,400.0,100,0.36,3,0.189
0.7,1.0,400.0,125,0.18,3,0.144
0.7,1.0,400.0,125,0.36,3,0.192
0.7,5.45,10.0,-40,0.18,3,0.508
0.7,5.45,10.0,-40,0.36,3,0.559
0.7,5.45,10.0,-25,0.18,3,0.51
0.7,5.45,10.0,-25,0.36,3,0.561
0.7,5.45,10.0,0,0.18,3,0.512
0.7,5.45,10.0,0,0.36,3,0.566
0.7,5.45,10.0,25,0.18,3,0.514
0.7,5.45,10.0,25,0.36,3,0.57
0.7,5.45,10.0,75,0.18,3,0.518
0.7,5.45,10.0,75,0.36,3,0.577
0.7,5.45,10.0,100,0.18,3,0.52
0.7,5.45,10.0,100,0.36,3,0.581
0.7,5.45,10.0,125,0.18,3,0.521
0.7,5.45,10.0,125,0.36,3,0.584
0.7,5.45,50.0,-40,0.18,3,0.504
0.7,5.45,50.0,-40,0.36,3,0.548
0.7,5.45,50.0,-25,0.18,3,0.505
0.7,5.45,50.0,-25,0.36,3,0.551
0.7,5.45,50.0,0,0.18,3,0.507
0.7,5.45,50.0,0,0.36,3,0.556
0.7,5.45,50.0,25,0.18,3,0.509
0.7,5.45,50.0,25,0.36,3,0.56
0.7,5.45,50.0,75,0.18,3,0.513
0.7,5.45,50.0,75,0.36,3,0.567
0.7,5.45,50.0,100,0.18,3,0.515
0.7,5.45,50.0,100,0.36,3,0.571
0.7,5.45,50.0,125,0.18,3,0.516
0.7,5.45,50.0,125,0.36,3,0.574
0.7,5.45,100.0,-40,0.18,3,0.501
0.7,5.45,100.0,-40,0.36,3,0.544
0.7,5.45,100.0,-25,0.18,3,0.503
0.7,5.45,100.0,-25,0.36,3,0.547
0.7,5.45,100.0,0,0.18,3,0.505
0.7,5.45,100.0,0,0.36,3,0.551
0.7,5.45,100.0,25,0.18,3,0.507
0.7,5.45,100.0,25,0.36,3,0.555
0.7,5.45,100.0,75,0.18,3,0.511
0.7,5.45,100.0,75,0.36,3,0.563
0.7,5.45,100.0,100,0.18,3,0.512
0.7,5.45,100.0,100,0.36,3,0.566
0.7,5.45,100.0,125,0.18,3,0.513
0.7,5.45,100.0,125,0.36,3,0.569
0.7,5.45,200.0,-40,0.18,3,0.499
0.7,5.45,200.0,-40,0.36,3,0.54
0.7,5.45,200.0,-25,0.18,3,0.501
0.7,5.45,200.0,-25,0.36,3,0.542
0.7,5.45,200.0,0,0.18,3,0.503
0.7,5.45,200.0,0,0.36,3,0.547
0.7,5.45,200.0,25,0.18,3,0.505
0.7,5.45,200.0,25,0.36,3,0.551
0.7,5.45,200.0,75,0.18,3,0.508
0.7,5.45,200.0,75,0.36,3,0.558
0.7,5.45,200.0,100,0.18,3,0.508
0.7,5.45,200.0,100,0.36,3,0.561
0.7,5.45,200.0,125,0.18,3,0.506
0.7,5.45,200.0,125,0.36,3,0.564
0.7,5.45,400.0,-40,0.18,3,0.497
0.7,5.45,400.0,-40,0.36,3,0.536
0.7,5.45,400.0,-25,0.18,3,0.498
0.7,5.45,400.0,-25,0.36,3,0.538
0.7,5.45,400.0,0,0.18,3,0.5
0.7,5.45,400.0,0,0.36,3,0.542
0.7,5.45,400.0,25,0.18,3,0.499
0.7,5.45,400.0,25,0.36,3,0.545
0.7,5.45,400.0,75,0.18,3,0.472
0.7,5.45,400.0,75,0.36,3,0.552
0.7,5.45,400.0,100,0.18,3,0.443
0.7,5.45,400.0,100,0.36,3,0.554
0.7,5.45,400.0,125,0.18,3,0.409
0.7,5.45,400.0,125,0.36,3,0.554
0.7,9.91,10.0,-40,0.18,3,0.872
0.7,9.91,10.0,-40,0.36,3,0.923
0.7,9.91,10.0,-25,0.18,3,0.873
0.7,9.91,10.0,-25,0.36,3,0.925
0.7,9.91,10.0,0,0.18,3,0.876
0.7,9.91,10.0,0,0.36,3,0.929
0.7,9.91,10.0,25,0.18,3,0.878
0.7,9.91,10.0,25,0.36,3,0.933
0.7,9.91,10.0,75,0.18,3,0.877
0.7,9.91,10.0,75,0.36,3,0.941
0.7,9.91,10.0,100,0.18,3,0.87
0.7,9.91,10.0,100,0.36,3,0.944
0.7,9.91,10.0,125,0.18,3,0.853
0.7,9.91,10.0,125,0.36,3,0.947
0.7,9.91,50.0,-40,0.18,3,0.868
0.7,9.91,50.0,-40,0.36,3,0.914
0.7,9.91,50.0,-25,0.18,3,0.869
0.7,9.91,50.0,-25,0.36,3,0.916
0.7,9.91,50.0,0,0.18,3,0.871
0.7,9.91,50.0,0,0.36,3,0.92
0.7,9.91,50.0,25,0.18,3,0.873
0.7,9.91,50.0,25,0.36,3,0.924
0.7,9.91,50.0,75,0.18,3,0.87
0.7,9.91,50.0,75,0.36,3,0.931
0.7,9.91,50.0,100,0.18,3,0.859
0.7,9.91,50.0,100,0.36,3,0.935
0.7,9.91,50.0,125,0.18,3,0.837
0.7,9.91,50.0,125,0.36,3,0.937
0.7,9.91,100.0,-40,0.18,3,0.866
0.7,9.91,100.0,-40,0.36,3,0.91
0.7,9.91,100.0,-25,0.18,3,0.868
0.7,9.91,100.0,-25,0.36,3,0.913
0.7,9.91,100.0,0,0.18,3,0.87
0.7,9.91,100.0,0,0.36,3,0.917
0.7,9.91,100.0,25,0.18,3,0.871
0.7,9.91,100.0,25,0.36,3,0.92
0.7,9.91,100.0,75,0.18,3,0.863
0.7,9.91,100.0,75,0.36,3,0.927
0.7,9.91,100.0,100,0.18,3,0.845
0.7,9.91,100.0,100,0.36,3,0.93
0.7,9.91,100.0,125,0.18,3,0.814
0.7,9.91,100.0,125,0.36,3,0.933
0.7,9.91,200.0,-40,0.18,3,0.864
0.7,9.91,200.0,-40,0.36,3,0.906
0.7,9.91,200.0,-25,0.18,3,0.866
0.7,9.91,200.0,-25,0.36,3,0.908
0.7,9.91,200.0,0,0.18,3,0.868
0.7,9.91,200.0,0,0.36,3,0.912
0.7,9.91,200.0,25,0.18,3,0.867
0.7,9.91,200.0,25,0.36,3,0.916
0.7,9.91,200.0,75,0.18,3,0.833
0.7,9.91,200.0,75,0.36,3,0.923
0.7,9.91,200.0,100,0.18,3,0.792
0.7,9.91,200.0,100,0.36,3,0.925
0.7,9.91,200.0,125,0.18,3,0.74
0.7,9.91,200.0,125,0.36,3,0.925
0.7,9.91,400.0,-40,0.18,3,0.861
0.7,9.91,400.0,-40,0.36,3,0.901
0.7,9.91,400.0,-25,0.18,3,0.857
0.7,9.91,400.0,-25,0.36,3,0.904
0.7,9.91,400.0,0,0.18,3,0.82
0.7,9.91,400.0,0,0.36,3,0.907
0.7,9.91,400.0,25,0.18,3,0.737
0.7,9.91,400.0,25,0.36,3,0.909
0.7,9.91,400.0,75,0.18,3,0.568
0.7,9.91,400.0,75,0.36,3,0.886
0.7,9.91,400.0,100,0.18,3,0.504
0.7,9.91,400.0,100,0.36,3,0.85
0.7,9.91,400.0,125,0.18,3,0.453
0.7,9.91,400.0,125,0.36,3,0.802
0.7,14.36,10.0,-40,0.18,3,1.236
0.7,14.36,10.0,-40,0.36,3,1.286
0.7,14.36,10.0,-25,0.18,3,1.237
0.7,14.36,10.0,-25,0.36,3,1.289
0.7,14.36,10.0,0,0.18,3,1.239
0.7,14.36,10.0,0,0.36,3,1.293
0.7,14.36,10.0,25,0.18,3,1.238
0.7,14.36,10.0,25,0.36,3,1.297
0.7,14.36,10.0,75,0.18,3,1.193
0.7,14.36,10.0,75,0.36,3,1.304
0.7,14.36,10.0,100,0.18,3,1.136
0.7,14.36,10.0,100,0.36,3,1.306
0.7,14.36,10.0,125,0.18,3,1.063
0.7,14.36,10.0,125,0.36,3,1.304
0.7,14.36,50.0,-40,0.18,3,1.232
0.7,14.36,50.0,-40,0.36,3,1.278
0.7,14.36,50.0,-25,0.18,3,1.233
0.7,14.36,50.0,-25,0.36,3,1.281
0.7,14.36,50.0,0,0.18,3,1.235
0.7,14.36,50.0,0,0.36,3,1.284
0.7,14.36,50.0,25,0.18,3,1.231
0.7,14.36,50.0,25,0.36,3,1.288
0.7,14.36,50.0,75,0.18,3,1.168
0.7,14.36,50.0,75,0.36,3,1.294
0.7,14.36,50.0,100,0.18,3,1.1
0.7,14.36,50.0,100,0.36,3,1.295
0.7,14.36,50.0,125,0.18,3,1.019
0.7,14.36,50.0,125,0.36,3,1.292
0.7,14.36,100.0,-40,0.18,3,1.231
0.7,14.36,100.0,-40,0.36,3,1.275
0.7,14.36,100.0,-25,0.18,3,1.232
0.7,14.36,100.0,-25,0.36,3,1.277
0.7,14.36,100.0,0,0.18,3,1.232
0.7,14.36,100.0,0,0.36,3,1.281
0.7,14.36,100.0,25,0.18,3,1.224
0.7,14.36,100.0,25,0.36,3,1.285
0.7,14.36,100.0,75,0.18,3,1.131
0.7,14.36,100.0,75,0.36,3,1.29
0.7,14.36,100.0,100,0.18,3,1.049
0.7,14.36,100.0,100,0.36,3,1.289
0.7,14.36,100.0,125,0.18,3,0.96
0.7,14.36,100.0,125,0.36,3,1.281
0.7,14.36,200.0,-40,0.18,3,1.229
0.7,14.36,200.0,-40,0.36,3,1.271
0.7,14.36,200.0,-25,0.18,3,1.229
0.7,14.36,200.0,-25,0.36,3,1.273
0.7,14.36,200.0,0,0.18,3,1.223
0.7,14.36,200.0,0,0.36,3,1.277
0.7,14.36,200.0,25,0.18,3,1.189
0.7,14.36,200.0,25,0.36,3,1.281
0.7,14.36,200.0,75,0.18,3,1.013
0.7,14.36,200.0,75,0.36,3,1.28
0.7,14.36,200.0,100,0.18,3,0.91
0.7,14.36,200.0,100,0.36,3,1.268
0.7,14.36,200.0,125,0.18,3,0.817
0.7,14.36,200.0,125,0.36,3,1.241
0.7,14.36,400.0,-40,0.18,3,1.198
0.7,14.36,400.0,-40,0.36,3,1.266
0.7,14.36,400.0,-25,0.18,3,1.128
0.7,14.36,400.0,-25,0.36,3,1.268
0.7,14.36,400.0,0,0.18,3,0.951
0.7,14.36,400.0,0,0.36,3,1.266
0.7,14.36,400.0,25,0.18,3,0.801
0.7,14.36,400.0,25,0.36,3,1.239
0.7,14.36,400.0,75,0.18,3,0.596
0.7,14.36,400.0,75,0.36,3,1.075
0.7,14.36,400.0,100,0.18,3,0.526
0.7,14.36,400.0,100,0.36,3,0.974
0.7,14.36,400.0,125,0.18,3,0.469
0.7,14.36,400.0,125,0.36,3,0.883
0.7,18.82,10.0,-40,0.18,3,1.6
0.7,18.82,10.0,-40,0.36,3,1.65
0.7,18.82,10.0,-25,0.18,3,1.601
0.7,18.82,10.0,-25,0.36,3,1.653
0.7,18.82,10.0,0,0.18,3,1.598
0.7,18.82,10.0,0,0.36,3,1.657
0.7,18.82,10.0,25,0.18,3,1.575
0.7,18.82,10.0,25,0.36,3,1.66
0.7,18.82,10.0,75,0.18,3,1.406
0.7,18.82,10.0,75,0.36,3,1.663
0.7,18.82,10.0,100,0.18,3,1.282
0.7,18.82,10.0,100,0.36,3,1.656
0.7,18.82,10.0,125,0.18,3,1.161
0.7,18.82,10.0,125,0.36,3,1.635
0.7,18.82,50.0,-40,0.18,3,1.596
0.7,18.82,50.0,-40,0.36,3,1.642
0.7,18.82,50.0,-25,0.18,3,1.597
0.7,18.82,50.0,-25,0.36,3,1.645
0.7,18.82,50.0,0,0.18,3,1.591
0.7,18.82,50.0,0,0.36,3,1.648
0.7,18.82,50.0,25,0.18,3,1.555
0.7,18.82,50.0,25,0.36,3,1.652
0.7,18.82,50.0,75,0.18,3,1.351
0.7,18.82,50.0,75,0.36,3,1.652
0.7,18.82,50.0,100,0.18,3,1.22
0.7,18.82,50.0,100,0.36,3,1.639
0.7,18.82,50.0,125,0.18,3,1.098
0.7,18.82,50.0,125,0.36,3,1.61
0.7,18.82,100.0,-40,0.18,3,1.594
0.7,18.82,100.0,-40,0.36,3,1.639
0.7,18.82,100.0,-25,0.18,3,1.595
0.7,18.82,100.0,-25,0.36,3,1.642
0.7,18.82,100.0,0,0.18,3,1.582
0.7,18.82,100.0,0,0.36,3,1.645
0.7,18.82,100.0,25,0.18,3,1.524
0.7,18.82,100.0,25,0.36,3,1.648
0.7,18.82,100.0,75,0.18,3,1.274
0.7,18.82,100.0,75,0.36,3,1.642
0.7,18.82,100.0,100,0.18,3,1.138
0.7,18.82,100.0,100,0.36,3,1.619
0.7,18.82,100.0,125,0.18,3,1.018
0.7,18.82,100.0,125,0.36,3,1.576
0.7,18.82,200.0,-40,0.18,3,1.592
0.7,18.82,200.0,-40,0.36,3,1.635
0.7,18.82,200.0,-25,0.18,3,1.586
0.7,18.82,200.0,-25,0.36,3,1.638
0.7,18.82,200.0,0,0.18,3,1.532
0.7,18.82,200.0,0,0.36,3,1.642
0.7,18.82,200.0,25,0.18,3,1.402
0.7,18.82,200.0,25,0.36,3,1.643
0.7,18.82,200.0,75,0.18,3,1.084
0.7,18.82,200.0,75,0.36,3,1.603
0.7,18.82,200.0,100,0.18,3,0.956
0.7,18.82,200.0,100,0.36,3,1.544
0.7,18.82,200.0,125,0.18,3,0.85
0.7,18.82,200.0,125,0.36,3,1.46
0.7,18.82,400.0,-40,0.18,3,1.406
0.7,18.82,400.0,-40,0.36,3,1.63
0.7,18.82,400.0,-25,0.18,3,1.231
0.7,18.82,400.0,-25,0.36,3,1.627
0.7,18.82,400.0,0,0.18,3,0.999
0.7,18.82,400.0,0,0.36,3,1.583
0.7,18.82,400.0,25,0.18,3,0.831
0.7,18.82,400.0,25,0.36,3,1.461
0.7,18.82,400.0,75,0.18,3,0.612
0.7,18.82,400.0,75,0.36,3,1.147
0.7,18.82,400.0,100,0.18,3,0.538
0.7,18.82,400.0,100,0.36,3,1.022
0.7,18.82,400.0,125,0.18,3,0.478
0.7,18.82,400.0,125,0.36,3,0.919
0.7,23.27,10.0,-40,0.18,3,1.963
0.7,23.27,10.0,-40,0.36,3,2.014
0.7,23.27,10.0,-25,0.18,3,1.962
0.7,23.27,10.0,-25,0.36,3,2.016
0.7,23.27,10.0,0,0.18,3,1.939
0.7,23.27,10.0,0,0.36,3,2.02
0.7,23.27,10.0,25,0.18,3,1.853
0.7,23.27,10.0,25,0.36,3,2.023
0.7,23.27,10.0,75,0.18,3,1.522
0.7,23.27,10.0,75,0.36,3,2.009
0.7,23.27,10.0,100,0.18,3,1.354
0.7,23.27,10.0,100,0.36,3,1.973
0.7,23.27,10.0,125,0.18,3,1.208
0.7,23.27,10.0,125,0.36,3,1.909
0.7,23.27,50.0,-40,0.18,3,1.959
0.7,23.27,50.0,-40,0.36,3,2.006
0.7,23.27,50.0,-25,0.18,3,1.957
0.7,23.27,50.0,-25,0.36,3,2.009
0.7,23.27,50.0,0,0.18,3,1.92
0.7,23.27,50.0,0,0.36,3,2.012
0.7,23.27,50.0,25,0.18,3,1.806
0.7,23.27,50.0,25,0.36,3,2.014
0.7,23.27,50.0,75,0.18,3,1.444
0.7,23.27,50.0,75,0.36,3,1.988
0.7,23.27,50.0,100,0.18,3,1.278
0.7,23.27,50.0,100,0.36,3,1.939
0.7,23.27,50.0,125,0.18,3,1.137
0.7,23.27,50.0,125,0.36,3,1.86
0.7,23.27,100.0,-40,0.18,3,1.957
0.7,23.27,100.0,-40,0.36,3,2.003
0.7,23.27,100.0,-25,0.18,3,1.95
0.7,23.27,100.0,-25,0.36,3,2.006
0.7,23.27,100.0,0,0.18,3,1.886
0.7,23.27,100.0,0,0.36,3,2.009
0.7,23.27,100.0,25,0.18,3,1.732
0.7,23.27,100.0,25,0.36,3,2.01
0.7,23.27,100.0,75,0.18,3,1.343
0.7,23.27,100.0,75,0.36,3,1.961
0.7,23.27,100.0,100,0.18,3,1.183
0.7,23.27,100.0,100,0.36,3,1.89
0.7,23.27,100.0,125,0.18,3,1.05
0.7,23.27,100.0,125,0.36,3,1.789
0.7,23.27,200.0,-40,0.18,3,1.947
0.7,23.27,200.0,-40,0.36,3,2.0
0.7,23.27,200.0,-25,0.18,3,1.911
0.7,23.27,200.0,-25,0.36,3,2.002
0.7,23.27,200.0,0,0.18,3,1.745
0.7,23.27,200.0,0,0.36,3,2.004
0.7,23.27,200.0,25,0.18,3,1.509
0.7,23.27,200.0,25,0.36,3,1.993
0.7,23.27,200.0,75,0.18,3,1.122
0.7,23.27,200.0,75,0.36,3,1.855
0.7,23.27,200.0,100,0.18,3,0.983
0.7,23.27,200.0,100,0.36,3,1.727
0.7,23.27,200.0,125,0.18,3,0.871
0.7,23.27,200.0,125,0.36,3,1.586
0.7,23.27,400.0,-40,0.18,3,1.482
0.7,23.27,400.0,-40,0.36,3,1.988
0.7,23.27,400.0,-25,0.18,3,1.278
0.7,23.27,400.0,-25,0.36,3,1.959
0.7,23.27,400.0,0,0.18,3,1.027
0.7,23.27,400.0,0,0.36,3,1.803
0.7,23.27,400.0,25,0.18,3,0.85
0.7,23.27,400.0,25,0.36,3,1.566
0.7,23.27,400.0,75,0.18,3,0.622
0.7,23.27,400.0,75,0.36,3,1.187
0.7,23.27,400.0,100,0.18,3,0.545
0.7,23.27,400.0,100,0.36,3,1.052
0.7,23.27,400.0,125,0.18,3,0.484
0.7,23.27,400.0,125,0.36,3,0.941
0.7,27.73,10.0,-40,0.18,3,2.325
0.7,27.73,10.0,-40,0.36,3,2.377
0.7,27.73,10.0,-25,0.18,3,2.316
0.7,27.73,10.0,-25,0.36,3,2.38
0.7,27.73,10.0,0,0.18,3,2.237
0.7,27.73,10.0,0,0.36,3,2.384
0.7,27.73,10.0,25,0.18,3,2.049
0.7,27.73,10.0,25,0.36,3,2.384
0.7,27.73,10.0,75,0.18,3,1.586
0.7,27.73,10.0,75,0.36,3,2.323
0.7,27.73,10.0,100,0.18,3,1.396
0.7,27.73,10.0,100,0.36,3,2.235
0.7,27.73,10.0,125,0.18,3,1.238
0.7,27.73,10.0,125,0.36,3,2.113
0.7,27.73,50.0,-40,0.18,3,2.32
0.7,27.73,50.0,-40,0.36,3,2.37
0.7,27.73,50.0,-25,0.18,3,2.304
0.7,27.73,50.0,-25,0.36,3,2.372
0.7,27.73,50.0,0,0.18,3,2.192
0.7,27.73,50.0,0,0.36,3,2.375
0.7,27.73,50.0,25,0.18,3,1.969
0.7,27.73,50.0,25,0.36,3,2.372
0.7,27.73,50.0,75,0.18,3,1.496
0.7,27.73,50.0,75,0.36,3,2.283
0.7,27.73,50.0,100,0.18,3,1.313
0.7,27.73,50.0,100,0.36,3,2.174
0.7,27.73,50.0,125,0.18,3,1.163
0.7,27.73,50.0,125,0.36,3,2.034
0.7,27.73,100.0,-40,0.18,3,2.315
0.7,27.73,100.0,-40,0.36,3,2.367
0.7,27.73,100.0,-25,0.18,3,2.282
0.7,27.73,100.0,-25,0.36,3,2.37
0.7,27.73,100.0,0,0.18,3,2.116
0.7,27.73,100.0,0,0.36,3,2.372
0.7,27.73,100.0,25,0.18,3,1.853
0.7,27.73,100.0,25,0.36,3,2.362
0.7,27.73,100.0,75,0.18,3,1.383
0.7,27.73,100.0,75,0.36,3,2.225
0.7,27.73,100.0,100,0.18,3,1.211
0.7,27.73,100.0,100,0.36,3,2.087
0.7,27.73,100.0,125,0.18,3,1.071
0.7,27.73,100.0,125,0.36,3,1.927
0.7,27.73,200.0,-40,0.18,3,2.277
0.7,27.73,200.0,-40,0.36,3,2.364
0.7,27.73,200.0,-25,0.18,3,2.168
0.7,27.73,200.0,-25,0.36,3,2.366
0.7,27.73,200.0,0,0.18,3,1.864
0.7,27.73,200.0,0,0.36,3,2.36
0.7,27.73,200.0,25,0.18,3,1.565
0.7,27.73,200.0,25,0.36,3,2.313
0.7,27.73,200.0,75,0.18,3,1.147
0.7,27.73,200.0,75,0.36,3,2.025
0.7,27.73,200.0,100,0.18,3,1.001
0.7,27.73,200.0,100,0.36,3,1.835
0.7,27.73,200.0,125,0.18,3,0.885
0.7,27.73,200.0,125,0.36,3,1.656
0.7,27.73,400.0,-40,0.18,3,1.525
0.7,27.73,400.0,-40,0.36,3,2.325
0.7,27.73,400.0,-25,0.18,3,1.309
0.7,27.73,400.0,-25,0.36,3,2.225
0.7,27.73,400.0,0,0.18,3,1.047
0.7,27.73,400.0,0,0.36,3,1.917
0.7,27.73,400.0,25,0.18,3,0.863
0.7,27.73,400.0,25,0.36,3,1.623
0.7,27.73,400.0,75,0.18,3,0.628
0.7,27.73,400.0,75,0.36,3,1.214
0.7,27.73,400.0,100,0.18,3,0.55
0.7,27.73,400.0,100,0.36,3,1.072
0.7,27.73,400.0,125,0.18,3,0.488
0.7,27.73,400.0,125,0.36,3,0.957
0.7,32.18,10.0,-40,0.18,3,2.683
0.7,32.18,10.0,-40,0.36,3,2.741
0.7,32.18,10.0,-25,0.18,3,2.649
0.7,32.18,10.0,-25,0.36,3,2.744
0.7,32.18,10.0,0,0.18,3,2.47
0.7,32.18,10.0,0,0.36,3,2.746
0.7,32.18,10.0,25,0.18,3,2.174
0.7,32.18,10.0,25,0.36,3,2.736
0.7,32.18,10.0,75,0.18,3,1.627
0.7,32.18,10.0,75,0.36,3,2.588
0.7,32.18,10.0,100,0.18,3,1.424
0.7,32.18,10.0,100,0.36,3,2.434
0.7,32.18,10.0,125,0.18,3,1.26
0.7,32.18,10.0,125,0.36,3,2.252
0.7,32.18,50.0,-40,0.18,3,2.673
0.7,32.18,50.0,-40,0.36,3,2.734
0.7,32.18,50.0,-25,0.18,3,2.62
0.7,32.18,50.0,-25,0.36,3,2.736
0.7,32.18,50.0,0,0.18,3,2.39
0.7,32.18,50.0,0,0.36,3,2.737
0.7,32.18,50.0,25,0.18,3,2.067
0.7,32.18,50.0,25,0.36,3,2.718
0.7,32.18,50.0,75,0.18,3,1.53
0.7,32.18,50.0,75,0.36,3,2.522
0.7,32.18,50.0,100,0.18,3,1.338
0.7,32.18,50.0,100,0.36,3,2.344
0.7,32.18,50.0,125,0.18,3,1.182
0.7,32.18,50.0,125,0.36,3,2.149
0.7,32.18,100.0,-40,0.18,3,2.656
0.7,32.18,100.0,-40,0.36,3,2.731
0.7,32.18,100.0,-25,0.18,3,2.567
0.7,32.18,100.0,-25,0.36,3,2.733
0.7,32.18,100.0,0,0.18,3,2.267
0.7,32.18,100.0,0,0.36,3,2.73
0.7,32.18,100.0,25,0.18,3,1.923
0.7,32.18,100.0,25,0.36,3,2.695
0.7,32.18,100.0,75,0.18,3,1.411
0.7,32.18,100.0,75,0.36,3,2.423
0.7,32.18,100.0,100,0.18,3,1.232
0.7,32.18,100.0,100,0.36,3,2.218
0.7,32.18,100.0,125,0.18,3,1.087
0.7,32.18,100.0,125,0.36,3,2.012
0.7,32.18,200.0,-40,0.18,3,2.552
0.7,32.18,200.0,-40,0.36,3,2.728
0.7,32.18,200.0,-25,0.18,3,2.339
0.7,32.18,200.0,-25,0.36,3,2.728
0.7,32.18,200.0,0,0.18,3,1.93
0.7,32.18,200.0,0,0.36,3,2.698
0.7,32.18,200.0,25,0.18,3,1.603
0.7,32.18,200.0,25,0.36,3,2.583
0.7,32.18,200.0,75,0.18,3,1.165
0.7,32.18,200.0,75,0.36,3,2.131
0.7,32.18,200.0,100,0.18,3,1.015
0.7,32.18,200.0,100,0.36,3,1.9
0.7,32.18,200.0,125,0.18,3,0.895
0.7,32.18,200.0,125,0.36,3,1.7
0.7,32.18,400.0,-40,0.18,3,1.556
0.7,32.18,400.0,-40,0.36,3,2.61
0.7,32.18,400.0,-25,0.18,3,1.331
0.7,32.18,400.0,-25,0.36,3,2.393
0.7,32.18,400.0,0,0.18,3,1.061
0.7,32.18,400.0,0,0.36,3,1.982
0.7,32.18,400.0,25,0.18,3,0.873
0.7,32.18,400.0,25,0.36,3,1.662
0.7,32.18,400.0,75,0.18,3,0.633
0.7,32.18,400.0,75,0.36,3,1.234
0.7,32.18,400.0,100,0.18,3,0.554
0.7,32.18,400.0,100,0.36,3,1.087
0.7,32.18,400.0,125,0.18,3,0.491
0.7,32.18,400.0,125,0.36,3,0.969
0.7,36.64,10.0,-40,0.18,3,3.028
0.7,36.64,10.0,-40,0.36,3,3.105
0.7,36.64,10.0,-25,0.18,3,2.945
0.7,36.64,10.0,-25,0.36,3,3.107
0.7,36.64,10.0,0,0.18,3,2.635
0.7,36.64,10.0,0,0.36,3,3.105
0.7,36.64,10.0,25,0.18,3,2.252
0.7,36.64,10.0,25,0.36,3,3.073
0.7,36.64,10.0,75,0.18,3,1.657
0.7,36.64,10.0,75,0.36,3,2.799
0.7,36.64,10.0,100,0.18,3,1.446
0.7,36.64,10.0,100,0.36,3,2.577
0.7,36.64,10.0,125,0.18,3,1.276
0.7,36.64,10.0,125,0.36,3,2.346
0.7,36.64,50.0,-40,0.18,3,3.006
0.7,36.64,50.0,-40,0.36,3,3.098
0.7,36.64,50.0,-25,0.18,3,2.888
0.7,36.64,50.0,-25,0.36,3,3.1
0.7,36.64,50.0,0,0.18,3,2.521
0.7,36.64,50.0,0,0.36,3,3.093
0.7,36.64,50.0,25,0.18,3,2.128
0.7,36.64,50.0,25,0.36,3,3.043
0.7,36.64,50.0,75,0.18,3,1.556
0.7,36.64,50.0,75,0.36,3,2.702
0.7,36.64,50.0,100,0.18,3,1.356
0.7,36.64,50.0,100,0.36,3,2.46
0.7,36.64,50.0,125,0.18,3,1.196
0.7,36.64,50.0,125,0.36,3,2.224
0.7,36.64,100.0,-40,0.18,3,2.964
0.7,36.64,100.0,-40,0.36,3,3.095
0.7,36.64,100.0,-25,0.18,3,2.787
0.7,36.64,100.0,-25,0.36,3,3.096
0.7,36.64,100.0,0,0.18,3,2.359
0.7,36.64,100.0,0,0.36,3,3.079
0.7,36.64,100.0,25,0.18,3,1.969
0.7,36.64,100.0,25,0.36,3,2.994
0.7,36.64,100.0,75,0.18,3,1.432
0.7,36.64,100.0,75,0.36,3,2.562
0.7,36.64,100.0,100,0.18,3,1.247
0.7,36.64,100.0,100,0.36,3,2.304
0.7,36.64,100.0,125,0.18,3,1.099
0.7,36.64,100.0,125,0.36,3,2.069
0.7,36.64,200.0,-40,0.18,3,2.751
0.7,36.64,200.0,-40,0.36,3,3.091
0.7,36.64,200.0,-25,0.18,3,2.44
0.7,36.64,200.0,-25,0.36,3,3.084
0.7,36.64,200.0,0,0.18,3,1.975
0.7,36.64,200.0,0,0.36,3,3.006
0.7,36.64,200.0,25,0.18,3,1.631
0.7,36.64,200.0,25,0.36,3,2.793
0.7,36.64,200.0,75,0.18,3,1.178
0.7,36.64,200.0,75,0.36,3,2.199
0.7,36.64,200.0,100,0.18,3,1.025
0.7,36.64,200.0,100,0.36,3,1.945
0.7,36.64,200.0,125,0.18,3,0.903
0.7,36.64,200.0,125,0.36,3,1.732
0.7,36.64,400.0,-40,0.18,3,1.579
0.7,36.64,400.0,-40,0.36,3,2.809
0.7,36.64,400.0,-25,0.18,3,1.348
0.7,36.64,400.0,-25,0.36,3,2.486
0.7,36.64,400.0,0,0.18,3,1.072
0.7,36.64,400.0,0,0.36,3,2.027
0.7,36.64,400.0,25,0.18,3,0.88
0.7,36.64,400.0,25,0.36,3,1.692
0.7,36.64,400.0,75,0.18,3,0.637
0.7,36.64,400.0,75,0.36,3,1.249
0.7,36.64,400.0,100,0.18,3,0.557
0.7,36.64,400.0,100,0.36,3,1.098
0.7,36.64,400.0,125,0.18,3,0.493
0.7,36.64,400.0,125,0.36,3,0.978
0.7,41.09,10.0,-40,0.18,3,3.349
0.7,41.09,10.0,-40,0.36,3,3.468
0.7,41.09,10.0,-25,0.18,3,3.188
0.7,41.09,10.0,-25,0.36,3,3.47
0.7,41.09,10.0,0,0.18,3,2.745
0.7,41.09,10.0,0,0.36,3,3.458
0.7,41.09,10.0,25,0.18,3,2.304
0.7,41.09,10.0,25,0.36,3,3.386
0.7,41.09,10.0,75,0.18,3,1.68
0.7,41.09,10.0,75,0.36,3,2.957
0.7,41.09,10.0,100,0.18,3,1.463
0.7,41.09,10.0,100,0.36,3,2.677
0.7,41.09,10.0,125,0.18,3,1.289
0.7,41.09,10.0,125,0.36,3,2.411
0.7,41.09,50.0,-40,0.18,3,3.306
0.7,41.09,50.0,-40,0.36,3,3.462
0.7,41.09,50.0,-25,0.18,3,3.094
0.7,41.09,50.0,-25,0.36,3,3.462
0.7,41.09,50.0,0,0.18,3,2.606
0.7,41.09,50.0,0,0.36,3,3.439
0.7,41.09,50.0,25,0.18,3,2.171
0.7,41.09,50.0,25,0.36,3,3.334
0.7,41.09,50.0,75,0.18,3,1.576
0.7,41.09,50.0,75,0.36,3,2.831
0.7,41.09,50.0,100,0.18,3,1.371
0.7,41.09,50.0,100,0.36,3,2.54
0.7,41.09,50.0,125,0.18,3,1.207
0.7,41.09,50.0,125,0.36,3,2.276
0.7,41.09,100.0,-40,0.18,3,3.222
0.7,41.09,100.0,-40,0.36,3,3.459
0.7,41.09,100.0,-25,0.18,3,2.941
0.7,41.09,100.0,-25,0.36,3,3.457
0.7,41.09,100.0,0,0.18,3,2.419
0.7,41.09,100.0,0,0.36,3,3.411
0.7,41.09,100.0,25,0.18,3,2.004
0.7,41.09,100.0,25,0.36,3,3.25
0.7,41.09,100.0,75,0.18,3,1.449
0.7,41.09,100.0,75,0.36,3,2.658
0.7,41.09,100.0,100,0.18,3,1.26
0.7,41.09,100.0,100,0.36,3,2.363
0.7,41.09,100.0,125,0.18,3,1.108
0.7,41.09,100.0,125,0.36,3,2.109
0.7,41.09,200.0,-40,0.18,3,2.878
0.7,41.09,200.0,-40,0.36,3,3.452
0.7,41.09,200.0,-25,0.18,3,2.503
0.7,41.09,200.0,-25,0.36,3,3.429
0.7,41.09,200.0,0,0.18,3,2.008
0.7,41.09,200.0,0,0.36,3,3.269
0.7,41.09,200.0,25,0.18,3,1.653
0.7,41.09,200.0,25,0.36,3,2.944
0.7,41.09,200.0,75,0.18,3,1.189
0.7,41.09,200.0,75,0.36,3,2.247
0.7,41.09,200.0,100,0.18,3,1.033
0.7,41.09,200.0,100,0.36,3,1.978
0.7,41.09,200.0,125,0.18,3,0.909
0.7,41.09,200.0,125,0.36,3,1.758
0.7,41.09,400.0,-40,0.18,3,1.596
0.7,41.09,400.0,-40,0.36,3,2.925
0.7,41.09,400.0,-25,0.18,3,1.362
0.7,41.09,400.0,-25,0.36,3,2.546
0.7,41.09,400.0,0,0.18,3,1.08
0.7,41.09,400.0,0,0.36,3,2.062
0.7,41.09,400.0,25,0.18,3,0.886
0.7,41.09,400.0,25,0.36,3,1.715
0.7,41.09,400.0,75,0.18,3,0.64
0.7,41.09,400.0,75,0.36,3,1.261
0.7,41.09,400.0,100,0.18,3,0.559
0.7,41.09,400.0,100,0.36,3,1.108
0.7,41.09,400.0,125,0.18,3,0.495
0.7,41.09,400.0,125,0.36,3,0.985
0.7,45.55,10.0,-40,0.18,3,3.634
0.7,45.55,10.0,-40,0.36,3,3.832
0.7,45.55,10.0,-25,0.18,3,3.375
0.7,45.55,10.0,-25,0.36,3,3.832
0.7,45.55,10.0,0,0.18,3,2.82
0.7,45.55,10.0,0,0.36,3,3.799
0.7,45.55,10.0,25,0.18,3,2.344
0.7,45.55,10.0,25,0.36,3,3.664
0.7,45.55,10.0,75,0.18,3,1.698
0.7,45.55,10.0,75,0.36,3,3.073
0.7,45.55,10.0,100,0.18,3,1.477
0.7,45.55,10.0,100,0.36,3,2.748
0.7,45.55,10.0,125,0.18,3,1.299
0.7,45.55,10.0,125,0.36,3,2.458
0.7,45.55,50.0,-40,0.18,3,3.558
0.7,45.55,50.0,-40,0.36,3,3.825
0.7,45.55,50.0,-25,0.18,3,3.242
0.7,45.55,50.0,-25,0.36,3,3.822
0.7,45.55,50.0,0,0.18,3,2.664
0.7,45.55,50.0,0,0.36,3,3.768
0.7,45.55,50.0,25,0.18,3,2.205
0.7,45.55,50.0,25,0.36,3,3.584
0.7,45.55,50.0,75,0.18,3,1.592
0.7,45.55,50.0,75,0.36,3,2.924
0.7,45.55,50.0,100,0.18,3,1.383
0.7,45.55,50.0,100,0.36,3,2.597
0.7,45.55,50.0,125,0.18,3,1.216
0.7,45.55,50.0,125,0.36,3,2.316
0.7,45.55,100.0,-40,0.18,3,3.42
0.7,45.55,100.0,-40,0.36,3,3.821
0.7,45.55,100.0,-25,0.18,3,3.043
0.7,45.55,100.0,-25,0.36,3,3.812
0.7,45.55,100.0,0,0.18,3,2.463
0.7,45.55,100.0,0,0.36,3,3.716
0.7,45.55,100.0,25,0.18,3,2.031
0.7,45.55,100.0,25,0.36,3,3.457
0.7,45.55,100.0,75,0.18,3,1.462
0.7,45.55,100.0,75,0.36,3,2.726
0.7,45.55,100.0,100,0.18,3,1.27
0.7,45.55,100.0,100,0.36,3,2.407
0.7,45.55,100.0,125,0.18,3,1.116
0.7,45.55,100.0,125,0.36,3,2.141
0.7,45.55,200.0,-40,0.18,3,2.956
0.7,45.55,200.0,-40,0.36,3,3.807
0.7,45.55,200.0,-25,0.18,3,2.548
0.7,45.55,200.0,-25,0.36,3,3.754
0.7,45.55,200.0,0,0.18,3,2.035
0.7,45.55,200.0,0,0.36,3,3.481
0.7,45.55,200.0,25,0.18,3,1.67
0.7,45.55,200.0,25,0.36,3,3.049
0.7,45.55,200.0,75,0.18,3,1.198
0.7,45.55,200.0,75,0.36,3,2.284
0.7,45.55,200.0,100,0.18,3,1.04
0.7,45.55,200.0,100,0.36,3,2.005
0.7,45.55,200.0,125,0.18,3,0.914
0.7,45.55,200.0,125,0.36,3,1.778
0.7,45.55,400.0,-40,0.18,3,1.611
0.7,45.55,400.0,-40,0.36,3,2.997
0.7,45.55,400.0,-25,0.18,3,1.372
0.7,45.55,400.0,-25,0.36,3,2.592
0.7,45.55,400.0,0,0.18,3,1.087
0.7,45.55,400.0,0,0.36,3,2.09
0.7,45.55,400.0,25,0.18,3,0.891
0.7,45.55,400.0,25,0.36,3,1.734
0.7,45.55,400.0,75,0.18,3,0.643
0.7,45.55,400.0,75,0.36,3,1.271
0.7,45.55,400.0,100,0.18,3,0.561
0.7,45.55,400.0,100,0.36,3,1.115
0.7,45.55,400.0,125,0.18,3,0.496
0.7,45.55,400.0,125,0.36,3,0.991
0.7,50.0,10.0,-40,0.18,3,3.872
0.7,50.0,10.0,-40,0.36,3,4.195
0.7,50.0,10.0,-25,0.18,3,3.51
0.7,50.0,10.0,-25,0.36,3,4.191
0.7,50.0,10.0,0,0.18,3,2.873
0.7,50.0,10.0,0,0.36,3,4.123
0.7,50.0,10.0,25,0.18,3,2.376
0.7,50.0,10.0,25,0.36,3,3.903
0.7,50.0,10.0,75,0.18,3,1.713
0.7,50.0,10.0,75,0.36,3,3.158
0.7,50.0,10.0,100,0.18,3,1.488
0.7,50.0,10.0,100,0.36,3,2.801
0.7,50.0,10.0,125,0.18,3,1.308
0.7,50.0,10.0,125,0.36,3,2.495
0.7,50.0,50.0,-40,0.18,3,3.755
0.7,50.0,50.0,-40,0.36,3,4.188
0.7,50.0,50.0,-25,0.18,3,3.344
0.7,50.0,50.0,-25,0.36,3,4.177
0.7,50.0,50.0,0,0.18,3,2.708
0.7,50.0,50.0,0,0.36,3,4.073
0.7,50.0,50.0,25,0.18,3,2.232
0.7,50.0,50.0,25,0.36,3,3.791
0.7,50.0,50.0,75,0.18,3,1.606
0.7,50.0,50.0,75,0.36,3,2.991
0.7,50.0,50.0,100,0.18,3,1.393
0.7,50.0,50.0,100,0.36,3,2.641
0.7,50.0,50.0,125,0.18,3,1.224
0.7,50.0,50.0,125,0.36,3,2.348
0.7,50.0,100.0,-40,0.18,3,3.56
0.7,50.0,100.0,-40,0.36,3,4.182
0.7,50.0,100.0,-25,0.18,3,3.112
0.7,50.0,100.0,-25,0.36,3,4.159
0.7,50.0,100.0,0,0.18,3,2.498
0.7,50.0,100.0,0,0.36,3,3.987
0.7,50.0,100.0,25,0.18,3,2.054
0.7,50.0,100.0,25,0.36,3,3.618
0.7,50.0,100.0,75,0.18,3,1.474
0.7,50.0,100.0,75,0.36,3,2.777
0.7,50.0,100.0,100,0.18,3,1.278
0.7,50.0,100.0,100,0.36,3,2.442
0.7,50.0,100.0,125,0.18,3,1.122
0.7,50.0,100.0,125,0.36,3,2.167
0.7,50.0,200.0,-40,0.18,3,3.01
0.7,50.0,200.0,-40,0.36,3,4.153
0.7,50.0,200.0,-25,0.18,3,2.584
0.7,50.0,200.0,-25,0.36,3,4.049
0.7,50.0,200.0,0,0.18,3,2.057
0.7,50.0,200.0,0,0.36,3,3.643
0.7,50.0,200.0,25,0.18,3,1.685
0.7,50.0,200.0,25,0.36,3,3.124
0.7,50.0,200.0,75,0.18,3,1.206
0.7,50.0,200.0,75,0.36,3,2.314
0.7,50.0,200.0,100,0.18,3,1.045
0.7,50.0,200.0,100,0.36,3,2.027
0.7,50.0,200.0,125,0.18,3,0.918
0.7,50.0,200.0,125,0.36,3,1.795
0.7,50.0,400.0,-40,0.18,3,1.623
0.7,50.0,400.0,-40,0.36,3,3.05
0.7,50.0,400.0,-25,0.18,3,1.381
0.7,50.0,400.0,-25,0.36,3,2.629
0.7,50.0,400.0,0,0.18,3,1.093
0.7,50.0,400.0,0,0.36,3,2.114
0.7,50.0,400.0,25,0.18,3,0.895
0.7,50.0,400.0,25,0.36,3,1.75
0.7,50.0,400.0,75,0.18,3,0.645
0.7,50.0,400.0,75,0.36,3,1.279
0.7,50.0,400.0,100,0.18,3,0.562
0.7,50.0,400.0,100,0.36,3,1.122
0.7,50.0,400.0,125,0.18,3,0.498
0.7,50.0,400.0,125,0.36,3,0.996
0.8,1.0,10.0,-40,0.18,3,0.189
0.8,1.0,10.0,-40,0.36,3,0.255
0.8,1.0,10.0,-25,0.18,3,0.191
0.8,1.0,10.0,-25,0.36,3,0.259
0.8,1.0,10.0,0,0.18,3,0.195
0.8,1.0,10.0,0,0.36,3,0.265
0.8,1.0,10.0,25,0.18,3,0.198
0.8,1.0,10.0,25,0.36,3,0.272
0.8,1.0,10.0,75,0.18,3,0.204
0.8,1.0,10.0,75,0.36,3,0.283
0.8,1.0,10.0,100,0.18,3,0.206
0.8,1.0,10.0,100,0.36,3,0.288
0.8,1.0,10.0,125,0.18,3,0.209
0.8,1.0,10.0,125,0.36,3,0.293
0.8,1.0,50.0,-40,0.18,3,0.179
0.8,1.0,50.0,-40,0.36,3,0.236
0.8,1.0,50.0,-25,0.18,3,0.181
0.8,1.0,50.0,-25,0.36,3,0.239
0.8,1.0,50.0,0,0.18,3,0.185
0.8,1.0,50.0,0,0.36,3,0.245
0.8,1.0,50.0,25,0.18,3,0.188
0.8,1.0,50.0,25,0.36,3,0.251
0.8,1.0,50.0,75,0.18,3,0.194
0.8,1.0,50.0,75,0.36,3,0.263
0.8,1.0,50.0,100,0.18,3,0.197
0.8,1.0,50.0,100,0.36,3,0.268
0.8,1.0,50.0,125,0.18,3,0.199
0.8,1.0,50.0,125,0.36,3,0.273
0.8,1.0,100.0,-40,0.18,3,0.177
0.8,1.0,100.0,-40,0.36,3,0.232
0.8,1.0,100.0,-25,0.18,3,0.179
0.8,1.0,100.0,-25,0.36,3,0.235
0.8,1.0,100.0,0,0.18,3,0.182
0.8,1.0,100.0,0,0.36,3,0.24
0.8,1.0,100.0,25,0.18,3,0.185
0.8,1.0,100.0,25,0.36,3,0.245
0.8,1.0,100.0,75,0.18,3,0.19
0.8,1.0,100.0,75,0.36,3,0.256
0.8,1.0,100.0,100,0.18,3,0.193
0.8,1.0,100.0,100,0.36,3,0.261
0.8,1.0,100.0,125,0.18,3,0.195
0.8,1.0,100.0,125,0.36,3,0.265
0.8,1.0,200.0,-40,0.18,3,0.178
0.8,1.0,200.0,-40,0.36,3,0.234
0.8,1.0,200.0,-25,0.18,3,0.179
0.8,1.0,200.0,-25,0.36,3,0.235
0.8,1.0,200.0,0,0.18,3,0.181
0.8,1.0,200.0,0,0.36,3,0.239
0.8,1.0,200.0,25,0.18,3,0.183
0.8,1.0,200.0,25,0.36,3,0.243
0.8,1.0,200.0,75,0.18,3,0.188
0.8,1.0,200.0,75,0.36,3,0.252
0.8,1.0,200.0,100,0.18,3,0.191
0.8,1.0,200.0,100,0.36,3,0.256
0.8,1.0,200.0,125,0.18,3,0.193
0.8,1.0,200.0,125,0.36,3,0.26
0.8,1.0,400.0,-40,0.18,3,0.184
0.8,1.0,400.0,-40,0.36,3,0.243
0.8,1.0,400.0,-25,0.18,3,0.184
0.8,1.0,400.0,-25,0.36,3,0.242
0.8,1.0,400.0,0,0.18,3,0.185
0.8,1.0,400.0,0,0.36,3,0.244
0.8,1.0,400.0,25,0.18,3,0.186
0.8,1.0,400.0,25,0.36,3,0.248
0.8,1.0,400.0,75,0.18,3,0.19
0.8,1.0,400.0,75,0.36,3,0.255
0.8,1.0,400.0,100,0.18,3,0.192
0.8,1.0,400.0,100,0.36,3,0.258
0.8,1.0,400.0,125,0.18,3,0.194
0.8,1.0,400.0,125,0.36,3,0.262
0.8,5.45,10.0,-40,0.18,3,0.667
0.8,5.45,10.0,-40,0.36,3,0.735
0.8,5.45,10.0,-25,0.18,3,0.669
0.8,5.45,10.0,-25,0.36,3,0.738
0.8,5.45,10.0,0,0.18,3,0.671
0.8,5.45,10.0,0,0.36,3,0.744
0.8,5.45,10.0,25,0.18,3,0.674
0.8,5.45,10.0,25,0.36,3,0.749
0.8,5.45,10.0,75,0.18,3,0.679
0.8,5.45,10.0,75,0.36,3,0.759
0.8,5.45,10.0,100,0.18,3,0.682
0.8,5.45,10.0,100,0.36,3,0.764
0.8,5.45,10.0,125,0.18,3,0.684
0.8,5.45,10.0,125,0.36,3,0.769
0.8,5.45,50.0,-40,0.18,3,0.659
0.8,5.45,50.0,-40,0.36,3,0.718
0.8,5.45,50.0,-25,0.18,3,0.661
0.8,5.45,50.0,-25,0.36,3,0.722
0.8,5.45,50.0,0,0.18,3,0.664
0.8,5.45,50.0,0,0.36,3,0.728
0.8,5.45,50.0,25,0.18,3,0.667
0.8,5.45,50.0,25,0.36,3,0.734
0.8,5.45,50.0,75,0.18,3,0.672
0.8,5.45,50.0,75,0.36,3,0.744
0.8,5.45,50.0,100,0.18,3,0.674
0.8,5.45,50.0,100,0.36,3,0.749
0.8,5.45,50.0,125,0.18,3,0.677
0.8,5.45,50.0,125,0.36,3,0.753
0.8,5.45,100.0,-40,0.18,3,0.656
0.8,5.45,100.0,-40,0.36,3,0.712
0.8,5.45,100.0,-25,0.18,3,0.658
0.8,5.45,100.0,-25,0.36,3,0.716
0.8,5.45,100.0,0,0.18,3,0.661
0.8,5.45,100.0,0,0.36,3,0.722
0.8,5.45,100.0,25,0.18,3,0.664
0.8,5.45,100.0,25,0.36,3,0.728
0.8,5.45,100.0,75,0.18,3,0.669
0.8,5.45,100.0,75,0.36,3,0.738
0.8,5.45,100.0,100,0.18,3,0.671
0.8,5.45,100.0,100,0.36,3,0.742
0.8,5.45,100.0,125,0.18,3,0.673
0.8,5.45,100.0,125,0.36,3,0.747
0.8,5.45,200.0,-40,0.18,3,0.654
0.8,5.45,200.0,-40,0.36,3,0.709
0.8,5.45,200.0,-25,0.18,3,0.656
0.8,5.45,200.0,-25,0.36,3,0.711
0.8,5.45,200.0,0,0.18,3,0.659
0.8,5.45,200.0,0,0.36,3,0.717
0.8,5.45,200.0,25,0.18,3,0.661
0.8,5.45,200.0,25,0.36,3,0.722
0.8,5.45,200.0,75,0.18,3,0.666
0.8,5.45,200.0,75,0.36,3,0.732
0.8,5.45,200.0,100,0.18,3,0.669
0.8,5.45,200.0,100,0.36,3,0.736
0.8,5.45,200.0,125,0.18,3,0.67
0.8,5.45,200.0,125,0.36,3,0.74
0.8,5.45,400.0,-40,0.18,3,0.655
0.8,5.45,400.0,-40,0.36,3,0.711
0.8,5.45,400.0,-25,0.18,3,0.655
0.8,5.45,400.0,-25,0.36,3,0.712
0.8,5.45,400.0,0,0.18,3,0.657
0.8,5.45,400.0,0,0.36,3,0.715
0.8,5.45,400.0,25,0.18,3,0.66
0.8,5.45,400.0,25,0.36,3,0.719
0.8,5.45,400.0,75,0.18,3,0.661
0.8,5.45,400.0,75,0.36,3,0.728
0.8,5.45,400.0,100,0.18,3,0.656
0.8,5.45,400.0,100,0.36,3,0.732
0.8,5.45,400.0,125,0.18,3,0.644
0.8,5.45,400.0,125,0.36,3,0.735
0.8,9.91,10.0,-40,0.18,3,1.142
0.8,9.91,10.0,-40,0.36,3,1.211
0.8,9.91,10.0,-25,0.18,3,1.144
0.8,9.91,10.0,-25,0.36,3,1.214
0.8,9.91,10.0,0,0.18,3,1.147
0.8,9.91,10.0,0,0.36,3,1.219
0.8,9.91,10.0,25,0.18,3,1.149
0.8,9.91,10.0,25,0.36,3,1.224
0.8,9.91,10.0,75,0.18,3,1.154
0.8,9.91,10.0,75,0.36,3,1.234
0.8,9.91,10.0,100,0.18,3,1.155
0.8,9.91,10.0,100,0.36,3,1.239
0.8,9.91,10.0,125,0.18,3,1.153
0.8,9.91,10.0,125,0.36,3,1.243
0.8,9.91,50.0,-40,0.18,3,1.136
0.8,9.91,50.0,-40,0.36,3,1.197
0.8,9.91,50.0,-25,0.18,3,1.138
0.8,9.91,50.0,-25,0.36,3,1.2
0.8,9.91,50.0,0,0.18,3,1.14
0.8,9.91,50.0,0,0.36,3,1.206
0.8,9.91,50.0,25,0.18,3,1.143
0.8,9.91,50.0,25,0.36,3,1.211
0.8,9.91,50.0,75,0.18,3,1.147
0.8,9.91,50.0,75,0.36,3,1.221
0.8,9.91,50.0,100,0.18,3,1.147
0.8,9.91,50.0,100,0.36,3,1.225
0.8,9.91,50.0,125,0.18,3,1.143
0.8,9.91,50.0,125,0.36,3,1.229
0.8,9.91,100.0,-40,0.18,3,1.133
0.8,9.91,100.0,-40,0.36,3,1.19
0.8,9.91,100.0,-25,0.18,3,1.135
0.8,9.91,100.0,-25,0.36,3,1.194
0.8,9.91,100.0,0,0.18,3,1.138
0.8,9.91,100.0,0,0.36,3,1.2
0.8,9.91,100.0,25,0.18,3,1.14
0.8,9.91,100.0,25,0.36,3,1.205
0.8,9.91,100.0,75,0.18,3,1.144
0.8,9.91,100.0,75,0.36,3,1.215
0.8,9.91,100.0,100,0.18,3,1.142
0.8,9.91,100.0,100,0.36,3,1.219
0.8,9.91,100.0,125,0.18,3,1.135
0.8,9.91,100.0,125,0.36,3,1.223
0.8,9.91,200.0,-40,0.18,3,1.13
0.8,9.91,200.0,-40,0.36,3,1.186
0.8,9.91,200.0,-25,0.18,3,1.132
0.8,9.91,200.0,-25,0.36,3,1.189
0.8,9.91,200.0,0,0.18,3,1.135
0.8,9.91,200.0,0,0.36,3,1.195
0.8,9.91,200.0,25,0.18,3,1.138
0.8,9.91,200.0,25,0.36,3,1.2
0.8,9.91,200.0,75,0.18,3,1.137
0.8,9.91,200.0,75,0.36,3,1.209
0.8,9.91,200.0,100,0.18,3,1.127
0.8,9.91,200.0,100,0.36,3,1.214
0.8,9.91,200.0,125,0.18,3,1.106
0.8,9.91,200.0,125,0.36,3,1.217
0.8,9.91,400.0,-40,0.18,3,1.129
0.8,9.91,400.0,-40,0.36,3,1.184
0.8,9.91,400.0,-25,0.18,3,1.13
0.8,9.91,400.0,-25,0.36,3,1.186
0.8,9.91,400.0,0,0.18,3,1.131
0.8,9.91,400.0,0,0.36,3,1.191
0.8,9.91,400.0,25,0.18,3,1.12
0.8,9.91,400.0,25,0.36,3,1.195
0.8,9.91,400.0,75,0.18,3,1.023
0.8,9.91,400.0,75,0.36,3,1.202
0.8,9.91,400.0,100,0.18,3,0.942
0.8,9.91,400.0,100,0.36,3,1.2
0.8,9.91,400.0,125,0.18,3,0.857
0.8,9.91,400.0,125,0.36,3,1.19
0.8,14.36,10.0,-40,0.18,3,1.618
0.8,14.36,10.0,-40,0.36,3,1.686
0.8,14.36,10.0,-25,0.18,3,1.619
0.8,14.36,10.0,-25,0.36,3,1.69
0.8,14.36,10.0,0,0.18,3,1.622
0.8,14.36,10.0,0,0.36,3,1.695
0.8,14.36,10.0,25,0.18,3,1.624
0.8,14.36,10.0,25,0.36,3,1.7
0.8,14.36,10.0,75,0.18,3,1.62
0.8,14.36,10.0,75,0.36,3,1.709
0.8,14.36,10.0,100,0.18,3,1.605
0.8,14.36,10.0,100,0.36,3,1.714
0.8,14.36,10.0,125,0.18,3,1.573
0.8,14.36,10.0,125,0.36,3,1.717
0.8,14.36,50.0,-40,0.18,3,1.612
0.8,14.36,50.0,-40,0.36,3,1.673
0.8,14.36,50.0,-25,0.18,3,1.613
0.8,14.36,50.0,-25,0.36,3,1.677
0.8,14.36,50.0,0,0.18,3,1.616
0.8,14.36,50.0,0,0.36,3,1.682
0.8,14.36,50.0,25,0.18,3,1.618
0.8,14.36,50.0,25,0.36,3,1.687
0.8,14.36,50.0,75,0.18,3,1.61
0.8,14.36,50.0,75,0.36,3,1.696
0.8,14.36,50.0,100,0.18,3,1.587
0.8,14.36,50.0,100,0.36,3,1.7
0.8,14.36,50.0,125,0.18,3,1.546
0.8,14.36,50.0,125,0.36,3,1.703
0.8,14.36,100.0,-40,0.18,3,1.609
0.8,14.36,100.0,-40,0.36,3,1.668
0.8,14.36,100.0,-25,0.18,3,1.611
0.8,14.36,100.0,-25,0.36,3,1.671
0.8,14.36,100.0,0,0.18,3,1.614
0.8,14.36,100.0,0,0.36,3,1.677
0.8,14.36,100.0,25,0.18,3,1.615
0.8,14.36,100.0,25,0.36,3,1.682
0.8,14.36,100.0,75,0.18,3,1.598
0.8,14.36,100.0,75,0.36,3,1.691
0.8,14.36,100.0,100,0.18,3,1.565
0.8,14.36,100.0,100,0.36,3,1.695
0.8,14.36,100.0,125,0.18,3,1.51
0.8,14.36,100.0,125,0.36,3,1.697
0.8,14.36,200.0,-40,0.18,3,1.606
0.8,14.36,200.0,-40,0.36,3,1.662
0.8,14.36,200.0,-25,0.18,3,1.608
0.8,14.36,200.0,-25,0.36,3,1.666
0.8,14.36,200.0,0,0.18,3,1.611
0.8,14.36,200.0,0,0.36,3,1.672
0.8,14.36,200.0,25,0.18,3,1.609
0.8,14.36,200.0,25,0.36,3,1.677
0.8,14.36,200.0,75,0.18,3,1.555
0.8,14.36,200.0,75,0.36,3,1.685
0.8,14.36,200.0,100,0.18,3,1.487
0.8,14.36,200.0,100,0.36,3,1.687
0.8,14.36,200.0,125,0.18,3,1.397
0.8,14.36,200.0,125,0.36,3,1.685
0.8,14.36,400.0,-40,0.18,3,1.604
0.8,14.36,400.0,-40,0.36,3,1.66
0.8,14.36,400.0,-25,0.18,3,1.6
0.8,14.36,400.0,-25,0.36,3,1.662
0.8,14.36,400.0,0,0.18,3,1.565
0.8,14.36,400.0,0,0.36,3,1.667
0.8,14.36,400.0,25,0.18,3,1.466
0.8,14.36,400.0,25,0.36,3,1.67
0.8,14.36,400.0,75,0.18,3,1.161
0.8,14.36,400.0,75,0.36,3,1.646
0.8,14.36,400.0,100,0.18,3,1.026
0.8,14.36,400.0,100,0.36,3,1.601
0.8,14.36,400.0,125,0.18,3,0.914
0.8,14.36,400.0,125,0.36,3,1.532
0.8,18.82,10.0,-40,0.18,3,2.093
0.8,18.82,10.0,-40,0.36,3,2.162
0.8,18.82,10.0,-25,0.18,3,2.094
0.8,18.82,10.0,-25,0.36,3,2.165
0.8,18.82,10.0,0,0.18,3,2.096
0.8,18.82,10.0,0,0.36,3,2.17
0.8,18.82,10.0,25,0.18,3,2.096
0.8,18.82,10.0,25,0.36,3,2.175
0.8,18.82,10.0,75,0.18,3,2.05
0.8,18.82,10.0,75,0.36,3,2.184
0.8,18.82,10.0,100,0.18,3,1.983
0.8,18.82,10.0,100,0.36,3,2.187
0.8,18.82,10.0,125,0.18,3,1.886
0.8,18.82,10.0,125,0.36,3,2.186
0.8,18.82,50.0,-40,0.18,3,2.087
0.8,18.82,50.0,-40,0.36,3,2.15
0.8,18.82,50.0,-25,0.18,3,2.089
0.8,18.82,50.0,-25,0.36,3,2.153
0.8,18.82,50.0,0,0.18,3,2.091
0.8,18.82,50.0,0,0.36,3,2.158
0.8,18.82,50.0,25,0.18,3,2.088
0.8,18.82,50.0,25,0.36,3,2.162
0.8,18.82,50.0,75,0.18,3,2.023
0.8,18.82,50.0,75,0.36,3,2.171
0.8,18.82,50.0,100,0.18,3,1.941
0.8,18.82,50.0,100,0.36,3,2.172
0.8,18.82,50.0,125,0.18,3,1.829
0.8,18.82,50.0,125,0.36,3,2.169
0.8,18.82,100.0,-40,0.18,3,2.085
0.8,18.82,100.0,-40,0.36,3,2.144
0.8,18.82,100.0,-25,0.18,3,2.086
0.8,18.82,100.0,-25,0.36,3,2.148
0.8,18.82,100.0,0,0.18,3,2.088
0.8,18.82,100.0,0,0.36,3,2.153
0.8,18.82,100.0,25,0.18,3,2.082
0.8,18.82,100.0,25,0.36,3,2.158
0.8,18.82,100.0,75,0.18,3,1.985
0.8,18.82,100.0,75,0.36,3,2.165
0.8,18.82,100.0,100,0.18,3,1.88
0.8,18.82,100.0,100,0.36,3,2.165
0.8,18.82,100.0,125,0.18,3,1.75
0.8,18.82,100.0,125,0.36,3,2.157
0.8,18.82,200.0,-40,0.18,3,2.082
0.8,18.82,200.0,-40,0.36,3,2.139
0.8,18.82,200.0,-25,0.18,3,2.084
0.8,18.82,200.0,-25,0.36,3,2.143
0.8,18.82,200.0,0,0.18,3,2.08
0.8,18.82,200.0,0,0.36,3,2.148
0.8,18.82,200.0,25,0.18,3,2.053
0.8,18.82,200.0,25,0.36,3,2.153
0.8,18.82,200.0,75,0.18,3,1.854
0.8,18.82,200.0,75,0.36,3,2.156
0.8,18.82,200.0,100,0.18,3,1.7
0.8,18.82,200.0,100,0.36,3,2.145
0.8,18.82,200.0,125,0.18,3,1.541
0.8,18.82,200.0,125,0.36,3,2.118
0.8,18.82,400.0,-40,0.18,3,2.068
0.8,18.82,400.0,-40,0.36,3,2.135
0.8,18.82,400.0,-25,0.18,3,2.033
0.8,18.82,400.0,-25,0.36,3,2.138
0.8,18.82,400.0,0,0.18,3,1.873
0.8,18.82,400.0,0,0.36,3,2.14
0.8,18.82,400.0,25,0.18,3,1.629
0.8,18.82,400.0,25,0.36,3,2.13
0.8,18.82,400.0,75,0.18,3,1.214
0.8,18.82,400.0,75,0.36,3,1.997
0.8,18.82,400.0,100,0.18,3,1.064
0.8,18.82,400.0,100,0.36,3,1.866
0.8,18.82,400.0,125,0.18,3,0.942
0.8,18.82,400.0,125,0.36,3,1.717
0.8,23.27,10.0,-40,0.18,3,2.568
0.8,23.27,10.0,-40,0.36,3,2.637
0.8,23.27,10.0,-25,0.18,3,2.569
0.8,23.27,10.0,-25,0.36,3,2.64
0.8,23.27,10.0,0,0.18,3,2.569
0.8,23.27,10.0,0,0.36,3,2.645
0.8,23.27,10.0,25,0.18,3,2.556
0.8,23.27,10.0,25,0.36,3,2.649
0.8,23.27,10.0,75,0.18,3,2.406
0.8,23.27,10.0,75,0.36,3,2.656
0.8,23.27,10.0,100,0.18,3,2.26
0.8,23.27,10.0,100,0.36,3,2.653
0.8,23.27,10.0,125,0.18,3,2.088
0.8,23.27,10.0,125,0.36,3,2.638
0.8,23.27,50.0,-40,0.18,3,2.562
0.8,23.27,50.0,-40,0.36,3,2.625
0.8,23.27,50.0,-25,0.18,3,2.564
0.8,23.27,50.0,-25,0.36,3,2.628
0.8,23.27,50.0,0,0.18,3,2.562
0.8,23.27,50.0,0,0.36,3,2.633
0.8,23.27,50.0,25,0.18,3,2.541
0.8,23.27,50.0,25,0.36,3,2.638
0.8,23.27,50.0,75,0.18,3,2.351
0.8,23.27,50.0,75,0.36,3,2.642
0.8,23.27,50.0,100,0.18,3,2.184
0.8,23.27,50.0,100,0.36,3,2.635
0.8,23.27,50.0,125,0.18,3,2.0
0.8,23.27,50.0,125,0.36,3,2.612
0.8,23.27,100.0,-40,0.18,3,2.56
0.8,23.27,100.0,-40,0.36,3,2.62
0.8,23.27,100.0,-25,0.18,3,2.561
0.8,23.27,100.0,-25,0.36,3,2.624
0.8,23.27,100.0,0,0.18,3,2.556
0.8,23.27,100.0,0,0.36,3,2.629
0.8,23.27,100.0,25,0.18,3,2.52
0.8,23.27,100.0,25,0.36,3,2.633
0.8,23.27,100.0,75,0.18,3,2.269
0.8,23.27,100.0,75,0.36,3,2.634
0.8,23.27,100.0,100,0.18,3,2.079
0.8,23.27,100.0,100,0.36,3,2.619
0.8,23.27,100.0,125,0.18,3,1.884
0.8,23.27,100.0,125,0.36,3,2.584
0.8,23.27,200.0,-40,0.18,3,2.558
0.8,23.27,200.0,-40,0.36,3,2.615
0.8,23.27,200.0,-25,0.18,3,2.556
0.8,23.27,200.0,-25,0.36,3,2.619
0.8,23.27,200.0,0,0.18,3,2.528
0.8,23.27,200.0,0,0.36,3,2.624
0.8,23.27,200.0,25,0.18,3,2.431
0.8,23.27,200.0,25,0.36,3,2.628
0.8,23.27,200.0,75,0.18,3,2.031
0.8,23.27,200.0,75,0.36,3,2.608
0.8,23.27,200.0,100,0.18,3,1.81
0.8,23.27,200.0,100,0.36,3,2.563
0.8,23.27,200.0,125,0.18,3,1.612
0.8,23.27,200.0,125,0.36,3,2.485
0.8,23.27,400.0,-40,0.18,3,2.49
0.8,23.27,400.0,-40,0.36,3,2.611
0.8,23.27,400.0,-25,0.18,3,2.363
0.8,23.27,400.0,-25,0.36,3,2.612
0.8,23.27,400.0,0,0.18,3,2.025
0.8,23.27,400.0,0,0.36,3,2.603
0.8,23.27,400.0,25,0.18,3,1.701
0.8,23.27,400.0,25,0.36,3,2.548
0.8,23.27,400.0,75,0.18,3,1.245
0.8,23.27,400.0,75,0.36,3,2.221
0.8,23.27,400.0,100,0.18,3,1.087
0.8,23.27,400.0,100,0.36,3,2.006
0.8,23.27,400.0,125,0.18,3,0.96
0.8,23.27,400.0,125,0.36,3,1.805
0.8,27.73,10.0,-40,0.18,3,3.043
0.8,27.73,10.0,-40,0.36,3,3.112
0.8,27.73,10.0,-25,0.18,3,3.044
0.8,27.73,10.0,-25,0.36,3,3.115
0.8,27.73,10.0,0,0.18,3,3.035
0.8,27.73,10.0,0,0.36,3,3.12
0.8,27.73,10.0,25,0.18,3,2.986
0.8,27.73,10.0,25,0.36,3,3.124
0.8,27.73,10.0,75,0.18,3,2.673
0.8,27.73,10.0,75,0.36,3,3.123
0.8,27.73,10.0,100,0.18,3,2.443
0.8,27.73,10.0,100,0.36,3,3.102
0.8,27.73,10.0,125,0.18,3,2.21
0.8,27.73,10.0,125,0.36,3,3.056
0.8,27.73,50.0,-40,0.18,3,3.038
0.8,27.73,50.0,-40,0.36,3,3.101
0.8,27.73,50.0,-25,0.18,3,3.038
0.8,27.73,50.0,-25,0.36,3,3.104
0.8,27.73,50.0,0,0.18,3,3.023
0.8,27.73,50.0,0,0.36,3,3.108
0.8,27.73,50.0,25,0.18,3,2.954
0.8,27.73,50.0,25,0.36,3,3.113
0.8,27.73,50.0,75,0.18,3,2.583
0.8,27.73,50.0,75,0.36,3,3.105
0.8,27.73,50.0,100,0.18,3,2.338
0.8,27.73,50.0,100,0.36,3,3.074
0.8,27.73,50.0,125,0.18,3,2.1
0.8,27.73,50.0,125,0.36,3,3.012
0.8,27.73,100.0,-40,0.18,3,3.035
0.8,27.73,100.0,-40,0.36,3,3.096
0.8,27.73,100.0,-25,0.18,3,3.034
0.8,27.73,100.0,-25,0.36,3,3.099
0.8,27.73,100.0,0,0.18,3,3.006
0.8,27.73,100.0,0,0.36,3,3.104
0.8,27.73,100.0,25,0.18,3,2.903
0.8,27.73,100.0,25,0.36,3,3.108
0.8,27.73,100.0,75,0.18,3,2.456
0.8,27.73,100.0,75,0.36,3,3.088
0.8,27.73,100.0,100,0.18,3,2.197
0.8,27.73,100.0,100,0.36,3,3.04
0.8,27.73,100.0,125,0.18,3,1.96
0.8,27.73,100.0,125,0.36,3,2.955
0.8,27.73,200.0,-40,0.18,3,3.03
0.8,27.73,200.0,-40,0.36,3,3.091
0.8,27.73,200.0,-25,0.18,3,3.018
0.8,27.73,200.0,-25,0.36,3,3.095
0.8,27.73,200.0,0,0.18,3,2.928
0.8,27.73,200.0,0,0.36,3,3.099
0.8,27.73,200.0,25,0.18,3,2.716
0.8,27.73,200.0,25,0.36,3,3.099
0.8,27.73,200.0,75,0.18,3,2.131
0.8,27.73,200.0,75,0.36,3,3.023
0.8,27.73,200.0,100,0.18,3,1.871
0.8,27.73,200.0,100,0.36,3,2.918
0.8,27.73,200.0,125,0.18,3,1.654
0.8,27.73,200.0,125,0.36,3,2.767
0.8,27.73,400.0,-40,0.18,3,2.815
0.8,27.73,400.0,-40,0.36,3,3.085
0.8,27.73,400.0,-25,0.18,3,2.552
0.8,27.73,400.0,-25,0.36,3,3.083
0.8,27.73,400.0,0,0.18,3,2.099
0.8,27.73,400.0,0,0.36,3,3.037
0.8,27.73,400.0,25,0.18,3,1.745
0.8,27.73,400.0,25,0.36,3,2.887
0.8,27.73,400.0,75,0.18,3,1.267
0.8,27.73,400.0,75,0.36,3,2.344
0.8,27.73,400.0,100,0.18,3,1.103
0.8,27.73,400.0,100,0.36,3,2.081
0.8,27.73,400.0,125,0.18,3,0.972
0.8,27.73,400.0,125,0.36,3,1.857
0.8,32.18,10.0,-40,0.18,3,3.518
0.8,32.18,10.0,-40,0.36,3,3.587
0.8,32.18,10.0,-25,0.18,3,3.516
0.8,32.18,10.0,-25,0.36,3,3.59
0.8,32.18,10.0,0,0.18,3,3.484
0.8,32.18,10.0,0,0.36,3,3.595
0.8,32.18,10.0,25,0.18,3,3.368
0.8,32.18,10.0,25,0.36,3,3.598
0.8,32.18,10.0,75,0.18,3,2.859
0.8,32.18,10.0,75,0.36,3,3.575
0.8,32.18,10.0,100,0.18,3,2.561
0.8,32.18,10.0,100,0.36,3,3.522
0.8,32.18,10.0,125,0.18,3,2.286
0.8,32.18,10.0,125,0.36,3,3.424
0.8,32.18,50.0,-40,0.18,3,3.512
0.8,32.18,50.0,-40,0.36,3,3.576
0.8,32.18,50.0,-25,0.18,3,3.508
0.8,32.18,50.0,-25,0.36,3,3.579
0.8,32.18,50.0,0,0.18,3,3.46
0.8,32.18,50.0,0,0.36,3,3.584
0.8,32.18,50.0,25,0.18,3,3.308
0.8,32.18,50.0,25,0.36,3,3.586
0.8,32.18,50.0,75,0.18,3,2.738
0.8,32.18,50.0,75,0.36,3,3.548
0.8,32.18,50.0,100,0.18,3,2.433
0.8,32.18,50.0,100,0.36,3,3.475
0.8,32.18,50.0,125,0.18,3,2.161
0.8,32.18,50.0,125,0.36,3,3.355
0.8,32.18,100.0,-40,0.18,3,3.509
0.8,32.18,100.0,-40,0.36,3,3.572
0.8,32.18,100.0,-25,0.18,3,3.499
0.8,32.18,100.0,-25,0.36,3,3.575
0.8,32.18,100.0,0,0.18,3,3.42
0.8,32.18,100.0,0,0.36,3,3.579
0.8,32.18,100.0,25,0.18,3,3.214
0.8,32.18,100.0,25,0.36,3,3.58
0.8,32.18,100.0,75,0.18,3,2.574
0.8,32.18,100.0,75,0.36,3,3.514
0.8,32.18,100.0,100,0.18,3,2.269
0.8,32.18,100.0,100,0.36,3,3.411
0.8,32.18,100.0,125,0.18,3,2.007
0.8,32.18,100.0,125,0.36,3,3.258
0.8,32.18,200.0,-40,0.18,3,3.495
0.8,32.18,200.0,-40,0.36,3,3.567
0.8,32.18,200.0,-25,0.18,3,3.454
0.8,32.18,200.0,-25,0.36,3,3.57
0.8,32.18,200.0,0,0.18,3,3.257
0.8,32.18,200.0,0,0.36,3,3.573
0.8,32.18,200.0,25,0.18,3,2.91
0.8,32.18,200.0,25,0.36,3,3.56
0.8,32.18,200.0,75,0.18,3,2.191
0.8,32.18,200.0,75,0.36,3,3.384
0.8,32.18,200.0,100,0.18,3,1.912
0.8,32.18,200.0,100,0.36,3,3.197
0.8,32.18,200.0,125,0.18,3,1.683
0.8,32.18,200.0,125,0.36,3,2.969
0.8,32.18,400.0,-40,0.18,3,3.007
0.8,32.18,400.0,-40,0.36,3,3.557
0.8,32.18,400.0,-25,0.18,3,2.646
0.8,32.18,400.0,-25,0.36,3,3.54
0.8,32.18,400.0,0,0.18,3,2.147
0.8,32.18,400.0,0,0.36,3,3.416
0.8,32.18,400.0,25,0.18,3,1.776
0.8,32.18,400.0,25,0.36,3,3.129
0.8,32.18,400.0,75,0.18,3,1.282
0.8,32.18,400.0,75,0.36,3,2.418
0.8,32.18,400.0,100,0.18,3,1.115
0.8,32.18,400.0,100,0.36,3,2.131
0.8,32.18,400.0,125,0.18,3,0.981
0.8,32.18,400.0,125,0.36,3,1.894
0.8,36.64,10.0,-40,0.18,3,3.991
0.8,36.64,10.0,-40,0.36,3,4.062
0.8,36.64,10.0,-25,0.18,3,3.982
0.8,36.64,10.0,-25,0.36,3,4.065
0.8,36.64,10.0,0,0.18,3,3.903
0.8,36.64,10.0,0,0.36,3,4.069
0.8,36.64,10.0,25,0.18,3,3.688
0.8,36.64,10.0,25,0.36,3,4.07
0.8,36.64,10.0,75,0.18,3,2.985
0.8,36.64,10.0,75,0.36,3,4.005
0.8,36.64,10.0,100,0.18,3,2.638
0.8,36.64,10.0,100,0.36,3,3.898
0.8,36.64,10.0,125,0.18,3,2.336
0.8,36.64,10.0,125,0.36,3,3.735
0.8,36.64,50.0,-40,0.18,3,3.984
0.8,36.64,50.0,-40,0.36,3,4.052
0.8,36.64,50.0,-25,0.18,3,3.968
0.8,36.64,50.0,-25,0.36,3,4.054
0.8,36.64,50.0,0,0.18,3,3.858
0.8,36.64,50.0,0,0.36,3,4.058
0.8,36.64,50.0,25,0.18,3,3.594
0.8,36.64,50.0,25,0.36,3,4.056
0.8,36.64,50.0,75,0.18,3,2.84
0.8,36.64,50.0,75,0.36,3,3.961
0.8,36.64,50.0,100,0.18,3,2.496
0.8,36.64,50.0,100,0.36,3,3.827
0.8,36.64,50.0,125,0.18,3,2.204
0.8,36.64,50.0,125,0.36,3,3.635
0.8,36.64,100.0,-40,0.18,3,3.978
0.8,36.64,100.0,-40,0.36,3,4.047
0.8,36.64,100.0,-25,0.18,3,3.948
0.8,36.64,100.0,-25,0.36,3,4.05
0.8,36.64,100.0,0,0.18,3,3.783
0.8,36.64,100.0,0,0.36,3,4.054
0.8,36.64,100.0,25,0.18,3,3.449
0.8,36.64,100.0,25,0.36,3,4.046
0.8,36.64,100.0,75,0.18,3,2.65
0.8,36.64,100.0,75,0.36,3,3.899
0.8,36.64,100.0,100,0.18,3,2.317
0.8,36.64,100.0,100,0.36,3,3.724
0.8,36.64,100.0,125,0.18,3,2.041
0.8,36.64,100.0,125,0.36,3,3.495
0.8,36.64,200.0,-40,0.18,3,3.944
0.8,36.64,200.0,-40,0.36,3,4.043
0.8,36.64,200.0,-25,0.18,3,3.849
0.8,36.64,200.0,-25,0.36,3,4.046
0.8,36.64,200.0,0,0.18,3,3.505
0.8,36.64,200.0,0,0.36,3,4.043
0.8,36.64,200.0,25,0.18,3,3.035
0.8,36.64,200.0,25,0.36,3,4.004
0.8,36.64,200.0,75,0.18,3,2.232
0.8,36.64,200.0,75,0.36,3,3.68
0.8,36.64,200.0,100,0.18,3,1.941
0.8,36.64,200.0,100,0.36,3,3.406
0.8,36.64,200.0,125,0.18,3,1.705
0.8,36.64,200.0,125,0.36,3,3.11
0.8,36.64,400.0,-40,0.18,3,3.105
0.8,36.64,400.0,-40,0.36,3,4.022
0.8,36.64,400.0,-25,0.18,3,2.705
0.8,36.64,400.0,-25,0.36,3,3.971
0.8,36.64,400.0,0,0.18,3,2.182
0.8,36.64,400.0,0,0.36,3,3.719
0.8,36.64,400.0,25,0.18,3,1.799
0.8,36.64,400.0,25,0.36,3,3.284
0.8,36.64,400.0,75,0.18,3,1.294
0.8,36.64,400.0,75,0.36,3,2.469
0.8,36.64,400.0,100,0.18,3,1.124
0.8,36.64,400.0,100,0.36,3,2.167
0.8,36.64,400.0,125,0.18,3,0.988
0.8,36.64,400.0,125,0.36,3,1.922
0.8,41.09,10.0,-40,0.18,3,4.461
0.8,41.09,10.0,-40,0.36,3,4.537
0.8,41.09,10.0,-25,0.18,3,4.435
0.8,41.09,10.0,-25,0.36,3,4.54
0.8,41.09,10.0,0,0.18,3,4.28
0.8,41.09,10.0,0,0.36,3,4.544
0.8,41.09,10.0,25,0.18,3,3.944
0.8,41.09,10.0,25,0.36,3,4.538
0.8,41.09,10.0,75,0.18,3,3.071
0.8,41.09,10.0,75,0.36,3,4.401
0.8,41.09,10.0,100,0.18,3,2.691
0.8,41.09,10.0,100,0.36,3,4.227
0.8,41.09,10.0,125,0.18,3,2.373
0.8,41.09,10.0,125,0.36,3,3.989
0.8,41.09,50.0,-40,0.18,3,4.451
0.8,41.09,50.0,-40,0.36,3,4.527
0.8,41.09,50.0,-25,0.18,3,4.412
0.8,41.09,50.0,-25,0.36,3,4.53
0.8,41.09,50.0,0,0.18,3,4.205
0.8,41.09,50.0,0,0.36,3,4.532
0.8,41.09,50.0,25,0.18,3,3.812
0.8,41.09,50.0,25,0.36,3,4.52
0.8,41.09,50.0,75,0.18,3,2.909
0.8,41.09,50.0,75,0.36,3,4.334
0.8,41.09,50.0,100,0.18,3,2.54
0.8,41.09,50.0,100,0.36,3,4.124
0.8,41.09,50.0,125,0.18,3,2.235
0.8,41.09,50.0,125,0.36,3,3.856
0.8,41.09,100.0,-40,0.18,3,4.437
0.8,41.09,100.0,-40,0.36,3,4.523
0.8,41.09,100.0,-25,0.18,3,4.371
0.8,41.09,100.0,-25,0.36,3,4.526
0.8,41.09,100.0,0,0.18,3,4.083
0.8,41.09,100.0,0,0.36,3,4.526
0.8,41.09,100.0,25,0.18,3,3.619
0.8,41.09,100.0,25,0.36,3,4.502
0.8,41.09,100.0,75,0.18,3,2.703
0.8,41.09,100.0,75,0.36,3,4.236
0.8,41.09,100.0,100,0.18,3,2.352
0.8,41.09,100.0,100,0.36,3,3.977
0.8,41.09,100.0,125,0.18,3,2.067
0.8,41.09,100.0,125,0.36,3,3.673
0.8,41.09,200.0,-40,0.18,3,4.363
0.8,41.09,200.0,-40,0.36,3,4.518
0.8,41.09,200.0,-25,0.18,3,4.185
0.8,41.09,200.0,-25,0.36,3,4.52
0.8,41.09,200.0,0,0.18,3,3.68
0.8,41.09,200.0,0,0.36,3,4.504
0.8,41.09,200.0,25,0.18,3,3.117
0.8,41.09,200.0,25,0.36,3,4.419
0.8,41.09,200.0,75,0.18,3,2.264
0.8,41.09,200.0,75,0.36,3,3.912
0.8,41.09,200.0,100,0.18,3,1.964
0.8,41.09,200.0,100,0.36,3,3.557
0.8,41.09,200.0,125,0.18,3,1.722
0.8,41.09,200.0,125,0.36,3,3.207
0.8,41.09,400.0,-40,0.18,3,3.167
0.8,41.09,400.0,-40,0.36,3,4.47
0.8,41.09,400.0,-25,0.18,3,2.749
0.8,41.09,400.0,-25,0.36,3,4.36
0.8,41.09,400.0,0,0.18,3,2.21
0.8,41.09,400.0,0,0.36,3,3.938
0.8,41.09,400.0,25,0.18,3,1.818
0.8,41.09,400.0,25,0.36,3,3.383
0.8,41.09,400.0,75,0.18,3,1.304
0.8,41.09,400.0,75,0.36,3,2.508
0.8,41.09,400.0,100,0.18,3,1.131
0.8,41.09,400.0,100,0.36,3,2.196
0.8,41.09,400.0,125,0.18,3,0.993
0.8,41.09,400.0,125,0.36,3,1.944
0.8,45.55,10.0,-40,0.18,3,4.925
0.8,45.55,10.0,-40,0.36,3,5.012
0.8,45.55,10.0,-25,0.18,3,4.87
0.8,45.55,10.0,-25,0.36,3,5.015
0.8,45.55,10.0,0,0.18,3,4.606
0.8,45.55,10.0,0,0.36,3,5.017
0.8,45.55,10.0,25,0.18,3,4.14
0.8,45.55,10.0,25,0.36,3,4.998
0.8,45.55,10.0,75,0.18,3,3.133
0.8,45.55,10.0,75,0.36,3,4.758
0.8,45.55,10.0,100,0.18,3,2.731
0.8,45.55,10.0,100,0.36,3,4.504
0.8,45.55,10.0,125,0.18,3,2.402
0.8,45.55,10.0,125,0.36,3,4.191
0.8,45.55,50.0,-40,0.18,3,4.909
0.8,45.55,50.0,-40,0.36,3,5.002
0.8,45.55,50.0,-25,0.18,3,4.828
0.8,45.55,50.0,-25,0.36,3,5.005
0.8,45.55,50.0,0,0.18,3,4.495
0.8,45.55,50.0,0,0.36,3,5.004
0.8,45.55,50.0,25,0.18,3,3.973
0.8,45.55,50.0,25,0.36,3,4.973
0.8,45.55,50.0,75,0.18,3,2.96
0.8,45.55,50.0,75,0.36,3,4.662
0.8,45.55,50.0,100,0.18,3,2.574
0.8,45.55,50.0,100,0.36,3,4.367
0.8,45.55,50.0,125,0.18,3,2.26
0.8,45.55,50.0,125,0.36,3,4.027
0.8,45.55,100.0,-40,0.18,3,4.88
0.8,45.55,100.0,-40,0.36,3,4.998
0.8,45.55,100.0,-25,0.18,3,4.755
0.8,45.55,100.0,-25,0.36,3,5.0
0.8,45.55,100.0,0,0.18,3,4.319
0.8,45.55,100.0,0,0.36,3,4.994
0.8,45.55,100.0,25,0.18,3,3.738
0.8,45.55,100.0,25,0.36,3,4.94
0.8,45.55,100.0,75,0.18,3,2.742
0.8,45.55,100.0,75,0.36,3,4.52
0.8,45.55,100.0,100,0.18,3,2.38
0.8,45.55,100.0,100,0.36,3,4.176
0.8,45.55,100.0,125,0.18,3,2.088
0.8,45.55,100.0,125,0.36,3,3.807
0.8,45.55,200.0,-40,0.18,3,4.738
0.8,45.55,200.0,-40,0.36,3,4.993
0.8,45.55,200.0,-25,0.18,3,4.455
0.8,45.55,200.0,-25,0.36,3,4.992
0.8,45.55,200.0,0,0.18,3,3.799
0.8,45.55,200.0,0,0.36,3,4.952
0.8,45.55,200.0,25,0.18,3,3.176
0.8,45.55,200.0,25,0.36,3,4.797
0.8,45.55,200.0,75,0.18,3,2.289
0.8,45.55,200.0,75,0.36,3,4.088
0.8,45.55,200.0,100,0.18,3,1.982
0.8,45.55,200.0,100,0.36,3,3.666
0.8,45.55,200.0,125,0.18,3,1.736
0.8,45.55,200.0,125,0.36,3,3.278
0.8,45.55,400.0,-40,0.18,3,3.213
0.8,45.55,400.0,-40,0.36,3,4.891
0.8,45.55,400.0,-25,0.18,3,2.783
0.8,45.55,400.0,-25,0.36,3,4.689
0.8,45.55,400.0,0,0.18,3,2.232
0.8,45.55,400.0,0,0.36,3,4.086
0.8,45.55,400.0,25,0.18,3,1.833
0.8,45.55,400.0,25,0.36,3,3.453
0.8,45.55,400.0,75,0.18,3,1.312
0.8,45.55,400.0,75,0.36,3,2.539
0.8,45.55,400.0,100,0.18,3,1.136
0.8,45.55,400.0,100,0.36,3,2.219
0.8,45.55,400.0,125,0.18,3,0.998
0.8,45.55,400.0,125,0.36,3,1.962
0.8,50.0,10.0,-40,0.18,3,5.378
0.8,50.0,10.0,-40,0.36,3,5.487
0.8,50.0,10.0,-25,0.18,3,5.276
0.8,50.0,10.0,-25,0.36,3,5.49
0.8,50.0,10.0,0,0.18,3,4.878
0.8,50.0,10.0,0,0.36,3,5.487
0.8,50.0,10.0,25,0.18,3,4.287
0.8,50.0,10.0,25,0.36,3,5.446
0.8,50.0,10.0,75,0.18,3,3.179
0.8,50.0,10.0,75,0.36,3,5.071
0.8,50.0,10.0,100,0.18,3,2.763
0.8,50.0,10.0,100,0.36,3,4.732
0.8,50.0,10.0,125,0.18,3,2.425
0.8,50.0,10.0,125,0.36,3,4.349
0.8,50.0,50.0,-40,0.18,3,5.349
0.8,50.0,50.0,-40,0.36,3,5.477
0.8,50.0,50.0,-25,0.18,3,5.208
0.8,50.0,50.0,-25,0.36,3,5.479
0.8,50.0,50.0,0,0.18,3,4.728
0.8,50.0,50.0,0,0.36,3,5.471
0.8,50.0,50.0,25,0.18,3,4.09
0.8,50.0,50.0,25,0.36,3,5.409
0.8,50.0,50.0,75,0.18,3,2.999
0.8,50.0,50.0,75,0.36,3,4.942
0.8,50.0,50.0,100,0.18,3,2.601
0.8,50.0,50.0,100,0.36,3,4.563
0.8,50.0,50.0,125,0.18,3,2.28
0.8,50.0,50.0,125,0.36,3,4.158
0.8,50.0,100.0,-40,0.18,3,5.298
0.8,50.0,100.0,-40,0.36,3,5.473
0.8,50.0,100.0,-25,0.18,3,5.092
0.8,50.0,100.0,-25,0.36,3,5.474
0.8,50.0,100.0,0,0.18,3,4.499
0.8,50.0,100.0,0,0.36,3,5.455
0.8,50.0,100.0,25,0.18,3,3.824
0.8,50.0,100.0,25,0.36,3,5.354
0.8,50.0,100.0,75,0.18,3,2.774
0.8,50.0,100.0,75,0.36,3,4.754
0.8,50.0,100.0,100,0.18,3,2.403
0.8,50.0,100.0,100,0.36,3,4.33
0.8,50.0,100.0,125,0.18,3,2.105
0.8,50.0,100.0,125,0.36,3,3.907
0.8,50.0,200.0,-40,0.18,3,5.059
0.8,50.0,200.0,-40,0.36,3,5.468
0.8,50.0,200.0,-25,0.18,3,4.659
0.8,50.0,200.0,-25,0.36,3,5.46
0.8,50.0,200.0,0,0.18,3,3.883
0.8,50.0,200.0,0,0.36,3,5.379
0.8,50.0,200.0,25,0.18,3,3.22
0.8,50.0,200.0,25,0.36,3,5.131
0.8,50.0,200.0,75,0.18,3,2.31
0.8,50.0,200.0,75,0.36,3,4.221
0.8,50.0,200.0,100,0.18,3,1.997
0.8,50.0,200.0,100,0.36,3,3.747
0.8,50.0,200.0,125,0.18,3,1.748
0.8,50.0,200.0,125,0.36,3,3.331
0.8,50.0,400.0,-40,0.18,3,3.25
0.8,50.0,400.0,-40,0.36,3,5.271
0.8,50.0,400.0,-25,0.18,3,2.811
0.8,50.0,400.0,-25,0.36,3,4.946
0.8,50.0,400.0,0,0.18,3,2.25
0.8,50.0,400.0,0,0.36,3,4.185
0.8,50.0,400.0,25,0.18,3,1.845
0.8,50.0,400.0,25,0.36,3,3.507
0.8,50.0,400.0,75,0.18,3,1.318
0.8,50.0,400.0,75,0.36,3,2.565
0.8,50.0,400.0,100,0.18,3,1.141
0.8,50.0,400.0,100,0.36,3,2.239
0.8,50.0,400.0,125,0.18,3,1.001
0.8,50.0,400.0,125,0.36,3,1.977
0.9,1.0,10.0,-40,0.18,3,0.241
0.9,1.0,10.0,-40,0.36,3,0.324
0.9,1.0,10.0,-25,0.18,3,0.243
0.9,1.0,10.0,-25,0.36,3,0.33
0.9,1.0,10.0,0,0.18,3,0.248
0.9,1.0,10.0,0,0.36,3,0.338
0.9,1.0,10.0,25,0.18,3,0.252
0.9,1.0,10.0,25,0.36,3,0.347
0.9,1.0,10.0,75,0.18,3,0.26
0.9,1.0,10.0,75,0.36,3,0.362
0.9,1.0,10.0,100,0.18,3,0.263
0.9,1.0,10.0,100,0.36,3,0.369
0.9,1.0,10.0,125,0.18,3,0.267
0.9,1.0,10.0,125,0.36,3,0.375
0.9,1.0,50.0,-40,0.18,3,0.229
0.9,1.0,50.0,-40,0.36,3,0.303
0.9,1.0,50.0,-25,0.18,3,0.232
0.9,1.0,50.0,-25,0.36,3,0.307
0.9,1.0,50.0,0,0.18,3,0.235
0.9,1.0,50.0,0,0.36,3,0.314
0.9,1.0,50.0,25,0.18,3,0.239
0.9,1.0,50.0,25,0.36,3,0.321
0.9,1.0,50.0,75,0.18,3,0.247
0.9,1.0,50.0,75,0.36,3,0.335
0.9,1.0,50.0,100,0.18,3,0.25
0.9,1.0,50.0,100,0.36,3,0.341
0.9,1.0,50.0,125,0.18,3,0.254
0.9,1.0,50.0,125,0.36,3,0.347
0.9,1.0,100.0,-40,0.18,3,0.231
0.9,1.0,100.0,-40,0.36,3,0.306
0.9,1.0,100.0,-25,0.18,3,0.232
0.9,1.0,100.0,-25,0.36,3,0.308
0.9,1.0,100.0,0,0.18,3,0.234
0.9,1.0,100.0,0,0.36,3,0.312
0.9,1.0,100.0,25,0.18,3,0.237
0.9,1.0,100.0,25,0.36,3,0.318
0.9,1.0,100.0,75,0.18,3,0.244
0.9,1.0,100.0,75,0.36,3,0.329
0.9,1.0,100.0,100,0.18,3,0.247
0.9,1.0,100.0,100,0.36,3,0.334
0.9,1.0,100.0,125,0.18,3,0.25
0.9,1.0,100.0,125,0.36,3,0.34
0.9,1.0,200.0,-40,0.18,3,0.245
0.9,1.0,200.0,-40,0.36,3,0.327
0.9,1.0,200.0,-25,0.18,3,0.243
0.9,1.0,200.0,-25,0.36,3,0.324
0.9,1.0,200.0,0,0.18,3,0.242
0.9,1.0,200.0,0,0.36,3,0.324
0.9,1.0,200.0,25,0.18,3,0.243
0.9,1.0,200.0,25,0.36,3,0.326
0.9,1.0,200.0,75,0.18,3,0.246
0.9,1.0,200.0,75,0.36,3,0.333
0.9,1.0,200.0,100,0.18,3,0.249
0.9,1.0,200.0,100,0.36,3,0.337
0.9,1.0,200.0,125,0.18,3,0.251
0.9,1.0,200.0,125,0.36,3,0.341
0.9,1.0,400.0,-40,0.18,3,0.286
0.9,1.0,400.0,-40,0.36,3,0.389
0.9,1.0,400.0,-25,0.18,3,0.277
0.9,1.0,400.0,-25,0.36,3,0.376
0.9,1.0,400.0,0,0.18,3,0.269
0.9,1.0,400.0,0,0.36,3,0.366
0.9,1.0,400.0,25,0.18,3,0.266
0.9,1.0,400.0,25,0.36,3,0.362
0.9,1.0,400.0,75,0.18,3,0.264
0.9,1.0,400.0,75,0.36,3,0.361
0.9,1.0,400.0,100,0.18,3,0.265
0.9,1.0,400.0,100,0.36,3,0.362
0.9,1.0,400.0,125,0.18,3,0.265
0.9,1.0,400.0,125,0.36,3,0.364
0.9,5.45,10.0,-40,0.18,3,0.846
0.9,5.45,10.0,-40,0.36,3,0.934
0.9,5.45,10.0,-25,0.18,3,0.848
0.9,5.45,10.0,-25,0.36,3,0.939
0.9,5.45,10.0,0,0.18,3,0.852
0.9,5.45,10.0,0,0.36,3,0.946
0.9,5.45,10.0,25,0.18,3,0.856
0.9,5.45,10.0,25,0.36,3,0.953
0.9,5.45,10.0,75,0.18,3,0.862
0.9,5.45,10.0,75,0.36,3,0.966
0.9,5.45,10.0,100,0.18,3,0.866
0.9,5.45,10.0,100,0.36,3,0.972
0.9,5.45,10.0,125,0.18,3,0.868
0.9,5.45,10.0,125,0.36,3,0.978
0.9,5.45,50.0,-40,0.18,3,0.836
0.9,5.45,50.0,-40,0.36,3,0.912
0.9,5.45,50.0,-25,0.18,3,0.838
0.9,5.45,50.0,-25,0.36,3,0.917
0.9,5.45,50.0,0,0.18,3,0.842
0.9,5.45,50.0,0,0.36,3,0.925
0.9,5.45,50.0,25,0.18,3,0.846
0.9,5.45,50.0,25,0.36,3,0.932
0.9,5.45,50.0,75,0.18,3,0.853
0.9,5.45,50.0,75,0.36,3,0.945
0.9,5.45,50.0,100,0.18,3,0.856
0.9,5.45,50.0,100,0.36,3,0.951
0.9,5.45,50.0,125,0.18,3,0.858
0.9,5.45,50.0,125,0.36,3,0.957
0.9,5.45,100.0,-40,0.18,3,0.833
0.9,5.45,100.0,-40,0.36,3,0.907
0.9,5.45,100.0,-25,0.18,3,0.835
0.9,5.45,100.0,-25,0.36,3,0.911
0.9,5.45,100.0,0,0.18,3,0.839
0.9,5.45,100.0,0,0.36,3,0.917
0.9,5.45,100.0,25,0.18,3,0.843
0.9,5.45,100.0,25,0.36,3,0.924
0.9,5.45,100.0,75,0.18,3,0.849
0.9,5.45,100.0,75,0.36,3,0.937
0.9,5.45,100.0,100,0.18,3,0.852
0.9,5.45,100.0,100,0.36,3,0.943
0.9,5.45,100.0,125,0.18,3,0.855
0.9,5.45,100.0,125,0.36,3,0.948
0.9,5.45,200.0,-40,0.18,3,0.837
0.9,5.45,200.0,-40,0.36,3,0.915
0.9,5.45,200.0,-25,0.18,3,0.837
0.9,5.45,200.0,-25,0.36,3,0.915
0.9,5.45,200.0,0,0.18,3,0.839
0.9,5.45,200.0,0,0.36,3,0.918
0.9,5.45,200.0,25,0.18,3,0.842
0.9,5.45,200.0,25,0.36,3,0.923
0.9,5.45,200.0,75,0.18,3,0.847
0.9,5.45,200.0,75,0.36,3,0.933
0.9,5.45,200.0,100,0.18,3,0.85
0.9,5.45,200.0,100,0.36,3,0.938
0.9,5.45,200.0,125,0.18,3,0.852
0.9,5.45,200.0,125,0.36,3,0.943
0.9,5.45,400.0,-40,0.18,3,0.859
0.9,5.45,400.0,-40,0.36,3,0.951
0.9,5.45,400.0,-25,0.18,3,0.854
0.9,5.45,400.0,-25,0.36,3,0.942
0.9,5.45,400.0,0,0.18,3,0.85
0.9,5.45,400.0,0,0.36,3,0.938
0.9,5.45,400.0,25,0.18,3,0.85
0.9,5.45,400.0,25,0.36,3,0.938
0.9,5.45,400.0,75,0.18,3,0.852
0.9,5.45,400.0,75,0.36,3,0.942
0.9,5.45,400.0,100,0.18,3,0.852
0.9,5.45,400.0,100,0.36,3,0.945
0.9,5.45,400.0,125,0.18,3,0.849
0.9,5.45,400.0,125,0.36,3,0.948
0.9,9.91,10.0,-40,0.18,3,1.448
0.9,9.91,10.0,-40,0.36,3,1.538
0.9,9.91,10.0,-25,0.18,3,1.45
0.9,9.91,10.0,-25,0.36,3,1.542
0.9,9.91,10.0,0,0.18,3,1.454
0.9,9.91,10.0,0,0.36,3,1.548
0.9,9.91,10.0,25,0.18,3,1.457
0.9,9.91,10.0,25,0.36,3,1.555
0.9,9.91,10.0,75,0.18,3,1.464
0.9,9.91,10.0,75,0.36,3,1.568
0.9,9.91,10.0,100,0.18,3,1.466
0.9,9.91,10.0,100,0.36,3,1.574
0.9,9.91,10.0,125,0.18,3,1.467
0.9,9.91,10.0,125,0.36,3,1.579
0.9,9.91,50.0,-40,0.18,3,1.44
0.9,9.91,50.0,-40,0.36,3,1.518
0.9,9.91,50.0,-25,0.18,3,1.442
0.9,9.91,50.0,-25,0.36,3,1.522
0.9,9.91,50.0,0,0.18,3,1.445
0.9,9.91,50.0,0,0.36,3,1.53
0.9,9.91,50.0,25,0.18,3,1.449
0.9,9.91,50.0,25,0.36,3,1.536
0.9,9.91,50.0,75,0.18,3,1.455
0.9,9.91,50.0,75,0.36,3,1.549
0.9,9.91,50.0,100,0.18,3,1.457
0.9,9.91,50.0,100,0.36,3,1.554
0.9,9.91,50.0,125,0.18,3,1.457
0.9,9.91,50.0,125,0.36,3,1.559
0.9,9.91,100.0,-40,0.18,3,1.437
0.9,9.91,100.0,-40,0.36,3,1.511
0.9,9.91,100.0,-25,0.18,3,1.439
0.9,9.91,100.0,-25,0.36,3,1.516
0.9,9.91,100.0,0,0.18,3,1.442
0.9,9.91,100.0,0,0.36,3,1.523
0.9,9.91,100.0,25,0.18,3,1.446
0.9,9.91,100.0,25,0.36,3,1.529
0.9,9.91,100.0,75,0.18,3,1.451
0.9,9.91,100.0,75,0.36,3,1.542
0.9,9.91,100.0,100,0.18,3,1.453
0.9,9.91,100.0,100,0.36,3,1.547
0.9,9.91,100.0,125,0.18,3,1.452
0.9,9.91,100.0,125,0.36,3,1.552
0.9,9.91,200.0,-40,0.18,3,1.438
0.9,9.91,200.0,-40,0.36,3,1.513
0.9,9.91,200.0,-25,0.18,3,1.438
0.9,9.91,200.0,-25,0.36,3,1.515
0.9,9.91,200.0,0,0.18,3,1.441
0.9,9.91,200.0,0,0.36,3,1.52
0.9,9.91,200.0,25,0.18,3,1.444
0.9,9.91,200.0,25,0.36,3,1.525
0.9,9.91,200.0,75,0.18,3,1.448
0.9,9.91,200.0,75,0.36,3,1.537
0.9,9.91,200.0,100,0.18,3,1.447
0.9,9.91,200.0,100,0.36,3,1.542
0.9,9.91,200.0,125,0.18,3,1.439
0.9,9.91,200.0,125,0.36,3,1.546
0.9,9.91,400.0,-40,0.18,3,1.452
0.9,9.91,400.0,-40,0.36,3,1.539
0.9,9.91,400.0,-25,0.18,3,1.449
0.9,9.91,400.0,-25,0.36,3,1.533
0.9,9.91,400.0,0,0.18,3,1.447
0.9,9.91,400.0,0,0.36,3,1.531
0.9,9.91,400.0,25,0.18,3,1.446
0.9,9.91,400.0,25,0.36,3,1.533
0.9,9.91,400.0,75,0.18,3,1.413
0.9,9.91,400.0,75,0.36,3,1.539
0.9,9.91,400.0,100,0.18,3,1.368
0.9,9.91,400.0,100,0.36,3,1.542
0.9,9.91,400.0,125,0.18,3,1.302
0.9,9.91,400.0,125,0.36,3,1.542
0.9,14.36,10.0,-40,0.18,3,2.05
0.9,14.36,10.0,-40,0.36,3,2.14
0.9,14.36,10.0,-25,0.18,3,2.052
0.9,14.36,10.0,-25,0.36,3,2.144
0.9,14.36,10.0,0,0.18,3,2.055
0.9,14.36,10.0,0,0.36,3,2.15
0.9,14.36,10.0,25,0.18,3,2.058
0.9,14.36,10.0,25,0.36,3,2.156
0.9,14.36,10.0,75,0.18,3,2.062
0.9,14.36,10.0,75,0.36,3,2.169
0.9,14.36,10.0,100,0.18,3,2.058
0.9,14.36,10.0,100,0.36,3,2.174
0.9,14.36,10.0,125,0.18,3,2.044
0.9,14.36,10.0,125,0.36,3,2.179
0.9,14.36,50.0,-40,0.18,3,2.042
0.9,14.36,50.0,-40,0.36,3,2.122
0.9,14.36,50.0,-25,0.18,3,2.044
0.9,14.36,50.0,-25,0.36,3,2.126
0.9,14.36,50.0,0,0.18,3,2.047
0.9,14.36,50.0,0,0.36,3,2.133
0.9,14.36,50.0,25,0.18,3,2.05
0.9,14.36,50.0,25,0.36,3,2.139
0.9,14.36,50.0,75,0.18,3,2.052
0.9,14.36,50.0,75,0.36,3,2.151
0.9,14.36,50.0,100,0.18,3,2.045
0.9,14.36,50.0,100,0.36,3,2.156
0.9,14.36,50.0,125,0.18,3,2.026
0.9,14.36,50.0,125,0.36,3,2.161
0.9,14.36,100.0,-40,0.18,3,2.039
0.9,14.36,100.0,-40,0.36,3,2.115
0.9,14.36,100.0,-25,0.18,3,2.041
0.9,14.36,100.0,-25,0.36,3,2.119
0.9,14.36,100.0,0,0.18,3,2.045
0.9,14.36,100.0,0,0.36,3,2.126
0.9,14.36,100.0,25,0.18,3,2.048
0.9,14.36,100.0,25,0.36,3,2.133
0.9,14.36,100.0,75,0.18,3,2.047
0.9,14.36,100.0,75,0.36,3,2.144
0.9,14.36,100.0,100,0.18,3,2.034
0.9,14.36,100.0,100,0.36,3,2.15
0.9,14.36,100.0,125,0.18,3,2.005
0.9,14.36,100.0,125,0.36,3,2.154
0.9,14.36,200.0,-40,0.18,3,2.039
0.9,14.36,200.0,-40,0.36,3,2.115
0.9,14.36,200.0,-25,0.18,3,2.04
0.9,14.36,200.0,-25,0.36,3,2.117
0.9,14.36,200.0,0,0.18,3,2.043
0.9,14.36,200.0,0,0.36,3,2.122
0.9,14.36,200.0,25,0.18,3,2.045
0.9,14.36,200.0,25,0.36,3,2.128
0.9,14.36,200.0,75,0.18,3,2.029
0.9,14.36,200.0,75,0.36,3,2.139
0.9,14.36,200.0,100,0.18,3,1.996
0.9,14.36,200.0,100,0.36,3,2.144
0.9,14.36,200.0,125,0.18,3,1.938
0.9,14.36,200.0,125,0.36,3,2.146
0.9,14.36,400.0,-40,0.18,3,2.05
0.9,14.36,400.0,-40,0.36,3,2.134
0.9,14.36,400.0,-25,0.18,3,2.046
0.9,14.36,400.0,-25,0.36,3,2.13
0.9,14.36,400.0,0,0.18,3,2.039
0.9,14.36,400.0,0,0.36,3,2.129
0.9,14.36,400.0,25,0.18,3,2.009
0.9,14.36,400.0,25,0.36,3,2.132
0.9,14.36,400.0,75,0.18,3,1.81
0.9,14.36,400.0,75,0.36,3,2.133
0.9,14.36,400.0,100,0.18,3,1.657
0.9,14.36,400.0,100,0.36,3,2.121
0.9,14.36,400.0,125,0.18,3,1.499
0.9,14.36,400.0,125,0.36,3,2.093
0.9,18.82,10.0,-40,0.18,3,2.651
0.9,18.82,10.0,-40,0.36,3,2.741
0.9,18.82,10.0,-25,0.18,3,2.653
0.9,18.82,10.0,-25,0.36,3,2.745
0.9,18.82,10.0,0,0.18,3,2.656
0.9,18.82,10.0,0,0.36,3,2.751
0.9,18.82,10.0,25,0.18,3,2.659
0.9,18.82,10.0,25,0.36,3,2.758
0.9,18.82,10.0,75,0.18,3,2.646
0.9,18.82,10.0,75,0.36,3,2.77
0.9,18.82,10.0,100,0.18,3,2.614
0.9,18.82,10.0,100,0.36,3,2.775
0.9,18.82,10.0,125,0.18,3,2.552
0.9,18.82,10.0,125,0.36,3,2.779
0.9,18.82,50.0,-40,0.18,3,2.644
0.9,18.82,50.0,-40,0.36,3,2.725
0.9,18.82,50.0,-25,0.18,3,2.646
0.9,18.82,50.0,-25,0.36,3,2.729
0.9,18.82,50.0,0,0.18,3,2.649
0.9,18.82,50.0,0,0.36,3,2.735
0.9,18.82,50.0,25,0.18,3,2.651
0.9,18.82,50.0,25,0.36,3,2.741
0.9,18.82,50.0,75,0.18,3,2.63
0.9,18.82,50.0,75,0.36,3,2.753
0.9,18.82,50.0,100,0.18,3,2.586
0.9,18.82,50.0,100,0.36,3,2.757
0.9,18.82,50.0,125,0.18,3,2.51
0.9,18.82,50.0,125,0.36,3,2.759
0.9,18.82,100.0,-40,0.18,3,2.641
0.9,18.82,100.0,-40,0.36,3,2.718
0.9,18.82,100.0,-25,0.18,3,2.643
0.9,18.82,100.0,-25,0.36,3,2.722
0.9,18.82,100.0,0,0.18,3,2.646
0.9,18.82,100.0,0,0.36,3,2.729
0.9,18.82,100.0,25,0.18,3,2.647
0.9,18.82,100.0,25,0.36,3,2.735
0.9,18.82,100.0,75,0.18,3,2.611
0.9,18.82,100.0,75,0.36,3,2.746
0.9,18.82,100.0,100,0.18,3,2.55
0.9,18.82,100.0,100,0.36,3,2.75
0.9,18.82,100.0,125,0.18,3,2.454
0.9,18.82,100.0,125,0.36,3,2.751
0.9,18.82,200.0,-40,0.18,3,2.641
0.9,18.82,200.0,-40,0.36,3,2.716
0.9,18.82,200.0,-25,0.18,3,2.642
0.9,18.82,200.0,-25,0.36,3,2.719
0.9,18.82,200.0,0,0.18,3,2.644
0.9,18.82,200.0,0,0.36,3,2.725
0.9,18.82,200.0,25,0.18,3,2.638
0.9,18.82,200.0,25,0.36,3,2.731
0.9,18.82,200.0,75,0.18,3,2.543
0.9,18.82,200.0,75,0.36,3,2.74
0.9,18.82,200.0,100,0.18,3,2.432
0.9,18.82,200.0,100,0.36,3,2.741
0.9,18.82,200.0,125,0.18,3,2.285
0.9,18.82,200.0,125,0.36,3,2.733
0.9,18.82,400.0,-40,0.18,3,2.647
0.9,18.82,400.0,-40,0.36,3,2.731
0.9,18.82,400.0,-25,0.18,3,2.639
0.9,18.82,400.0,-25,0.36,3,2.728
0.9,18.82,400.0,0,0.18,3,2.592
0.9,18.82,400.0,0,0.36,3,2.729
0.9,18.82,400.0,25,0.18,3,2.463
0.9,18.82,400.0,25,0.36,3,2.73
0.9,18.82,400.0,75,0.18,3,2.005
0.9,18.82,400.0,75,0.36,3,2.695
0.9,18.82,400.0,100,0.18,3,1.775
0.9,18.82,400.0,100,0.36,3,2.634
0.9,18.82,400.0,125,0.18,3,1.577
0.9,18.82,400.0,125,0.36,3,2.535
0.9,23.27,10.0,-40,0.18,3,3.253
0.9,23.27,10.0,-40,0.36,3,3.343
0.9,23.27,10.0,-25,0.18,3,3.255
0.9,23.27,10.0,-25,0.36,3,3.346
0.9,23.27,10.0,0,0.18,3,3.257
0.9,23.27,10.0,0,0.36,3,3.353
0.9,23.27,10.0,25,0.18,3,3.256
0.9,23.27,10.0,25,0.36,3,3.359
0.9,23.27,10.0,75,0.18,3,3.19
0.9,23.27,10.0,75,0.36,3,3.37
0.9,23.27,10.0,100,0.18,3,3.095
0.9,23.27,10.0,100,0.36,3,3.374
0.9,23.27,10.0,125,0.18,3,2.956
0.9,23.27,10.0,125,0.36,3,3.371
0.9,23.27,50.0,-40,0.18,3,3.246
0.9,23.27,50.0,-40,0.36,3,3.327
0.9,23.27,50.0,-25,0.18,3,3.248
0.9,23.27,50.0,-25,0.36,3,3.331
0.9,23.27,50.0,0,0.18,3,3.25
0.9,23.27,50.0,0,0.36,3,3.337
0.9,23.27,50.0,25,0.18,3,3.246
0.9,23.27,50.0,25,0.36,3,3.343
0.9,23.27,50.0,75,0.18,3,3.156
0.9,23.27,50.0,75,0.36,3,3.353
0.9,23.27,50.0,100,0.18,3,3.04
0.9,23.27,50.0,100,0.36,3,3.355
0.9,23.27,50.0,125,0.18,3,2.88
0.9,23.27,50.0,125,0.36,3,3.349
0.9,23.27,100.0,-40,0.18,3,3.243
0.9,23.27,100.0,-40,0.36,3,3.32
0.9,23.27,100.0,-25,0.18,3,3.245
0.9,23.27,100.0,-25,0.36,3,3.325
0.9,23.27,100.0,0,0.18,3,3.246
0.9,23.27,100.0,0,0.36,3,3.331
0.9,23.27,100.0,25,0.18,3,3.237
0.9,23.27,100.0,25,0.36,3,3.337
0.9,23.27,100.0,75,0.18,3,3.107
0.9,23.27,100.0,75,0.36,3,3.347
0.9,23.27,100.0,100,0.18,3,2.962
0.9,23.27,100.0,100,0.36,3,3.345
0.9,23.27,100.0,125,0.18,3,2.776
0.9,23.27,100.0,125,0.36,3,3.333
0.9,23.27,200.0,-40,0.18,3,3.242
0.9,23.27,200.0,-40,0.36,3,3.318
0.9,23.27,200.0,-25,0.18,3,3.243
0.9,23.27,200.0,-25,0.36,3,3.321
0.9,23.27,200.0,0,0.18,3,3.238
0.9,23.27,200.0,0,0.36,3,3.327
0.9,23.27,200.0,25,0.18,3,3.204
0.9,23.27,200.0,25,0.36,3,3.333
0.9,23.27,200.0,75,0.18,3,2.947
0.9,23.27,200.0,75,0.36,3,3.336
0.9,23.27,200.0,100,0.18,3,2.733
0.9,23.27,200.0,100,0.36,3,3.322
0.9,23.27,200.0,125,0.18,3,2.497
0.9,23.27,200.0,125,0.36,3,3.286
0.9,23.27,400.0,-40,0.18,3,3.238
0.9,23.27,400.0,-40,0.36,3,3.33
0.9,23.27,400.0,-25,0.18,3,3.204
0.9,23.27,400.0,-25,0.36,3,3.328
0.9,23.27,400.0,0,0.18,3,3.05
0.9,23.27,400.0,0,0.36,3,3.328
0.9,23.27,400.0,25,0.18,3,2.757
0.9,23.27,400.0,25,0.36,3,3.318
0.9,23.27,400.0,75,0.18,3,2.096
0.9,23.27,400.0,75,0.36,3,3.186
0.9,23.27,400.0,100,0.18,3,1.834
0.9,23.27,400.0,100,0.36,3,3.034
0.9,23.27,400.0,125,0.18,3,1.619
0.9,23.27,400.0,125,0.36,3,2.836
0.9,27.73,10.0,-40,0.18,3,3.854
0.9,27.73,10.0,-40,0.36,3,3.944
0.9,27.73,10.0,-25,0.18,3,3.856
0.9,27.73,10.0,-25,0.36,3,3.948
0.9,27.73,10.0,0,0.18,3,3.856
0.9,27.73,10.0,0,0.36,3,3.954
0.9,27.73,10.0,25,0.18,3,3.842
0.9,27.73,10.0,25,0.36,3,3.96
0.9,27.73,10.0,75,0.18,3,3.667
0.9,27.73,10.0,75,0.36,3,3.969
0.9,27.73,10.0,100,0.18,3,3.483
0.9,27.73,10.0,100,0.36,3,3.966
0.9,27.73,10.0,125,0.18,3,3.253
0.9,27.73,10.0,125,0.36,3,3.947
0.9,27.73,50.0,-40,0.18,3,3.847
0.9,27.73,50.0,-40,0.36,3,3.929
0.9,27.73,50.0,-25,0.18,3,3.849
0.9,27.73,50.0,-25,0.36,3,3.933
0.9,27.73,50.0,0,0.18,3,3.848
0.9,27.73,50.0,0,0.36,3,3.939
0.9,27.73,50.0,25,0.18,3,3.825
0.9,27.73,50.0,25,0.36,3,3.945
0.9,27.73,50.0,75,0.18,3,3.604
0.9,27.73,50.0,75,0.36,3,3.951
0.9,27.73,50.0,100,0.18,3,3.392
0.9,27.73,50.0,100,0.36,3,3.943
0.9,27.73,50.0,125,0.18,3,3.142
0.9,27.73,50.0,125,0.36,3,3.916
0.9,27.73,100.0,-40,0.18,3,3.845
0.9,27.73,100.0,-40,0.36,3,3.923
0.9,27.73,100.0,-25,0.18,3,3.846
0.9,27.73,100.0,-25,0.36,3,3.927
0.9,27.73,100.0,0,0.18,3,3.841
0.9,27.73,100.0,0,0.36,3,3.933
0.9,27.73,100.0,25,0.18,3,3.803
0.9,27.73,100.0,25,0.36,3,3.939
0.9,27.73,100.0,75,0.18,3,3.512
0.9,27.73,100.0,75,0.36,3,3.942
0.9,27.73,100.0,100,0.18,3,3.265
0.9,27.73,100.0,100,0.36,3,3.926
0.9,27.73,100.0,125,0.18,3,2.991
0.9,27.73,100.0,125,0.36,3,3.885
0.9,27.73,200.0,-40,0.18,3,3.843
0.9,27.73,200.0,-40,0.36,3,3.92
0.9,27.73,200.0,-25,0.18,3,3.842
0.9,27.73,200.0,-25,0.36,3,3.923
0.9,27.73,200.0,0,0.18,3,3.815
0.9,27.73,200.0,0,0.36,3,3.929
0.9,27.73,200.0,25,0.18,3,3.717
0.9,27.73,200.0,25,0.36,3,3.934
0.9,27.73,200.0,75,0.18,3,3.236
0.9,27.73,200.0,75,0.36,3,3.917
0.9,27.73,200.0,100,0.18,3,2.923
0.9,27.73,200.0,100,0.36,3,3.869
0.9,27.73,200.0,125,0.18,3,2.622
0.9,27.73,200.0,125,0.36,3,3.78
0.9,27.73,400.0,-40,0.18,3,3.803
0.9,27.73,400.0,-40,0.36,3,3.929
0.9,27.73,400.0,-25,0.18,3,3.706
0.9,27.73,400.0,-25,0.36,3,3.927
0.9,27.73,400.0,0,0.18,3,3.373
0.9,27.73,400.0,0,0.36,3,3.921
0.9,27.73,400.0,25,0.18,3,2.917
0.9,27.73,400.0,25,0.36,3,3.882
0.9,27.73,400.0,75,0.18,3,2.15
0.9,27.73,400.0,75,0.36,3,3.575
0.9,27.73,400.0,100,0.18,3,1.873
0.9,27.73,400.0,100,0.36,3,3.309
0.9,27.73,400.0,125,0.18,3,1.648
0.9,27.73,400.0,125,0.36,3,3.02
0.9,32.18,10.0,-40,0.18,3,4.455
0.9,32.18,10.0,-40,0.36,3,4.545
0.9,32.18,10.0,-25,0.18,3,4.456
0.9,32.18,10.0,-25,0.36,3,4.549
0.9,32.18,10.0,0,0.18,3,4.45
0.9,32.18,10.0,0,0.36,3,4.555
0.9,32.18,10.0,25,0.18,3,4.405
0.9,32.18,10.0,25,0.36,3,4.561
0.9,32.18,10.0,75,0.18,3,4.065
0.9,32.18,10.0,75,0.36,3,4.563
0.9,32.18,10.0,100,0.18,3,3.779
0.9,32.18,10.0,100,0.36,3,4.543
0.9,32.18,10.0,125,0.18,3,3.463
0.9,32.18,10.0,125,0.36,3,4.495
0.9,32.18,50.0,-40,0.18,3,4.449
0.9,32.18,50.0,-40,0.36,3,4.531
0.9,32.18,50.0,-25,0.18,3,4.449
0.9,32.18,50.0,-25,0.36,3,4.535
0.9,32.18,50.0,0,0.18,3,4.437
0.9,32.18,50.0,0,0.36,3,4.541
0.9,32.18,50.0,25,0.18,3,4.373
0.9,32.18,50.0,25,0.36,3,4.546
0.9,32.18,50.0,75,0.18,3,3.965
0.9,32.18,50.0,75,0.36,3,4.542
0.9,32.18,50.0,100,0.18,3,3.651
0.9,32.18,50.0,100,0.36,3,4.512
0.9,32.18,50.0,125,0.18,3,3.32
0.9,32.18,50.0,125,0.36,3,4.447
0.9,32.18,100.0,-40,0.18,3,4.446
0.9,32.18,100.0,-40,0.36,3,4.525
0.9,32.18,100.0,-25,0.18,3,4.445
0.9,32.18,100.0,-25,0.36,3,4.529
0.9,32.18,100.0,0,0.18,3,4.422
0.9,32.18,100.0,0,0.36,3,4.535
0.9,32.18,100.0,25,0.18,3,4.327
0.9,32.18,100.0,25,0.36,3,4.54
0.9,32.18,100.0,75,0.18,3,3.822
0.9,32.18,100.0,75,0.36,3,4.525
0.9,32.18,100.0,100,0.18,3,3.476
0.9,32.18,100.0,100,0.36,3,4.479
0.9,32.18,100.0,125,0.18,3,3.132
0.9,32.18,100.0,125,0.36,3,4.389
0.9,32.18,200.0,-40,0.18,3,4.443
0.9,32.18,200.0,-40,0.36,3,4.522
0.9,32.18,200.0,-25,0.18,3,4.433
0.9,32.18,200.0,-25,0.36,3,4.525
0.9,32.18,200.0,0,0.18,3,4.358
0.9,32.18,200.0,0,0.36,3,4.531
0.9,32.18,200.0,25,0.18,3,4.155
0.9,32.18,200.0,25,0.36,3,4.533
0.9,32.18,200.0,75,0.18,3,3.429
0.9,32.18,200.0,75,0.36,3,4.47
0.9,32.18,200.0,100,0.18,3,3.043
0.9,32.18,200.0,100,0.36,3,4.365
0.9,32.18,200.0,125,0.18,3,2.699
0.9,32.18,200.0,125,0.36,3,4.201
0.9,32.18,400.0,-40,0.18,3,4.315
0.9,32.18,400.0,-40,0.36,3,4.529
0.9,32.18,400.0,-25,0.18,3,4.108
0.9,32.18,400.0,-25,0.36,3,4.525
0.9,32.18,400.0,0,0.18,3,3.567
0.9,32.18,400.0,0,0.36,3,4.5
0.9,32.18,400.0,25,0.18,3,3.008
0.9,32.18,400.0,25,0.36,3,4.4
0.9,32.18,400.0,75,0.18,3,2.188
0.9,32.18,400.0,75,0.36,3,3.854
0.9,32.18,400.0,100,0.18,3,1.9
0.9,32.18,400.0,100,0.36,3,3.485
0.9,32.18,400.0,125,0.18,3,1.669
0.9,32.18,400.0,125,0.36,3,3.132
0.9,36.64,10.0,-40,0.18,3,5.056
0.9,36.64,10.0,-40,0.36,3,5.147
0.9,36.64,10.0,-25,0.18,3,5.056
0.9,36.64,10.0,-25,0.36,3,5.15
0.9,36.64,10.0,0,0.18,3,5.031
0.9,36.64,10.0,0,0.36,3,5.156
0.9,36.64,10.0,25,0.18,3,4.931
0.9,36.64,10.0,25,0.36,3,5.162
0.9,36.64,10.0,75,0.18,3,4.381
0.9,36.64,10.0,75,0.36,3,5.147
0.9,36.64,10.0,100,0.18,3,3.997
0.9,36.64,10.0,100,0.36,3,5.098
0.9,36.64,10.0,125,0.18,3,3.609
0.9,36.64,10.0,125,0.36,3,5.002
0.9,36.64,50.0,-40,0.18,3,5.049
0.9,36.64,50.0,-40,0.36,3,5.133
0.9,36.64,50.0,-25,0.18,3,5.047
0.9,36.64,50.0,-25,0.36,3,5.136
0.9,36.64,50.0,0,0.18,3,5.01
0.9,36.64,50.0,0,0.36,3,5.142
0.9,36.64,50.0,25,0.18,3,4.877
0.9,36.64,50.0,25,0.36,3,5.146
0.9,36.64,50.0,75,0.18,3,4.243
0.9,36.64,50.0,75,0.36,3,5.118
0.9,36.64,50.0,100,0.18,3,3.836
0.9,36.64,50.0,100,0.36,3,5.052
0.9,36.64,50.0,125,0.18,3,3.441
0.9,36.64,50.0,125,0.36,3,4.931
0.9,36.64,100.0,-40,0.18,3,5.046
0.9,36.64,100.0,-40,0.36,3,5.127
0.9,36.64,100.0,-25,0.18,3,5.04
0.9,36.64,100.0,-25,0.36,3,5.131
0.9,36.64,100.0,0,0.18,3,4.978
0.9,36.64,100.0,0,0.36,3,5.137
0.9,36.64,100.0,25,0.18,3,4.793
0.9,36.64,100.0,25,0.36,3,5.14
0.9,36.64,100.0,75,0.18,3,4.05
0.9,36.64,100.0,75,0.36,3,5.089
0.9,36.64,100.0,100,0.18,3,3.621
0.9,36.64,100.0,100,0.36,3,4.994
0.9,36.64,100.0,125,0.18,3,3.225
0.9,36.64,100.0,125,0.36,3,4.836
0.9,36.64,200.0,-40,0.18,3,5.037
0.9,36.64,200.0,-40,0.36,3,5.124
0.9,36.64,200.0,-25,0.18,3,5.008
0.9,36.64,200.0,-25,0.36,3,5.127
0.9,36.64,200.0,0,0.18,3,4.85
0.9,36.64,200.0,0,0.36,3,5.132
0.9,36.64,200.0,25,0.18,3,4.508
0.9,36.64,200.0,25,0.36,3,5.126
0.9,36.64,200.0,75,0.18,3,3.558
0.9,36.64,200.0,75,0.36,3,4.982
0.9,36.64,200.0,100,0.18,3,3.121
0.9,36.64,200.0,100,0.36,3,4.799
0.9,36.64,200.0,125,0.18,3,2.752
0.9,36.64,200.0,125,0.36,3,4.545
0.9,36.64,400.0,-40,0.18,3,4.742
0.9,36.64,400.0,-40,0.36,3,5.128
0.9,36.64,400.0,-25,0.18,3,4.388
0.9,36.64,400.0,-25,0.36,3,5.119
0.9,36.64,400.0,0,0.18,3,3.68
0.9,36.64,400.0,0,0.36,3,5.053
0.9,36.64,400.0,25,0.18,3,3.068
0.9,36.64,400.0,25,0.36,3,4.854
0.9,36.64,400.0,75,0.18,3,2.217
0.9,36.64,400.0,75,0.36,3,4.042
0.9,36.64,400.0,100,0.18,3,1.921
0.9,36.64,400.0,100,0.36,3,3.598
0.9,36.64,400.0,125,0.18,3,1.685
0.9,36.64,400.0,125,0.36,3,3.206
0.9,41.09,10.0,-40,0.18,3,5.656
0.9,41.09,10.0,-40,0.36,3,5.748
0.9,41.09,10.0,-25,0.18,3,5.651
0.9,41.09,10.0,-25,0.36,3,5.752
0.9,41.09,10.0,0,0.18,3,5.592
0.9,41.09,10.0,0,0.36,3,5.757
0.9,41.09,10.0,25,0.18,3,5.408
0.9,41.09,10.0,25,0.36,3,5.761
0.9,41.09,10.0,75,0.18,3,4.626
0.9,41.09,10.0,75,0.36,3,5.714
0.9,41.09,10.0,100,0.18,3,4.155
0.9,41.09,10.0,100,0.36,3,5.621
0.9,41.09,10.0,125,0.18,3,3.712
0.9,41.09,10.0,125,0.36,3,5.458
0.9,41.09,50.0,-40,0.18,3,5.649
0.9,41.09,50.0,-40,0.36,3,5.734
0.9,41.09,50.0,-25,0.18,3,5.639
0.9,41.09,50.0,-25,0.36,3,5.738
0.9,41.09,50.0,0,0.18,3,5.556
0.9,41.09,50.0,0,0.36,3,5.743
0.9,41.09,50.0,25,0.18,3,5.323
0.9,41.09,50.0,25,0.36,3,5.745
0.9,41.09,50.0,75,0.18,3,4.452
0.9,41.09,50.0,75,0.36,3,5.674
0.9,41.09,50.0,100,0.18,3,3.967
0.9,41.09,50.0,100,0.36,3,5.552
0.9,41.09,50.0,125,0.18,3,3.526
0.9,41.09,50.0,125,0.36,3,5.358
0.9,41.09,100.0,-40,0.18,3,5.643
0.9,41.09,100.0,-40,0.36,3,5.729
0.9,41.09,100.0,-25,0.18,3,5.624
0.9,41.09,100.0,-25,0.36,3,5.733
0.9,41.09,100.0,0,0.18,3,5.498
0.9,41.09,100.0,0,0.36,3,5.738
0.9,41.09,100.0,25,0.18,3,5.192
0.9,41.09,100.0,25,0.36,3,5.736
0.9,41.09,100.0,75,0.18,3,4.214
0.9,41.09,100.0,75,0.36,3,5.623
0.9,41.09,100.0,100,0.18,3,3.722
0.9,41.09,100.0,100,0.36,3,5.46
0.9,41.09,100.0,125,0.18,3,3.29
0.9,41.09,100.0,125,0.36,3,5.22
0.9,41.09,200.0,-40,0.18,3,5.621
0.9,41.09,200.0,-40,0.36,3,5.726
0.9,41.09,200.0,-25,0.18,3,5.556
0.9,41.09,200.0,-25,0.36,3,5.729
0.9,41.09,200.0,0,0.18,3,5.276
0.9,41.09,200.0,0,0.36,3,5.73
0.9,41.09,200.0,25,0.18,3,4.779
0.9,41.09,200.0,25,0.36,3,5.708
0.9,41.09,200.0,75,0.18,3,3.645
0.9,41.09,200.0,75,0.36,3,5.444
0.9,41.09,200.0,100,0.18,3,3.177
0.9,41.09,200.0,100,0.36,3,5.165
0.9,41.09,200.0,125,0.18,3,2.79
0.9,41.09,200.0,125,0.36,3,4.817
0.9,41.09,400.0,-40,0.18,3,5.058
0.9,41.09,400.0,-40,0.36,3,5.724
0.9,41.09,400.0,-25,0.18,3,4.561
0.9,41.09,400.0,-25,0.36,3,5.702
0.9,41.09,400.0,0,0.18,3,3.754
0.9,41.09,400.0,0,0.36,3,5.566
0.9,41.09,400.0,25,0.18,3,3.114
0.9,41.09,400.0,25,0.36,3,5.227
0.9,41.09,400.0,75,0.18,3,2.239
0.9,41.09,400.0,75,0.36,3,4.169
0.9,41.09,400.0,100,0.18,3,1.938
0.9,41.09,400.0,100,0.36,3,3.677
0.9,41.09,400.0,125,0.18,3,1.698
0.9,41.09,400.0,125,0.36,3,3.26
0.9,45.55,10.0,-40,0.18,3,6.255
0.9,45.55,10.0,-40,0.36,3,6.349
0.9,45.55,10.0,-25,0.18,3,6.238
0.9,45.55,10.0,-25,0.36,3,6.353
0.9,45.55,10.0,0,0.18,3,6.125
0.9,45.55,10.0,0,0.36,3,6.358
0.9,45.55,10.0,25,0.18,3,5.83
0.9,45.55,10.0,25,0.36,3,6.358
0.9,45.55,10.0,75,0.18,3,4.811
0.9,45.55,10.0,75,0.36,3,6.258
0.9,45.55,10.0,100,0.18,3,4.271
0.9,45.55,10.0,100,0.36,3,6.102
0.9,45.55,10.0,125,0.18,3,3.786
0.9,45.55,10.0,125,0.36,3,5.863
0.9,45.55,50.0,-40,0.18,3,6.245
0.9,45.55,50.0,-40,0.36,3,6.336
0.9,45.55,50.0,-25,0.18,3,6.22
0.9,45.55,50.0,-25,0.36,3,6.339
0.9,45.55,50.0,0,0.18,3,6.066
0.9,45.55,50.0,0,0.36,3,6.344
0.9,45.55,50.0,25,0.18,3,5.708
0.9,45.55,50.0,25,0.36,3,6.34
0.9,45.55,50.0,75,0.18,3,4.606
0.9,45.55,50.0,75,0.36,3,6.2
0.9,45.55,50.0,100,0.18,3,4.062
0.9,45.55,50.0,100,0.36,3,6.007
0.9,45.55,50.0,125,0.18,3,3.586
0.9,45.55,50.0,125,0.36,3,5.728
0.9,45.55,100.0,-40,0.18,3,6.235
0.9,45.55,100.0,-40,0.36,3,6.331
0.9,45.55,100.0,-25,0.18,3,6.191
0.9,45.55,100.0,-25,0.36,3,6.334
0.9,45.55,100.0,0,0.18,3,5.971
0.9,45.55,100.0,0,0.36,3,6.338
0.9,45.55,100.0,25,0.18,3,5.522
0.9,45.55,100.0,25,0.36,3,6.326
0.9,45.55,100.0,75,0.18,3,4.332
0.9,45.55,100.0,75,0.36,3,6.12
0.9,45.55,100.0,100,0.18,3,3.795
0.9,45.55,100.0,100,0.36,3,5.873
0.9,45.55,100.0,125,0.18,3,3.339
0.9,45.55,100.0,125,0.36,3,5.542
0.9,45.55,200.0,-40,0.18,3,6.188
0.9,45.55,200.0,-40,0.36,3,6.327
0.9,45.55,200.0,-25,0.18,3,6.067
0.9,45.55,200.0,-25,0.36,3,6.33
0.9,45.55,200.0,0,0.18,3,5.632
0.9,45.55,200.0,0,0.36,3,6.325
0.9,45.55,200.0,25,0.18,3,4.98
0.9,45.55,200.0,25,0.36,3,6.275
0.9,45.55,200.0,75,0.18,3,3.709
0.9,45.55,200.0,75,0.36,3,5.848
0.9,45.55,200.0,100,0.18,3,3.219
0.9,45.55,200.0,100,0.36,3,5.465
0.9,45.55,200.0,125,0.18,3,2.821
0.9,45.55,200.0,125,0.36,3,5.028
0.9,45.55,400.0,-40,0.18,3,5.263
0.9,45.55,400.0,-40,0.36,3,6.316
0.9,45.55,400.0,-25,0.18,3,4.668
0.9,45.55,400.0,-25,0.36,3,6.268
0.9,45.55,400.0,0,0.18,3,3.809
0.9,45.55,400.0,0,0.36,3,6.025
0.9,45.55,400.0,25,0.18,3,3.15
0.9,45.55,400.0,25,0.36,3,5.519
0.9,45.55,400.0,75,0.18,3,2.257
0.9,45.55,400.0,75,0.36,3,4.258
0.9,45.55,400.0,100,0.18,3,1.951
0.9,45.55,400.0,100,0.36,3,3.736
0.9,45.55,400.0,125,0.18,3,1.708
0.9,45.55,400.0,125,0.36,3,3.303
0.9,50.0,10.0,-40,0.18,3,6.849
0.9,50.0,10.0,-40,0.36,3,6.951
0.9,50.0,10.0,-25,0.18,3,6.814
0.9,50.0,10.0,-25,0.36,3,6.954
0.9,50.0,10.0,0,0.18,3,6.62
0.9,50.0,10.0,0,0.36,3,6.958
0.9,50.0,10.0,25,0.18,3,6.193
0.9,50.0,10.0,25,0.36,3,6.951
0.9,50.0,10.0,75,0.18,3,4.952
0.9,50.0,10.0,75,0.36,3,6.773
0.9,50.0,10.0,100,0.18,3,4.357
0.9,50.0,10.0,100,0.36,3,6.539
0.9,50.0,10.0,125,0.18,3,3.842
0.9,50.0,10.0,125,0.36,3,6.214
0.9,50.0,50.0,-40,0.18,3,6.835
0.9,50.0,50.0,-40,0.36,3,6.937
0.9,50.0,50.0,-25,0.18,3,6.784
0.9,50.0,50.0,-25,0.36,3,6.941
0.9,50.0,50.0,0,0.18,3,6.532
0.9,50.0,50.0,0,0.36,3,6.944
0.9,50.0,50.0,25,0.18,3,6.03
0.9,50.0,50.0,25,0.36,3,6.929
0.9,50.0,50.0,75,0.18,3,4.721
0.9,50.0,50.0,75,0.36,3,6.691
0.9,50.0,50.0,100,0.18,3,4.133
0.9,50.0,50.0,100,0.36,3,6.412
0.9,50.0,50.0,125,0.18,3,3.634
0.9,50.0,50.0,125,0.36,3,6.043
0.9,50.0,100.0,-40,0.18,3,6.817
0.9,50.0,100.0,-40,0.36,3,6.932
0.9,50.0,100.0,-25,0.18,3,6.735
0.9,50.0,100.0,-25,0.36,3,6.936
0.9,50.0,100.0,0,0.18,3,6.39
0.9,50.0,100.0,0,0.36,3,6.936
0.9,50.0,100.0,25,0.18,3,5.788
0.9,50.0,100.0,25,0.36,3,6.906
0.9,50.0,100.0,75,0.18,3,4.42
0.9,50.0,100.0,75,0.36,3,6.574
0.9,50.0,100.0,100,0.18,3,3.85
0.9,50.0,100.0,100,0.36,3,6.231
0.9,50.0,100.0,125,0.18,3,3.377
0.9,50.0,100.0,125,0.36,3,5.808
0.9,50.0,200.0,-40,0.18,3,6.729
0.9,50.0,200.0,-40,0.36,3,6.929
0.9,50.0,200.0,-25,0.18,3,6.529
0.9,50.0,200.0,-25,0.36,3,6.93
0.9,50.0,200.0,0,0.18,3,5.917
0.9,50.0,200.0,0,0.36,3,6.912
0.9,50.0,200.0,25,0.18,3,5.127
0.9,50.0,200.0,25,0.36,3,6.818
0.9,50.0,200.0,75,0.18,3,3.757
0.9,50.0,200.0,75,0.36,3,6.195
0.9,50.0,200.0,100,0.18,3,3.253
0.9,50.0,200.0,100,0.36,3,5.707
0.9,50.0,200.0,125,0.18,3,2.845
0.9,50.0,200.0,125,0.36,3,5.191
0.9,50.0,400.0,-40,0.18,3,5.389
0.9,50.0,400.0,-40,0.36,3,6.897
0.9,50.0,400.0,-25,0.18,3,4.743
0.9,50.0,400.0,-25,0.36,3,6.807
0.9,50.0,400.0,0,0.18,3,3.853
0.9,50.0,400.0,0,0.36,3,6.418
0.9,50.0,400.0,25,0.18,3,3.179
0.9,50.0,400.0,25,0.36,3,5.737
0.9,50.0,400.0,75,0.18,3,2.272
0.9,50.0,400.0,75,0.36,3,4.326
0.9,50.0,400.0,100,0.18,3,1.962
0.9,50.0,400.0,100,0.36,3,3.782
0.9,50.0,400.0,125,0.18,3,1.716
0.9,50.0,400.0,125,0.36,3,3.338
1.0,1.0,10.0,-40,0.18,3,0.298
1.0,1.0,10.0,-40,0.36,3,0.402
1.0,1.0,10.0,-25,0.18,3,0.302
1.0,1.0,10.0,-25,0.36,3,0.409
1.0,1.0,10.0,0,0.18,3,0.308
1.0,1.0,10.0,0,0.36,3,0.421
1.0,1.0,10.0,25,0.18,3,0.313
1.0,1.0,10.0,25,0.36,3,0.431
1.0,1.0,10.0,75,0.18,3,0.323
1.0,1.0,10.0,75,0.36,3,0.45
1.0,1.0,10.0,100,0.18,3,0.327
1.0,1.0,10.0,100,0.36,3,0.459
1.0,1.0,10.0,125,0.18,3,0.332
1.0,1.0,10.0,125,0.36,3,0.467
1.0,1.0,50.0,-40,0.18,3,0.292
1.0,1.0,50.0,-40,0.36,3,0.389
1.0,1.0,50.0,-25,0.18,3,0.292
1.0,1.0,50.0,-25,0.36,3,0.39
1.0,1.0,50.0,0,0.18,3,0.295
1.0,1.0,50.0,0,0.36,3,0.396
1.0,1.0,50.0,25,0.18,3,0.299
1.0,1.0,50.0,25,0.36,3,0.403
1.0,1.0,50.0,75,0.18,3,0.308
1.0,1.0,50.0,75,0.36,3,0.419
1.0,1.0,50.0,100,0.18,3,0.312
1.0,1.0,50.0,100,0.36,3,0.426
1.0,1.0,50.0,125,0.18,3,0.316
1.0,1.0,50.0,125,0.36,3,0.434
1.0,1.0,100.0,-40,0.18,3,0.311
1.0,1.0,100.0,-40,0.36,3,0.418
1.0,1.0,100.0,-25,0.18,3,0.307
1.0,1.0,100.0,-25,0.36,3,0.413
1.0,1.0,100.0,0,0.18,3,0.304
1.0,1.0,100.0,0,0.36,3,0.41
1.0,1.0,100.0,25,0.18,3,0.305
1.0,1.0,100.0,25,0.36,3,0.412
1.0,1.0,100.0,75,0.18,3,0.309
1.0,1.0,100.0,75,0.36,3,0.42
1.0,1.0,100.0,100,0.18,3,0.312
1.0,1.0,100.0,100,0.36,3,0.425
1.0,1.0,100.0,125,0.18,3,0.315
1.0,1.0,100.0,125,0.36,3,0.43
1.0,1.0,200.0,-40,0.18,3,0.37
1.0,1.0,200.0,-40,0.36,3,0.508
1.0,1.0,200.0,-25,0.18,3,0.356
1.0,1.0,200.0,-25,0.36,3,0.489
1.0,1.0,200.0,0,0.18,3,0.342
1.0,1.0,200.0,0,0.36,3,0.469
1.0,1.0,200.0,25,0.18,3,0.334
1.0,1.0,200.0,25,0.36,3,0.459
1.0,1.0,200.0,75,0.18,3,0.328
1.0,1.0,200.0,75,0.36,3,0.451
1.0,1.0,200.0,100,0.18,3,0.328
1.0,1.0,200.0,100,0.36,3,0.451
1.0,1.0,200.0,125,0.18,3,0.328
1.0,1.0,200.0,125,0.36,3,0.451
1.0,1.0,400.0,-40,0.18,3,0.519
1.0,1.0,400.0,-40,0.36,3,0.726
1.0,1.0,400.0,-25,0.18,3,0.484
1.0,1.0,400.0,-25,0.36,3,0.681
1.0,1.0,400.0,0,0.18,3,0.446
1.0,1.0,400.0,0,0.36,3,0.63
1.0,1.0,400.0,25,0.18,3,0.422
1.0,1.0,400.0,25,0.36,3,0.596
1.0,1.0,400.0,75,0.18,3,0.394
1.0,1.0,400.0,75,0.36,3,0.556
1.0,1.0,400.0,100,0.18,3,0.385
1.0,1.0,400.0,100,0.36,3,0.543
1.0,1.0,400.0,125,0.18,3,0.379
1.0,1.0,400.0,125,0.36,3,0.534
1.0,5.45,10.0,-40,0.18,3,1.047
1.0,5.45,10.0,-40,0.36,3,1.157
1.0,5.45,10.0,-25,0.18,3,1.05
1.0,5.45,10.0,-25,0.36,3,1.163
1.0,5.45,10.0,0,0.18,3,1.055
1.0,5.45,10.0,0,0.36,3,1.173
1.0,5.45,10.0,25,0.18,3,1.059
1.0,5.45,10.0,25,0.36,3,1.181
1.0,5.45,10.0,75,0.18,3,1.067
1.0,5.45,10.0,75,0.36,3,1.198
1.0,5.45,10.0,100,0.18,3,1.071
1.0,5.45,10.0,100,0.36,3,1.205
1.0,5.45,10.0,125,0.18,3,1.075
1.0,5.45,10.0,125,0.36,3,1.212
1.0,5.45,50.0,-40,0.18,3,1.036
1.0,5.45,50.0,-40,0.36,3,1.133
1.0,5.45,50.0,-25,0.18,3,1.039
1.0,5.45,50.0,-25,0.36,3,1.138
1.0,5.45,50.0,0,0.18,3,1.043
1.0,5.45,50.0,0,0.36,3,1.146
1.0,5.45,50.0,25,0.18,3,1.047
1.0,5.45,50.0,25,0.36,3,1.155
1.0,5.45,50.0,75,0.18,3,1.055
1.0,5.45,50.0,75,0.36,3,1.171
1.0,5.45,50.0,100,0.18,3,1.059
1.0,5.45,50.0,100,0.36,3,1.178
1.0,5.45,50.0,125,0.18,3,1.062
1.0,5.45,50.0,125,0.36,3,1.185
1.0,5.45,100.0,-40,0.18,3,1.041
1.0,5.45,100.0,-40,0.36,3,1.142
1.0,5.45,100.0,-25,0.18,3,1.041
1.0,5.45,100.0,-25,0.36,3,1.142
1.0,5.45,100.0,0,0.18,3,1.043
1.0,5.45,100.0,0,0.36,3,1.145
1.0,5.45,100.0,25,0.18,3,1.046
1.0,5.45,100.0,25,0.36,3,1.151
1.0,5.45,100.0,75,0.18,3,1.052
1.0,5.45,100.0,75,0.36,3,1.165
1.0,5.45,100.0,100,0.18,3,1.056
1.0,5.45,100.0,100,0.36,3,1.171
1.0,5.45,100.0,125,0.18,3,1.059
1.0,5.45,100.0,125,0.36,3,1.177
1.0,5.45,200.0,-40,0.18,3,1.072
1.0,5.45,200.0,-40,0.36,3,1.193
1.0,5.45,200.0,-25,0.18,3,1.064
1.0,5.45,200.0,-25,0.36,3,1.181
1.0,5.45,200.0,0,0.18,3,1.058
1.0,5.45,200.0,0,0.36,3,1.172
1.0,5.45,200.0,25,0.18,3,1.056
1.0,5.45,200.0,25,0.36,3,1.169
1.0,5.45,200.0,75,0.18,3,1.058
1.0,5.45,200.0,75,0.36,3,1.173
1.0,5.45,200.0,100,0.18,3,1.059
1.0,5.45,200.0,100,0.36,3,1.177
1.0,5.45,200.0,125,0.18,3,1.061
1.0,5.45,200.0,125,0.36,3,1.18
1.0,5.45,400.0,-40,0.18,3,1.166
1.0,5.45,400.0,-40,0.36,3,1.347
1.0,5.45,400.0,-25,0.18,3,1.14
1.0,5.45,400.0,-25,0.36,3,1.308
1.0,5.45,400.0,0,0.18,3,1.115
1.0,5.45,400.0,0,0.36,3,1.27
1.0,5.45,400.0,25,0.18,3,1.102
1.0,5.45,400.0,25,0.36,3,1.248
1.0,5.45,400.0,75,0.18,3,1.088
1.0,5.45,400.0,75,0.36,3,1.227
1.0,5.45,400.0,100,0.18,3,1.084
1.0,5.45,400.0,100,0.36,3,1.221
1.0,5.45,400.0,125,0.18,3,1.08
1.0,5.45,400.0,125,0.36,3,1.218
1.0,9.91,10.0,-40,0.18,3,1.791
1.0,9.91,10.0,-40,0.36,3,1.902
1.0,9.91,10.0,-25,0.18,3,1.793
1.0,9.91,10.0,-25,0.36,3,1.908
1.0,9.91,10.0,0,0.18,3,1.798
1.0,9.91,10.0,0,0.36,3,1.917
1.0,9.91,10.0,25,0.18,3,1.802
1.0,9.91,10.0,25,0.36,3,1.925
1.0,9.91,10.0,75,0.18,3,1.809
1.0,9.91,10.0,75,0.36,3,1.94
1.0,9.91,10.0,100,0.18,3,1.813
1.0,9.91,10.0,100,0.36,3,1.948
1.0,9.91,10.0,125,0.18,3,1.816
1.0,9.91,10.0,125,0.36,3,1.954
1.0,9.91,50.0,-40,0.18,3,1.781
1.0,9.91,50.0,-40,0.36,3,1.88
1.0,9.91,50.0,-25,0.18,3,1.783
1.0,9.91,50.0,-25,0.36,3,1.885
1.0,9.91,50.0,0,0.18,3,1.787
1.0,9.91,50.0,0,0.36,3,1.893
1.0,9.91,50.0,25,0.18,3,1.791
1.0,9.91,50.0,25,0.36,3,1.901
1.0,9.91,50.0,75,0.18,3,1.798
1.0,9.91,50.0,75,0.36,3,1.916
1.0,9.91,50.0,100,0.18,3,1.802
1.0,9.91,50.0,100,0.36,3,1.923
1.0,9.91,50.0,125,0.18,3,1.804
1.0,9.91,50.0,125,0.36,3,1.929
1.0,9.91,100.0,-40,0.18,3,1.783
1.0,9.91,100.0,-40,0.36,3,1.882
1.0,9.91,100.0,-25,0.18,3,1.783
1.0,9.91,100.0,-25,0.36,3,1.884
1.0,9.91,100.0,0,0.18,3,1.786
1.0,9.91,100.0,0,0.36,3,1.889
1.0,9.91,100.0,25,0.18,3,1.789
1.0,9.91,100.0,25,0.36,3,1.896
1.0,9.91,100.0,75,0.18,3,1.796
1.0,9.91,100.0,75,0.36,3,1.91
1.0,9.91,100.0,100,0.18,3,1.798
1.0,9.91,100.0,100,0.36,3,1.916
1.0,9.91,100.0,125,0.18,3,1.8
1.0,9.91,100.0,125,0.36,3,1.922
1.0,9.91,200.0,-40,0.18,3,1.804
1.0,9.91,200.0,-40,0.36,3,1.918
1.0,9.91,200.0,-25,0.18,3,1.798
1.0,9.91,200.0,-25,0.36,3,1.909
1.0,9.91,200.0,0,0.18,3,1.795
1.0,9.91,200.0,0,0.36,3,1.905
1.0,9.91,200.0,25,0.18,3,1.795
1.0,9.91,200.0,25,0.36,3,1.906
1.0,9.91,200.0,75,0.18,3,1.798
1.0,9.91,200.0,75,0.36,3,1.913
1.0,9.91,200.0,100,0.18,3,1.798
1.0,9.91,200.0,100,0.36,3,1.917
1.0,9.91,200.0,125,0.18,3,1.795
1.0,9.91,200.0,125,0.36,3,1.921
1.0,9.91,400.0,-40,0.18,3,1.877
1.0,9.91,400.0,-40,0.36,3,2.039
1.0,9.91,400.0,-25,0.18,3,1.855
1.0,9.91,400.0,-25,0.36,3,2.007
1.0,9.91,400.0,0,0.18,3,1.836
1.0,9.91,400.0,0,0.36,3,1.977
1.0,9.91,400.0,25,0.18,3,1.826
1.0,9.91,400.0,25,0.36,3,1.962
1.0,9.91,400.0,75,0.18,3,1.803
1.0,9.91,400.0,75,0.36,3,1.948
1.0,9.91,400.0,100,0.18,3,1.775
1.0,9.91,400.0,100,0.36,3,1.946
1.0,9.91,400.0,125,0.18,3,1.73
1.0,9.91,400.0,125,0.36,3,1.943
1.0,14.36,10.0,-40,0.18,3,2.533
1.0,14.36,10.0,-40,0.36,3,2.646
1.0,14.36,10.0,-25,0.18,3,2.536
1.0,14.36,10.0,-25,0.36,3,2.652
1.0,14.36,10.0,0,0.18,3,2.54
1.0,14.36,10.0,0,0.36,3,2.66
1.0,14.36,10.0,25,0.18,3,2.544
1.0,14.36,10.0,25,0.36,3,2.668
1.0,14.36,10.0,75,0.18,3,2.551
1.0,14.36,10.0,75,0.36,3,2.682
1.0,14.36,10.0,100,0.18,3,2.551
1.0,14.36,10.0,100,0.36,3,2.69
1.0,14.36,10.0,125,0.18,3,2.544
1.0,14.36,10.0,125,0.36,3,2.696
1.0,14.36,50.0,-40,0.18,3,2.524
1.0,14.36,50.0,-40,0.36,3,2.625
1.0,14.36,50.0,-25,0.18,3,2.526
1.0,14.36,50.0,-25,0.36,3,2.63
1.0,14.36,50.0,0,0.18,3,2.53
1.0,14.36,50.0,0,0.36,3,2.638
1.0,14.36,50.0,25,0.18,3,2.534
1.0,14.36,50.0,25,0.36,3,2.646
1.0,14.36,50.0,75,0.18,3,2.54
1.0,14.36,50.0,75,0.36,3,2.66
1.0,14.36,50.0,100,0.18,3,2.538
1.0,14.36,50.0,100,0.36,3,2.667
1.0,14.36,50.0,125,0.18,3,2.528
1.0,14.36,50.0,125,0.36,3,2.672
1.0,14.36,100.0,-40,0.18,3,2.525
1.0,14.36,100.0,-40,0.36,3,2.625
1.0,14.36,100.0,-25,0.18,3,2.526
1.0,14.36,100.0,-25,0.36,3,2.627
1.0,14.36,100.0,0,0.18,3,2.529
1.0,14.36,100.0,0,0.36,3,2.633
1.0,14.36,100.0,25,0.18,3,2.532
1.0,14.36,100.0,25,0.36,3,2.64
1.0,14.36,100.0,75,0.18,3,2.536
1.0,14.36,100.0,75,0.36,3,2.654
1.0,14.36,100.0,100,0.18,3,2.531
1.0,14.36,100.0,100,0.36,3,2.66
1.0,14.36,100.0,125,0.18,3,2.514
1.0,14.36,100.0,125,0.36,3,2.665
1.0,14.36,200.0,-40,0.18,3,2.541
1.0,14.36,200.0,-40,0.36,3,2.652
1.0,14.36,200.0,-25,0.18,3,2.537
1.0,14.36,200.0,-25,0.36,3,2.646
1.0,14.36,200.0,0,0.18,3,2.535
1.0,14.36,200.0,0,0.36,3,2.644
1.0,14.36,200.0,25,0.18,3,2.536
1.0,14.36,200.0,25,0.36,3,2.646
1.0,14.36,200.0,75,0.18,3,2.53
1.0,14.36,200.0,75,0.36,3,2.654
1.0,14.36,200.0,100,0.18,3,2.511
1.0,14.36,200.0,100,0.36,3,2.659
1.0,14.36,200.0,125,0.18,3,2.473
1.0,14.36,200.0,125,0.36,3,2.662
1.0,14.36,400.0,-40,0.18,3,2.602
1.0,14.36,400.0,-40,0.36,3,2.754
1.0,14.36,400.0,-25,0.18,3,2.583
1.0,14.36,400.0,-25,0.36,3,2.726
1.0,14.36,400.0,0,0.18,3,2.566
1.0,14.36,400.0,0,0.36,3,2.701
1.0,14.36,400.0,25,0.18,3,2.547
1.0,14.36,400.0,25,0.36,3,2.689
1.0,14.36,400.0,75,0.18,3,2.425
1.0,14.36,400.0,75,0.36,3,2.679
1.0,14.36,400.0,100,0.18,3,2.303
1.0,14.36,400.0,100,0.36,3,2.672
1.0,14.36,400.0,125,0.18,3,2.149
1.0,14.36,400.0,125,0.36,3,2.657
1.0,18.82,10.0,-40,0.18,3,3.276
1.0,18.82,10.0,-40,0.36,3,3.389
1.0,18.82,10.0,-25,0.18,3,3.278
1.0,18.82,10.0,-25,0.36,3,3.394
1.0,18.82,10.0,0,0.18,3,3.283
1.0,18.82,10.0,0,0.36,3,3.403
1.0,18.82,10.0,25,0.18,3,3.286
1.0,18.82,10.0,25,0.36,3,3.41
1.0,18.82,10.0,75,0.18,3,3.284
1.0,18.82,10.0,75,0.36,3,3.425
1.0,18.82,10.0,100,0.18,3,3.266
1.0,18.82,10.0,100,0.36,3,3.431
1.0,18.82,10.0,125,0.18,3,3.225
1.0,18.82,10.0,125,0.36,3,3.437
1.0,18.82,50.0,-40,0.18,3,3.267
1.0,18.82,50.0,-40,0.36,3,3.369
1.0,18.82,50.0,-25,0.18,3,3.27
1.0,18.82,50.0,-25,0.36,3,3.374
1.0,18.82,50.0,0,0.18,3,3.273
1.0,18.82,50.0,0,0.36,3,3.382
1.0,18.82,50.0,25,0.18,3,3.277
1.0,18.82,50.0,25,0.36,3,3.389
1.0,18.82,50.0,75,0.18,3,3.27
1.0,18.82,50.0,75,0.36,3,3.403
1.0,18.82,50.0,100,0.18,3,3.245
1.0,18.82,50.0,100,0.36,3,3.409
1.0,18.82,50.0,125,0.18,3,3.192
1.0,18.82,50.0,125,0.36,3,3.414
1.0,18.82,100.0,-40,0.18,3,3.267
1.0,18.82,100.0,-40,0.36,3,3.368
1.0,18.82,100.0,-25,0.18,3,3.269
1.0,18.82,100.0,-25,0.36,3,3.37
1.0,18.82,100.0,0,0.18,3,3.272
1.0,18.82,100.0,0,0.36,3,3.377
1.0,18.82,100.0,25,0.18,3,3.274
1.0,18.82,100.0,25,0.36,3,3.384
1.0,18.82,100.0,75,0.18,3,3.259
1.0,18.82,100.0,75,0.36,3,3.397
1.0,18.82,100.0,100,0.18,3,3.221
1.0,18.82,100.0,100,0.36,3,3.402
1.0,18.82,100.0,125,0.18,3,3.15
1.0,18.82,100.0,125,0.36,3,3.406
1.0,18.82,200.0,-40,0.18,3,3.28
1.0,18.82,200.0,-40,0.36,3,3.39
1.0,18.82,200.0,-25,0.18,3,3.277
1.0,18.82,200.0,-25,0.36,3,3.385
1.0,18.82,200.0,0,0.18,3,3.276
1.0,18.82,200.0,0,0.36,3,3.384
1.0,18.82,200.0,25,0.18,3,3.274
1.0,18.82,200.0,25,0.36,3,3.387
1.0,18.82,200.0,75,0.18,3,3.222
1.0,18.82,200.0,75,0.36,3,3.396
1.0,18.82,200.0,100,0.18,3,3.144
1.0,18.82,200.0,100,0.36,3,3.399
1.0,18.82,200.0,125,0.18,3,3.024
1.0,18.82,200.0,125,0.36,3,3.398
1.0,18.82,400.0,-40,0.18,3,3.332
1.0,18.82,400.0,-40,0.36,3,3.478
1.0,18.82,400.0,-25,0.18,3,3.314
1.0,18.82,400.0,-25,0.36,3,3.453
1.0,18.82,400.0,0,0.18,3,3.284
1.0,18.82,400.0,0,0.36,3,3.432
1.0,18.82,400.0,25,0.18,3,3.215
1.0,18.82,400.0,25,0.36,3,3.422
1.0,18.82,400.0,75,0.18,3,2.862
1.0,18.82,400.0,75,0.36,3,3.4
1.0,18.82,400.0,100,0.18,3,2.608
1.0,18.82,400.0,100,0.36,3,3.368
1.0,18.82,400.0,125,0.18,3,2.353
1.0,18.82,400.0,125,0.36,3,3.308
1.0,23.27,10.0,-40,0.18,3,4.018
1.0,23.27,10.0,-40,0.36,3,4.132
1.0,23.27,10.0,-25,0.18,3,4.021
1.0,23.27,10.0,-25,0.36,3,4.137
1.0,23.27,10.0,0,0.18,3,4.025
1.0,23.27,10.0,0,0.36,3,4.145
1.0,23.27,10.0,25,0.18,3,4.027
1.0,23.27,10.0,25,0.36,3,4.152
1.0,23.27,10.0,75,0.18,3,3.993
1.0,23.27,10.0,75,0.36,3,4.167
1.0,23.27,10.0,100,0.18,3,3.929
1.0,23.27,10.0,100,0.36,3,4.172
1.0,23.27,10.0,125,0.18,3,3.818
1.0,23.27,10.0,125,0.36,3,4.175
1.0,23.27,50.0,-40,0.18,3,4.01
1.0,23.27,50.0,-40,0.36,3,4.113
1.0,23.27,50.0,-25,0.18,3,4.012
1.0,23.27,50.0,-25,0.36,3,4.117
1.0,23.27,50.0,0,0.18,3,4.016
1.0,23.27,50.0,0,0.36,3,4.125
1.0,23.27,50.0,25,0.18,3,4.016
1.0,23.27,50.0,25,0.36,3,4.132
1.0,23.27,50.0,75,0.18,3,3.968
1.0,23.27,50.0,75,0.36,3,4.146
1.0,23.27,50.0,100,0.18,3,3.886
1.0,23.27,50.0,100,0.36,3,4.15
1.0,23.27,50.0,125,0.18,3,3.755
1.0,23.27,50.0,125,0.36,3,4.15
1.0,23.27,100.0,-40,0.18,3,4.01
1.0,23.27,100.0,-40,0.36,3,4.11
1.0,23.27,100.0,-25,0.18,3,4.011
1.0,23.27,100.0,-25,0.36,3,4.114
1.0,23.27,100.0,0,0.18,3,4.014
1.0,23.27,100.0,0,0.36,3,4.12
1.0,23.27,100.0,25,0.18,3,4.012
1.0,23.27,100.0,25,0.36,3,4.127
1.0,23.27,100.0,75,0.18,3,3.937
1.0,23.27,100.0,75,0.36,3,4.139
1.0,23.27,100.0,100,0.18,3,3.829
1.0,23.27,100.0,100,0.36,3,4.142
1.0,23.27,100.0,125,0.18,3,3.669
1.0,23.27,100.0,125,0.36,3,4.139
1.0,23.27,200.0,-40,0.18,3,4.021
1.0,23.27,200.0,-40,0.36,3,4.128
1.0,23.27,200.0,-25,0.18,3,4.018
1.0,23.27,200.0,-25,0.36,3,4.125
1.0,23.27,200.0,0,0.18,3,4.015
1.0,23.27,200.0,0,0.36,3,4.126
1.0,23.27,200.0,25,0.18,3,4.0
1.0,23.27,200.0,25,0.36,3,4.129
1.0,23.27,200.0,75,0.18,3,3.833
1.0,23.27,200.0,75,0.36,3,4.136
1.0,23.27,200.0,100,0.18,3,3.653
1.0,23.27,200.0,100,0.36,3,4.132
1.0,23.27,200.0,125,0.18,3,3.424
1.0,23.27,200.0,125,0.36,3,4.113
1.0,23.27,400.0,-40,0.18,3,4.064
1.0,23.27,400.0,-40,0.36,3,4.207
1.0,23.27,400.0,-25,0.18,3,4.038
1.0,23.27,400.0,-25,0.36,3,4.184
1.0,23.27,400.0,0,0.18,3,3.959
1.0,23.27,400.0,0,0.36,3,4.166
1.0,23.27,400.0,25,0.18,3,3.775
1.0,23.27,400.0,25,0.36,3,4.155
1.0,23.27,400.0,75,0.18,3,3.116
1.0,23.27,400.0,75,0.36,3,4.088
1.0,23.27,400.0,100,0.18,3,2.764
1.0,23.27,400.0,100,0.36,3,3.995
1.0,23.27,400.0,125,0.18,3,2.453
1.0,23.27,400.0,125,0.36,3,3.85
1.0,27.73,10.0,-40,0.18,3,4.761
1.0,27.73,10.0,-40,0.36,3,4.874
1.0,27.73,10.0,-25,0.18,3,4.763
1.0,27.73,10.0,-25,0.36,3,4.88
1.0,27.73,10.0,0,0.18,3,4.766
1.0,27.73,10.0,0,0.36,3,4.887
1.0,27.73,10.0,25,0.18,3,4.762
1.0,27.73,10.0,25,0.36,3,4.895
1.0,27.73,10.0,75,0.18,3,4.655
1.0,27.73,10.0,75,0.36,3,4.908
1.0,27.73,10.0,100,0.18,3,4.51
1.0,27.73,10.0,100,0.36,3,4.91
1.0,27.73,10.0,125,0.18,3,4.304
1.0,27.73,10.0,125,0.36,3,4.903
1.0,27.73,50.0,-40,0.18,3,4.753
1.0,27.73,50.0,-40,0.36,3,4.856
1.0,27.73,50.0,-25,0.18,3,4.755
1.0,27.73,50.0,-25,0.36,3,4.861
1.0,27.73,50.0,0,0.18,3,4.757
1.0,27.73,50.0,0,0.36,3,4.868
1.0,27.73,50.0,25,0.18,3,4.749
1.0,27.73,50.0,25,0.36,3,4.875
1.0,27.73,50.0,75,0.18,3,4.608
1.0,27.73,50.0,75,0.36,3,4.887
1.0,27.73,50.0,100,0.18,3,4.436
1.0,27.73,50.0,100,0.36,3,4.886
1.0,27.73,50.0,125,0.18,3,4.202
1.0,27.73,50.0,125,0.36,3,4.874
1.0,27.73,100.0,-40,0.18,3,4.752
1.0,27.73,100.0,-40,0.36,3,4.853
1.0,27.73,100.0,-25,0.18,3,4.754
1.0,27.73,100.0,-25,0.36,3,4.857
1.0,27.73,100.0,0,0.18,3,4.753
1.0,27.73,100.0,0,0.36,3,4.863
1.0,27.73,100.0,25,0.18,3,4.737
1.0,27.73,100.0,25,0.36,3,4.87
1.0,27.73,100.0,75,0.18,3,4.542
1.0,27.73,100.0,75,0.36,3,4.879
1.0,27.73,100.0,100,0.18,3,4.332
1.0,27.73,100.0,100,0.36,3,4.874
1.0,27.73,100.0,125,0.18,3,4.063
1.0,27.73,100.0,125,0.36,3,4.853
1.0,27.73,200.0,-40,0.18,3,4.762
1.0,27.73,200.0,-40,0.36,3,4.869
1.0,27.73,200.0,-25,0.18,3,4.758
1.0,27.73,200.0,-25,0.36,3,4.866
1.0,27.73,200.0,0,0.18,3,4.746
1.0,27.73,200.0,0,0.36,3,4.867
1.0,27.73,200.0,25,0.18,3,4.695
1.0,27.73,200.0,25,0.36,3,4.871
1.0,27.73,200.0,75,0.18,3,4.335
1.0,27.73,200.0,75,0.36,3,4.869
1.0,27.73,200.0,100,0.18,3,4.032
1.0,27.73,200.0,100,0.36,3,4.845
1.0,27.73,200.0,125,0.18,3,3.696
1.0,27.73,200.0,125,0.36,3,4.79
1.0,27.73,400.0,-40,0.18,3,4.788
1.0,27.73,400.0,-40,0.36,3,4.939
1.0,27.73,400.0,-25,0.18,3,4.737
1.0,27.73,400.0,-25,0.36,3,4.918
1.0,27.73,400.0,0,0.18,3,4.55
1.0,27.73,400.0,0,0.36,3,4.901
1.0,27.73,400.0,25,0.18,3,4.189
1.0,27.73,400.0,25,0.36,3,4.88
1.0,27.73,400.0,75,0.18,3,3.255
1.0,27.73,400.0,75,0.36,3,4.711
1.0,27.73,400.0,100,0.18,3,2.85
1.0,27.73,400.0,100,0.36,3,4.519
1.0,27.73,400.0,125,0.18,3,2.513
1.0,27.73,400.0,125,0.36,3,4.261
1.0,32.18,10.0,-40,0.18,3,5.503
1.0,32.18,10.0,-40,0.36,3,5.617
1.0,32.18,10.0,-25,0.18,3,5.505
1.0,32.18,10.0,-25,0.36,3,5.622
1.0,32.18,10.0,0,0.18,3,5.505
1.0,32.18,10.0,0,0.36,3,5.63
1.0,32.18,10.0,25,0.18,3,5.484
1.0,32.18,10.0,25,0.36,3,5.637
1.0,32.18,10.0,75,0.18,3,5.248
1.0,32.18,10.0,75,0.36,3,5.647
1.0,32.18,10.0,100,0.18,3,4.999
1.0,32.18,10.0,100,0.36,3,5.64
1.0,32.18,10.0,125,0.18,3,4.684
1.0,32.18,10.0,125,0.36,3,5.612
1.0,32.18,50.0,-40,0.18,3,5.495
1.0,32.18,50.0,-40,0.36,3,5.599
1.0,32.18,50.0,-25,0.18,3,5.497
1.0,32.18,50.0,-25,0.36,3,5.604
1.0,32.18,50.0,0,0.18,3,5.494
1.0,32.18,50.0,0,0.36,3,5.611
1.0,32.18,50.0,25,0.18,3,5.463
1.0,32.18,50.0,25,0.36,3,5.618
1.0,32.18,50.0,75,0.18,3,5.17
1.0,32.18,50.0,75,0.36,3,5.624
1.0,32.18,50.0,100,0.18,3,4.885
1.0,32.18,50.0,100,0.36,3,5.612
1.0,32.18,50.0,125,0.18,3,4.543
1.0,32.18,50.0,125,0.36,3,5.573
1.0,32.18,100.0,-40,0.18,3,5.495
1.0,32.18,100.0,-40,0.36,3,5.596
1.0,32.18,100.0,-25,0.18,3,5.495
1.0,32.18,100.0,-25,0.36,3,5.599
1.0,32.18,100.0,0,0.18,3,5.487
1.0,32.18,100.0,0,0.36,3,5.606
1.0,32.18,100.0,25,0.18,3,5.437
1.0,32.18,100.0,25,0.36,3,5.613
1.0,32.18,100.0,75,0.18,3,5.057
1.0,32.18,100.0,75,0.36,3,5.614
1.0,32.18,100.0,100,0.18,3,4.727
1.0,32.18,100.0,100,0.36,3,5.591
1.0,32.18,100.0,125,0.18,3,4.351
1.0,32.18,100.0,125,0.36,3,5.534
1.0,32.18,200.0,-40,0.18,3,5.502
1.0,32.18,200.0,-40,0.36,3,5.609
1.0,32.18,200.0,-25,0.18,3,5.496
1.0,32.18,200.0,-25,0.36,3,5.607
1.0,32.18,200.0,0,0.18,3,5.46
1.0,32.18,200.0,0,0.36,3,5.609
1.0,32.18,200.0,25,0.18,3,5.338
1.0,32.18,200.0,25,0.36,3,5.612
1.0,32.18,200.0,75,0.18,3,4.723
1.0,32.18,200.0,75,0.36,3,5.587
1.0,32.18,200.0,100,0.18,3,4.3
1.0,32.18,200.0,100,0.36,3,5.525
1.0,32.18,200.0,125,0.18,3,3.875
1.0,32.18,200.0,125,0.36,3,5.409
1.0,32.18,400.0,-40,0.18,3,5.491
1.0,32.18,400.0,-40,0.36,3,5.673
1.0,32.18,400.0,-25,0.18,3,5.385
1.0,32.18,400.0,-25,0.36,3,5.654
1.0,32.18,400.0,0,0.18,3,5.025
1.0,32.18,400.0,0,0.36,3,5.632
1.0,32.18,400.0,25,0.18,3,4.464
1.0,32.18,400.0,25,0.36,3,5.586
1.0,32.18,400.0,75,0.18,3,3.34
1.0,32.18,400.0,75,0.36,3,5.247
1.0,32.18,400.0,100,0.18,3,2.908
1.0,32.18,400.0,100,0.36,3,4.928
1.0,32.18,400.0,125,0.18,3,2.554
1.0,32.18,400.0,125,0.36,3,4.551
1.0,36.64,10.0,-40,0.18,3,6.245
1.0,36.64,10.0,-40,0.36,3,6.359
1.0,36.64,10.0,-25,0.18,3,6.247
1.0,36.64,10.0,-25,0.36,3,6.364
1.0,36.64,10.0,0,0.18,3,6.239
1.0,36.64,10.0,0,0.36,3,6.372
1.0,36.64,10.0,25,0.18,3,6.184
1.0,36.64,10.0,25,0.36,3,6.379
1.0,36.64,10.0,75,0.18,3,5.764
1.0,36.64,10.0,75,0.36,3,6.38
1.0,36.64,10.0,100,0.18,3,5.395
1.0,36.64,10.0,100,0.36,3,6.355
1.0,36.64,10.0,125,0.18,3,4.975
1.0,36.64,10.0,125,0.36,3,6.293
1.0,36.64,50.0,-40,0.18,3,6.238
1.0,36.64,50.0,-40,0.36,3,6.342
1.0,36.64,50.0,-25,0.18,3,6.238
1.0,36.64,50.0,-25,0.36,3,6.347
1.0,36.64,50.0,0,0.18,3,6.223
1.0,36.64,50.0,0,0.36,3,6.354
1.0,36.64,50.0,25,0.18,3,6.148
1.0,36.64,50.0,25,0.36,3,6.36
1.0,36.64,50.0,75,0.18,3,5.646
1.0,36.64,50.0,75,0.36,3,6.355
1.0,36.64,50.0,100,0.18,3,5.24
1.0,36.64,50.0,100,0.36,3,6.318
1.0,36.64,50.0,125,0.18,3,4.796
1.0,36.64,50.0,125,0.36,3,6.236
1.0,36.64,100.0,-40,0.18,3,6.237
1.0,36.64,100.0,-40,0.36,3,6.339
1.0,36.64,100.0,-25,0.18,3,6.235
1.0,36.64,100.0,-25,0.36,3,6.342
1.0,36.64,100.0,0,0.18,3,6.207
1.0,36.64,100.0,0,0.36,3,6.349
1.0,36.64,100.0,25,0.18,3,6.096
1.0,36.64,100.0,25,0.36,3,6.355
1.0,36.64,100.0,75,0.18,3,5.479
1.0,36.64,100.0,75,0.36,3,6.336
1.0,36.64,100.0,100,0.18,3,5.027
1.0,36.64,100.0,100,0.36,3,6.28
1.0,36.64,100.0,125,0.18,3,4.558
1.0,36.64,100.0,125,0.36,3,6.169
1.0,36.64,200.0,-40,0.18,3,6.241
1.0,36.64,200.0,-40,0.36,3,6.35
1.0,36.64,200.0,-25,0.18,3,6.226
1.0,36.64,200.0,-25,0.36,3,6.349
1.0,36.64,200.0,0,0.18,3,6.143
1.0,36.64,200.0,0,0.36,3,6.351
1.0,36.64,200.0,25,0.18,3,5.913
1.0,36.64,200.0,25,0.36,3,6.351
1.0,36.64,200.0,75,0.18,3,5.012
1.0,36.64,200.0,75,0.36,3,6.279
1.0,36.64,200.0,100,0.18,3,4.487
1.0,36.64,200.0,100,0.36,3,6.157
1.0,36.64,200.0,125,0.18,3,3.997
1.0,36.64,200.0,125,0.36,3,5.958
1.0,36.64,400.0,-40,0.18,3,6.154
1.0,36.64,400.0,-40,0.36,3,6.409
1.0,36.64,400.0,-25,0.18,3,5.954
1.0,36.64,400.0,-25,0.36,3,6.389
1.0,36.64,400.0,0,0.18,3,5.373
1.0,36.64,400.0,0,0.36,3,6.354
1.0,36.64,400.0,25,0.18,3,4.637
1.0,36.64,400.0,25,0.36,3,6.258
1.0,36.64,400.0,75,0.18,3,3.4
1.0,36.64,400.0,75,0.36,3,5.682
1.0,36.64,400.0,100,0.18,3,2.95
1.0,36.64,400.0,100,0.36,3,5.229
1.0,36.64,400.0,125,0.18,3,2.586
1.0,36.64,400.0,125,0.36,3,4.749
1.0,41.09,10.0,-40,0.18,3,6.987
1.0,41.09,10.0,-40,0.36,3,7.102
1.0,41.09,10.0,-25,0.18,3,6.987
1.0,41.09,10.0,-25,0.36,3,7.107
1.0,41.09,10.0,0,0.18,3,6.96
1.0,41.09,10.0,0,0.36,3,7.114
1.0,41.09,10.0,25,0.18,3,6.849
1.0,41.09,10.0,25,0.36,3,7.121
1.0,41.09,10.0,75,0.18,3,6.198
1.0,41.09,10.0,75,0.36,3,7.104
1.0,41.09,10.0,100,0.18,3,5.709
1.0,41.09,10.0,100,0.36,3,7.048
1.0,41.09,10.0,125,0.18,3,5.194
1.0,41.09,10.0,125,0.36,3,6.934
1.0,41.09,50.0,-40,0.18,3,6.979
1.0,41.09,50.0,-40,0.36,3,7.085
1.0,41.09,50.0,-25,0.18,3,6.976
1.0,41.09,50.0,-25,0.36,3,7.089
1.0,41.09,50.0,0,0.18,3,6.936
1.0,41.09,50.0,0,0.36,3,7.096
1.0,41.09,50.0,25,0.18,3,6.79
1.0,41.09,50.0,25,0.36,3,7.102
1.0,41.09,50.0,75,0.18,3,6.039
1.0,41.09,50.0,75,0.36,3,7.072
1.0,41.09,50.0,100,0.18,3,5.515
1.0,41.09,50.0,100,0.36,3,6.996
1.0,41.09,50.0,125,0.18,3,4.982
1.0,41.09,50.0,125,0.36,3,6.853
1.0,41.09,100.0,-40,0.18,3,6.977
1.0,41.09,100.0,-40,0.36,3,7.082
1.0,41.09,100.0,-25,0.18,3,6.97
1.0,41.09,100.0,-25,0.36,3,7.085
1.0,41.09,100.0,0,0.18,3,6.905
1.0,41.09,100.0,0,0.36,3,7.091
1.0,41.09,100.0,25,0.18,3,6.703
1.0,41.09,100.0,25,0.36,3,7.095
1.0,41.09,100.0,75,0.18,3,5.814
1.0,41.09,100.0,75,0.36,3,7.041
1.0,41.09,100.0,100,0.18,3,5.252
1.0,41.09,100.0,100,0.36,3,6.934
1.0,41.09,100.0,125,0.18,3,4.706
1.0,41.09,100.0,125,0.36,3,6.748
1.0,41.09,200.0,-40,0.18,3,6.975
1.0,41.09,200.0,-40,0.36,3,7.092
1.0,41.09,200.0,-25,0.18,3,6.943
1.0,41.09,200.0,-25,0.36,3,7.091
1.0,41.09,200.0,0,0.18,3,6.78
1.0,41.09,200.0,0,0.36,3,7.092
1.0,41.09,200.0,25,0.18,3,6.408
1.0,41.09,200.0,25,0.36,3,7.086
1.0,41.09,200.0,75,0.18,3,5.223
1.0,41.09,200.0,75,0.36,3,6.936
1.0,41.09,200.0,100,0.18,3,4.618
1.0,41.09,200.0,100,0.36,3,6.731
1.0,41.09,200.0,125,0.18,3,4.081
1.0,41.09,200.0,125,0.36,3,6.432
1.0,41.09,400.0,-40,0.18,3,6.755
1.0,41.09,400.0,-40,0.36,3,7.145
1.0,41.09,400.0,-25,0.18,3,6.424
1.0,41.09,400.0,-25,0.36,3,7.122
1.0,41.09,400.0,0,0.18,3,5.61
1.0,41.09,400.0,0,0.36,3,7.059
1.0,41.09,400.0,25,0.18,3,4.749
1.0,41.09,400.0,25,0.36,3,6.882
1.0,41.09,400.0,75,0.18,3,3.445
1.0,41.09,400.0,75,0.36,3,6.02
1.0,41.09,400.0,100,0.18,3,2.982
1.0,41.09,400.0,100,0.36,3,5.444
1.0,41.09,400.0,125,0.18,3,2.61
1.0,41.09,400.0,125,0.36,3,4.887
1.0,45.55,10.0,-40,0.18,3,7.728
1.0,45.55,10.0,-40,0.36,3,7.844
1.0,45.55,10.0,-25,0.18,3,7.723
1.0,45.55,10.0,-25,0.36,3,7.849
1.0,45.55,10.0,0,0.18,3,7.664
1.0,45.55,10.0,0,0.36,3,7.856
1.0,45.55,10.0,25,0.18,3,7.469
1.0,45.55,10.0,25,0.36,3,7.861
1.0,45.55,10.0,75,0.18,3,6.557
1.0,45.55,10.0,75,0.36,3,7.813
1.0,45.55,10.0,100,0.18,3,5.955
1.0,45.55,10.0,100,0.36,3,7.712
1.0,45.55,10.0,125,0.18,3,5.359
1.0,45.55,10.0,125,0.36,3,7.526
1.0,45.55,50.0,-40,0.18,3,7.72
1.0,45.55,50.0,-40,0.36,3,7.828
1.0,45.55,50.0,-25,0.18,3,7.709
1.0,45.55,50.0,-25,0.36,3,7.832
1.0,45.55,50.0,0,0.18,3,7.626
1.0,45.55,50.0,0,0.36,3,7.839
1.0,45.55,50.0,25,0.18,3,7.381
1.0,45.55,50.0,25,0.36,3,7.842
1.0,45.55,50.0,75,0.18,3,6.355
1.0,45.55,50.0,75,0.36,3,7.77
1.0,45.55,50.0,100,0.18,3,5.725
1.0,45.55,50.0,100,0.36,3,7.638
1.0,45.55,50.0,125,0.18,3,5.121
1.0,45.55,50.0,125,0.36,3,7.416
1.0,45.55,100.0,-40,0.18,3,7.716
1.0,45.55,100.0,-40,0.36,3,7.825
1.0,45.55,100.0,-25,0.18,3,7.696
1.0,45.55,100.0,-25,0.36,3,7.828
1.0,45.55,100.0,0,0.18,3,7.57
1.0,45.55,100.0,0,0.36,3,7.834
1.0,45.55,100.0,25,0.18,3,7.248
1.0,45.55,100.0,25,0.36,3,7.833
1.0,45.55,100.0,75,0.18,3,6.075
1.0,45.55,100.0,75,0.36,3,7.719
1.0,45.55,100.0,100,0.18,3,5.419
1.0,45.55,100.0,100,0.36,3,7.543
1.0,45.55,100.0,125,0.18,3,4.815
1.0,45.55,100.0,125,0.36,3,7.267
1.0,45.55,200.0,-40,0.18,3,7.701
1.0,45.55,200.0,-40,0.36,3,7.833
1.0,45.55,200.0,-25,0.18,3,7.638
1.0,45.55,200.0,-25,0.36,3,7.832
1.0,45.55,200.0,0,0.18,3,7.361
1.0,45.55,200.0,0,0.36,3,7.832
1.0,45.55,200.0,25,0.18,3,6.822
1.0,45.55,200.0,25,0.36,3,7.812
1.0,45.55,200.0,75,0.18,3,5.378
1.0,45.55,200.0,75,0.36,3,7.547
1.0,45.55,200.0,100,0.18,3,4.713
1.0,45.55,200.0,100,0.36,3,7.241
1.0,45.55,200.0,125,0.18,3,4.144
1.0,45.55,200.0,125,0.36,3,6.833
1.0,45.55,400.0,-40,0.18,3,7.273
1.0,45.55,400.0,-40,0.36,3,7.88
1.0,45.55,400.0,-25,0.18,3,6.782
1.0,45.55,400.0,-25,0.36,3,7.85
1.0,45.55,400.0,0,0.18,3,5.766
1.0,45.55,400.0,0,0.36,3,7.737
1.0,45.55,400.0,25,0.18,3,4.829
1.0,45.55,400.0,25,0.36,3,7.445
1.0,45.55,400.0,75,0.18,3,3.48
1.0,45.55,400.0,75,0.36,3,6.273
1.0,45.55,400.0,100,0.18,3,3.009
1.0,45.55,400.0,100,0.36,3,5.599
1.0,45.55,400.0,125,0.18,3,2.63
1.0,45.55,400.0,125,0.36,3,4.986
1.0,50.0,10.0,-40,0.18,3,8.468
1.0,50.0,10.0,-40,0.36,3,8.587
1.0,50.0,10.0,-25,0.18,3,8.452
1.0,50.0,10.0,-25,0.36,3,8.591
1.0,50.0,10.0,0,0.18,3,8.343
1.0,50.0,10.0,0,0.36,3,8.598
1.0,50.0,10.0,25,0.18,3,8.039
1.0,50.0,10.0,25,0.36,3,8.6
1.0,50.0,10.0,75,0.18,3,6.848
1.0,50.0,10.0,75,0.36,3,8.502
1.0,50.0,10.0,100,0.18,3,6.147
1.0,50.0,10.0,100,0.36,3,8.337
1.0,50.0,10.0,125,0.18,3,5.484
1.0,50.0,10.0,125,0.36,3,8.068
1.0,50.0,50.0,-40,0.18,3,8.457
1.0,50.0,50.0,-40,0.36,3,8.57
1.0,50.0,50.0,-25,0.18,3,8.433
1.0,50.0,50.0,-25,0.36,3,8.575
1.0,50.0,50.0,0,0.18,3,8.285
1.0,50.0,50.0,0,0.36,3,8.58
1.0,50.0,50.0,25,0.18,3,7.914
1.0,50.0,50.0,25,0.36,3,8.578
1.0,50.0,50.0,75,0.18,3,6.607
1.0,50.0,50.0,75,0.36,3,8.442
1.0,50.0,50.0,100,0.18,3,5.887
1.0,50.0,50.0,100,0.36,3,8.237
1.0,50.0,50.0,125,0.18,3,5.226
1.0,50.0,50.0,125,0.36,3,7.923
1.0,50.0,100.0,-40,0.18,3,8.449
1.0,50.0,100.0,-40,0.36,3,8.567
1.0,50.0,100.0,-25,0.18,3,8.408
1.0,50.0,100.0,-25,0.36,3,8.57
1.0,50.0,100.0,0,0.18,3,8.195
1.0,50.0,100.0,0,0.36,3,8.575
1.0,50.0,100.0,25,0.18,3,7.726
1.0,50.0,100.0,25,0.36,3,8.566
1.0,50.0,100.0,75,0.18,3,6.278
1.0,50.0,100.0,75,0.36,3,8.365
1.0,50.0,100.0,100,0.18,3,5.546
1.0,50.0,100.0,100,0.36,3,8.101
1.0,50.0,100.0,125,0.18,3,4.897
1.0,50.0,100.0,125,0.36,3,7.724
1.0,50.0,200.0,-40,0.18,3,8.413
1.0,50.0,200.0,-40,0.36,3,8.575
1.0,50.0,200.0,-25,0.18,3,8.301
1.0,50.0,200.0,-25,0.36,3,8.574
1.0,50.0,200.0,0,0.18,3,7.878
1.0,50.0,200.0,0,0.36,3,8.569
1.0,50.0,200.0,25,0.18,3,7.159
1.0,50.0,200.0,25,0.36,3,8.526
1.0,50.0,200.0,75,0.18,3,5.492
1.0,50.0,200.0,75,0.36,3,8.107
1.0,50.0,200.0,100,0.18,3,4.784
1.0,50.0,200.0,100,0.36,3,7.685
1.0,50.0,200.0,125,0.18,3,4.192
1.0,50.0,200.0,125,0.36,3,7.166
1.0,50.0,400.0,-40,0.18,3,7.689
1.0,50.0,400.0,-40,0.36,3,8.612
1.0,50.0,400.0,-25,0.18,3,7.038
1.0,50.0,400.0,-25,0.36,3,8.567
1.0,50.0,400.0,0,0.18,3,5.873
1.0,50.0,400.0,0,0.36,3,8.379
1.0,50.0,400.0,25,0.18,3,4.89
1.0,50.0,400.0,25,0.36,3,7.938
1.0,50.0,400.0,75,0.18,3,3.51
1.0,50.0,400.0,75,0.36,3,6.461
1.0,50.0,400.0,100,0.18,3,3.03
1.0,50.0,400.0,100,0.36,3,5.712
1.0,50.0,400.0,125,0.18,3,2.646
1.0,50.0,400.0,125,0.36,3,5.062
1.1,1.0,10.0,-40,0.18,3,0.363
1.1,1.0,10.0,-40,0.36,3,0.49
1.1,1.0,10.0,-25,0.18,3,0.367
1.1,1.0,10.0,-25,0.36,3,0.498
1.1,1.0,10.0,0,0.18,3,0.373
1.1,1.0,10.0,0,0.36,3,0.511
1.1,1.0,10.0,25,0.18,3,0.38
1.1,1.0,10.0,25,0.36,3,0.523
1.1,1.0,10.0,75,0.18,3,0.393
1.1,1.0,10.0,75,0.36,3,0.548
1.1,1.0,10.0,100,0.18,3,0.399
1.1,1.0,10.0,100,0.36,3,0.559
1.1,1.0,10.0,125,0.18,3,0.404
1.1,1.0,10.0,125,0.36,3,0.57
1.1,1.0,50.0,-40,0.18,3,0.375
1.1,1.0,50.0,-40,0.36,3,0.505
1.1,1.0,50.0,-25,0.18,3,0.372
1.1,1.0,50.0,-25,0.36,3,0.502
1.1,1.0,50.0,0,0.18,3,0.371
1.1,1.0,50.0,0,0.36,3,0.501
1.1,1.0,50.0,25,0.18,3,0.372
1.1,1.0,50.0,25,0.36,3,0.505
1.1,1.0,50.0,75,0.18,3,0.379
1.1,1.0,50.0,75,0.36,3,0.518
1.1,1.0,50.0,100,0.18,3,0.383
1.1,1.0,50.0,100,0.36,3,0.526
1.1,1.0,50.0,125,0.18,3,0.388
1.1,1.0,50.0,125,0.36,3,0.534
1.1,1.0,100.0,-40,0.18,3,0.438
1.1,1.0,100.0,-40,0.36,3,0.6
1.1,1.0,100.0,-25,0.18,3,0.422
1.1,1.0,100.0,-25,0.36,3,0.58
1.1,1.0,100.0,0,0.18,3,0.407
1.1,1.0,100.0,0,0.36,3,0.559
1.1,1.0,100.0,25,0.18,3,0.399
1.1,1.0,100.0,25,0.36,3,0.548
1.1,1.0,100.0,75,0.18,3,0.394
1.1,1.0,100.0,75,0.36,3,0.541
1.1,1.0,100.0,100,0.18,3,0.394
1.1,1.0,100.0,100,0.36,3,0.542
1.1,1.0,100.0,125,0.18,3,0.395
1.1,1.0,100.0,125,0.36,3,0.545
1.1,1.0,200.0,-40,0.18,3,0.601
1.1,1.0,200.0,-40,0.36,3,0.839
1.1,1.0,200.0,-25,0.18,3,0.563
1.1,1.0,200.0,-25,0.36,3,0.791
1.1,1.0,200.0,0,0.18,3,0.518
1.1,1.0,200.0,0,0.36,3,0.732
1.1,1.0,200.0,25,0.18,3,0.489
1.1,1.0,200.0,25,0.36,3,0.691
1.1,1.0,200.0,75,0.18,3,0.454
1.1,1.0,200.0,75,0.36,3,0.64
1.1,1.0,200.0,100,0.18,3,0.445
1.1,1.0,200.0,100,0.36,3,0.625
1.1,1.0,200.0,125,0.18,3,0.438
1.1,1.0,200.0,125,0.36,3,0.615
1.1,1.0,400.0,-40,0.18,3,0.972
1.1,1.0,400.0,-40,0.36,3,1.364
1.1,1.0,400.0,-25,0.18,3,0.89
1.1,1.0,400.0,-25,0.36,3,1.264
1.1,1.0,400.0,0,0.18,3,0.79
1.1,1.0,400.0,0,0.36,3,1.136
1.1,1.0,400.0,25,0.18,3,0.718
1.1,1.0,400.0,25,0.36,3,1.04
1.1,1.0,400.0,75,0.18,3,0.624
1.1,1.0,400.0,75,0.36,3,0.907
1.1,1.0,400.0,100,0.18,3,0.593
1.1,1.0,400.0,100,0.36,3,0.861
1.1,1.0,400.0,125,0.18,3,0.568
1.1,1.0,400.0,125,0.36,3,0.824
1.1,5.45,10.0,-40,0.18,3,1.269
1.1,5.45,10.0,-40,0.36,3,1.403
1.1,5.45,10.0,-25,0.18,3,1.272
1.1,5.45,10.0,-25,0.36,3,1.41
1.1,5.45,10.0,0,0.18,3,1.278
1.1,5.45,10.0,0,0.36,3,1.421
1.1,5.45,10.0,25,0.18,3,1.283
1.1,5.45,10.0,25,0.36,3,1.433
1.1,5.45,10.0,75,0.18,3,1.294
1.1,5.45,10.0,75,0.36,3,1.454
1.1,5.45,10.0,100,0.18,3,1.299
1.1,5.45,10.0,100,0.36,3,1.464
1.1,5.45,10.0,125,0.18,3,1.304
1.1,5.45,10.0,125,0.36,3,1.473
1.1,5.45,50.0,-40,0.18,3,1.265
1.1,5.45,50.0,-40,0.36,3,1.391
1.1,5.45,50.0,-25,0.18,3,1.265
1.1,5.45,50.0,-25,0.36,3,1.392
1.1,5.45,50.0,0,0.18,3,1.268
1.1,5.45,50.0,0,0.36,3,1.398
1.1,5.45,50.0,25,0.18,3,1.272
1.1,5.45,50.0,25,0.36,3,1.406
1.1,5.45,50.0,75,0.18,3,1.281
1.1,5.45,50.0,75,0.36,3,1.424
1.1,5.45,50.0,100,0.18,3,1.285
1.1,5.45,50.0,100,0.36,3,1.433
1.1,5.45,50.0,125,0.18,3,1.289
1.1,5.45,50.0,125,0.36,3,1.441
1.1,5.45,100.0,-40,0.18,3,1.294
1.1,5.45,100.0,-40,0.36,3,1.439
1.1,5.45,100.0,-25,0.18,3,1.287
1.1,5.45,100.0,-25,0.36,3,1.428
1.1,5.45,100.0,0,0.18,3,1.281
1.1,5.45,100.0,0,0.36,3,1.42
1.1,5.45,100.0,25,0.18,3,1.28
1.1,5.45,100.0,25,0.36,3,1.419
1.1,5.45,100.0,75,0.18,3,1.283
1.1,5.45,100.0,75,0.36,3,1.427
1.1,5.45,100.0,100,0.18,3,1.286
1.1,5.45,100.0,100,0.36,3,1.432
1.1,5.45,100.0,125,0.18,3,1.289
1.1,5.45,100.0,125,0.36,3,1.438
1.1,5.45,200.0,-40,0.18,3,1.392
1.1,5.45,200.0,-40,0.36,3,1.598
1.1,5.45,200.0,-25,0.18,3,1.365
1.1,5.45,200.0,-25,0.36,3,1.559
1.1,5.45,200.0,0,0.18,3,1.338
1.1,5.45,200.0,0,0.36,3,1.518
1.1,5.45,200.0,25,0.18,3,1.323
1.1,5.45,200.0,25,0.36,3,1.493
1.1,5.45,200.0,75,0.18,3,1.309
1.1,5.45,200.0,75,0.36,3,1.471
1.1,5.45,200.0,100,0.18,3,1.306
1.1,5.45,200.0,100,0.36,3,1.467
1.1,5.45,200.0,125,0.18,3,1.304
1.1,5.45,200.0,125,0.36,3,1.465
1.1,5.45,400.0,-40,0.18,3,1.656
1.1,5.45,400.0,-40,0.36,3,2.022
1.1,5.45,400.0,-25,0.18,3,1.587
1.1,5.45,400.0,-25,0.36,3,1.926
1.1,5.45,400.0,0,0.18,3,1.51
1.1,5.45,400.0,0,0.36,3,1.81
1.1,5.45,400.0,25,0.18,3,1.46
1.1,5.45,400.0,25,0.36,3,1.731
1.1,5.45,400.0,75,0.18,3,1.402
1.1,5.45,400.0,75,0.36,3,1.634
1.1,5.45,400.0,100,0.18,3,1.384
1.1,5.45,400.0,100,0.36,3,1.604
1.1,5.45,400.0,125,0.18,3,1.37
1.1,5.45,400.0,125,0.36,3,1.582
1.1,9.91,10.0,-40,0.18,3,2.169
1.1,9.91,10.0,-40,0.36,3,2.306
1.1,9.91,10.0,-25,0.18,3,2.172
1.1,9.91,10.0,-25,0.36,3,2.312
1.1,9.91,10.0,0,0.18,3,2.177
1.1,9.91,10.0,0,0.36,3,2.323
1.1,9.91,10.0,25,0.18,3,2.182
1.1,9.91,10.0,25,0.36,3,2.333
1.1,9.91,10.0,75,0.18,3,2.192
1.1,9.91,10.0,75,0.36,3,2.353
1.1,9.91,10.0,100,0.18,3,2.197
1.1,9.91,10.0,100,0.36,3,2.362
1.1,9.91,10.0,125,0.18,3,2.201
1.1,9.91,10.0,125,0.36,3,2.371
1.1,9.91,50.0,-40,0.18,3,2.163
1.1,9.91,50.0,-40,0.36,3,2.289
1.1,9.91,50.0,-25,0.18,3,2.164
1.1,9.91,50.0,-25,0.36,3,2.292
1.1,9.91,50.0,0,0.18,3,2.167
1.1,9.91,50.0,0,0.36,3,2.3
1.1,9.91,50.0,25,0.18,3,2.171
1.1,9.91,50.0,25,0.36,3,2.308
1.1,9.91,50.0,75,0.18,3,2.18
1.1,9.91,50.0,75,0.36,3,2.325
1.1,9.91,50.0,100,0.18,3,2.184
1.1,9.91,50.0,100,0.36,3,2.334
1.1,9.91,50.0,125,0.18,3,2.187
1.1,9.91,50.0,125,0.36,3,2.341
1.1,9.91,100.0,-40,0.18,3,2.183
1.1,9.91,100.0,-40,0.36,3,2.321
1.1,9.91,100.0,-25,0.18,3,2.178
1.1,9.91,100.0,-25,0.36,3,2.314
1.1,9.91,100.0,0,0.18,3,2.175
1.1,9.91,100.0,0,0.36,3,2.311
1.1,9.91,100.0,25,0.18,3,2.176
1.1,9.91,100.0,25,0.36,3,2.314
1.1,9.91,100.0,75,0.18,3,2.18
1.1,9.91,100.0,75,0.36,3,2.324
1.1,9.91,100.0,100,0.18,3,2.183
1.1,9.91,100.0,100,0.36,3,2.33
1.1,9.91,100.0,125,0.18,3,2.185
1.1,9.91,100.0,125,0.36,3,2.336
1.1,9.91,200.0,-40,0.18,3,2.257
1.1,9.91,200.0,-40,0.36,3,2.444
1.1,9.91,200.0,-25,0.18,3,2.236
1.1,9.91,200.0,-25,0.36,3,2.412
1.1,9.91,200.0,0,0.18,3,2.215
1.1,9.91,200.0,0,0.36,3,2.381
1.1,9.91,200.0,25,0.18,3,2.205
1.1,9.91,200.0,25,0.36,3,2.365
1.1,9.91,200.0,75,0.18,3,2.197
1.1,9.91,200.0,75,0.36,3,2.353
1.1,9.91,200.0,100,0.18,3,2.195
1.1,9.91,200.0,100,0.36,3,2.352
1.1,9.91,200.0,125,0.18,3,2.191
1.1,9.91,200.0,125,0.36,3,2.352
1.1,9.91,400.0,-40,0.18,3,2.47
1.1,9.91,400.0,-40,0.36,3,2.797
1.1,9.91,400.0,-25,0.18,3,2.411
1.1,9.91,400.0,-25,0.36,3,2.709
1.1,9.91,400.0,0,0.18,3,2.348
1.1,9.91,400.0,0,0.36,3,2.61
1.1,9.91,400.0,25,0.18,3,2.309
1.1,9.91,400.0,25,0.36,3,2.546
1.1,9.91,400.0,75,0.18,3,2.257
1.1,9.91,400.0,75,0.36,3,2.472
1.1,9.91,400.0,100,0.18,3,2.228
1.1,9.91,400.0,100,0.36,3,2.451
1.1,9.91,400.0,125,0.18,3,2.187
1.1,9.91,400.0,125,0.36,3,2.435
1.1,14.36,10.0,-40,0.18,3,3.068
1.1,14.36,10.0,-40,0.36,3,3.206
1.1,14.36,10.0,-25,0.18,3,3.07
1.1,14.36,10.0,-25,0.36,3,3.212
1.1,14.36,10.0,0,0.18,3,3.075
1.1,14.36,10.0,0,0.36,3,3.222
1.1,14.36,10.0,25,0.18,3,3.08
1.1,14.36,10.0,25,0.36,3,3.232
1.1,14.36,10.0,75,0.18,3,3.09
1.1,14.36,10.0,75,0.36,3,3.251
1.1,14.36,10.0,100,0.18,3,3.092
1.1,14.36,10.0,100,0.36,3,3.26
1.1,14.36,10.0,125,0.18,3,3.09
1.1,14.36,10.0,125,0.36,3,3.268
1.1,14.36,50.0,-40,0.18,3,3.061
1.1,14.36,50.0,-40,0.36,3,3.188
1.1,14.36,50.0,-25,0.18,3,3.063
1.1,14.36,50.0,-25,0.36,3,3.192
1.1,14.36,50.0,0,0.18,3,3.066
1.1,14.36,50.0,0,0.36,3,3.2
1.1,14.36,50.0,25,0.18,3,3.07
1.1,14.36,50.0,25,0.36,3,3.208
1.1,14.36,50.0,75,0.18,3,3.077
1.1,14.36,50.0,75,0.36,3,3.225
1.1,14.36,50.0,100,0.18,3,3.078
1.1,14.36,50.0,100,0.36,3,3.233
1.1,14.36,50.0,125,0.18,3,3.073
1.1,14.36,50.0,125,0.36,3,3.24
1.1,14.36,100.0,-40,0.18,3,3.076
1.1,14.36,100.0,-40,0.36,3,3.212
1.1,14.36,100.0,-25,0.18,3,3.073
1.1,14.36,100.0,-25,0.36,3,3.208
1.1,14.36,100.0,0,0.18,3,3.071
1.1,14.36,100.0,0,0.36,3,3.207
1.1,14.36,100.0,25,0.18,3,3.073
1.1,14.36,100.0,25,0.36,3,3.211
1.1,14.36,100.0,75,0.18,3,3.076
1.1,14.36,100.0,75,0.36,3,3.222
1.1,14.36,100.0,100,0.18,3,3.075
1.1,14.36,100.0,100,0.36,3,3.229
1.1,14.36,100.0,125,0.18,3,3.064
1.1,14.36,100.0,125,0.36,3,3.235
1.1,14.36,200.0,-40,0.18,3,3.137
1.1,14.36,200.0,-40,0.36,3,3.314
1.1,14.36,200.0,-25,0.18,3,3.119
1.1,14.36,200.0,-25,0.36,3,3.287
1.1,14.36,200.0,0,0.18,3,3.103
1.1,14.36,200.0,0,0.36,3,3.262
1.1,14.36,200.0,25,0.18,3,3.095
1.1,14.36,200.0,25,0.36,3,3.25
1.1,14.36,200.0,75,0.18,3,3.085
1.1,14.36,200.0,75,0.36,3,3.243
1.1,14.36,200.0,100,0.18,3,3.071
1.1,14.36,200.0,100,0.36,3,3.244
1.1,14.36,200.0,125,0.18,3,3.042
1.1,14.36,200.0,125,0.36,3,3.245
1.1,14.36,400.0,-40,0.18,3,3.321
1.1,14.36,400.0,-40,0.36,3,3.619
1.1,14.36,400.0,-25,0.18,3,3.268
1.1,14.36,400.0,-25,0.36,3,3.539
1.1,14.36,400.0,0,0.18,3,3.213
1.1,14.36,400.0,0,0.36,3,3.453
1.1,14.36,400.0,25,0.18,3,3.174
1.1,14.36,400.0,25,0.36,3,3.399
1.1,14.36,400.0,75,0.18,3,3.065
1.1,14.36,400.0,75,0.36,3,3.339
1.1,14.36,400.0,100,0.18,3,2.962
1.1,14.36,400.0,100,0.36,3,3.319
1.1,14.36,400.0,125,0.18,3,2.822
1.1,14.36,400.0,125,0.36,3,3.299
1.1,18.82,10.0,-40,0.18,3,3.966
1.1,18.82,10.0,-40,0.36,3,4.106
1.1,18.82,10.0,-25,0.18,3,3.969
1.1,18.82,10.0,-25,0.36,3,4.111
1.1,18.82,10.0,0,0.18,3,3.974
1.1,18.82,10.0,0,0.36,3,4.121
1.1,18.82,10.0,25,0.18,3,3.979
1.1,18.82,10.0,25,0.36,3,4.13
1.1,18.82,10.0,75,0.18,3,3.983
1.1,18.82,10.0,75,0.36,3,4.149
1.1,18.82,10.0,100,0.18,3,3.972
1.1,18.82,10.0,100,0.36,3,4.158
1.1,18.82,10.0,125,0.18,3,3.942
1.1,18.82,10.0,125,0.36,3,4.166
1.1,18.82,50.0,-40,0.18,3,3.96
1.1,18.82,50.0,-40,0.36,3,4.088
1.1,18.82,50.0,-25,0.18,3,3.961
1.1,18.82,50.0,-25,0.36,3,4.092
1.1,18.82,50.0,0,0.18,3,3.965
1.1,18.82,50.0,0,0.36,3,4.099
1.1,18.82,50.0,25,0.18,3,3.969
1.1,18.82,50.0,25,0.36,3,4.108
1.1,18.82,50.0,75,0.18,3,3.969
1.1,18.82,50.0,75,0.36,3,4.124
1.1,18.82,50.0,100,0.18,3,3.952
1.1,18.82,50.0,100,0.36,3,4.132
1.1,18.82,50.0,125,0.18,3,3.912
1.1,18.82,50.0,125,0.36,3,4.138
1.1,18.82,100.0,-40,0.18,3,3.972
1.1,18.82,100.0,-40,0.36,3,4.107
1.1,18.82,100.0,-25,0.18,3,3.969
1.1,18.82,100.0,-25,0.36,3,4.103
1.1,18.82,100.0,0,0.18,3,3.969
1.1,18.82,100.0,0,0.36,3,4.104
1.1,18.82,100.0,25,0.18,3,3.97
1.1,18.82,100.0,25,0.36,3,4.109
1.1,18.82,100.0,75,0.18,3,3.962
1.1,18.82,100.0,75,0.36,3,4.121
1.1,18.82,100.0,100,0.18,3,3.936
1.1,18.82,100.0,100,0.36,3,4.127
1.1,18.82,100.0,125,0.18,3,3.881
1.1,18.82,100.0,125,0.36,3,4.132
1.1,18.82,200.0,-40,0.18,3,4.024
1.1,18.82,200.0,-40,0.36,3,4.194
1.1,18.82,200.0,-25,0.18,3,4.008
1.1,18.82,200.0,-25,0.36,3,4.17
1.1,18.82,200.0,0,0.18,3,3.995
1.1,18.82,200.0,0,0.36,3,4.15
1.1,18.82,200.0,25,0.18,3,3.987
1.1,18.82,200.0,25,0.36,3,4.14
1.1,18.82,200.0,75,0.18,3,3.948
1.1,18.82,200.0,75,0.36,3,4.137
1.1,18.82,200.0,100,0.18,3,3.888
1.1,18.82,200.0,100,0.36,3,4.137
1.1,18.82,200.0,125,0.18,3,3.786
1.1,18.82,200.0,125,0.36,3,4.136
1.1,18.82,400.0,-40,0.18,3,4.187
1.1,18.82,400.0,-40,0.36,3,4.465
1.1,18.82,400.0,-25,0.18,3,4.138
1.1,18.82,400.0,-25,0.36,3,4.392
1.1,18.82,400.0,0,0.18,3,4.081
1.1,18.82,400.0,0,0.36,3,4.315
1.1,18.82,400.0,25,0.18,3,4.018
1.1,18.82,400.0,25,0.36,3,4.268
1.1,18.82,400.0,75,0.18,3,3.729
1.1,18.82,400.0,75,0.36,3,4.21
1.1,18.82,400.0,100,0.18,3,3.49
1.1,18.82,400.0,100,0.36,3,4.178
1.1,18.82,400.0,125,0.18,3,3.214
1.1,18.82,400.0,125,0.36,3,4.129
1.1,23.27,10.0,-40,0.18,3,4.865
1.1,23.27,10.0,-40,0.36,3,5.004
1.1,23.27,10.0,-25,0.18,3,4.867
1.1,23.27,10.0,-25,0.36,3,5.009
1.1,23.27,10.0,0,0.18,3,4.872
1.1,23.27,10.0,0,0.36,3,5.019
1.1,23.27,10.0,25,0.18,3,4.876
1.1,23.27,10.0,25,0.36,3,5.029
1.1,23.27,10.0,75,0.18,3,4.859
1.1,23.27,10.0,75,0.36,3,5.047
1.1,23.27,10.0,100,0.18,3,4.811
1.1,23.27,10.0,100,0.36,3,5.055
1.1,23.27,10.0,125,0.18,3,4.719
1.1,23.27,10.0,125,0.36,3,5.061
1.1,23.27,50.0,-40,0.18,3,4.858
1.1,23.27,50.0,-40,0.36,3,4.987
1.1,23.27,50.0,-25,0.18,3,4.86
1.1,23.27,50.0,-25,0.36,3,4.991
1.1,23.27,50.0,0,0.18,3,4.863
1.1,23.27,50.0,0,0.36,3,4.999
1.1,23.27,50.0,25,0.18,3,4.866
1.1,23.27,50.0,25,0.36,3,5.007
1.1,23.27,50.0,75,0.18,3,4.837
1.1,23.27,50.0,75,0.36,3,5.022
1.1,23.27,50.0,100,0.18,3,4.775
1.1,23.27,50.0,100,0.36,3,5.029
1.1,23.27,50.0,125,0.18,3,4.663
1.1,23.27,50.0,125,0.36,3,5.033
1.1,23.27,100.0,-40,0.18,3,4.868
1.1,23.27,100.0,-40,0.36,3,5.002
1.1,23.27,100.0,-25,0.18,3,4.866
1.1,23.27,100.0,-25,0.36,3,5.0
1.1,23.27,100.0,0,0.18,3,4.866
1.1,23.27,100.0,0,0.36,3,5.002
1.1,23.27,100.0,25,0.18,3,4.865
1.1,23.27,100.0,25,0.36,3,5.007
1.1,23.27,100.0,75,0.18,3,4.816
1.1,23.27,100.0,75,0.36,3,5.019
1.1,23.27,100.0,100,0.18,3,4.732
1.1,23.27,100.0,100,0.36,3,5.023
1.1,23.27,100.0,125,0.18,3,4.591
1.1,23.27,100.0,125,0.36,3,5.024
1.1,23.27,200.0,-40,0.18,3,4.914
1.1,23.27,200.0,-40,0.36,3,5.079
1.1,23.27,200.0,-25,0.18,3,4.9
1.1,23.27,200.0,-25,0.36,3,5.058
1.1,23.27,200.0,0,0.18,3,4.887
1.1,23.27,200.0,0,0.36,3,5.04
1.1,23.27,200.0,25,0.18,3,4.873
1.1,23.27,200.0,25,0.36,3,5.033
1.1,23.27,200.0,75,0.18,3,4.75
1.1,23.27,200.0,75,0.36,3,5.031
1.1,23.27,200.0,100,0.18,3,4.598
1.1,23.27,200.0,100,0.36,3,5.028
1.1,23.27,200.0,125,0.18,3,4.383
1.1,23.27,200.0,125,0.36,3,5.016
1.1,23.27,400.0,-40,0.18,3,5.06
1.1,23.27,400.0,-40,0.36,3,5.325
1.1,23.27,400.0,-25,0.18,3,5.01
1.1,23.27,400.0,-25,0.36,3,5.257
1.1,23.27,400.0,0,0.18,3,4.931
1.1,23.27,400.0,0,0.36,3,5.187
1.1,23.27,400.0,25,0.18,3,4.791
1.1,23.27,400.0,25,0.36,3,5.144
1.1,23.27,400.0,75,0.18,3,4.205
1.1,23.27,400.0,75,0.36,3,5.067
1.1,23.27,400.0,100,0.18,3,3.815
1.1,23.27,400.0,100,0.36,3,4.995
1.1,23.27,400.0,125,0.18,3,3.43
1.1,23.27,400.0,125,0.36,3,4.88
1.1,27.73,10.0,-40,0.18,3,5.763
1.1,27.73,10.0,-40,0.36,3,5.903
1.1,27.73,10.0,-25,0.18,3,5.766
1.1,27.73,10.0,-25,0.36,3,5.908
1.1,27.73,10.0,0,0.18,3,5.77
1.1,27.73,10.0,0,0.36,3,5.917
1.1,27.73,10.0,25,0.18,3,5.77
1.1,27.73,10.0,25,0.36,3,5.927
1.1,27.73,10.0,75,0.18,3,5.698
1.1,27.73,10.0,75,0.36,3,5.945
1.1,27.73,10.0,100,0.18,3,5.58
1.1,27.73,10.0,100,0.36,3,5.951
1.1,27.73,10.0,125,0.18,3,5.392
1.1,27.73,10.0,125,0.36,3,5.95
1.1,27.73,50.0,-40,0.18,3,5.756
1.1,27.73,50.0,-40,0.36,3,5.885
1.1,27.73,50.0,-25,0.18,3,5.758
1.1,27.73,50.0,-25,0.36,3,5.89
1.1,27.73,50.0,0,0.18,3,5.761
1.1,27.73,50.0,0,0.36,3,5.897
1.1,27.73,50.0,25,0.18,3,5.758
1.1,27.73,50.0,25,0.36,3,5.905
1.1,27.73,50.0,75,0.18,3,5.659
1.1,27.73,50.0,75,0.36,3,5.92
1.1,27.73,50.0,100,0.18,3,5.515
1.1,27.73,50.0,100,0.36,3,5.924
1.1,27.73,50.0,125,0.18,3,5.299
1.1,27.73,50.0,125,0.36,3,5.919
1.1,27.73,100.0,-40,0.18,3,5.765
1.1,27.73,100.0,-40,0.36,3,5.898
1.1,27.73,100.0,-25,0.18,3,5.763
1.1,27.73,100.0,-25,0.36,3,5.897
1.1,27.73,100.0,0,0.18,3,5.762
1.1,27.73,100.0,0,0.36,3,5.9
1.1,27.73,100.0,25,0.18,3,5.753
1.1,27.73,100.0,25,0.36,3,5.905
1.1,27.73,100.0,75,0.18,3,5.611
1.1,27.73,100.0,75,0.36,3,5.915
1.1,27.73,100.0,100,0.18,3,5.429
1.1,27.73,100.0,100,0.36,3,5.915
1.1,27.73,100.0,125,0.18,3,5.173
1.1,27.73,100.0,125,0.36,3,5.903
1.1,27.73,200.0,-40,0.18,3,5.806
1.1,27.73,200.0,-40,0.36,3,5.967
1.1,27.73,200.0,-25,0.18,3,5.793
1.1,27.73,200.0,-25,0.36,3,5.948
1.1,27.73,200.0,0,0.18,3,5.777
1.1,27.73,200.0,0,0.36,3,5.933
1.1,27.73,200.0,25,0.18,3,5.741
1.1,27.73,200.0,25,0.36,3,5.928
1.1,27.73,200.0,75,0.18,3,5.456
1.1,27.73,200.0,75,0.36,3,5.922
1.1,27.73,200.0,100,0.18,3,5.176
1.1,27.73,200.0,100,0.36,3,5.907
1.1,27.73,200.0,125,0.18,3,4.831
1.1,27.73,200.0,125,0.36,3,5.867
1.1,27.73,400.0,-40,0.18,3,5.934
1.1,27.73,400.0,-40,0.36,3,6.193
1.1,27.73,400.0,-25,0.18,3,5.874
1.1,27.73,400.0,-25,0.36,3,6.13
1.1,27.73,400.0,0,0.18,3,5.729
1.1,27.73,400.0,0,0.36,3,6.065
1.1,27.73,400.0,25,0.18,3,5.451
1.1,27.73,400.0,25,0.36,3,6.021
1.1,27.73,400.0,75,0.18,3,4.512
1.1,27.73,400.0,75,0.36,3,5.884
1.1,27.73,400.0,100,0.18,3,4.006
1.1,27.73,400.0,100,0.36,3,5.736
1.1,27.73,400.0,125,0.18,3,3.552
1.1,27.73,400.0,125,0.36,3,5.518
1.1,32.18,10.0,-40,0.18,3,6.661
1.1,32.18,10.0,-40,0.36,3,6.801
1.1,32.18,10.0,-25,0.18,3,6.664
1.1,32.18,10.0,-25,0.36,3,6.807
1.1,32.18,10.0,0,0.18,3,6.667
1.1,32.18,10.0,0,0.36,3,6.816
1.1,32.18,10.0,25,0.18,3,6.656
1.1,32.18,10.0,25,0.36,3,6.825
1.1,32.18,10.0,75,0.18,3,6.48
1.1,32.18,10.0,75,0.36,3,6.841
1.1,32.18,10.0,100,0.18,3,6.259
1.1,32.18,10.0,100,0.36,3,6.841
1.1,32.18,10.0,125,0.18,3,5.953
1.1,32.18,10.0,125,0.36,3,6.825
1.1,32.18,50.0,-40,0.18,3,6.655
1.1,32.18,50.0,-40,0.36,3,6.784
1.1,32.18,50.0,-25,0.18,3,6.656
1.1,32.18,50.0,-25,0.36,3,6.788
1.1,32.18,50.0,0,0.18,3,6.657
1.1,32.18,50.0,0,0.36,3,6.796
1.1,32.18,50.0,25,0.18,3,6.639
1.1,32.18,50.0,25,0.36,3,6.804
1.1,32.18,50.0,75,0.18,3,6.414
1.1,32.18,50.0,75,0.36,3,6.816
1.1,32.18,50.0,100,0.18,3,6.157
1.1,32.18,50.0,100,0.36,3,6.811
1.1,32.18,50.0,125,0.18,3,5.817
1.1,32.18,50.0,125,0.36,3,6.787
1.1,32.18,100.0,-40,0.18,3,6.662
1.1,32.18,100.0,-40,0.36,3,6.795
1.1,32.18,100.0,-25,0.18,3,6.66
1.1,32.18,100.0,-25,0.36,3,6.794
1.1,32.18,100.0,0,0.18,3,6.655
1.1,32.18,100.0,0,0.36,3,6.797
1.1,32.18,100.0,25,0.18,3,6.624
1.1,32.18,100.0,25,0.36,3,6.803
1.1,32.18,100.0,75,0.18,3,6.324
1.1,32.18,100.0,75,0.36,3,6.809
1.1,32.18,100.0,100,0.18,3,6.016
1.1,32.18,100.0,100,0.36,3,6.797
1.1,32.18,100.0,125,0.18,3,5.632
1.1,32.18,100.0,125,0.36,3,6.757
1.1,32.18,200.0,-40,0.18,3,6.698
1.1,32.18,200.0,-40,0.36,3,6.857
1.1,32.18,200.0,-25,0.18,3,6.685
1.1,32.18,200.0,-25,0.36,3,6.84
1.1,32.18,200.0,0,0.18,3,6.656
1.1,32.18,200.0,0,0.36,3,6.827
1.1,32.18,200.0,25,0.18,3,6.571
1.1,32.18,200.0,25,0.36,3,6.822
1.1,32.18,200.0,75,0.18,3,6.049
1.1,32.18,200.0,75,0.36,3,6.804
1.1,32.18,200.0,100,0.18,3,5.624
1.1,32.18,200.0,100,0.36,3,6.762
1.1,32.18,200.0,125,0.18,3,5.154
1.1,32.18,200.0,125,0.36,3,6.673
1.1,32.18,400.0,-40,0.18,3,6.8
1.1,32.18,400.0,-40,0.36,3,7.068
1.1,32.18,400.0,-25,0.18,3,6.709
1.1,32.18,400.0,-25,0.36,3,7.008
1.1,32.18,400.0,0,0.18,3,6.446
1.1,32.18,400.0,0,0.36,3,6.945
1.1,32.18,400.0,25,0.18,3,5.973
1.1,32.18,400.0,25,0.36,3,6.891
1.1,32.18,400.0,75,0.18,3,4.703
1.1,32.18,400.0,75,0.36,3,6.639
1.1,32.18,400.0,100,0.18,3,4.122
1.1,32.18,400.0,100,0.36,3,6.378
1.1,32.18,400.0,125,0.18,3,3.631
1.1,32.18,400.0,125,0.36,3,6.03
1.1,36.64,10.0,-40,0.18,3,7.56
1.1,36.64,10.0,-40,0.36,3,7.7
1.1,36.64,10.0,-25,0.18,3,7.562
1.1,36.64,10.0,-25,0.36,3,7.705
1.1,36.64,10.0,0,0.18,3,7.56
1.1,36.64,10.0,0,0.36,3,7.714
1.1,36.64,10.0,25,0.18,3,7.526
1.1,36.64,10.0,25,0.36,3,7.723
1.1,36.64,10.0,75,0.18,3,7.188
1.1,36.64,10.0,75,0.36,3,7.734
1.1,36.64,10.0,100,0.18,3,6.841
1.1,36.64,10.0,100,0.36,3,7.721
1.1,36.64,10.0,125,0.18,3,6.408
1.1,36.64,10.0,125,0.36,3,7.677
1.1,36.64,50.0,-40,0.18,3,7.553
1.1,36.64,50.0,-40,0.36,3,7.683
1.1,36.64,50.0,-25,0.18,3,7.554
1.1,36.64,50.0,-25,0.36,3,7.687
1.1,36.64,50.0,0,0.18,3,7.547
1.1,36.64,50.0,0,0.36,3,7.695
1.1,36.64,50.0,25,0.18,3,7.499
1.1,36.64,50.0,25,0.36,3,7.702
1.1,36.64,50.0,75,0.18,3,7.087
1.1,36.64,50.0,75,0.36,3,7.707
1.1,36.64,50.0,100,0.18,3,6.696
1.1,36.64,50.0,100,0.36,3,7.685
1.1,36.64,50.0,125,0.18,3,6.227
1.1,36.64,50.0,125,0.36,3,7.626
1.1,36.64,100.0,-40,0.18,3,7.559
1.1,36.64,100.0,-40,0.36,3,7.692
1.1,36.64,100.0,-25,0.18,3,7.556
1.1,36.64,100.0,-25,0.36,3,7.692
1.1,36.64,100.0,0,0.18,3,7.54
1.1,36.64,100.0,0,0.36,3,7.695
1.1,36.64,100.0,25,0.18,3,7.466
1.1,36.64,100.0,25,0.36,3,7.7
1.1,36.64,100.0,75,0.18,3,6.944
1.1,36.64,100.0,75,0.36,3,7.695
1.1,36.64,100.0,100,0.18,3,6.495
1.1,36.64,100.0,100,0.36,3,7.659
1.1,36.64,100.0,125,0.18,3,5.984
1.1,36.64,100.0,125,0.36,3,7.574
1.1,36.64,200.0,-40,0.18,3,7.591
1.1,36.64,200.0,-40,0.36,3,7.749
1.1,36.64,200.0,-25,0.18,3,7.574
1.1,36.64,200.0,-25,0.36,3,7.734
1.1,36.64,200.0,0,0.18,3,7.515
1.1,36.64,200.0,0,0.36,3,7.722
1.1,36.64,200.0,25,0.18,3,7.347
1.1,36.64,200.0,25,0.36,3,7.717
1.1,36.64,200.0,75,0.18,3,6.53
1.1,36.64,200.0,75,0.36,3,7.669
1.1,36.64,200.0,100,0.18,3,5.962
1.1,36.64,200.0,100,0.36,3,7.58
1.1,36.64,200.0,125,0.18,3,5.384
1.1,36.64,200.0,125,0.36,3,7.418
1.1,36.64,400.0,-40,0.18,3,7.645
1.1,36.64,400.0,-40,0.36,3,7.946
1.1,36.64,400.0,-25,0.18,3,7.497
1.1,36.64,400.0,-25,0.36,3,7.889
1.1,36.64,400.0,0,0.18,3,7.055
1.1,36.64,400.0,0,0.36,3,7.823
1.1,36.64,400.0,25,0.18,3,6.358
1.1,36.64,400.0,25,0.36,3,7.744
1.1,36.64,400.0,75,0.18,3,4.826
1.1,36.64,400.0,75,0.36,3,7.312
1.1,36.64,400.0,100,0.18,3,4.202
1.1,36.64,400.0,100,0.36,3,6.91
1.1,36.64,400.0,125,0.18,3,3.687
1.1,36.64,400.0,125,0.36,3,6.423
1.1,41.09,10.0,-40,0.18,3,8.458
1.1,41.09,10.0,-40,0.36,3,8.598
1.1,41.09,10.0,-25,0.18,3,8.459
1.1,41.09,10.0,-25,0.36,3,8.603
1.1,41.09,10.0,0,0.18,3,8.445
1.1,41.09,10.0,0,0.36,3,8.612
1.1,41.09,10.0,25,0.18,3,8.37
1.1,41.09,10.0,25,0.36,3,8.621
1.1,41.09,10.0,75,0.18,3,7.815
1.1,41.09,10.0,75,0.36,3,8.62
1.1,41.09,10.0,100,0.18,3,7.33
1.1,41.09,10.0,100,0.36,3,8.584
1.1,41.09,10.0,125,0.18,3,6.771
1.1,41.09,10.0,125,0.36,3,8.496
1.1,41.09,50.0,-40,0.18,3,8.451
1.1,41.09,50.0,-40,0.36,3,8.582
1.1,41.09,50.0,-25,0.18,3,8.45
1.1,41.09,50.0,-25,0.36,3,8.586
1.1,41.09,50.0,0,0.18,3,8.427
1.1,41.09,50.0,0,0.36,3,8.593
1.1,41.09,50.0,25,0.18,3,8.326
1.1,41.09,50.0,25,0.36,3,8.6
1.1,41.09,50.0,75,0.18,3,7.672
1.1,41.09,50.0,75,0.36,3,8.589
1.1,41.09,50.0,100,0.18,3,7.139
1.1,41.09,50.0,100,0.36,3,8.538
1.1,41.09,50.0,125,0.18,3,6.548
1.1,41.09,50.0,125,0.36,3,8.425
1.1,41.09,100.0,-40,0.18,3,8.456
1.1,41.09,100.0,-40,0.36,3,8.59
1.1,41.09,100.0,-25,0.18,3,8.45
1.1,41.09,100.0,-25,0.36,3,8.59
1.1,41.09,100.0,0,0.18,3,8.41
1.1,41.09,100.0,0,0.36,3,8.593
1.1,41.09,100.0,25,0.18,3,8.265
1.1,41.09,100.0,25,0.36,3,8.598
1.1,41.09,100.0,75,0.18,3,7.468
1.1,41.09,100.0,75,0.36,3,8.569
1.1,41.09,100.0,100,0.18,3,6.877
1.1,41.09,100.0,100,0.36,3,8.492
1.1,41.09,100.0,125,0.18,3,6.252
1.1,41.09,100.0,125,0.36,3,8.342
1.1,41.09,200.0,-40,0.18,3,8.482
1.1,41.09,200.0,-40,0.36,3,8.642
1.1,41.09,200.0,-25,0.18,3,8.456
1.1,41.09,200.0,-25,0.36,3,8.628
1.1,41.09,200.0,0,0.18,3,8.342
1.1,41.09,200.0,0,0.36,3,8.617
1.1,41.09,200.0,25,0.18,3,8.055
1.1,41.09,200.0,25,0.36,3,8.609
1.1,41.09,200.0,75,0.18,3,6.909
1.1,41.09,200.0,75,0.36,3,8.508
1.1,41.09,200.0,100,0.18,3,6.214
1.1,41.09,200.0,100,0.36,3,8.349
1.1,41.09,200.0,125,0.18,3,5.55
1.1,41.09,200.0,125,0.36,3,8.092
1.1,41.09,400.0,-40,0.18,3,8.453
1.1,41.09,400.0,-40,0.36,3,8.827
1.1,41.09,400.0,-25,0.18,3,8.215
1.1,41.09,400.0,-25,0.36,3,8.771
1.1,41.09,400.0,0,0.18,3,7.545
1.1,41.09,400.0,0,0.36,3,8.695
1.1,41.09,400.0,25,0.18,3,6.629
1.1,41.09,400.0,25,0.36,3,8.567
1.1,41.09,400.0,75,0.18,3,4.912
1.1,41.09,400.0,75,0.36,3,7.89
1.1,41.09,400.0,100,0.18,3,4.261
1.1,41.09,400.0,100,0.36,3,7.335
1.1,41.09,400.0,125,0.18,3,3.73
1.1,41.09,400.0,125,0.36,3,6.715
1.1,45.55,10.0,-40,0.18,3,9.355
1.1,45.55,10.0,-40,0.36,3,9.496
1.1,45.55,10.0,-25,0.18,3,9.353
1.1,45.55,10.0,-25,0.36,3,9.502
1.1,45.55,10.0,0,0.18,3,9.318
1.1,45.55,10.0,0,0.36,3,9.51
1.1,45.55,10.0,25,0.18,3,9.178
1.1,45.55,10.0,25,0.36,3,9.518
1.1,45.55,10.0,75,0.18,3,8.36
1.1,45.55,10.0,75,0.36,3,9.496
1.1,45.55,10.0,100,0.18,3,7.733
1.1,45.55,10.0,100,0.36,3,9.423
1.1,45.55,10.0,125,0.18,3,7.058
1.1,45.55,10.0,125,0.36,3,9.274
1.1,45.55,50.0,-40,0.18,3,9.348
1.1,45.55,50.0,-40,0.36,3,9.48
1.1,45.55,50.0,-25,0.18,3,9.343
1.1,45.55,50.0,-25,0.36,3,9.484
1.1,45.55,50.0,0,0.18,3,9.291
1.1,45.55,50.0,0,0.36,3,9.492
1.1,45.55,50.0,25,0.18,3,9.11
1.1,45.55,50.0,25,0.36,3,9.497
1.1,45.55,50.0,75,0.18,3,8.171
1.1,45.55,50.0,75,0.36,3,9.458
1.1,45.55,50.0,100,0.18,3,7.497
1.1,45.55,50.0,100,0.36,3,9.36
1.1,45.55,50.0,125,0.18,3,6.797
1.1,45.55,50.0,125,0.36,3,9.176
1.1,45.55,100.0,-40,0.18,3,9.351
1.1,45.55,100.0,-40,0.36,3,9.487
1.1,45.55,100.0,-25,0.18,3,9.338
1.1,45.55,100.0,-25,0.36,3,9.488
1.1,45.55,100.0,0,0.18,3,9.256
1.1,45.55,100.0,0,0.36,3,9.491
1.1,45.55,100.0,25,0.18,3,9.011
1.1,45.55,100.0,25,0.36,3,9.493
1.1,45.55,100.0,75,0.18,3,7.904
1.1,45.55,100.0,75,0.36,3,9.423
1.1,45.55,100.0,100,0.18,3,7.177
1.1,45.55,100.0,100,0.36,3,9.288
1.1,45.55,100.0,125,0.18,3,6.455
1.1,45.55,100.0,125,0.36,3,9.053
1.1,45.55,200.0,-40,0.18,3,9.369
1.1,45.55,200.0,-40,0.36,3,9.536
1.1,45.55,200.0,-25,0.18,3,9.323
1.1,45.55,200.0,-25,0.36,3,9.523
1.1,45.55,200.0,0,0.18,3,9.125
1.1,45.55,200.0,0,0.36,3,9.512
1.1,45.55,200.0,25,0.18,3,8.684
1.1,45.55,200.0,25,0.36,3,9.497
1.1,45.55,200.0,75,0.18,3,7.202
1.1,45.55,200.0,75,0.36,3,9.311
1.1,45.55,200.0,100,0.18,3,6.401
1.1,45.55,200.0,100,0.36,3,9.061
1.1,45.55,200.0,125,0.18,3,5.671
1.1,45.55,200.0,125,0.36,3,8.69
1.1,45.55,400.0,-40,0.18,3,9.207
1.1,45.55,400.0,-40,0.36,3,9.709
1.1,45.55,400.0,-25,0.18,3,8.845
1.1,45.55,400.0,-25,0.36,3,9.652
1.1,45.55,400.0,0,0.18,3,7.918
1.1,45.55,400.0,0,0.36,3,9.552
1.1,45.55,400.0,25,0.18,3,6.816
1.1,45.55,400.0,25,0.36,3,9.35
1.1,45.55,400.0,75,0.18,3,4.978
1.1,45.55,400.0,75,0.36,3,8.373
1.1,45.55,400.0,100,0.18,3,4.307
1.1,45.55,400.0,100,0.36,3,7.664
1.1,45.55,400.0,125,0.18,3,3.764
1.1,45.55,400.0,125,0.36,3,6.931
1.1,50.0,10.0,-40,0.18,3,10.252
1.1,50.0,10.0,-40,0.36,3,10.395
1.1,50.0,10.0,-25,0.18,3,10.244
1.1,50.0,10.0,-25,0.36,3,10.4
1.1,50.0,10.0,0,0.18,3,10.173
1.1,50.0,10.0,0,0.36,3,10.408
1.1,50.0,10.0,25,0.18,3,9.942
1.1,50.0,10.0,25,0.36,3,10.414
1.1,50.0,10.0,75,0.18,3,8.826
1.1,50.0,10.0,75,0.36,3,10.357
1.1,50.0,10.0,100,0.18,3,8.062
1.1,50.0,10.0,100,0.36,3,10.231
1.1,50.0,10.0,125,0.18,3,7.284
1.1,50.0,10.0,125,0.36,3,10.001
1.1,50.0,50.0,-40,0.18,3,10.243
1.1,50.0,50.0,-40,0.36,3,10.379
1.1,50.0,50.0,-25,0.18,3,10.23
1.1,50.0,50.0,-25,0.36,3,10.383
1.1,50.0,50.0,0,0.18,3,10.131
1.1,50.0,50.0,0,0.36,3,10.39
1.1,50.0,50.0,25,0.18,3,9.843
1.1,50.0,50.0,25,0.36,3,10.393
1.1,50.0,50.0,75,0.18,3,8.59
1.1,50.0,50.0,75,0.36,3,10.307
1.1,50.0,50.0,100,0.18,3,7.785
1.1,50.0,50.0,100,0.36,3,10.146
1.1,50.0,50.0,125,0.18,3,6.991
1.1,50.0,50.0,125,0.36,3,9.872
1.1,50.0,100.0,-40,0.18,3,10.244
1.1,50.0,100.0,-40,0.36,3,10.385
1.1,50.0,100.0,-25,0.18,3,10.218
1.1,50.0,100.0,-25,0.36,3,10.385
1.1,50.0,100.0,0,0.18,3,10.071
1.1,50.0,100.0,0,0.36,3,10.389
1.1,50.0,100.0,25,0.18,3,9.695
1.1,50.0,100.0,25,0.36,3,10.386
1.1,50.0,100.0,75,0.18,3,8.261
1.1,50.0,100.0,75,0.36,3,10.252
1.1,50.0,100.0,100,0.18,3,7.414
1.1,50.0,100.0,100,0.36,3,10.039
1.1,50.0,100.0,125,0.18,3,6.611
1.1,50.0,100.0,125,0.36,3,9.702
1.1,50.0,200.0,-40,0.18,3,10.246
1.1,50.0,200.0,-40,0.36,3,10.43
1.1,50.0,200.0,-25,0.18,3,10.168
1.1,50.0,200.0,-25,0.36,3,10.418
1.1,50.0,200.0,0,0.18,3,9.854
1.1,50.0,200.0,0,0.36,3,10.406
1.1,50.0,200.0,25,0.18,3,9.232
1.1,50.0,200.0,25,0.36,3,10.378
1.1,50.0,200.0,75,0.18,3,7.429
1.1,50.0,200.0,75,0.36,3,10.071
1.1,50.0,200.0,100,0.18,3,6.542
1.1,50.0,200.0,100,0.36,3,9.709
1.1,50.0,200.0,125,0.18,3,5.762
1.1,50.0,200.0,125,0.36,3,9.213
1.1,50.0,400.0,-40,0.18,3,9.889
1.1,50.0,400.0,-40,0.36,3,10.592
1.1,50.0,400.0,-25,0.18,3,9.373
1.1,50.0,400.0,-25,0.36,3,10.53
1.1,50.0,400.0,0,0.18,3,8.192
1.1,50.0,400.0,0,0.36,3,10.389
1.1,50.0,400.0,25,0.18,3,6.949
1.1,50.0,400.0,25,0.36,3,10.082
1.1,50.0,400.0,75,0.18,3,5.031
1.1,50.0,400.0,75,0.36,3,8.766
1.1,50.0,400.0,100,0.18,3,4.345
1.1,50.0,400.0,100,0.36,3,7.916
1.1,50.0,400.0,125,0.18,3,3.792
1.1,50.0,400.0,125,0.36,3,7.094
1.2,1.0,10.0,-40,0.18,3,0.436
1.2,1.0,10.0,-40,0.36,3,0.592
1.2,1.0,10.0,-25,0.18,3,0.44
1.2,1.0,10.0,-25,0.36,3,0.599
1.2,1.0,10.0,0,0.18,3,0.447
1.2,1.0,10.0,0,0.36,3,0.613
1.2,1.0,10.0,25,0.18,3,0.454
1.2,1.0,10.0,25,0.36,3,0.627
1.2,1.0,10.0,75,0.18,3,0.47
1.2,1.0,10.0,75,0.36,3,0.657
1.2,1.0,10.0,100,0.18,3,0.478
1.2,1.0,10.0,100,0.36,3,0.672
1.2,1.0,10.0,125,0.18,3,0.486
1.2,1.0,10.0,125,0.36,3,0.686
1.2,1.0,50.0,-40,0.18,3,0.49
1.2,1.0,50.0,-40,0.36,3,0.668
1.2,1.0,50.0,-25,0.18,3,0.479
1.2,1.0,50.0,-25,0.36,3,0.654
1.2,1.0,50.0,0,0.18,3,0.468
1.2,1.0,50.0,0,0.36,3,0.641
1.2,1.0,50.0,25,0.18,3,0.464
1.2,1.0,50.0,25,0.36,3,0.635
1.2,1.0,50.0,75,0.18,3,0.465
1.2,1.0,50.0,75,0.36,3,0.64
1.2,1.0,50.0,100,0.18,3,0.468
1.2,1.0,50.0,100,0.36,3,0.646
1.2,1.0,50.0,125,0.18,3,0.472
1.2,1.0,50.0,125,0.36,3,0.654
1.2,1.0,100.0,-40,0.18,3,0.631
1.2,1.0,100.0,-40,0.36,3,0.876
1.2,1.0,100.0,-25,0.18,3,0.599
1.2,1.0,100.0,-25,0.36,3,0.836
1.2,1.0,100.0,0,0.18,3,0.561
1.2,1.0,100.0,0,0.36,3,0.786
1.2,1.0,100.0,25,0.18,3,0.535
1.2,1.0,100.0,25,0.36,3,0.75
1.2,1.0,100.0,75,0.18,3,0.508
1.2,1.0,100.0,75,0.36,3,0.71
1.2,1.0,100.0,100,0.18,3,0.502
1.2,1.0,100.0,100,0.36,3,0.701
1.2,1.0,100.0,125,0.18,3,0.499
1.2,1.0,100.0,125,0.36,3,0.696
1.2,1.0,200.0,-40,0.18,3,0.968
1.2,1.0,200.0,-40,0.36,3,1.352
1.2,1.0,200.0,-25,0.18,3,0.897
1.2,1.0,200.0,-25,0.36,3,1.266
1.2,1.0,200.0,0,0.18,3,0.804
1.2,1.0,200.0,0,0.36,3,1.15
1.2,1.0,200.0,25,0.18,3,0.736
1.2,1.0,200.0,25,0.36,3,1.06
1.2,1.0,200.0,75,0.18,3,0.647
1.2,1.0,200.0,75,0.36,3,0.934
1.2,1.0,200.0,100,0.18,3,0.619
1.2,1.0,200.0,100,0.36,3,0.892
1.2,1.0,200.0,125,0.18,3,0.598
1.2,1.0,200.0,125,0.36,3,0.859
1.2,1.0,400.0,-40,0.18,3,1.695
1.2,1.0,400.0,-40,0.36,3,2.36
1.2,1.0,400.0,-25,0.18,3,1.548
1.2,1.0,400.0,-25,0.36,3,2.186
1.2,1.0,400.0,0,0.18,3,1.354
1.2,1.0,400.0,0,0.36,3,1.945
1.2,1.0,400.0,25,0.18,3,1.204
1.2,1.0,400.0,25,0.36,3,1.752
1.2,1.0,400.0,75,0.18,3,0.995
1.2,1.0,400.0,75,0.36,3,1.469
1.2,1.0,400.0,100,0.18,3,0.922
1.2,1.0,400.0,100,0.36,3,1.365
1.2,1.0,400.0,125,0.18,3,0.864
1.2,1.0,400.0,125,0.36,3,1.28
1.2,5.45,10.0,-40,0.18,3,1.513
1.2,5.45,10.0,-40,0.36,3,1.675
1.2,5.45,10.0,-25,0.18,3,1.517
1.2,5.45,10.0,-25,0.36,3,1.683
1.2,5.45,10.0,0,0.18,3,1.523
1.2,5.45,10.0,0,0.36,3,1.696
1.2,5.45,10.0,25,0.18,3,1.529
1.2,5.45,10.0,25,0.36,3,1.709
1.2,5.45,10.0,75,0.18,3,1.543
1.2,5.45,10.0,75,0.36,3,1.736
1.2,5.45,10.0,100,0.18,3,1.55
1.2,5.45,10.0,100,0.36,3,1.749
1.2,5.45,10.0,125,0.18,3,1.556
1.2,5.45,10.0,125,0.36,3,1.761
1.2,5.45,50.0,-40,0.18,3,1.529
1.2,5.45,50.0,-40,0.36,3,1.693
1.2,5.45,50.0,-25,0.18,3,1.525
1.2,5.45,50.0,-25,0.36,3,1.688
1.2,5.45,50.0,0,0.18,3,1.523
1.2,5.45,50.0,0,0.36,3,1.688
1.2,5.45,50.0,25,0.18,3,1.524
1.2,5.45,50.0,25,0.36,3,1.692
1.2,5.45,50.0,75,0.18,3,1.531
1.2,5.45,50.0,75,0.36,3,1.708
1.2,5.45,50.0,100,0.18,3,1.536
1.2,5.45,50.0,100,0.36,3,1.718
1.2,5.45,50.0,125,0.18,3,1.541
1.2,5.45,50.0,125,0.36,3,1.727
1.2,5.45,100.0,-40,0.18,3,1.606
1.2,5.45,100.0,-40,0.36,3,1.819
1.2,5.45,100.0,-25,0.18,3,1.586
1.2,5.45,100.0,-25,0.36,3,1.79
1.2,5.45,100.0,0,0.18,3,1.565
1.2,5.45,100.0,0,0.36,3,1.759
1.2,5.45,100.0,25,0.18,3,1.555
1.2,5.45,100.0,25,0.36,3,1.743
1.2,5.45,100.0,75,0.18,3,1.547
1.2,5.45,100.0,75,0.36,3,1.733
1.2,5.45,100.0,100,0.18,3,1.547
1.2,5.45,100.0,100,0.36,3,1.734
1.2,5.45,100.0,125,0.18,3,1.548
1.2,5.45,100.0,125,0.36,3,1.737
1.2,5.45,200.0,-40,0.18,3,1.829
1.2,5.45,200.0,-40,0.36,3,2.181
1.2,5.45,200.0,-25,0.18,3,1.772
1.2,5.45,200.0,-25,0.36,3,2.1
1.2,5.45,200.0,0,0.18,3,1.707
1.2,5.45,200.0,0,0.36,3,2.0
1.2,5.45,200.0,25,0.18,3,1.664
1.2,5.45,200.0,25,0.36,3,1.932
1.2,5.45,200.0,75,0.18,3,1.616
1.2,5.45,200.0,75,0.36,3,1.853
1.2,5.45,200.0,100,0.18,3,1.603
1.2,5.45,200.0,100,0.36,3,1.831
1.2,5.45,200.0,125,0.18,3,1.593
1.2,5.45,200.0,125,0.36,3,1.816
1.2,5.45,400.0,-40,0.18,3,2.406
1.2,5.45,400.0,-40,0.36,3,3.061
1.2,5.45,400.0,-25,0.18,3,2.268
1.2,5.45,400.0,-25,0.36,3,2.884
1.2,5.45,400.0,0,0.18,3,2.099
1.2,5.45,400.0,0,0.36,3,2.649
1.2,5.45,400.0,25,0.18,3,1.979
1.2,5.45,400.0,25,0.36,3,2.47
1.2,5.45,400.0,75,0.18,3,1.83
1.2,5.45,400.0,75,0.36,3,2.228
1.2,5.45,400.0,100,0.18,3,1.782
1.2,5.45,400.0,100,0.36,3,2.147
1.2,5.45,400.0,125,0.18,3,1.745
1.2,5.45,400.0,125,0.36,3,2.085
1.2,9.91,10.0,-40,0.18,3,2.584
1.2,9.91,10.0,-40,0.36,3,2.749
1.2,9.91,10.0,-25,0.18,3,2.587
1.2,9.91,10.0,-25,0.36,3,2.757
1.2,9.91,10.0,0,0.18,3,2.593
1.2,9.91,10.0,0,0.36,3,2.769
1.2,9.91,10.0,25,0.18,3,2.599
1.2,9.91,10.0,25,0.36,3,2.781
1.2,9.91,10.0,75,0.18,3,2.612
1.2,9.91,10.0,75,0.36,3,2.806
1.2,9.91,10.0,100,0.18,3,2.618
1.2,9.91,10.0,100,0.36,3,2.818
1.2,9.91,10.0,125,0.18,3,2.624
1.2,9.91,10.0,125,0.36,3,2.83
1.2,9.91,50.0,-40,0.18,3,2.591
1.2,9.91,50.0,-40,0.36,3,2.753
1.2,9.91,50.0,-25,0.18,3,2.589
1.2,9.91,50.0,-25,0.36,3,2.752
1.2,9.91,50.0,0,0.18,3,2.589
1.2,9.91,50.0,0,0.36,3,2.755
1.2,9.91,50.0,25,0.18,3,2.592
1.2,9.91,50.0,25,0.36,3,2.761
1.2,9.91,50.0,75,0.18,3,2.6
1.2,9.91,50.0,75,0.36,3,2.778
1.2,9.91,50.0,100,0.18,3,2.605
1.2,9.91,50.0,100,0.36,3,2.788
1.2,9.91,50.0,125,0.18,3,2.609
1.2,9.91,50.0,125,0.36,3,2.797
1.2,9.91,100.0,-40,0.18,3,2.648
1.2,9.91,100.0,-40,0.36,3,2.846
1.2,9.91,100.0,-25,0.18,3,2.633
1.2,9.91,100.0,-25,0.36,3,2.824
1.2,9.91,100.0,0,0.18,3,2.618
1.2,9.91,100.0,0,0.36,3,2.803
1.2,9.91,100.0,25,0.18,3,2.612
1.2,9.91,100.0,25,0.36,3,2.795
1.2,9.91,100.0,75,0.18,3,2.609
1.2,9.91,100.0,75,0.36,3,2.793
1.2,9.91,100.0,100,0.18,3,2.61
1.2,9.91,100.0,100,0.36,3,2.796
1.2,9.91,100.0,125,0.18,3,2.612
1.2,9.91,100.0,125,0.36,3,2.801
1.2,9.91,200.0,-40,0.18,3,2.824
1.2,9.91,200.0,-40,0.36,3,3.136
1.2,9.91,200.0,-25,0.18,3,2.777
1.2,9.91,200.0,-25,0.36,3,3.066
1.2,9.91,200.0,0,0.18,3,2.725
1.2,9.91,200.0,0,0.36,3,2.985
1.2,9.91,200.0,25,0.18,3,2.692
1.2,9.91,200.0,25,0.36,3,2.933
1.2,9.91,200.0,75,0.18,3,2.658
1.2,9.91,200.0,75,0.36,3,2.877
1.2,9.91,200.0,100,0.18,3,2.648
1.2,9.91,200.0,100,0.36,3,2.863
1.2,9.91,200.0,125,0.18,3,2.64
1.2,9.91,200.0,125,0.36,3,2.854
1.2,9.91,400.0,-40,0.18,3,3.301
1.2,9.91,400.0,-40,0.36,3,3.909
1.2,9.91,400.0,-25,0.18,3,3.18
1.2,9.91,400.0,-25,0.36,3,3.737
1.2,9.91,400.0,0,0.18,3,3.036
1.2,9.91,400.0,0,0.36,3,3.52
1.2,9.91,400.0,25,0.18,3,2.939
1.2,9.91,400.0,25,0.36,3,3.363
1.2,9.91,400.0,75,0.18,3,2.816
1.2,9.91,400.0,75,0.36,3,3.165
1.2,9.91,400.0,100,0.18,3,2.768
1.2,9.91,400.0,100,0.36,3,3.102
1.2,9.91,400.0,125,0.18,3,2.715
1.2,9.91,400.0,125,0.36,3,3.054
1.2,14.36,10.0,-40,0.18,3,3.654
1.2,14.36,10.0,-40,0.36,3,3.821
1.2,14.36,10.0,-25,0.18,3,3.657
1.2,14.36,10.0,-25,0.36,3,3.828
1.2,14.36,10.0,0,0.18,3,3.662
1.2,14.36,10.0,0,0.36,3,3.839
1.2,14.36,10.0,25,0.18,3,3.668
1.2,14.36,10.0,25,0.36,3,3.85
1.2,14.36,10.0,75,0.18,3,3.681
1.2,14.36,10.0,75,0.36,3,3.875
1.2,14.36,10.0,100,0.18,3,3.685
1.2,14.36,10.0,100,0.36,3,3.887
1.2,14.36,10.0,125,0.18,3,3.686
1.2,14.36,10.0,125,0.36,3,3.898
1.2,14.36,50.0,-40,0.18,3,3.657
1.2,14.36,50.0,-40,0.36,3,3.819
1.2,14.36,50.0,-25,0.18,3,3.656
1.2,14.36,50.0,-25,0.36,3,3.819
1.2,14.36,50.0,0,0.18,3,3.657
1.2,14.36,50.0,0,0.36,3,3.823
1.2,14.36,50.0,25,0.18,3,3.66
1.2,14.36,50.0,25,0.36,3,3.83
1.2,14.36,50.0,75,0.18,3,3.668
1.2,14.36,50.0,75,0.36,3,3.848
1.2,14.36,50.0,100,0.18,3,3.671
1.2,14.36,50.0,100,0.36,3,3.857
1.2,14.36,50.0,125,0.18,3,3.668
1.2,14.36,50.0,125,0.36,3,3.866
1.2,14.36,100.0,-40,0.18,3,3.702
1.2,14.36,100.0,-40,0.36,3,3.894
1.2,14.36,100.0,-25,0.18,3,3.69
1.2,14.36,100.0,-25,0.36,3,3.876
1.2,14.36,100.0,0,0.18,3,3.68
1.2,14.36,100.0,0,0.36,3,3.861
1.2,14.36,100.0,25,0.18,3,3.675
1.2,14.36,100.0,25,0.36,3,3.855
1.2,14.36,100.0,75,0.18,3,3.674
1.2,14.36,100.0,75,0.36,3,3.857
1.2,14.36,100.0,100,0.18,3,3.673
1.2,14.36,100.0,100,0.36,3,3.862
1.2,14.36,100.0,125,0.18,3,3.665
1.2,14.36,100.0,125,0.36,3,3.867
1.2,14.36,200.0,-40,0.18,3,3.851
1.2,14.36,200.0,-40,0.36,3,4.14
1.2,14.36,200.0,-25,0.18,3,3.81
1.2,14.36,200.0,-25,0.36,3,4.078
1.2,14.36,200.0,0,0.18,3,3.766
1.2,14.36,200.0,0,0.36,3,4.009
1.2,14.36,200.0,25,0.18,3,3.74
1.2,14.36,200.0,25,0.36,3,3.967
1.2,14.36,200.0,75,0.18,3,3.71
1.2,14.36,200.0,75,0.36,3,3.924
1.2,14.36,200.0,100,0.18,3,3.693
1.2,14.36,200.0,100,0.36,3,3.914
1.2,14.36,200.0,125,0.18,3,3.666
1.2,14.36,200.0,125,0.36,3,3.907
1.2,14.36,400.0,-40,0.18,3,4.268
1.2,14.36,400.0,-40,0.36,3,4.825
1.2,14.36,400.0,-25,0.18,3,4.158
1.2,14.36,400.0,-25,0.36,3,4.663
1.2,14.36,400.0,0,0.18,3,4.031
1.2,14.36,400.0,0,0.36,3,4.466
1.2,14.36,400.0,25,0.18,3,3.944
1.2,14.36,400.0,25,0.36,3,4.328
1.2,14.36,400.0,75,0.18,3,3.791
1.2,14.36,400.0,75,0.36,3,4.16
1.2,14.36,400.0,100,0.18,3,3.686
1.2,14.36,400.0,100,0.36,3,4.107
1.2,14.36,400.0,125,0.18,3,3.546
1.2,14.36,400.0,125,0.36,3,4.063
1.2,18.82,10.0,-40,0.18,3,4.723
1.2,18.82,10.0,-40,0.36,3,4.892
1.2,18.82,10.0,-25,0.18,3,4.726
1.2,18.82,10.0,-25,0.36,3,4.898
1.2,18.82,10.0,0,0.18,3,4.732
1.2,18.82,10.0,0,0.36,3,4.908
1.2,18.82,10.0,25,0.18,3,4.737
1.2,18.82,10.0,25,0.36,3,4.92
1.2,18.82,10.0,75,0.18,3,4.746
1.2,18.82,10.0,75,0.36,3,4.944
1.2,18.82,10.0,100,0.18,3,4.741
1.2,18.82,10.0,100,0.36,3,4.956
1.2,18.82,10.0,125,0.18,3,4.717
1.2,18.82,10.0,125,0.36,3,4.966
1.2,18.82,50.0,-40,0.18,3,4.724
1.2,18.82,50.0,-40,0.36,3,4.886
1.2,18.82,50.0,-25,0.18,3,4.724
1.2,18.82,50.0,-25,0.36,3,4.887
1.2,18.82,50.0,0,0.18,3,4.726
1.2,18.82,50.0,0,0.36,3,4.892
1.2,18.82,50.0,25,0.18,3,4.729
1.2,18.82,50.0,25,0.36,3,4.9
1.2,18.82,50.0,75,0.18,3,4.732
1.2,18.82,50.0,75,0.36,3,4.917
1.2,18.82,50.0,100,0.18,3,4.721
1.2,18.82,50.0,100,0.36,3,4.926
1.2,18.82,50.0,125,0.18,3,4.689
1.2,18.82,50.0,125,0.36,3,4.935
1.2,18.82,100.0,-40,0.18,3,4.763
1.2,18.82,100.0,-40,0.36,3,4.949
1.2,18.82,100.0,-25,0.18,3,4.752
1.2,18.82,100.0,-25,0.36,3,4.934
1.2,18.82,100.0,0,0.18,3,4.744
1.2,18.82,100.0,0,0.36,3,4.922
1.2,18.82,100.0,25,0.18,3,4.74
1.2,18.82,100.0,25,0.36,3,4.919
1.2,18.82,100.0,75,0.18,3,4.733
1.2,18.82,100.0,75,0.36,3,4.924
1.2,18.82,100.0,100,0.18,3,4.713
1.2,18.82,100.0,100,0.36,3,4.929
1.2,18.82,100.0,125,0.18,3,4.666
1.2,18.82,100.0,125,0.36,3,4.934
1.2,18.82,200.0,-40,0.18,3,4.893
1.2,18.82,200.0,-40,0.36,3,5.166
1.2,18.82,200.0,-25,0.18,3,4.856
1.2,18.82,200.0,-25,0.36,3,5.11
1.2,18.82,200.0,0,0.18,3,4.818
1.2,18.82,200.0,0,0.36,3,5.05
1.2,18.82,200.0,25,0.18,3,4.794
1.2,18.82,200.0,25,0.36,3,5.014
1.2,18.82,200.0,75,0.18,3,4.747
1.2,18.82,200.0,75,0.36,3,4.978
1.2,18.82,200.0,100,0.18,3,4.694
1.2,18.82,200.0,100,0.36,3,4.97
1.2,18.82,200.0,125,0.18,3,4.601
1.2,18.82,200.0,125,0.36,3,4.964
1.2,18.82,400.0,-40,0.18,3,5.267
1.2,18.82,400.0,-40,0.36,3,5.784
1.2,18.82,400.0,-25,0.18,3,5.165
1.2,18.82,400.0,-25,0.36,3,5.632
1.2,18.82,400.0,0,0.18,3,5.046
1.2,18.82,400.0,0,0.36,3,5.452
1.2,18.82,400.0,25,0.18,3,4.948
1.2,18.82,400.0,25,0.36,3,5.329
1.2,18.82,400.0,75,0.18,3,4.658
1.2,18.82,400.0,75,0.36,3,5.179
1.2,18.82,400.0,100,0.18,3,4.424
1.2,18.82,400.0,100,0.36,3,5.122
1.2,18.82,400.0,125,0.18,3,4.14
1.2,18.82,400.0,125,0.36,3,5.061
1.2,23.27,10.0,-40,0.18,3,5.792
1.2,23.27,10.0,-40,0.36,3,5.961
1.2,23.27,10.0,-25,0.18,3,5.795
1.2,23.27,10.0,-25,0.36,3,5.967
1.2,23.27,10.0,0,0.18,3,5.801
1.2,23.27,10.0,0,0.36,3,5.978
1.2,23.27,10.0,25,0.18,3,5.806
1.2,23.27,10.0,25,0.36,3,5.989
1.2,23.27,10.0,75,0.18,3,5.798
1.2,23.27,10.0,75,0.36,3,6.013
1.2,23.27,10.0,100,0.18,3,5.761
1.2,23.27,10.0,100,0.36,3,6.024
1.2,23.27,10.0,125,0.18,3,5.681
1.2,23.27,10.0,125,0.36,3,6.033
1.2,23.27,50.0,-40,0.18,3,5.792
1.2,23.27,50.0,-40,0.36,3,5.954
1.2,23.27,50.0,-25,0.18,3,5.792
1.2,23.27,50.0,-25,0.36,3,5.955
1.2,23.27,50.0,0,0.18,3,5.794
1.2,23.27,50.0,0,0.36,3,5.961
1.2,23.27,50.0,25,0.18,3,5.797
1.2,23.27,50.0,25,0.36,3,5.969
1.2,23.27,50.0,75,0.18,3,5.779
1.2,23.27,50.0,75,0.36,3,5.986
1.2,23.27,50.0,100,0.18,3,5.728
1.2,23.27,50.0,100,0.36,3,5.995
1.2,23.27,50.0,125,0.18,3,5.629
1.2,23.27,50.0,125,0.36,3,6.001
1.2,23.27,100.0,-40,0.18,3,5.825
1.2,23.27,100.0,-40,0.36,3,6.008
1.2,23.27,100.0,-25,0.18,3,5.816
1.2,23.27,100.0,-25,0.36,3,5.995
1.2,23.27,100.0,0,0.18,3,5.809
1.2,23.27,100.0,0,0.36,3,5.986
1.2,23.27,100.0,25,0.18,3,5.806
1.2,23.27,100.0,25,0.36,3,5.984
1.2,23.27,100.0,75,0.18,3,5.767
1.2,23.27,100.0,75,0.36,3,5.991
1.2,23.27,100.0,100,0.18,3,5.696
1.2,23.27,100.0,100,0.36,3,5.995
1.2,23.27,100.0,125,0.18,3,5.568
1.2,23.27,100.0,125,0.36,3,5.997
1.2,23.27,200.0,-40,0.18,3,5.942
1.2,23.27,200.0,-40,0.36,3,6.203
1.2,23.27,200.0,-25,0.18,3,5.908
1.2,23.27,200.0,-25,0.36,3,6.151
1.2,23.27,200.0,0,0.18,3,5.873
1.2,23.27,200.0,0,0.36,3,6.098
1.2,23.27,200.0,25,0.18,3,5.848
1.2,23.27,200.0,25,0.36,3,6.067
1.2,23.27,200.0,75,0.18,3,5.736
1.2,23.27,200.0,75,0.36,3,6.037
1.2,23.27,200.0,100,0.18,3,5.6
1.2,23.27,200.0,100,0.36,3,6.028
1.2,23.27,200.0,125,0.18,3,5.394
1.2,23.27,200.0,125,0.36,3,6.015
1.2,23.27,400.0,-40,0.18,3,6.283
1.2,23.27,400.0,-40,0.36,3,6.77
1.2,23.27,400.0,-25,0.18,3,6.186
1.2,23.27,400.0,-25,0.36,3,6.627
1.2,23.27,400.0,0,0.18,3,6.058
1.2,23.27,400.0,0,0.36,3,6.46
1.2,23.27,400.0,25,0.18,3,5.909
1.2,23.27,400.0,25,0.36,3,6.349
1.2,23.27,400.0,75,0.18,3,5.354
1.2,23.27,400.0,75,0.36,3,6.197
1.2,23.27,400.0,100,0.18,3,4.95
1.2,23.27,400.0,100,0.36,3,6.115
1.2,23.27,400.0,125,0.18,3,4.515
1.2,23.27,400.0,125,0.36,3,6.002
1.2,27.73,10.0,-40,0.18,3,6.862
1.2,27.73,10.0,-40,0.36,3,7.03
1.2,27.73,10.0,-25,0.18,3,6.865
1.2,27.73,10.0,-25,0.36,3,7.036
1.2,27.73,10.0,0,0.18,3,6.87
1.2,27.73,10.0,0,0.36,3,7.047
1.2,27.73,10.0,25,0.18,3,6.872
1.2,27.73,10.0,25,0.36,3,7.058
1.2,27.73,10.0,75,0.18,3,6.82
1.2,27.73,10.0,75,0.36,3,7.081
1.2,27.73,10.0,100,0.18,3,6.719
1.2,27.73,10.0,100,0.36,3,7.091
1.2,27.73,10.0,125,0.18,3,6.544
1.2,27.73,10.0,125,0.36,3,7.095
1.2,27.73,50.0,-40,0.18,3,6.86
1.2,27.73,50.0,-40,0.36,3,7.021
1.2,27.73,50.0,-25,0.18,3,6.86
1.2,27.73,50.0,-25,0.36,3,7.023
1.2,27.73,50.0,0,0.18,3,6.863
1.2,27.73,50.0,0,0.36,3,7.03
1.2,27.73,50.0,25,0.18,3,6.862
1.2,27.73,50.0,25,0.36,3,7.038
1.2,27.73,50.0,75,0.18,3,6.787
1.2,27.73,50.0,75,0.36,3,7.055
1.2,27.73,50.0,100,0.18,3,6.661
1.2,27.73,50.0,100,0.36,3,7.061
1.2,27.73,50.0,125,0.18,3,6.456
1.2,27.73,50.0,125,0.36,3,7.061
1.2,27.73,100.0,-40,0.18,3,6.889
1.2,27.73,100.0,-40,0.36,3,7.069
1.2,27.73,100.0,-25,0.18,3,6.881
1.2,27.73,100.0,-25,0.36,3,7.058
1.2,27.73,100.0,0,0.18,3,6.875
1.2,27.73,100.0,0,0.36,3,7.051
1.2,27.73,100.0,25,0.18,3,6.866
1.2,27.73,100.0,25,0.36,3,7.05
1.2,27.73,100.0,75,0.18,3,6.752
1.2,27.73,100.0,75,0.36,3,7.057
1.2,27.73,100.0,100,0.18,3,6.589
1.2,27.73,100.0,100,0.36,3,7.059
1.2,27.73,100.0,125,0.18,3,6.343
1.2,27.73,100.0,125,0.36,3,7.051
1.2,27.73,200.0,-40,0.18,3,6.995
1.2,27.73,200.0,-40,0.36,3,7.247
1.2,27.73,200.0,-25,0.18,3,6.964
1.2,27.73,200.0,-25,0.36,3,7.2
1.2,27.73,200.0,0,0.18,3,6.929
1.2,27.73,200.0,0,0.36,3,7.152
1.2,27.73,200.0,25,0.18,3,6.89
1.2,27.73,200.0,25,0.36,3,7.124
1.2,27.73,200.0,75,0.18,3,6.642
1.2,27.73,200.0,75,0.36,3,7.095
1.2,27.73,200.0,100,0.18,3,6.378
1.2,27.73,200.0,100,0.36,3,7.079
1.2,27.73,200.0,125,0.18,3,6.029
1.2,27.73,200.0,125,0.36,3,7.045
1.2,27.73,400.0,-40,0.18,3,7.308
1.2,27.73,400.0,-40,0.36,3,7.773
1.2,27.73,400.0,-25,0.18,3,7.208
1.2,27.73,400.0,-25,0.36,3,7.638
1.2,27.73,400.0,0,0.18,3,7.04
1.2,27.73,400.0,0,0.36,3,7.482
1.2,27.73,400.0,25,0.18,3,6.783
1.2,27.73,400.0,25,0.36,3,7.377
1.2,27.73,400.0,75,0.18,3,5.865
1.2,27.73,400.0,75,0.36,3,7.193
1.2,27.73,400.0,100,0.18,3,5.294
1.2,27.73,400.0,100,0.36,3,7.052
1.2,27.73,400.0,125,0.18,3,4.742
1.2,27.73,400.0,125,0.36,3,6.849
1.2,32.18,10.0,-40,0.18,3,7.931
1.2,32.18,10.0,-40,0.36,3,8.1
1.2,32.18,10.0,-25,0.18,3,7.934
1.2,32.18,10.0,-25,0.36,3,8.106
1.2,32.18,10.0,0,0.18,3,7.938
1.2,32.18,10.0,0,0.36,3,8.116
1.2,32.18,10.0,25,0.18,3,7.933
1.2,32.18,10.0,25,0.36,3,8.127
1.2,32.18,10.0,75,0.18,3,7.792
1.2,32.18,10.0,75,0.36,3,8.148
1.2,32.18,10.0,100,0.18,3,7.59
1.2,32.18,10.0,100,0.36,3,8.154
1.2,32.18,10.0,125,0.18,3,7.291
1.2,32.18,10.0,125,0.36,3,8.146
1.2,32.18,50.0,-40,0.18,3,7.929
1.2,32.18,50.0,-40,0.36,3,8.09
1.2,32.18,50.0,-25,0.18,3,7.929
1.2,32.18,50.0,-25,0.36,3,8.092
1.2,32.18,50.0,0,0.18,3,7.93
1.2,32.18,50.0,0,0.36,3,8.099
1.2,32.18,50.0,25,0.18,3,7.919
1.2,32.18,50.0,25,0.36,3,8.107
1.2,32.18,50.0,75,0.18,3,7.735
1.2,32.18,50.0,75,0.36,3,8.122
1.2,32.18,50.0,100,0.18,3,7.497
1.2,32.18,50.0,100,0.36,3,8.122
1.2,32.18,50.0,125,0.18,3,7.159
1.2,32.18,50.0,125,0.36,3,8.106
1.2,32.18,100.0,-40,0.18,3,7.954
1.2,32.18,100.0,-40,0.36,3,8.132
1.2,32.18,100.0,-25,0.18,3,7.947
1.2,32.18,100.0,-25,0.36,3,8.123
1.2,32.18,100.0,0,0.18,3,7.939
1.2,32.18,100.0,0,0.36,3,8.117
1.2,32.18,100.0,25,0.18,3,7.915
1.2,32.18,100.0,25,0.36,3,8.117
1.2,32.18,100.0,75,0.18,3,7.662
1.2,32.18,100.0,75,0.36,3,8.122
1.2,32.18,100.0,100,0.18,3,7.372
1.2,32.18,100.0,100,0.36,3,8.115
1.2,32.18,100.0,125,0.18,3,6.982
1.2,32.18,100.0,125,0.36,3,8.085
1.2,32.18,200.0,-40,0.18,3,8.051
1.2,32.18,200.0,-40,0.36,3,8.296
1.2,32.18,200.0,-25,0.18,3,8.021
1.2,32.18,200.0,-25,0.36,3,8.253
1.2,32.18,200.0,0,0.18,3,7.981
1.2,32.18,200.0,0,0.36,3,8.208
1.2,32.18,200.0,25,0.18,3,7.906
1.2,32.18,200.0,25,0.36,3,8.183
1.2,32.18,200.0,75,0.18,3,7.44
1.2,32.18,200.0,75,0.36,3,8.149
1.2,32.18,200.0,100,0.18,3,7.018
1.2,32.18,200.0,100,0.36,3,8.113
1.2,32.18,200.0,125,0.18,3,6.517
1.2,32.18,200.0,125,0.36,3,8.037
1.2,32.18,400.0,-40,0.18,3,8.333
1.2,32.18,400.0,-40,0.36,3,8.789
1.2,32.18,400.0,-25,0.18,3,8.216
1.2,32.18,400.0,-25,0.36,3,8.66
1.2,32.18,400.0,0,0.18,3,7.963
1.2,32.18,400.0,0,0.36,3,8.513
1.2,32.18,400.0,25,0.18,3,7.538
1.2,32.18,400.0,25,0.36,3,8.407
1.2,32.18,400.0,75,0.18,3,6.217
1.2,32.18,400.0,75,0.36,3,8.144
1.2,32.18,400.0,100,0.18,3,5.515
1.2,32.18,400.0,100,0.36,3,7.908
1.2,32.18,400.0,125,0.18,3,4.885
1.2,32.18,400.0,125,0.36,3,7.58
1.2,36.64,10.0,-40,0.18,3,9.0
1.2,36.64,10.0,-40,0.36,3,9.169
1.2,36.64,10.0,-25,0.18,3,9.002
1.2,36.64,10.0,-25,0.36,3,9.175
1.2,36.64,10.0,0,0.18,3,9.003
1.2,36.64,10.0,0,0.36,3,9.185
1.2,36.64,10.0,25,0.18,3,8.981
1.2,36.64,10.0,25,0.36,3,9.196
1.2,36.64,10.0,75,0.18,3,8.694
1.2,36.64,10.0,75,0.36,3,9.214
1.2,36.64,10.0,100,0.18,3,8.363
1.2,36.64,10.0,100,0.36,3,9.209
1.2,36.64,10.0,125,0.18,3,7.92
1.2,36.64,10.0,125,0.36,3,9.177
1.2,36.64,50.0,-40,0.18,3,8.997
1.2,36.64,50.0,-40,0.36,3,9.158
1.2,36.64,50.0,-25,0.18,3,8.997
1.2,36.64,50.0,-25,0.36,3,9.161
1.2,36.64,50.0,0,0.18,3,8.993
1.2,36.64,50.0,0,0.36,3,9.168
1.2,36.64,50.0,25,0.18,3,8.959
1.2,36.64,50.0,25,0.36,3,9.176
1.2,36.64,50.0,75,0.18,3,8.604
1.2,36.64,50.0,75,0.36,3,9.186
1.2,36.64,50.0,100,0.18,3,8.226
1.2,36.64,50.0,100,0.36,3,9.173
1.2,36.64,50.0,125,0.18,3,7.74
1.2,36.64,50.0,125,0.36,3,9.127
1.2,36.64,100.0,-40,0.18,3,9.02
1.2,36.64,100.0,-40,0.36,3,9.197
1.2,36.64,100.0,-25,0.18,3,9.013
1.2,36.64,100.0,-25,0.36,3,9.189
1.2,36.64,100.0,0,0.18,3,8.998
1.2,36.64,100.0,0,0.36,3,9.184
1.2,36.64,100.0,25,0.18,3,8.941
1.2,36.64,100.0,25,0.36,3,9.185
1.2,36.64,100.0,75,0.18,3,8.481
1.2,36.64,100.0,75,0.36,3,9.182
1.2,36.64,100.0,100,0.18,3,8.038
1.2,36.64,100.0,100,0.36,3,9.156
1.2,36.64,100.0,125,0.18,3,7.498
1.2,36.64,100.0,125,0.36,3,9.087
1.2,36.64,200.0,-40,0.18,3,9.109
1.2,36.64,200.0,-40,0.36,3,9.349
1.2,36.64,200.0,-25,0.18,3,9.078
1.2,36.64,200.0,-25,0.36,3,9.308
1.2,36.64,200.0,0,0.18,3,9.018
1.2,36.64,200.0,0,0.36,3,9.267
1.2,36.64,200.0,25,0.18,3,8.877
1.2,36.64,200.0,25,0.36,3,9.244
1.2,36.64,200.0,75,0.18,3,8.12
1.2,36.64,200.0,75,0.36,3,9.191
1.2,36.64,200.0,100,0.18,3,7.53
1.2,36.64,200.0,100,0.36,3,9.117
1.2,36.64,200.0,125,0.18,3,6.885
1.2,36.64,200.0,125,0.36,3,8.976
1.2,36.64,400.0,-40,0.18,3,9.347
1.2,36.64,400.0,-40,0.36,3,9.813
1.2,36.64,400.0,-25,0.18,3,9.193
1.2,36.64,400.0,-25,0.36,3,9.69
1.2,36.64,400.0,0,0.18,3,8.8
1.2,36.64,400.0,0,0.36,3,9.547
1.2,36.64,400.0,25,0.18,3,8.157
1.2,36.64,400.0,25,0.36,3,9.429
1.2,36.64,400.0,75,0.18,3,6.455
1.2,36.64,400.0,75,0.36,3,9.03
1.2,36.64,400.0,100,0.18,3,5.662
1.2,36.64,400.0,100,0.36,3,8.663
1.2,36.64,400.0,125,0.18,3,4.982
1.2,36.64,400.0,125,0.36,3,8.186
1.2,41.09,10.0,-40,0.18,3,10.069
1.2,41.09,10.0,-40,0.36,3,10.238
1.2,41.09,10.0,-25,0.18,3,10.071
1.2,41.09,10.0,-25,0.36,3,10.244
1.2,41.09,10.0,0,0.18,3,10.064
1.2,41.09,10.0,0,0.36,3,10.254
1.2,41.09,10.0,25,0.18,3,10.008
1.2,41.09,10.0,25,0.36,3,10.265
1.2,41.09,10.0,75,0.18,3,9.516
1.2,41.09,10.0,75,0.36,3,10.274
1.2,41.09,10.0,100,0.18,3,9.034
1.2,41.09,10.0,100,0.36,3,10.25
1.2,41.09,10.0,125,0.18,3,8.442
1.2,41.09,10.0,125,0.36,3,10.179
1.2,41.09,50.0,-40,0.18,3,10.065
1.2,41.09,50.0,-40,0.36,3,10.227
1.2,41.09,50.0,-25,0.18,3,10.064
1.2,41.09,50.0,-25,0.36,3,10.23
1.2,41.09,50.0,0,0.18,3,10.05
1.2,41.09,50.0,0,0.36,3,10.237
1.2,41.09,50.0,25,0.18,3,9.973
1.2,41.09,50.0,25,0.36,3,10.244
1.2,41.09,50.0,75,0.18,3,9.385
1.2,41.09,50.0,75,0.36,3,10.243
1.2,41.09,50.0,100,0.18,3,8.848
1.2,41.09,50.0,100,0.36,3,10.206
1.2,41.09,50.0,125,0.18,3,8.213
1.2,41.09,50.0,125,0.36,3,10.112
1.2,41.09,100.0,-40,0.18,3,10.086
1.2,41.09,100.0,-40,0.36,3,10.262
1.2,41.09,100.0,-25,0.18,3,10.077
1.2,41.09,100.0,-25,0.36,3,10.255
1.2,41.09,100.0,0,0.18,3,10.046
1.2,41.09,100.0,0,0.36,3,10.251
1.2,41.09,100.0,25,0.18,3,9.931
1.2,41.09,100.0,25,0.36,3,10.252
1.2,41.09,100.0,75,0.18,3,9.202
1.2,41.09,100.0,75,0.36,3,10.233
1.2,41.09,100.0,100,0.18,3,8.593
1.2,41.09,100.0,100,0.36,3,10.173
1.2,41.09,100.0,125,0.18,3,7.907
1.2,41.09,100.0,125,0.36,3,10.045
1.2,41.09,200.0,-40,0.18,3,10.167
1.2,41.09,200.0,-40,0.36,3,10.404
1.2,41.09,200.0,-25,0.18,3,10.131
1.2,41.09,200.0,-25,0.36,3,10.366
1.2,41.09,200.0,0,0.18,3,10.031
1.2,41.09,200.0,0,0.36,3,10.328
1.2,41.09,200.0,25,0.18,3,9.789
1.2,41.09,200.0,25,0.36,3,10.304
1.2,41.09,200.0,75,0.18,3,8.686
1.2,41.09,200.0,75,0.36,3,10.213
1.2,41.09,200.0,100,0.18,3,7.931
1.2,41.09,200.0,100,0.36,3,10.079
1.2,41.09,200.0,125,0.18,3,7.161
1.2,41.09,200.0,125,0.36,3,9.848
1.2,41.09,400.0,-40,0.18,3,10.339
1.2,41.09,400.0,-40,0.36,3,10.844
1.2,41.09,400.0,-25,0.18,3,10.12
1.2,41.09,400.0,-25,0.36,3,10.725
1.2,41.09,400.0,0,0.18,3,9.533
1.2,41.09,400.0,0,0.36,3,10.581
1.2,41.09,400.0,25,0.18,3,8.642
1.2,41.09,400.0,25,0.36,3,10.435
1.2,41.09,400.0,75,0.18,3,6.619
1.2,41.09,400.0,75,0.36,3,9.834
1.2,41.09,400.0,100,0.18,3,5.765
1.2,41.09,400.0,100,0.36,3,9.31
1.2,41.09,400.0,125,0.18,3,5.053
1.2,41.09,400.0,125,0.36,3,8.673
1.2,45.55,10.0,-40,0.18,3,11.137
1.2,45.55,10.0,-40,0.36,3,11.308
1.2,45.55,10.0,-25,0.18,3,11.137
1.2,45.55,10.0,-25,0.36,3,11.313
1.2,45.55,10.0,0,0.18,3,11.114
1.2,45.55,10.0,0,0.36,3,11.323
1.2,45.55,10.0,25,0.18,3,11.005
1.2,45.55,10.0,25,0.36,3,11.333
1.2,45.55,10.0,75,0.18,3,10.253
1.2,45.55,10.0,75,0.36,3,11.327
1.2,45.55,10.0,100,0.18,3,9.609
1.2,45.55,10.0,100,0.36,3,11.271
1.2,45.55,10.0,125,0.18,3,8.87
1.2,45.55,10.0,125,0.36,3,11.144
1.2,45.55,50.0,-40,0.18,3,11.133
1.2,45.55,50.0,-40,0.36,3,11.296
1.2,45.55,50.0,-25,0.18,3,11.13
1.2,45.55,50.0,-25,0.36,3,11.299
1.2,45.55,50.0,0,0.18,3,11.094
1.2,45.55,50.0,0,0.36,3,11.306
1.2,45.55,50.0,25,0.18,3,10.95
1.2,45.55,50.0,25,0.36,3,11.313
1.2,45.55,50.0,75,0.18,3,10.075
1.2,45.55,50.0,75,0.36,3,11.29
1.2,45.55,50.0,100,0.18,3,9.372
1.2,45.55,50.0,100,0.36,3,11.214
1.2,45.55,50.0,125,0.18,3,8.595
1.2,45.55,50.0,125,0.36,3,11.053
1.2,45.55,100.0,-40,0.18,3,11.152
1.2,45.55,100.0,-40,0.36,3,11.328
1.2,45.55,100.0,-25,0.18,3,11.139
1.2,45.55,100.0,-25,0.36,3,11.321
1.2,45.55,100.0,0,0.18,3,11.076
1.2,45.55,100.0,0,0.36,3,11.318
1.2,45.55,100.0,25,0.18,3,10.875
1.2,45.55,100.0,25,0.36,3,11.318
1.2,45.55,100.0,75,0.18,3,9.824
1.2,45.55,100.0,75,0.36,3,11.268
1.2,45.55,100.0,100,0.18,3,9.049
1.2,45.55,100.0,100,0.36,3,11.158
1.2,45.55,100.0,125,0.18,3,8.23
1.2,45.55,100.0,125,0.36,3,10.949
1.2,45.55,200.0,-40,0.18,3,11.223
1.2,45.55,200.0,-40,0.36,3,11.461
1.2,45.55,200.0,-25,0.18,3,11.174
1.2,45.55,200.0,-25,0.36,3,11.425
1.2,45.55,200.0,0,0.18,3,11.009
1.2,45.55,200.0,0,0.36,3,11.389
1.2,45.55,200.0,25,0.18,3,10.628
1.2,45.55,200.0,25,0.36,3,11.363
1.2,45.55,200.0,75,0.18,3,9.147
1.2,45.55,200.0,75,0.36,3,11.207
1.2,45.55,200.0,100,0.18,3,8.242
1.2,45.55,200.0,100,0.36,3,10.99
1.2,45.55,200.0,125,0.18,3,7.368
1.2,45.55,200.0,125,0.36,3,10.645
1.2,45.55,400.0,-40,0.18,3,11.293
1.2,45.55,400.0,-40,0.36,3,11.879
1.2,45.55,400.0,-25,0.18,3,10.978
1.2,45.55,400.0,-25,0.36,3,11.763
1.2,45.55,400.0,0,0.18,3,10.15
1.2,45.55,400.0,0,0.36,3,11.609
1.2,45.55,400.0,25,0.18,3,9.009
1.2,45.55,400.0,25,0.36,3,11.413
1.2,45.55,400.0,75,0.18,3,6.737
1.2,45.55,400.0,75,0.36,3,10.548
1.2,45.55,400.0,100,0.18,3,5.843
1.2,45.55,400.0,100,0.36,3,9.849
1.2,45.55,400.0,125,0.18,3,5.108
1.2,45.55,400.0,125,0.36,3,9.057
1.2,50.0,10.0,-40,0.18,3,12.205
1.2,50.0,10.0,-40,0.36,3,12.377
1.2,50.0,10.0,-25,0.18,3,12.201
1.2,50.0,10.0,-25,0.36,3,12.382
1.2,50.0,10.0,0,0.18,3,12.15
1.2,50.0,10.0,0,0.36,3,12.392
1.2,50.0,10.0,25,0.18,3,11.963
1.2,50.0,10.0,25,0.36,3,12.401
1.2,50.0,10.0,75,0.18,3,10.904
1.2,50.0,10.0,75,0.36,3,12.367
1.2,50.0,10.0,100,0.18,3,10.093
1.2,50.0,10.0,100,0.36,3,12.265
1.2,50.0,10.0,125,0.18,3,9.219
1.2,50.0,10.0,125,0.36,3,12.062
1.2,50.0,50.0,-40,0.18,3,12.2
1.2,50.0,50.0,-40,0.36,3,12.365
1.2,50.0,50.0,-25,0.18,3,12.191
1.2,50.0,50.0,-25,0.36,3,12.368
1.2,50.0,50.0,0,0.18,3,12.118
1.2,50.0,50.0,0,0.36,3,12.374
1.2,50.0,50.0,25,0.18,3,11.881
1.2,50.0,50.0,25,0.36,3,12.38
1.2,50.0,50.0,75,0.18,3,10.675
1.2,50.0,50.0,75,0.36,3,12.321
1.2,50.0,50.0,100,0.18,3,9.808
1.2,50.0,50.0,100,0.36,3,12.188
1.2,50.0,50.0,125,0.18,3,8.902
1.2,50.0,50.0,125,0.36,3,11.941
1.2,50.0,100.0,-40,0.18,3,12.215
1.2,50.0,100.0,-40,0.36,3,12.394
1.2,50.0,100.0,-25,0.18,3,12.193
1.2,50.0,100.0,-25,0.36,3,12.388
1.2,50.0,100.0,0,0.18,3,12.08
1.2,50.0,100.0,0,0.36,3,12.386
1.2,50.0,100.0,25,0.18,3,11.762
1.2,50.0,100.0,25,0.36,3,12.383
1.2,50.0,100.0,75,0.18,3,10.354
1.2,50.0,100.0,75,0.36,3,12.282
1.2,50.0,100.0,100,0.18,3,9.421
1.2,50.0,100.0,100,0.36,3,12.102
1.2,50.0,100.0,125,0.18,3,8.484
1.2,50.0,100.0,125,0.36,3,11.792
1.2,50.0,200.0,-40,0.18,3,12.273
1.2,50.0,200.0,-40,0.36,3,12.52
1.2,50.0,200.0,-25,0.18,3,12.202
1.2,50.0,200.0,-25,0.36,3,12.485
1.2,50.0,200.0,0,0.18,3,11.941
1.2,50.0,200.0,0,0.36,3,12.45
1.2,50.0,200.0,25,0.18,3,11.387
1.2,50.0,200.0,25,0.36,3,12.417
1.2,50.0,200.0,75,0.18,3,9.52
1.2,50.0,200.0,75,0.36,3,12.162
1.2,50.0,200.0,100,0.18,3,8.484
1.2,50.0,200.0,100,0.36,3,11.84
1.2,50.0,200.0,125,0.18,3,7.527
1.2,50.0,200.0,125,0.36,3,11.364
1.2,50.0,400.0,-40,0.18,3,12.193
1.2,50.0,400.0,-40,0.36,3,12.917
1.2,50.0,400.0,-25,0.18,3,11.753
1.2,50.0,400.0,-25,0.36,3,12.801
1.2,50.0,400.0,0,0.18,3,10.651
1.2,50.0,400.0,0,0.36,3,12.625
1.2,50.0,400.0,25,0.18,3,9.279
1.2,50.0,400.0,25,0.36,3,12.354
1.2,50.0,400.0,75,0.18,3,6.827
1.2,50.0,400.0,75,0.36,3,11.167
1.2,50.0,400.0,100,0.18,3,5.905
1.2,50.0,400.0,100,0.36,3,10.29
1.2,50.0,400.0,125,0.18,3,5.154
1.2,50.0,400.0,125,0.36,3,9.356
1.3,1.0,10.0,-40,0.18,3,0.518
1.3,1.0,10.0,-40,0.36,3,0.706
1.3,1.0,10.0,-25,0.18,3,0.522
1.3,1.0,10.0,-25,0.36,3,0.714
1.3,1.0,10.0,0,0.18,3,0.53
1.3,1.0,10.0,0,0.36,3,0.729
1.3,1.0,10.0,25,0.18,3,0.539
1.3,1.0,10.0,25,0.36,3,0.745
1.3,1.0,10.0,75,0.18,3,0.558
1.3,1.0,10.0,75,0.36,3,0.781
1.3,1.0,10.0,100,0.18,3,0.568
1.3,1.0,10.0,100,0.36,3,0.8
1.3,1.0,10.0,125,0.18,3,0.578
1.3,1.0,10.0,125,0.36,3,0.819
1.3,1.0,50.0,-40,0.18,3,0.642
1.3,1.0,50.0,-40,0.36,3,0.885
1.3,1.0,50.0,-25,0.18,3,0.621
1.3,1.0,50.0,-25,0.36,3,0.858
1.3,1.0,50.0,0,0.18,3,0.596
1.3,1.0,50.0,0,0.36,3,0.826
1.3,1.0,50.0,25,0.18,3,0.582
1.3,1.0,50.0,25,0.36,3,0.806
1.3,1.0,50.0,75,0.18,3,0.571
1.3,1.0,50.0,75,0.36,3,0.793
1.3,1.0,50.0,100,0.18,3,0.571
1.3,1.0,50.0,100,0.36,3,0.796
1.3,1.0,50.0,125,0.18,3,0.574
1.3,1.0,50.0,125,0.36,3,0.801
1.3,1.0,100.0,-40,0.18,3,0.902
1.3,1.0,100.0,-40,0.36,3,1.255
1.3,1.0,100.0,-25,0.18,3,0.848
1.3,1.0,100.0,-25,0.36,3,1.191
1.3,1.0,100.0,0,0.18,3,0.777
1.3,1.0,100.0,0,0.36,3,1.102
1.3,1.0,100.0,25,0.18,3,0.726
1.3,1.0,100.0,25,0.36,3,1.034
1.3,1.0,100.0,75,0.18,3,0.663
1.3,1.0,100.0,75,0.36,3,0.944
1.3,1.0,100.0,100,0.18,3,0.646
1.3,1.0,100.0,100,0.36,3,0.918
1.3,1.0,100.0,125,0.18,3,0.634
1.3,1.0,100.0,125,0.36,3,0.9
1.3,1.0,200.0,-40,0.18,3,1.487
1.3,1.0,200.0,-40,0.36,3,2.065
1.3,1.0,200.0,-25,0.18,3,1.373
1.3,1.0,200.0,-25,0.36,3,1.931
1.3,1.0,200.0,0,0.18,3,1.217
1.3,1.0,200.0,0,0.36,3,1.741
1.3,1.0,200.0,25,0.18,3,1.094
1.3,1.0,200.0,25,0.36,3,1.584
1.3,1.0,200.0,75,0.18,3,0.924
1.3,1.0,200.0,75,0.36,3,1.355
1.3,1.0,200.0,100,0.18,3,0.867
1.3,1.0,200.0,100,0.36,3,1.273
1.3,1.0,200.0,125,0.18,3,0.823
1.3,1.0,200.0,125,0.36,3,1.207
1.3,1.0,400.0,-40,0.18,3,2.714
1.3,1.0,400.0,-40,0.36,3,3.75
1.3,1.0,400.0,-25,0.18,3,2.484
1.3,1.0,400.0,-25,0.36,3,3.48
1.3,1.0,400.0,0,0.18,3,2.163
1.3,1.0,400.0,0,0.36,3,3.092
1.3,1.0,400.0,25,0.18,3,1.905
1.3,1.0,400.0,25,0.36,3,2.768
1.3,1.0,400.0,75,0.18,3,1.532
1.3,1.0,400.0,75,0.36,3,2.274
1.3,1.0,400.0,100,0.18,3,1.398
1.3,1.0,400.0,100,0.36,3,2.088
1.3,1.0,400.0,125,0.18,3,1.289
1.3,1.0,400.0,125,0.36,3,1.933
1.3,5.45,10.0,-40,0.18,3,1.78
1.3,5.45,10.0,-40,0.36,3,1.972
1.3,5.45,10.0,-25,0.18,3,1.784
1.3,5.45,10.0,-25,0.36,3,1.982
1.3,5.45,10.0,0,0.18,3,1.792
1.3,5.45,10.0,0,0.36,3,1.998
1.3,5.45,10.0,25,0.18,3,1.8
1.3,5.45,10.0,25,0.36,3,2.014
1.3,5.45,10.0,75,0.18,3,1.816
1.3,5.45,10.0,75,0.36,3,2.047
1.3,5.45,10.0,100,0.18,3,1.825
1.3,5.45,10.0,100,0.36,3,2.064
1.3,5.45,10.0,125,0.18,3,1.834
1.3,5.45,10.0,125,0.36,3,2.081
1.3,5.45,50.0,-40,0.18,3,1.832
1.3,5.45,50.0,-40,0.36,3,2.05
1.3,5.45,50.0,-25,0.18,3,1.821
1.3,5.45,50.0,-25,0.36,3,2.035
1.3,5.45,50.0,0,0.18,3,1.811
1.3,5.45,50.0,0,0.36,3,2.023
1.3,5.45,50.0,25,0.18,3,1.808
1.3,5.45,50.0,25,0.36,3,2.019
1.3,5.45,50.0,75,0.18,3,1.811
1.3,5.45,50.0,75,0.36,3,2.029
1.3,5.45,50.0,100,0.18,3,1.815
1.3,5.45,50.0,100,0.36,3,2.038
1.3,5.45,50.0,125,0.18,3,1.821
1.3,5.45,50.0,125,0.36,3,2.049
1.3,5.45,100.0,-40,0.18,3,1.987
1.3,5.45,100.0,-40,0.36,3,2.301
1.3,5.45,100.0,-25,0.18,3,1.949
1.3,5.45,100.0,-25,0.36,3,2.246
1.3,5.45,100.0,0,0.18,3,1.906
1.3,5.45,100.0,0,0.36,3,2.181
1.3,5.45,100.0,25,0.18,3,1.878
1.3,5.45,100.0,25,0.36,3,2.139
1.3,5.45,100.0,75,0.18,3,1.851
1.3,5.45,100.0,75,0.36,3,2.097
1.3,5.45,100.0,100,0.18,3,1.846
1.3,5.45,100.0,100,0.36,3,2.089
1.3,5.45,100.0,125,0.18,3,1.843
1.3,5.45,100.0,125,0.36,3,2.086
1.3,5.45,200.0,-40,0.18,3,2.409
1.3,5.45,200.0,-40,0.36,3,2.967
1.3,5.45,200.0,-25,0.18,3,2.311
1.3,5.45,200.0,-25,0.36,3,2.833
1.3,5.45,200.0,0,0.18,3,2.187
1.3,5.45,200.0,0,0.36,3,2.654
1.3,5.45,200.0,25,0.18,3,2.1
1.3,5.45,200.0,25,0.36,3,2.519
1.3,5.45,200.0,75,0.18,3,1.994
1.3,5.45,200.0,75,0.36,3,2.346
1.3,5.45,200.0,100,0.18,3,1.962
1.3,5.45,200.0,100,0.36,3,2.293
1.3,5.45,200.0,125,0.18,3,1.939
1.3,5.45,200.0,125,0.36,3,2.254
1.3,5.45,400.0,-40,0.18,3,3.457
1.3,5.45,400.0,-40,0.36,3,4.496
1.3,5.45,400.0,-25,0.18,3,3.232
1.3,5.45,400.0,-25,0.36,3,4.22
1.3,5.45,400.0,0,0.18,3,2.931
1.3,5.45,400.0,0,0.36,3,3.831
1.3,5.45,400.0,25,0.18,3,2.705
1.3,5.45,400.0,25,0.36,3,3.515
1.3,5.45,400.0,75,0.18,3,2.406
1.3,5.45,400.0,75,0.36,3,3.059
1.3,5.45,400.0,100,0.18,3,2.307
1.3,5.45,400.0,100,0.36,3,2.898
1.3,5.45,400.0,125,0.18,3,2.231
1.3,5.45,400.0,125,0.36,3,2.77
1.3,9.91,10.0,-40,0.18,3,3.036
1.3,9.91,10.0,-40,0.36,3,3.233
1.3,9.91,10.0,-25,0.18,3,3.04
1.3,9.91,10.0,-25,0.36,3,3.242
1.3,9.91,10.0,0,0.18,3,3.047
1.3,9.91,10.0,0,0.36,3,3.257
1.3,9.91,10.0,25,0.18,3,3.055
1.3,9.91,10.0,25,0.36,3,3.272
1.3,9.91,10.0,75,0.18,3,3.071
1.3,9.91,10.0,75,0.36,3,3.303
1.3,9.91,10.0,100,0.18,3,3.079
1.3,9.91,10.0,100,0.36,3,3.319
1.3,9.91,10.0,125,0.18,3,3.087
1.3,9.91,10.0,125,0.36,3,3.335
1.3,9.91,50.0,-40,0.18,3,3.07
1.3,9.91,50.0,-40,0.36,3,3.28
1.3,9.91,50.0,-25,0.18,3,3.062
1.3,9.91,50.0,-25,0.36,3,3.271
1.3,9.91,50.0,0,0.18,3,3.057
1.3,9.91,50.0,0,0.36,3,3.265
1.3,9.91,50.0,25,0.18,3,3.056
1.3,9.91,50.0,25,0.36,3,3.266
1.3,9.91,50.0,75,0.18,3,3.062
1.3,9.91,50.0,75,0.36,3,3.281
1.3,9.91,50.0,100,0.18,3,3.067
1.3,9.91,50.0,100,0.36,3,3.291
1.3,9.91,50.0,125,0.18,3,3.072
1.3,9.91,50.0,125,0.36,3,3.302
1.3,9.91,100.0,-40,0.18,3,3.188
1.3,9.91,100.0,-40,0.36,3,3.473
1.3,9.91,100.0,-25,0.18,3,3.158
1.3,9.91,100.0,-25,0.36,3,3.429
1.3,9.91,100.0,0,0.18,3,3.125
1.3,9.91,100.0,0,0.36,3,3.38
1.3,9.91,100.0,25,0.18,3,3.106
1.3,9.91,100.0,25,0.36,3,3.351
1.3,9.91,100.0,75,0.18,3,3.089
1.3,9.91,100.0,75,0.36,3,3.326
1.3,9.91,100.0,100,0.18,3,3.086
1.3,9.91,100.0,100,0.36,3,3.323
1.3,9.91,100.0,125,0.18,3,3.085
1.3,9.91,100.0,125,0.36,3,3.325
1.3,9.91,200.0,-40,0.18,3,3.529
1.3,9.91,200.0,-40,0.36,3,4.029
1.3,9.91,200.0,-25,0.18,3,3.444
1.3,9.91,200.0,-25,0.36,3,3.906
1.3,9.91,200.0,0,0.18,3,3.343
1.3,9.91,200.0,0,0.36,3,3.75
1.3,9.91,200.0,25,0.18,3,3.274
1.3,9.91,200.0,25,0.36,3,3.641
1.3,9.91,200.0,75,0.18,3,3.194
1.3,9.91,200.0,75,0.36,3,3.509
1.3,9.91,200.0,100,0.18,3,3.17
1.3,9.91,200.0,100,0.36,3,3.471
1.3,9.91,200.0,125,0.18,3,3.152
1.3,9.91,200.0,125,0.36,3,3.444
1.3,9.91,400.0,-40,0.18,3,4.421
1.3,9.91,400.0,-40,0.36,3,5.424
1.3,9.91,400.0,-25,0.18,3,4.214
1.3,9.91,400.0,-25,0.36,3,5.148
1.3,9.91,400.0,0,0.18,3,3.949
1.3,9.91,400.0,0,0.36,3,4.77
1.3,9.91,400.0,25,0.18,3,3.758
1.3,9.91,400.0,25,0.36,3,4.475
1.3,9.91,400.0,75,0.18,3,3.512
1.3,9.91,400.0,75,0.36,3,4.076
1.3,9.91,400.0,100,0.18,3,3.425
1.3,9.91,400.0,100,0.36,3,3.943
1.3,9.91,400.0,125,0.18,3,3.344
1.3,9.91,400.0,125,0.36,3,3.84
1.3,14.36,10.0,-40,0.18,3,4.291
1.3,14.36,10.0,-40,0.36,3,4.49
1.3,14.36,10.0,-25,0.18,3,4.295
1.3,14.36,10.0,-25,0.36,3,4.499
1.3,14.36,10.0,0,0.18,3,4.302
1.3,14.36,10.0,0,0.36,3,4.514
1.3,14.36,10.0,25,0.18,3,4.31
1.3,14.36,10.0,25,0.36,3,4.528
1.3,14.36,10.0,75,0.18,3,4.325
1.3,14.36,10.0,75,0.36,3,4.558
1.3,14.36,10.0,100,0.18,3,4.332
1.3,14.36,10.0,100,0.36,3,4.574
1.3,14.36,10.0,125,0.18,3,4.335
1.3,14.36,10.0,125,0.36,3,4.589
1.3,14.36,50.0,-40,0.18,3,4.316
1.3,14.36,50.0,-40,0.36,3,4.523
1.3,14.36,50.0,-25,0.18,3,4.31
1.3,14.36,50.0,-25,0.36,3,4.516
1.3,14.36,50.0,0,0.18,3,4.307
1.3,14.36,50.0,0,0.36,3,4.514
1.3,14.36,50.0,25,0.18,3,4.308
1.3,14.36,50.0,25,0.36,3,4.517
1.3,14.36,50.0,75,0.18,3,4.315
1.3,14.36,50.0,75,0.36,3,4.534
1.3,14.36,50.0,100,0.18,3,4.318
1.3,14.36,50.0,100,0.36,3,4.544
1.3,14.36,50.0,125,0.18,3,4.318
1.3,14.36,50.0,125,0.36,3,4.555
1.3,14.36,100.0,-40,0.18,3,4.413
1.3,14.36,100.0,-40,0.36,3,4.684
1.3,14.36,100.0,-25,0.18,3,4.388
1.3,14.36,100.0,-25,0.36,3,4.646
1.3,14.36,100.0,0,0.18,3,4.361
1.3,14.36,100.0,0,0.36,3,4.606
1.3,14.36,100.0,25,0.18,3,4.346
1.3,14.36,100.0,25,0.36,3,4.583
1.3,14.36,100.0,75,0.18,3,4.334
1.3,14.36,100.0,75,0.36,3,4.567
1.3,14.36,100.0,100,0.18,3,4.331
1.3,14.36,100.0,100,0.36,3,4.568
1.3,14.36,100.0,125,0.18,3,4.323
1.3,14.36,100.0,125,0.36,3,4.57
1.3,14.36,200.0,-40,0.18,3,4.706
1.3,14.36,200.0,-40,0.36,3,5.163
1.3,14.36,200.0,-25,0.18,3,4.631
1.3,14.36,200.0,-25,0.36,3,5.052
1.3,14.36,200.0,0,0.18,3,4.543
1.3,14.36,200.0,0,0.36,3,4.916
1.3,14.36,200.0,25,0.18,3,4.485
1.3,14.36,200.0,25,0.36,3,4.823
1.3,14.36,200.0,75,0.18,3,4.416
1.3,14.36,200.0,75,0.36,3,4.716
1.3,14.36,200.0,100,0.18,3,4.39
1.3,14.36,200.0,100,0.36,3,4.685
1.3,14.36,200.0,125,0.18,3,4.357
1.3,14.36,200.0,125,0.36,3,4.664
1.3,14.36,400.0,-40,0.18,3,5.493
1.3,14.36,400.0,-40,0.36,3,6.436
1.3,14.36,400.0,-25,0.18,3,5.302
1.3,14.36,400.0,-25,0.36,3,6.166
1.3,14.36,400.0,0,0.18,3,5.065
1.3,14.36,400.0,0,0.36,3,5.808
1.3,14.36,400.0,25,0.18,3,4.896
1.3,14.36,400.0,25,0.36,3,5.54
1.3,14.36,400.0,75,0.18,3,4.646
1.3,14.36,400.0,75,0.36,3,5.191
1.3,14.36,400.0,100,0.18,3,4.514
1.3,14.36,400.0,100,0.36,3,5.078
1.3,14.36,400.0,125,0.18,3,4.357
1.3,14.36,400.0,125,0.36,3,4.988
1.3,18.82,10.0,-40,0.18,3,5.546
1.3,18.82,10.0,-40,0.36,3,5.747
1.3,18.82,10.0,-25,0.18,3,5.55
1.3,18.82,10.0,-25,0.36,3,5.755
1.3,18.82,10.0,0,0.18,3,5.557
1.3,18.82,10.0,0,0.36,3,5.768
1.3,18.82,10.0,25,0.18,3,5.564
1.3,18.82,10.0,25,0.36,3,5.783
1.3,18.82,10.0,75,0.18,3,5.577
1.3,18.82,10.0,75,0.36,3,5.813
1.3,18.82,10.0,100,0.18,3,5.575
1.3,18.82,10.0,100,0.36,3,5.828
1.3,18.82,10.0,125,0.18,3,5.557
1.3,18.82,10.0,125,0.36,3,5.842
1.3,18.82,50.0,-40,0.18,3,5.565
1.3,18.82,50.0,-40,0.36,3,5.77
1.3,18.82,50.0,-25,0.18,3,5.561
1.3,18.82,50.0,-25,0.36,3,5.766
1.3,18.82,50.0,0,0.18,3,5.559
1.3,18.82,50.0,0,0.36,3,5.764
1.3,18.82,50.0,25,0.18,3,5.56
1.3,18.82,50.0,25,0.36,3,5.769
1.3,18.82,50.0,75,0.18,3,5.564
1.3,18.82,50.0,75,0.36,3,5.787
1.3,18.82,50.0,100,0.18,3,5.557
1.3,18.82,50.0,100,0.36,3,5.798
1.3,18.82,50.0,125,0.18,3,5.53
1.3,18.82,50.0,125,0.36,3,5.808
1.3,18.82,100.0,-40,0.18,3,5.648
1.3,18.82,100.0,-40,0.36,3,5.909
1.3,18.82,100.0,-25,0.18,3,5.626
1.3,18.82,100.0,-25,0.36,3,5.876
1.3,18.82,100.0,0,0.18,3,5.604
1.3,18.82,100.0,0,0.36,3,5.841
1.3,18.82,100.0,25,0.18,3,5.592
1.3,18.82,100.0,25,0.36,3,5.823
1.3,18.82,100.0,75,0.18,3,5.577
1.3,18.82,100.0,75,0.36,3,5.814
1.3,18.82,100.0,100,0.18,3,5.559
1.3,18.82,100.0,100,0.36,3,5.815
1.3,18.82,100.0,125,0.18,3,5.516
1.3,18.82,100.0,125,0.36,3,5.819
1.3,18.82,200.0,-40,0.18,3,5.908
1.3,18.82,200.0,-40,0.36,3,6.336
1.3,18.82,200.0,-25,0.18,3,5.84
1.3,18.82,200.0,-25,0.36,3,6.235
1.3,18.82,200.0,0,0.18,3,5.761
1.3,18.82,200.0,0,0.36,3,6.112
1.3,18.82,200.0,25,0.18,3,5.71
1.3,18.82,200.0,25,0.36,3,6.031
1.3,18.82,200.0,75,0.18,3,5.634
1.3,18.82,200.0,75,0.36,3,5.939
1.3,18.82,200.0,100,0.18,3,5.578
1.3,18.82,200.0,100,0.36,3,5.914
1.3,18.82,200.0,125,0.18,3,5.486
1.3,18.82,200.0,125,0.36,3,5.896
1.3,18.82,400.0,-40,0.18,3,6.621
1.3,18.82,400.0,-40,0.36,3,7.502
1.3,18.82,400.0,-25,0.18,3,6.443
1.3,18.82,400.0,-25,0.36,3,7.243
1.3,18.82,400.0,0,0.18,3,6.224
1.3,18.82,400.0,0,0.36,3,6.908
1.3,18.82,400.0,25,0.18,3,6.056
1.3,18.82,400.0,25,0.36,3,6.665
1.3,18.82,400.0,75,0.18,3,5.7
1.3,18.82,400.0,75,0.36,3,6.352
1.3,18.82,400.0,100,0.18,3,5.45
1.3,18.82,400.0,100,0.36,3,6.245
1.3,18.82,400.0,125,0.18,3,5.147
1.3,18.82,400.0,125,0.36,3,6.147
1.3,23.27,10.0,-40,0.18,3,6.801
1.3,23.27,10.0,-40,0.36,3,7.003
1.3,23.27,10.0,-25,0.18,3,6.805
1.3,23.27,10.0,-25,0.36,3,7.01
1.3,23.27,10.0,0,0.18,3,6.812
1.3,23.27,10.0,0,0.36,3,7.024
1.3,23.27,10.0,25,0.18,3,6.819
1.3,23.27,10.0,25,0.36,3,7.038
1.3,23.27,10.0,75,0.18,3,6.818
1.3,23.27,10.0,75,0.36,3,7.067
1.3,23.27,10.0,100,0.18,3,6.787
1.3,23.27,10.0,100,0.36,3,7.081
1.3,23.27,10.0,125,0.18,3,6.716
1.3,23.27,10.0,125,0.36,3,7.094
1.3,23.27,50.0,-40,0.18,3,6.816
1.3,23.27,50.0,-40,0.36,3,7.02
1.3,23.27,50.0,-25,0.18,3,6.813
1.3,23.27,50.0,-25,0.36,3,7.016
1.3,23.27,50.0,0,0.18,3,6.812
1.3,23.27,50.0,0,0.36,3,7.017
1.3,23.27,50.0,25,0.18,3,6.813
1.3,23.27,50.0,25,0.36,3,7.023
1.3,23.27,50.0,75,0.18,3,6.8
1.3,23.27,50.0,75,0.36,3,7.041
1.3,23.27,50.0,100,0.18,3,6.757
1.3,23.27,50.0,100,0.36,3,7.051
1.3,23.27,50.0,125,0.18,3,6.666
1.3,23.27,50.0,125,0.36,3,7.06
1.3,23.27,100.0,-40,0.18,3,6.889
1.3,23.27,100.0,-40,0.36,3,7.142
1.3,23.27,100.0,-25,0.18,3,6.869
1.3,23.27,100.0,-25,0.36,3,7.112
1.3,23.27,100.0,0,0.18,3,6.85
1.3,23.27,100.0,0,0.36,3,7.083
1.3,23.27,100.0,25,0.18,3,6.839
1.3,23.27,100.0,25,0.36,3,7.068
1.3,23.27,100.0,75,0.18,3,6.801
1.3,23.27,100.0,75,0.36,3,7.062
1.3,23.27,100.0,100,0.18,3,6.737
1.3,23.27,100.0,100,0.36,3,7.065
1.3,23.27,100.0,125,0.18,3,6.617
1.3,23.27,100.0,125,0.36,3,7.066
1.3,23.27,200.0,-40,0.18,3,7.123
1.3,23.27,200.0,-40,0.36,3,7.531
1.3,23.27,200.0,-25,0.18,3,7.061
1.3,23.27,200.0,-25,0.36,3,7.435
1.3,23.27,200.0,0,0.18,3,6.989
1.3,23.27,200.0,0,0.36,3,7.324
1.3,23.27,200.0,25,0.18,3,6.94
1.3,23.27,200.0,25,0.36,3,7.252
1.3,23.27,200.0,75,0.18,3,6.815
1.3,23.27,200.0,75,0.36,3,7.171
1.3,23.27,200.0,100,0.18,3,6.682
1.3,23.27,200.0,100,0.36,3,7.148
1.3,23.27,200.0,125,0.18,3,6.478
1.3,23.27,200.0,125,0.36,3,7.126
1.3,23.27,400.0,-40,0.18,3,7.78
1.3,23.27,400.0,-40,0.36,3,8.608
1.3,23.27,400.0,-25,0.18,3,7.611
1.3,23.27,400.0,-25,0.36,3,8.361
1.3,23.27,400.0,0,0.18,3,7.394
1.3,23.27,400.0,0,0.36,3,8.048
1.3,23.27,400.0,25,0.18,3,7.193
1.3,23.27,400.0,25,0.36,3,7.823
1.3,23.27,400.0,75,0.18,3,6.601
1.3,23.27,400.0,75,0.36,3,7.528
1.3,23.27,400.0,100,0.18,3,6.176
1.3,23.27,400.0,100,0.36,3,7.406
1.3,23.27,400.0,125,0.18,3,5.699
1.3,23.27,400.0,125,0.36,3,7.27
1.3,27.73,10.0,-40,0.18,3,8.056
1.3,27.73,10.0,-40,0.36,3,8.257
1.3,27.73,10.0,-25,0.18,3,8.06
1.3,27.73,10.0,-25,0.36,3,8.265
1.3,27.73,10.0,0,0.18,3,8.066
1.3,27.73,10.0,0,0.36,3,8.278
1.3,27.73,10.0,25,0.18,3,8.071
1.3,27.73,10.0,25,0.36,3,8.292
1.3,27.73,10.0,75,0.18,3,8.032
1.3,27.73,10.0,75,0.36,3,8.321
1.3,27.73,10.0,100,0.18,3,7.942
1.3,27.73,10.0,100,0.36,3,8.334
1.3,27.73,10.0,125,0.18,3,7.775
1.3,27.73,10.0,125,0.36,3,8.343
1.3,27.73,50.0,-40,0.18,3,8.068
1.3,27.73,50.0,-40,0.36,3,8.27
1.3,27.73,50.0,-25,0.18,3,8.065
1.3,27.73,50.0,-25,0.36,3,8.267
1.3,27.73,50.0,0,0.18,3,8.065
1.3,27.73,50.0,0,0.36,3,8.27
1.3,27.73,50.0,25,0.18,3,8.064
1.3,27.73,50.0,25,0.36,3,8.276
1.3,27.73,50.0,75,0.18,3,8.003
1.3,27.73,50.0,75,0.36,3,8.294
1.3,27.73,50.0,100,0.18,3,7.889
1.3,27.73,50.0,100,0.36,3,8.303
1.3,27.73,50.0,125,0.18,3,7.691
1.3,27.73,50.0,125,0.36,3,8.306
1.3,27.73,100.0,-40,0.18,3,8.133
1.3,27.73,100.0,-40,0.36,3,8.379
1.3,27.73,100.0,-25,0.18,3,8.115
1.3,27.73,100.0,-25,0.36,3,8.353
1.3,27.73,100.0,0,0.18,3,8.098
1.3,27.73,100.0,0,0.36,3,8.328
1.3,27.73,100.0,25,0.18,3,8.084
1.3,27.73,100.0,25,0.36,3,8.316
1.3,27.73,100.0,75,0.18,3,7.981
1.3,27.73,100.0,75,0.36,3,8.312
1.3,27.73,100.0,100,0.18,3,7.83
1.3,27.73,100.0,100,0.36,3,8.313
1.3,27.73,100.0,125,0.18,3,7.588
1.3,27.73,100.0,125,0.36,3,8.307
1.3,27.73,200.0,-40,0.18,3,8.347
1.3,27.73,200.0,-40,0.36,3,8.737
1.3,27.73,200.0,-25,0.18,3,8.289
1.3,27.73,200.0,-25,0.36,3,8.648
1.3,27.73,200.0,0,0.18,3,8.221
1.3,27.73,200.0,0,0.36,3,8.546
1.3,27.73,200.0,25,0.18,3,8.165
1.3,27.73,200.0,25,0.36,3,8.48
1.3,27.73,200.0,75,0.18,3,7.92
1.3,27.73,200.0,75,0.36,3,8.407
1.3,27.73,200.0,100,0.18,3,7.662
1.3,27.73,200.0,100,0.36,3,8.379
1.3,27.73,200.0,125,0.18,3,7.307
1.3,27.73,200.0,125,0.36,3,8.341
1.3,27.73,400.0,-40,0.18,3,8.957
1.3,27.73,400.0,-40,0.36,3,9.743
1.3,27.73,400.0,-25,0.18,3,8.791
1.3,27.73,400.0,-25,0.36,3,9.508
1.3,27.73,400.0,0,0.18,3,8.551
1.3,27.73,400.0,0,0.36,3,9.213
1.3,27.73,400.0,25,0.18,3,8.264
1.3,27.73,400.0,25,0.36,3,9.002
1.3,27.73,400.0,75,0.18,3,7.319
1.3,27.73,400.0,75,0.36,3,8.696
1.3,27.73,400.0,100,0.18,3,6.698
1.3,27.73,400.0,100,0.36,3,8.53
1.3,27.73,400.0,125,0.18,3,6.062
1.3,27.73,400.0,125,0.36,3,8.315
1.3,32.18,10.0,-40,0.18,3,9.311
1.3,32.18,10.0,-40,0.36,3,9.512
1.3,32.18,10.0,-25,0.18,3,9.315
1.3,32.18,10.0,-25,0.36,3,9.52
1.3,32.18,10.0,0,0.18,3,9.32
1.3,32.18,10.0,0,0.36,3,9.533
1.3,32.18,10.0,25,0.18,3,9.32
1.3,32.18,10.0,25,0.36,3,9.547
1.3,32.18,10.0,75,0.18,3,9.201
1.3,32.18,10.0,75,0.36,3,9.574
1.3,32.18,10.0,100,0.18,3,9.012
1.3,32.18,10.0,100,0.36,3,9.584
1.3,32.18,10.0,125,0.18,3,8.714
1.3,32.18,10.0,125,0.36,3,9.582
1.3,32.18,50.0,-40,0.18,3,9.32
1.3,32.18,50.0,-40,0.36,3,9.521
1.3,32.18,50.0,-25,0.18,3,9.318
1.3,32.18,50.0,-25,0.36,3,9.52
1.3,32.18,50.0,0,0.18,3,9.317
1.3,32.18,50.0,0,0.36,3,9.523
1.3,32.18,50.0,25,0.18,3,9.309
1.3,32.18,50.0,25,0.36,3,9.53
1.3,32.18,50.0,75,0.18,3,9.15
1.3,32.18,50.0,75,0.36,3,9.547
1.3,32.18,50.0,100,0.18,3,8.925
1.3,32.18,50.0,100,0.36,3,9.551
1.3,32.18,50.0,125,0.18,3,8.585
1.3,32.18,50.0,125,0.36,3,9.541
1.3,32.18,100.0,-40,0.18,3,9.379
1.3,32.18,100.0,-40,0.36,3,9.621
1.3,32.18,100.0,-25,0.18,3,9.363
1.3,32.18,100.0,-25,0.36,3,9.597
1.3,32.18,100.0,0,0.18,3,9.346
1.3,32.18,100.0,0,0.36,3,9.575
1.3,32.18,100.0,25,0.18,3,9.321
1.3,32.18,100.0,25,0.36,3,9.565
1.3,32.18,100.0,75,0.18,3,9.093
1.3,32.18,100.0,75,0.36,3,9.561
1.3,32.18,100.0,100,0.18,3,8.813
1.3,32.18,100.0,100,0.36,3,9.555
1.3,32.18,100.0,125,0.18,3,8.417
1.3,32.18,100.0,125,0.36,3,9.531
1.3,32.18,200.0,-40,0.18,3,9.577
1.3,32.18,200.0,-40,0.36,3,9.953
1.3,32.18,200.0,-25,0.18,3,9.522
1.3,32.18,200.0,-25,0.36,3,9.87
1.3,32.18,200.0,0,0.18,3,9.453
1.3,32.18,200.0,0,0.36,3,9.775
1.3,32.18,200.0,25,0.18,3,9.369
1.3,32.18,200.0,25,0.36,3,9.714
1.3,32.18,200.0,75,0.18,3,8.923
1.3,32.18,200.0,75,0.36,3,9.641
1.3,32.18,200.0,100,0.18,3,8.501
1.3,32.18,200.0,100,0.36,3,9.599
1.3,32.18,200.0,125,0.18,3,7.972
1.3,32.18,200.0,125,0.36,3,9.526
1.3,32.18,400.0,-40,0.18,3,10.142
1.3,32.18,400.0,-40,0.36,3,10.9
1.3,32.18,400.0,-25,0.18,3,9.968
1.3,32.18,400.0,-25,0.36,3,10.674
1.3,32.18,400.0,0,0.18,3,9.665
1.3,32.18,400.0,0,0.36,3,10.394
1.3,32.18,400.0,25,0.18,3,9.233
1.3,32.18,400.0,25,0.36,3,10.192
1.3,32.18,400.0,75,0.18,3,7.859
1.3,32.18,400.0,75,0.36,3,9.834
1.3,32.18,400.0,100,0.18,3,7.059
1.3,32.18,400.0,100,0.36,3,9.586
1.3,32.18,400.0,125,0.18,3,6.299
1.3,32.18,400.0,125,0.36,3,9.254
1.3,36.64,10.0,-40,0.18,3,10.565
1.3,36.64,10.0,-40,0.36,3,10.767
1.3,36.64,10.0,-25,0.18,3,10.569
1.3,36.64,10.0,-25,0.36,3,10.775
1.3,36.64,10.0,0,0.18,3,10.573
1.3,36.64,10.0,0,0.36,3,10.788
1.3,36.64,10.0,25,0.18,3,10.558
1.3,36.64,10.0,25,0.36,3,10.801
1.3,36.64,10.0,75,0.18,3,10.304
1.3,36.64,10.0,75,0.36,3,10.826
1.3,36.64,10.0,100,0.18,3,9.981
1.3,36.64,10.0,100,0.36,3,10.827
1.3,36.64,10.0,125,0.18,3,9.527
1.3,36.64,10.0,125,0.36,3,10.804
1.3,36.64,50.0,-40,0.18,3,10.573
1.3,36.64,50.0,-40,0.36,3,10.773
1.3,36.64,50.0,-25,0.18,3,10.571
1.3,36.64,50.0,-25,0.36,3,10.773
1.3,36.64,50.0,0,0.18,3,10.567
1.3,36.64,50.0,0,0.36,3,10.776
1.3,36.64,50.0,25,0.18,3,10.54
1.3,36.64,50.0,25,0.36,3,10.783
1.3,36.64,50.0,75,0.18,3,10.221
1.3,36.64,50.0,75,0.36,3,10.797
1.3,36.64,50.0,100,0.18,3,9.85
1.3,36.64,50.0,100,0.36,3,10.79
1.3,36.64,50.0,125,0.18,3,9.346
1.3,36.64,50.0,125,0.36,3,10.754
1.3,36.64,100.0,-40,0.18,3,10.627
1.3,36.64,100.0,-40,0.36,3,10.864
1.3,36.64,100.0,-25,0.18,3,10.612
1.3,36.64,100.0,-25,0.36,3,10.843
1.3,36.64,100.0,0,0.18,3,10.59
1.3,36.64,100.0,0,0.36,3,10.823
1.3,36.64,100.0,25,0.18,3,10.539
1.3,36.64,100.0,25,0.36,3,10.814
1.3,36.64,100.0,75,0.18,3,10.116
1.3,36.64,100.0,75,0.36,3,10.807
1.3,36.64,100.0,100,0.18,3,9.674
1.3,36.64,100.0,100,0.36,3,10.786
1.3,36.64,100.0,125,0.18,3,9.107
1.3,36.64,100.0,125,0.36,3,10.726
1.3,36.64,200.0,-40,0.18,3,10.81
1.3,36.64,200.0,-40,0.36,3,11.175
1.3,36.64,200.0,-25,0.18,3,10.756
1.3,36.64,200.0,-25,0.36,3,11.096
1.3,36.64,200.0,0,0.18,3,10.675
1.3,36.64,200.0,0,0.36,3,11.008
1.3,36.64,200.0,25,0.18,3,10.537
1.3,36.64,200.0,25,0.36,3,10.951
1.3,36.64,200.0,75,0.18,3,9.808
1.3,36.64,200.0,75,0.36,3,10.868
1.3,36.64,200.0,100,0.18,3,9.198
1.3,36.64,200.0,100,0.36,3,10.795
1.3,36.64,200.0,125,0.18,3,8.496
1.3,36.64,200.0,125,0.36,3,10.662
1.3,36.64,400.0,-40,0.18,3,11.324
1.3,36.64,400.0,-40,0.36,3,12.071
1.3,36.64,400.0,-25,0.18,3,11.125
1.3,36.64,400.0,-25,0.36,3,11.854
1.3,36.64,400.0,0,0.18,3,10.71
1.3,36.64,400.0,0,0.36,3,11.586
1.3,36.64,400.0,25,0.18,3,10.076
1.3,36.64,400.0,25,0.36,3,11.382
1.3,36.64,400.0,75,0.18,3,8.25
1.3,36.64,400.0,75,0.36,3,10.92
1.3,36.64,400.0,100,0.18,3,7.306
1.3,36.64,400.0,100,0.36,3,10.553
1.3,36.64,400.0,125,0.18,3,6.459
1.3,36.64,400.0,125,0.36,3,10.072
1.3,41.09,10.0,-40,0.18,3,11.82
1.3,41.09,10.0,-40,0.36,3,12.022
1.3,41.09,10.0,-25,0.18,3,11.823
1.3,41.09,10.0,-25,0.36,3,12.029
1.3,41.09,10.0,0,0.18,3,11.821
1.3,41.09,10.0,0,0.36,3,12.042
1.3,41.09,10.0,25,0.18,3,11.778
1.3,41.09,10.0,25,0.36,3,12.056
1.3,41.09,10.0,75,0.18,3,11.326
1.3,41.09,10.0,75,0.36,3,12.074
1.3,41.09,10.0,100,0.18,3,10.843
1.3,41.09,10.0,100,0.36,3,12.058
1.3,41.09,10.0,125,0.18,3,10.219
1.3,41.09,10.0,125,0.36,3,11.998
1.3,41.09,50.0,-40,0.18,3,11.826
1.3,41.09,50.0,-40,0.36,3,12.026
1.3,41.09,50.0,-25,0.18,3,11.824
1.3,41.09,50.0,-25,0.36,3,12.026
1.3,41.09,50.0,0,0.18,3,11.812
1.3,41.09,50.0,0,0.36,3,12.03
1.3,41.09,50.0,25,0.18,3,11.75
1.3,41.09,50.0,25,0.36,3,12.037
1.3,41.09,50.0,75,0.18,3,11.204
1.3,41.09,50.0,75,0.36,3,12.043
1.3,41.09,50.0,100,0.18,3,10.661
1.3,41.09,50.0,100,0.36,3,12.015
1.3,41.09,50.0,125,0.18,3,9.984
1.3,41.09,50.0,125,0.36,3,11.934
1.3,41.09,100.0,-40,0.18,3,11.875
1.3,41.09,100.0,-40,0.36,3,12.11
1.3,41.09,100.0,-25,0.18,3,11.86
1.3,41.09,100.0,-25,0.36,3,12.09
1.3,41.09,100.0,0,0.18,3,11.826
1.3,41.09,100.0,0,0.36,3,12.072
1.3,41.09,100.0,25,0.18,3,11.727
1.3,41.09,100.0,25,0.36,3,12.065
1.3,41.09,100.0,75,0.18,3,11.038
1.3,41.09,100.0,75,0.36,3,12.046
1.3,41.09,100.0,100,0.18,3,10.414
1.3,41.09,100.0,100,0.36,3,11.996
1.3,41.09,100.0,125,0.18,3,9.673
1.3,41.09,100.0,125,0.36,3,11.88
1.3,41.09,200.0,-40,0.18,3,12.046
1.3,41.09,200.0,-40,0.36,3,12.402
1.3,41.09,200.0,-25,0.18,3,11.99
1.3,41.09,200.0,-25,0.36,3,12.328
1.3,41.09,200.0,0,0.18,3,11.879
1.3,41.09,200.0,0,0.36,3,12.244
1.3,41.09,200.0,25,0.18,3,11.653
1.3,41.09,200.0,25,0.36,3,12.19
1.3,41.09,200.0,75,0.18,3,10.57
1.3,41.09,200.0,75,0.36,3,12.08
1.3,41.09,200.0,100,0.18,3,9.765
1.3,41.09,200.0,100,0.36,3,11.954
1.3,41.09,200.0,125,0.18,3,8.902
1.3,41.09,200.0,125,0.36,3,11.734
1.3,41.09,400.0,-40,0.18,3,12.494
1.3,41.09,400.0,-40,0.36,3,13.255
1.3,41.09,400.0,-25,0.18,3,12.246
1.3,41.09,400.0,-25,0.36,3,13.045
1.3,41.09,400.0,0,0.18,3,11.664
1.3,41.09,400.0,0,0.36,3,12.783
1.3,41.09,400.0,25,0.18,3,10.783
1.3,41.09,400.0,25,0.36,3,12.565
1.3,41.09,400.0,75,0.18,3,8.531
1.3,41.09,400.0,75,0.36,3,11.937
1.3,41.09,400.0,100,0.18,3,7.479
1.3,41.09,400.0,100,0.36,3,11.418
1.3,41.09,400.0,125,0.18,3,6.574
1.3,41.09,400.0,125,0.36,3,10.765
1.3,45.55,10.0,-40,0.18,3,13.074
1.3,45.55,10.0,-40,0.36,3,13.277
1.3,45.55,10.0,-25,0.18,3,13.076
1.3,45.55,10.0,-25,0.36,3,13.284
1.3,45.55,10.0,0,0.18,3,13.061
1.3,45.55,10.0,0,0.36,3,13.297
1.3,45.55,10.0,25,0.18,3,12.971
1.3,45.55,10.0,25,0.36,3,13.31
1.3,45.55,10.0,75,0.18,3,12.261
1.3,45.55,10.0,75,0.36,3,13.315
1.3,45.55,10.0,100,0.18,3,11.598
1.3,45.55,10.0,100,0.36,3,13.271
1.3,45.55,10.0,125,0.18,3,10.8
1.3,45.55,10.0,125,0.36,3,13.158
1.3,45.55,50.0,-40,0.18,3,13.079
1.3,45.55,50.0,-40,0.36,3,13.279
1.3,45.55,50.0,-25,0.18,3,13.075
1.3,45.55,50.0,-25,0.36,3,13.279
1.3,45.55,50.0,0,0.18,3,13.046
1.3,45.55,50.0,0,0.36,3,13.284
1.3,45.55,50.0,25,0.18,3,12.926
1.3,45.55,50.0,25,0.36,3,13.291
1.3,45.55,50.0,75,0.18,3,12.091
1.3,45.55,50.0,75,0.36,3,13.279
1.3,45.55,50.0,100,0.18,3,11.361
1.3,45.55,50.0,100,0.36,3,13.216
1.3,45.55,50.0,125,0.18,3,10.514
1.3,45.55,50.0,125,0.36,3,13.071
1.3,45.55,100.0,-40,0.18,3,13.124
1.3,45.55,100.0,-40,0.36,3,13.357
1.3,45.55,100.0,-25,0.18,3,13.106
1.3,45.55,100.0,-25,0.36,3,13.339
1.3,45.55,100.0,0,0.18,3,13.048
1.3,45.55,100.0,0,0.36,3,13.322
1.3,45.55,100.0,25,0.18,3,12.873
1.3,45.55,100.0,25,0.36,3,13.315
1.3,45.55,100.0,75,0.18,3,11.856
1.3,45.55,100.0,75,0.36,3,13.272
1.3,45.55,100.0,100,0.18,3,11.04
1.3,45.55,100.0,100,0.36,3,13.176
1.3,45.55,100.0,125,0.18,3,10.133
1.3,45.55,100.0,125,0.36,3,12.983
1.3,45.55,200.0,-40,0.18,3,13.281
1.3,45.55,200.0,-40,0.36,3,13.633
1.3,45.55,200.0,-25,0.18,3,13.217
1.3,45.55,200.0,-25,0.36,3,13.562
1.3,45.55,200.0,0,0.18,3,13.054
1.3,45.55,200.0,0,0.36,3,13.483
1.3,45.55,200.0,25,0.18,3,12.702
1.3,45.55,200.0,25,0.36,3,13.429
1.3,45.55,200.0,75,0.18,3,11.214
1.3,45.55,200.0,75,0.36,3,13.267
1.3,45.55,200.0,100,0.18,3,10.223
1.3,45.55,200.0,100,0.36,3,13.066
1.3,45.55,200.0,125,0.18,3,9.217
1.3,45.55,200.0,125,0.36,3,12.734
1.3,45.55,400.0,-40,0.18,3,13.636
1.3,45.55,400.0,-40,0.36,3,14.447
1.3,45.55,400.0,-25,0.18,3,13.312
1.3,45.55,400.0,-25,0.36,3,14.244
1.3,45.55,400.0,0,0.18,3,12.512
1.3,45.55,400.0,0,0.36,3,13.981
1.3,45.55,400.0,25,0.18,3,11.357
1.3,45.55,400.0,25,0.36,3,13.73
1.3,45.55,400.0,75,0.18,3,8.734
1.3,45.55,400.0,75,0.36,3,12.87
1.3,45.55,400.0,100,0.18,3,7.606
1.3,45.55,400.0,100,0.36,3,12.173
1.3,45.55,400.0,125,0.18,3,6.661
1.3,45.55,400.0,125,0.36,3,11.339
1.3,50.0,10.0,-40,0.18,3,14.328
1.3,50.0,10.0,-40,0.36,3,14.531
1.3,50.0,10.0,-25,0.18,3,14.327
1.3,50.0,10.0,-25,0.36,3,14.539
1.3,50.0,10.0,0,0.18,3,14.289
1.3,50.0,10.0,0,0.36,3,14.551
1.3,50.0,10.0,25,0.18,3,14.13
1.3,50.0,10.0,25,0.36,3,14.563
1.3,50.0,10.0,75,0.18,3,13.103
1.3,50.0,10.0,75,0.36,3,14.545
1.3,50.0,10.0,100,0.18,3,12.251
1.3,50.0,10.0,100,0.36,3,14.459
1.3,50.0,10.0,125,0.18,3,11.287
1.3,50.0,10.0,125,0.36,3,14.274
1.3,50.0,50.0,-40,0.18,3,14.331
1.3,50.0,50.0,-40,0.36,3,14.533
1.3,50.0,50.0,-25,0.18,3,14.323
1.3,50.0,50.0,-25,0.36,3,14.533
1.3,50.0,50.0,0,0.18,3,14.265
1.3,50.0,50.0,0,0.36,3,14.538
1.3,50.0,50.0,25,0.18,3,14.059
1.3,50.0,50.0,25,0.36,3,14.544
1.3,50.0,50.0,75,0.18,3,12.881
1.3,50.0,50.0,75,0.36,3,14.502
1.3,50.0,50.0,100,0.18,3,11.96
1.3,50.0,50.0,100,0.36,3,14.387
1.3,50.0,50.0,125,0.18,3,10.95
1.3,50.0,50.0,125,0.36,3,14.157
1.3,50.0,100.0,-40,0.18,3,14.372
1.3,50.0,100.0,-40,0.36,3,14.606
1.3,50.0,100.0,-25,0.18,3,14.347
1.3,50.0,100.0,-25,0.36,3,14.588
1.3,50.0,100.0,0,0.18,3,14.248
1.3,50.0,100.0,0,0.36,3,14.573
1.3,50.0,100.0,25,0.18,3,13.966
1.3,50.0,100.0,25,0.36,3,14.565
1.3,50.0,100.0,75,0.18,3,12.572
1.3,50.0,100.0,75,0.36,3,14.479
1.3,50.0,100.0,100,0.18,3,11.565
1.3,50.0,100.0,100,0.36,3,14.319
1.3,50.0,100.0,125,0.18,3,10.505
1.3,50.0,100.0,125,0.36,3,14.025
1.3,50.0,200.0,-40,0.18,3,14.513
1.3,50.0,200.0,-40,0.36,3,14.867
1.3,50.0,200.0,-25,0.18,3,14.433
1.3,50.0,200.0,-25,0.36,3,14.799
1.3,50.0,200.0,0,0.18,3,14.189
1.3,50.0,200.0,0,0.36,3,14.722
1.3,50.0,200.0,25,0.18,3,13.673
1.3,50.0,200.0,25,0.36,3,14.666
1.3,50.0,200.0,75,0.18,3,11.753
1.3,50.0,200.0,75,0.36,3,14.422
1.3,50.0,200.0,100,0.18,3,10.588
1.3,50.0,200.0,100,0.36,3,14.12
1.3,50.0,200.0,125,0.18,3,9.463
1.3,50.0,200.0,125,0.36,3,13.654
1.3,50.0,400.0,-40,0.18,3,14.737
1.3,50.0,400.0,-40,0.36,3,15.646
1.3,50.0,400.0,-25,0.18,3,14.308
1.3,50.0,400.0,-25,0.36,3,15.446
1.3,50.0,400.0,0,0.18,3,13.246
1.3,50.0,400.0,0,0.36,3,15.174
1.3,50.0,400.0,25,0.18,3,11.812
1.3,50.0,400.0,25,0.36,3,14.868
1.3,50.0,400.0,75,0.18,3,8.885
1.3,50.0,400.0,75,0.36,3,13.714
1.3,50.0,400.0,100,0.18,3,7.704
1.3,50.0,400.0,100,0.36,3,12.82
1.3,50.0,400.0,125,0.18,3,6.73
1.3,50.0,400.0,125,0.36,3,11.808
0.7,1.0,10.0,-40,0.18,1,0.32
0.7,1.0,10.0,-40,0.36,1,0.371
0.7,1.0,10.0,-25,0.18,1,0.322
0.7,1.0,10.0,-25,0.36,1,0.374
0.7,1.0,10.0,0,0.18,1,0.324
0.7,1.0,10.0,0,0.36,1,0.377
0.7,1.0,10.0,25,0.18,1,0.325
0.7,1.0,10.0,25,0.36,1,0.379
0.7,1.0,10.0,75,0.18,1,0.327
0.7,1.0,10.0,75,0.36,1,0.383
0.7,1.0,10.0,100,0.18,1,0.328
0.7,1.0,10.0,100,0.36,1,0.384
0.7,1.0,10.0,125,0.18,1,0.329
0.7,1.0,10.0,125,0.36,1,0.386
0.7,1.0,50.0,-40,0.18,1,0.31
0.7,1.0,50.0,-40,0.36,1,0.352
0.7,1.0,50.0,-25,0.18,1,0.312
0.7,1.0,50.0,-25,0.36,1,0.355
0.7,1.0,50.0,0,0.18,1,0.314
0.7,1.0,50.0,0,0.36,1,0.359
0.7,1.0,50.0,25,0.18,1,0.316
0.7,1.0,50.0,25,0.36,1,0.362
0.7,1.0,50.0,75,0.18,1,0.319
0.7,1.0,50.0,75,0.36,1,0.367
0.7,1.0,50.0,100,0.18,1,0.321
0.7,1.0,50.0,100,0.36,1,0.37
0.7,1.0,50.0,125,0.18,1,0.322
0.7,1.0,50.0,125,0.36,1,0.372
0.7,1.0,100.0,-40,0.18,1,0.308
0.7,1.0,100.0,-40,0.36,1,0.35
0.7,1.0,100.0,-25,0.18,1,0.309
0.7,1.0,100.0,-25,0.36,1,0.352
0.7,1.0,100.0,0,0.18,1,0.311
0.7,1.0,100.0,0,0.36,1,0.354
0.7,1.0,100.0,25,0.18,1,0.313
0.7,1.0,100.0,25,0.36,1,0.357
0.7,1.0,100.0,75,0.18,1,0.316
0.7,1.0,100.0,75,0.36,1,0.362
0.7,1.0,100.0,100,0.18,1,0.317
0.7,1.0,100.0,100,0.36,1,0.364
0.7,1.0,100.0,125,0.18,1,0.319
0.7,1.0,100.0,125,0.36,1,0.366
0.7,1.0,200.0,-40,0.18,1,0.309
0.7,1.0,200.0,-40,0.36,1,0.351
0.7,1.0,200.0,-25,0.18,1,0.309
0.7,1.0,200.0,-25,0.36,1,0.352
0.7,1.0,200.0,0,0.18,1,0.311
0.7,1.0,200.0,0,0.36,1,0.354
0.7,1.0,200.0,25,0.18,1,0.312
0.7,1.0,200.0,25,0.36,1,0.357
0.7,1.0,200.0,75,0.18,1,0.315
0.7,1.0,200.0,75,0.36,1,0.361
0.7,1.0,200.0,100,0.18,1,0.317
0.7,1.0,200.0,100,0.36,1,0.364
0.7,1.0,200.0,125,0.18,1,0.318
0.7,1.0,200.0,125,0.36,1,0.366
0.7,1.0,400.0,-40,0.18,1,0.315
0.7,1.0,400.0,-40,0.36,1,0.361
0.7,1.0,400.0,-25,0.18,1,0.314
0.7,1.0,400.0,-25,0.36,1,0.361
0.7,1.0,400.0,0,0.18,1,0.315
0.7,1.0,400.0,0,0.36,1,0.362
0.7,1.0,400.0,25,0.18,1,0.317
0.7,1.0,400.0,25,0.36,1,0.365
0.7,1.0,400.0,75,0.18,1,0.321
0.7,1.0,400.0,75,0.36,1,0.371
0.7,1.0,400.0,100,0.18,1,0.323
0.7,1.0,400.0,100,0.36,1,0.374
0.7,1.0,400.0,125,0.18,1,0.325
0.7,1.0,400.0,125,0.36,1,0.377
0.7,5.45,10.0,-40,0.18,1,1.417
0.7,5.45,10.0,-40,0.36,1,1.473
0.7,5.45,10.0,-25,0.18,1,1.418
0.7,5.45,10.0,-25,0.36,1,1.474
0.7,5.45,10.0,0,0.18,1,1.419
0.7,5.45,10.0,0,0.36,1,1.476
0.7,5.45,10.0,25,0.18,1,1.419
0.7,5.45,10.0,25,0.36,1,1.477
0.7,5.45,10.0,75,0.18,1,1.421
0.7,5.45,10.0,75,0.36,1,1.479
0.7,5.45,10.0,100,0.18,1,1.421
0.7,5.45,10.0,100,0.36,1,1.48
0.7,5.45,10.0,125,0.18,1,1.422
0.7,5.45,10.0,125,0.36,1,1.481
0.7,5.45,50.0,-40,0.18,1,1.409
0.7,5.45,50.0,-40,0.36,1,1.458
0.7,5.45,50.0,-25,0.18,1,1.411
0.7,5.45,50.0,-25,0.36,1,1.46
0.7,5.45,50.0,0,0.18,1,1.413
0.7,5.45,50.0,0,0.36,1,1.464
0.7,5.45,50.0,25,0.18,1,1.415
0.7,5.45,50.0,25,0.36,1,1.467
0.7,5.45,50.0,75,0.18,1,1.417
0.7,5.45,50.0,75,0.36,1,1.472
0.7,5.45,50.0,100,0.18,1,1.418
0.7,5.45,50.0,100,0.36,1,1.474
0.7,5.45,50.0,125,0.18,1,1.419
0.7,5.45,50.0,125,0.36,1,1.475
0.7,5.45,100.0,-40,0.18,1,1.405
0.7,5.45,100.0,-40,0.36,1,1.45
0.7,5.45,100.0,-25,0.18,1,1.408
0.7,5.45,100.0,-25,0.36,1,1.453
0.7,5.45,100.0,0,0.18,1,1.41
0.7,5.45,100.0,0,0.36,1,1.458
0.7,5.45,100.0,25,0.18,1,1.412
0.7,5.45,100.0,25,0.36,1,1.461
0.7,5.45,100.0,75,0.18,1,1.415
0.7,5.45,100.0,75,0.36,1,1.467
0.7,5.45,100.0,100,0.18,1,1.416
0.7,5.45,100.0,100,0.36,1,1.469
0.7,5.45,100.0,125,0.18,1,1.417
0.7,5.45,100.0,125,0.36,1,1.471
0.7,5.45,200.0,-40,0.18,1,1.403
0.7,5.45,200.0,-40,0.36,1,1.446
0.7,5.45,200.0,-25,0.18,1,1.405
0.7,5.45,200.0,-25,0.36,1,1.449
0.7,5.45,200.0,0,0.18,1,1.407
0.7,5.45,200.0,0,0.36,1,1.452
0.7,5.45,200.0,25,0.18,1,1.409
0.7,5.45,200.0,25,0.36,1,1.456
0.7,5.45,200.0,75,0.18,1,1.412
0.7,5.45,200.0,75,0.36,1,1.462
0.7,5.45,200.0,100,0.18,1,1.414
0.7,5.45,200.0,100,0.36,1,1.464
0.7,5.45,200.0,125,0.18,1,1.415
0.7,5.45,200.0,125,0.36,1,1.467
0.7,5.45,400.0,-40,0.18,1,1.403
0.7,5.45,400.0,-40,0.36,1,1.448
0.7,5.45,400.0,-25,0.18,1,1.404
0.7,5.45,400.0,-25,0.36,1,1.449
0.7,5.45,400.0,0,0.18,1,1.406
0.7,5.45,400.0,0,0.36,1,1.451
0.7,5.45,400.0,25,0.18,1,1.408
0.7,5.45,400.0,25,0.36,1,1.454
0.7,5.45,400.0,75,0.18,1,1.411
0.7,5.45,400.0,75,0.36,1,1.46
0.7,5.45,400.0,100,0.18,1,1.412
0.7,5.45,400.0,100,0.36,1,1.463
0.7,5.45,400.0,125,0.18,1,1.41
0.7,5.45,400.0,125,0.36,1,1.466
0.7,9.91,10.0,-40,0.18,1,2.509
0.7,9.91,10.0,-40,0.36,1,2.566
0.7,9.91,10.0,-25,0.18,1,2.51
0.7,9.91,10.0,-25,0.36,1,2.567
0.7,9.91,10.0,0,0.18,1,2.51
0.7,9.91,10.0,0,0.36,1,2.568
0.7,9.91,10.0,25,0.18,1,2.511
0.7,9.91,10.0,25,0.36,1,2.569
0.7,9.91,10.0,75,0.18,1,2.512
0.7,9.91,10.0,75,0.36,1,2.571
0.7,9.91,10.0,100,0.18,1,2.512
0.7,9.91,10.0,100,0.36,1,2.572
0.7,9.91,10.0,125,0.18,1,2.513
0.7,9.91,10.0,125,0.36,1,2.573
0.7,9.91,50.0,-40,0.18,1,2.504
0.7,9.91,50.0,-40,0.36,1,2.554
0.7,9.91,50.0,-25,0.18,1,2.505
0.7,9.91,50.0,-25,0.36,1,2.557
0.7,9.91,50.0,0,0.18,1,2.506
0.7,9.91,50.0,0,0.36,1,2.56
0.7,9.91,50.0,25,0.18,1,2.508
0.7,9.91,50.0,25,0.36,1,2.563
0.7,9.91,50.0,75,0.18,1,2.51
0.7,9.91,50.0,75,0.36,1,2.566
0.7,9.91,50.0,100,0.18,1,2.511
0.7,9.91,50.0,100,0.36,1,2.567
0.7,9.91,50.0,125,0.18,1,2.511
0.7,9.91,50.0,125,0.36,1,2.569
0.7,9.91,100.0,-40,0.18,1,2.5
0.7,9.91,100.0,-40,0.36,1,2.547
0.7,9.91,100.0,-25,0.18,1,2.502
0.7,9.91,100.0,-25,0.36,1,2.55
0.7,9.91,100.0,0,0.18,1,2.504
0.7,9.91,100.0,0,0.36,1,2.555
0.7,9.91,100.0,25,0.18,1,2.506
0.7,9.91,100.0,25,0.36,1,2.558
0.7,9.91,100.0,75,0.18,1,2.508
0.7,9.91,100.0,75,0.36,1,2.562
0.7,9.91,100.0,100,0.18,1,2.509
0.7,9.91,100.0,100,0.36,1,2.564
0.7,9.91,100.0,125,0.18,1,2.509
0.7,9.91,100.0,125,0.36,1,2.566
0.7,9.91,200.0,-40,0.18,1,2.497
0.7,9.91,200.0,-40,0.36,1,2.542
0.7,9.91,200.0,-25,0.18,1,2.499
0.7,9.91,200.0,-25,0.36,1,2.545
0.7,9.91,200.0,0,0.18,1,2.501
0.7,9.91,200.0,0,0.36,1,2.549
0.7,9.91,200.0,25,0.18,1,2.503
0.7,9.91,200.0,25,0.36,1,2.553
0.7,9.91,200.0,75,0.18,1,2.506
0.7,9.91,200.0,75,0.36,1,2.558
0.7,9.91,200.0,100,0.18,1,2.506
0.7,9.91,200.0,100,0.36,1,2.56
0.7,9.91,200.0,125,0.18,1,2.503
0.7,9.91,200.0,125,0.36,1,2.562
0.7,9.91,400.0,-40,0.18,1,2.495
0.7,9.91,400.0,-40,0.36,1,2.54
0.7,9.91,400.0,-25,0.18,1,2.497
0.7,9.91,400.0,-25,0.36,1,2.542
0.7,9.91,400.0,0,0.18,1,2.499
0.7,9.91,400.0,0,0.36,1,2.545
0.7,9.91,400.0,25,0.18,1,2.498
0.7,9.91,400.0,25,0.36,1,2.549
0.7,9.91,400.0,75,0.18,1,2.465
0.7,9.91,400.0,75,0.36,1,2.554
0.7,9.91,400.0,100,0.18,1,2.419
0.7,9.91,400.0,100,0.36,1,2.556
0.7,9.91,400.0,125,0.18,1,2.351
0.7,9.91,400.0,125,0.36,1,2.557
0.7,14.36,10.0,-40,0.18,1,3.601
0.7,14.36,10.0,-40,0.36,1,3.658
0.7,14.36,10.0,-25,0.18,1,3.601
0.7,14.36,10.0,-25,0.36,1,3.659
0.7,14.36,10.0,0,0.18,1,3.602
0.7,14.36,10.0,0,0.36,1,3.66
0.7,14.36,10.0,25,0.18,1,3.602
0.7,14.36,10.0,25,0.36,1,3.661
0.7,14.36,10.0,75,0.18,1,3.603
0.7,14.36,10.0,75,0.36,1,3.662
0.7,14.36,10.0,100,0.18,1,3.602
0.7,14.36,10.0,100,0.36,1,3.663
0.7,14.36,10.0,125,0.18,1,3.596
0.7,14.36,10.0,125,0.36,1,3.663
0.7,14.36,50.0,-40,0.18,1,3.596
0.7,14.36,50.0,-40,0.36,1,3.648
0.7,14.36,50.0,-25,0.18,1,3.597
0.7,14.36,50.0,-25,0.36,1,3.65
0.7,14.36,50.0,0,0.18,1,3.599
0.7,14.36,50.0,0,0.36,1,3.653
0.7,14.36,50.0,25,0.18,1,3.6
0.7,14.36,50.0,25,0.36,1,3.655
0.7,14.36,50.0,75,0.18,1,3.601
0.7,14.36,50.0,75,0.36,1,3.659
0.7,14.36,50.0,100,0.18,1,3.599
0.7,14.36,50.0,100,0.36,1,3.66
0.7,14.36,50.0,125,0.18,1,3.591
0.7,14.36,50.0,125,0.36,1,3.66
0.7,14.36,100.0,-40,0.18,1,3.593
0.7,14.36,100.0,-40,0.36,1,3.642
0.7,14.36,100.0,-25,0.18,1,3.595
0.7,14.36,100.0,-25,0.36,1,3.645
0.7,14.36,100.0,0,0.18,1,3.597
0.7,14.36,100.0,0,0.36,1,3.649
0.7,14.36,100.0,25,0.18,1,3.598
0.7,14.36,100.0,25,0.36,1,3.651
0.7,14.36,100.0,75,0.18,1,3.599
0.7,14.36,100.0,75,0.36,1,3.655
0.7,14.36,100.0,100,0.18,1,3.594
0.7,14.36,100.0,100,0.36,1,3.657
0.7,14.36,100.0,125,0.18,1,3.581
0.7,14.36,100.0,125,0.36,1,3.658
0.7,14.36,200.0,-40,0.18,1,3.59
0.7,14.36,200.0,-40,0.36,1,3.636
0.7,14.36,200.0,-25,0.18,1,3.592
0.7,14.36,200.0,-25,0.36,1,3.64
0.7,14.36,200.0,0,0.18,1,3.594
0.7,14.36,200.0,0,0.36,1,3.644
0.7,14.36,200.0,25,0.18,1,3.596
0.7,14.36,200.0,25,0.36,1,3.647
0.7,14.36,200.0,75,0.18,1,3.589
0.7,14.36,200.0,75,0.36,1,3.652
0.7,14.36,200.0,100,0.18,1,3.571
0.7,14.36,200.0,100,0.36,1,3.654
0.7,14.36,200.0,125,0.18,1,3.533
0.7,14.36,200.0,125,0.36,1,3.655
0.7,14.36,400.0,-40,0.18,1,3.588
0.7,14.36,400.0,-40,0.36,1,3.632
0.7,14.36,400.0,-25,0.18,1,3.588
0.7,14.36,400.0,-25,0.36,1,3.635
0.7,14.36,400.0,0,0.18,1,3.581
0.7,14.36,400.0,0,0.36,1,3.639
0.7,14.36,400.0,25,0.18,1,3.541
0.7,14.36,400.0,25,0.36,1,3.642
0.7,14.36,400.0,75,0.18,1,3.301
0.7,14.36,400.0,75,0.36,1,3.642
0.7,14.36,400.0,100,0.18,1,3.117
0.7,14.36,400.0,100,0.36,1,3.631
0.7,14.36,400.0,125,0.18,1,2.918
0.7,14.36,400.0,125,0.36,1,3.606
0.7,18.82,10.0,-40,0.18,1,4.692
0.7,18.82,10.0,-40,0.36,1,4.75
0.7,18.82,10.0,-25,0.18,1,4.693
0.7,18.82,10.0,-25,0.36,1,4.751
0.7,18.82,10.0,0,0.18,1,4.693
0.7,18.82,10.0,0,0.36,1,4.751
0.7,18.82,10.0,25,0.18,1,4.694
0.7,18.82,10.0,25,0.36,1,4.752
0.7,18.82,10.0,75,0.18,1,4.688
0.7,18.82,10.0,75,0.36,1,4.753
0.7,18.82,10.0,100,0.18,1,4.672
0.7,18.82,10.0,100,0.36,1,4.751
0.7,18.82,10.0,125,0.18,1,4.634
0.7,18.82,10.0,125,0.36,1,4.744
0.7,18.82,50.0,-40,0.18,1,4.688
0.7,18.82,50.0,-40,0.36,1,4.741
0.7,18.82,50.0,-25,0.18,1,4.689
0.7,18.82,50.0,-25,0.36,1,4.743
0.7,18.82,50.0,0,0.18,1,4.69
0.7,18.82,50.0,0,0.36,1,4.745
0.7,18.82,50.0,25,0.18,1,4.691
0.7,18.82,50.0,25,0.36,1,4.747
0.7,18.82,50.0,75,0.18,1,4.683
0.7,18.82,50.0,75,0.36,1,4.75
0.7,18.82,50.0,100,0.18,1,4.66
0.7,18.82,50.0,100,0.36,1,4.748
0.7,18.82,50.0,125,0.18,1,4.612
0.7,18.82,50.0,125,0.36,1,4.743
0.7,18.82,100.0,-40,0.18,1,4.686
0.7,18.82,100.0,-40,0.36,1,4.736
0.7,18.82,100.0,-25,0.18,1,4.687
0.7,18.82,100.0,-25,0.36,1,4.739
0.7,18.82,100.0,0,0.18,1,4.689
0.7,18.82,100.0,0,0.36,1,4.742
0.7,18.82,100.0,25,0.18,1,4.69
0.7,18.82,100.0,25,0.36,1,4.744
0.7,18.82,100.0,75,0.18,1,4.674
0.7,18.82,100.0,75,0.36,1,4.747
0.7,18.82,100.0,100,0.18,1,4.639
0.7,18.82,100.0,100,0.36,1,4.747
0.7,18.82,100.0,125,0.18,1,4.571
0.7,18.82,100.0,125,0.36,1,4.742
0.7,18.82,200.0,-40,0.18,1,4.683
0.7,18.82,200.0,-40,0.36,1,4.73
0.7,18.82,200.0,-25,0.18,1,4.685
0.7,18.82,200.0,-25,0.36,1,4.733
0.7,18.82,200.0,0,0.18,1,4.686
0.7,18.82,200.0,0,0.36,1,4.737
0.7,18.82,200.0,25,0.18,1,4.685
0.7,18.82,200.0,25,0.36,1,4.74
0.7,18.82,200.0,75,0.18,1,4.623
0.7,18.82,200.0,75,0.36,1,4.744
0.7,18.82,200.0,100,0.18,1,4.537
0.7,18.82,200.0,100,0.36,1,4.744
0.7,18.82,200.0,125,0.18,1,4.406
0.7,18.82,200.0,125,0.36,1,4.737
0.7,18.82,400.0,-40,0.18,1,4.678
0.7,18.82,400.0,-40,0.36,1,4.726
0.7,18.82,400.0,-25,0.18,1,4.669
0.7,18.82,400.0,-25,0.36,1,4.728
0.7,18.82,400.0,0,0.18,1,4.596
0.7,18.82,400.0,0,0.36,1,4.732
0.7,18.82,400.0,25,0.18,1,4.413
0.7,18.82,400.0,25,0.36,1,4.733
0.7,18.82,400.0,75,0.18,1,3.819
0.7,18.82,400.0,75,0.36,1,4.695
0.7,18.82,400.0,100,0.18,1,3.507
0.7,18.82,400.0,100,0.36,1,4.631
0.7,18.82,400.0,125,0.18,1,3.222
0.7,18.82,400.0,125,0.36,1,4.53
0.7,23.27,10.0,-40,0.18,1,5.784
0.7,23.27,10.0,-40,0.36,1,5.842
0.7,23.27,10.0,-25,0.18,1,5.784
0.7,23.27,10.0,-25,0.36,1,5.842
0.7,23.27,10.0,0,0.18,1,5.785
0.7,23.27,10.0,0,0.36,1,5.843
0.7,23.27,10.0,25,0.18,1,5.784
0.7,23.27,10.0,25,0.36,1,5.843
0.7,23.27,10.0,75,0.18,1,5.747
0.7,23.27,10.0,75,0.36,1,5.837
0.7,23.27,10.0,100,0.18,1,5.678
0.7,23.27,10.0,100,0.36,1,5.821
0.7,23.27,10.0,125,0.18,1,5.554
0.7,23.27,10.0,125,0.36,1,5.787
0.7,23.27,50.0,-40,0.18,1,5.78
0.7,23.27,50.0,-40,0.36,1,5.834
0.7,23.27,50.0,-25,0.18,1,5.781
0.7,23.27,50.0,-25,0.36,1,5.835
0.7,23.27,50.0,0,0.18,1,5.782
0.7,23.27,50.0,0,0.36,1,5.837
0.7,23.27,50.0,25,0.18,1,5.78
0.7,23.27,50.0,25,0.36,1,5.839
0.7,23.27,50.0,75,0.18,1,5.73
0.7,23.27,50.0,75,0.36,1,5.835
0.7,23.27,50.0,100,0.18,1,5.644
0.7,23.27,50.0,100,0.36,1,5.821
0.7,23.27,50.0,125,0.18,1,5.499
0.7,23.27,50.0,125,0.36,1,5.79
0.7,23.27,100.0,-40,0.18,1,5.778
0.7,23.27,100.0,-40,0.36,1,5.829
0.7,23.27,100.0,-25,0.18,1,5.779
0.7,23.27,100.0,-25,0.36,1,5.832
0.7,23.27,100.0,0,0.18,1,5.781
0.7,23.27,100.0,0,0.36,1,5.835
0.7,23.27,100.0,25,0.18,1,5.778
0.7,23.27,100.0,25,0.36,1,5.837
0.7,23.27,100.0,75,0.18,1,5.697
0.7,23.27,100.0,75,0.36,1,5.834
0.7,23.27,100.0,100,0.18,1,5.581
0.7,23.27,100.0,100,0.36,1,5.822
0.7,23.27,100.0,125,0.18,1,5.402
0.7,23.27,100.0,125,0.36,1,5.792
0.7,23.27,200.0,-40,0.18,1,5.775
0.7,23.27,200.0,-40,0.36,1,5.823
0.7,23.27,200.0,-25,0.18,1,5.777
0.7,23.27,200.0,-25,0.36,1,5.826
0.7,23.27,200.0,0,0.18,1,5.776
0.7,23.27,200.0,0,0.36,1,5.83
0.7,23.27,200.0,25,0.18,1,5.755
0.7,23.27,200.0,25,0.36,1,5.833
0.7,23.27,200.0,75,0.18,1,5.544
0.7,23.27,200.0,75,0.36,1,5.831
0.7,23.27,200.0,100,0.18,1,5.332
0.7,23.27,200.0,100,0.36,1,5.817
0.7,23.27,200.0,125,0.18,1,5.063
0.7,23.27,200.0,125,0.36,1,5.78
0.7,23.27,400.0,-40,0.18,1,5.753
0.7,23.27,400.0,-40,0.36,1,5.819
0.7,23.27,400.0,-25,0.18,1,5.693
0.7,23.27,400.0,-25,0.36,1,5.821
0.7,23.27,400.0,0,0.18,1,5.437
0.7,23.27,400.0,0,0.36,1,5.824
0.7,23.27,400.0,25,0.18,1,5.021
0.7,23.27,400.0,25,0.36,1,5.811
0.7,23.27,400.0,75,0.18,1,4.129
0.7,23.27,400.0,75,0.36,1,5.655
0.7,23.27,400.0,100,0.18,1,3.747
0.7,23.27,400.0,100,0.36,1,5.484
0.7,23.27,400.0,125,0.18,1,3.411
0.7,23.27,400.0,125,0.36,1,5.255
0.7,27.73,10.0,-40,0.18,1,6.875
0.7,27.73,10.0,-40,0.36,1,6.933
0.7,27.73,10.0,-25,0.18,1,6.875
0.7,27.73,10.0,-25,0.36,1,6.933
0.7,27.73,10.0,0,0.18,1,6.875
0.7,27.73,10.0,0,0.36,1,6.934
0.7,27.73,10.0,25,0.18,1,6.867
0.7,27.73,10.0,25,0.36,1,6.932
0.7,27.73,10.0,75,0.18,1,6.736
0.7,27.73,10.0,75,0.36,1,6.897
0.7,27.73,10.0,100,0.18,1,6.557
0.7,27.73,10.0,100,0.36,1,6.843
0.7,27.73,10.0,125,0.18,1,6.289
0.7,27.73,10.0,125,0.36,1,6.748
0.7,27.73,50.0,-40,0.18,1,6.872
0.7,27.73,50.0,-40,0.36,1,6.926
0.7,27.73,50.0,-25,0.18,1,6.872
0.7,27.73,50.0,-25,0.36,1,6.927
0.7,27.73,50.0,0,0.18,1,6.872
0.7,27.73,50.0,0,0.36,1,6.929
0.7,27.73,50.0,25,0.18,1,6.861
0.7,27.73,50.0,25,0.36,1,6.928
0.7,27.73,50.0,75,0.18,1,6.695
0.7,27.73,50.0,75,0.36,1,6.899
0.7,27.73,50.0,100,0.18,1,6.487
0.7,27.73,50.0,100,0.36,1,6.849
0.7,27.73,50.0,125,0.18,1,6.191
0.7,27.73,50.0,125,0.36,1,6.758
0.7,27.73,100.0,-40,0.18,1,6.87
0.7,27.73,100.0,-40,0.36,1,6.921
0.7,27.73,100.0,-25,0.18,1,6.871
0.7,27.73,100.0,-25,0.36,1,6.924
0.7,27.73,100.0,0,0.18,1,6.87
0.7,27.73,100.0,0,0.36,1,6.926
0.7,27.73,100.0,25,0.18,1,6.849
0.7,27.73,100.0,25,0.36,1,6.927
0.7,27.73,100.0,75,0.18,1,6.616
0.7,27.73,100.0,75,0.36,1,6.902
0.7,27.73,100.0,100,0.18,1,6.362
0.7,27.73,100.0,100,0.36,1,6.855
0.7,27.73,100.0,125,0.18,1,6.027
0.7,27.73,100.0,125,0.36,1,6.764
0.7,27.73,200.0,-40,0.18,1,6.867
0.7,27.73,200.0,-40,0.36,1,6.916
0.7,27.73,200.0,-25,0.18,1,6.868
0.7,27.73,200.0,-25,0.36,1,6.919
0.7,27.73,200.0,0,0.18,1,6.852
0.7,27.73,200.0,0,0.36,1,6.922
0.7,27.73,200.0,25,0.18,1,6.776
0.7,27.73,200.0,25,0.36,1,6.924
0.7,27.73,200.0,75,0.18,1,6.301
0.7,27.73,200.0,75,0.36,1,6.898
0.7,27.73,200.0,100,0.18,1,5.926
0.7,27.73,200.0,100,0.36,1,6.841
0.7,27.73,200.0,125,0.18,1,5.508
0.7,27.73,200.0,125,0.36,1,6.729
0.7,27.73,400.0,-40,0.18,1,6.768
0.7,27.73,400.0,-40,0.36,1,6.911
0.7,27.73,400.0,-25,0.18,1,6.576
0.7,27.73,400.0,-25,0.36,1,6.913
0.7,27.73,400.0,0,0.18,1,6.035
0.7,27.73,400.0,0,0.36,1,6.905
0.7,27.73,400.0,25,0.18,1,5.411
0.7,27.73,400.0,25,0.36,1,6.852
0.7,27.73,400.0,75,0.18,1,4.341
0.7,27.73,400.0,75,0.36,1,6.471
0.7,27.73,400.0,100,0.18,1,3.911
0.7,27.73,400.0,100,0.36,1,6.144
0.7,27.73,400.0,125,0.18,1,3.536
0.7,27.73,400.0,125,0.36,1,5.764
0.7,32.18,10.0,-40,0.18,1,7.966
0.7,32.18,10.0,-40,0.36,1,8.024
0.7,32.18,10.0,-25,0.18,1,7.966
0.7,32.18,10.0,-25,0.36,1,8.025
0.7,32.18,10.0,0,0.18,1,7.962
0.7,32.18,10.0,0,0.36,1,8.023
0.7,32.18,10.0,25,0.18,1,7.93
0.7,32.18,10.0,25,0.36,1,8.012
0.7,32.18,10.0,75,0.18,1,7.605
0.7,32.18,10.0,75,0.36,1,7.907
0.7,32.18,10.0,100,0.18,1,7.258
0.7,32.18,10.0,100,0.36,1,7.778
0.7,32.18,10.0,125,0.18,1,6.813
0.7,32.18,10.0,125,0.36,1,7.582
0.7,32.18,50.0,-40,0.18,1,7.963
0.7,32.18,50.0,-40,0.36,1,8.017
0.7,32.18,50.0,-25,0.18,1,7.964
0.7,32.18,50.0,-25,0.36,1,8.019
0.7,32.18,50.0,0,0.18,1,7.957
0.7,32.18,50.0,0,0.36,1,8.018
0.7,32.18,50.0,25,0.18,1,7.915
0.7,32.18,50.0,25,0.36,1,8.01
0.7,32.18,50.0,75,0.18,1,7.527
0.7,32.18,50.0,75,0.36,1,7.915
0.7,32.18,50.0,100,0.18,1,7.144
0.7,32.18,50.0,100,0.36,1,7.793
0.7,32.18,50.0,125,0.18,1,6.672
0.7,32.18,50.0,125,0.36,1,7.598
0.7,32.18,100.0,-40,0.18,1,7.961
0.7,32.18,100.0,-40,0.36,1,8.013
0.7,32.18,100.0,-25,0.18,1,7.962
0.7,32.18,100.0,-25,0.36,1,8.015
0.7,32.18,100.0,0,0.18,1,7.95
0.7,32.18,100.0,0,0.36,1,8.016
0.7,32.18,100.0,25,0.18,1,7.883
0.7,32.18,100.0,25,0.36,1,8.011
0.7,32.18,100.0,75,0.18,1,7.385
0.7,32.18,100.0,75,0.36,1,7.925
0.7,32.18,100.0,100,0.18,1,6.951
0.7,32.18,100.0,100,0.36,1,7.803
0.7,32.18,100.0,125,0.18,1,6.443
0.7,32.18,100.0,125,0.36,1,7.606
0.7,32.18,200.0,-40,0.18,1,7.958
0.7,32.18,200.0,-40,0.36,1,8.009
0.7,32.18,200.0,-25,0.18,1,7.955
0.7,32.18,200.0,-25,0.36,1,8.012
0.7,32.18,200.0,0,0.18,1,7.897
0.7,32.18,200.0,0,0.36,1,8.014
0.7,32.18,200.0,25,0.18,1,7.708
0.7,32.18,200.0,25,0.36,1,8.01
0.7,32.18,200.0,75,0.18,1,6.877
0.7,32.18,200.0,75,0.36,1,7.916
0.7,32.18,200.0,100,0.18,1,6.334
0.7,32.18,200.0,100,0.36,1,7.77
0.7,32.18,200.0,125,0.18,1,5.779
0.7,32.18,200.0,125,0.36,1,7.531
0.7,32.18,400.0,-40,0.18,1,7.639
0.7,32.18,400.0,-40,0.36,1,8.003
0.7,32.18,400.0,-25,0.18,1,7.235
0.7,32.18,400.0,-25,0.36,1,8.002
0.7,32.18,400.0,0,0.18,1,6.429
0.7,32.18,400.0,0,0.36,1,7.964
0.7,32.18,400.0,25,0.18,1,5.682
0.7,32.18,400.0,25,0.36,1,7.821
0.7,32.18,400.0,75,0.18,1,4.495
0.7,32.18,400.0,75,0.36,1,7.109
0.7,32.18,400.0,100,0.18,1,4.022
0.7,32.18,400.0,100,0.36,1,6.612
0.7,32.18,400.0,125,0.18,1,3.608
0.7,32.18,400.0,125,0.36,1,6.091
0.7,36.64,10.0,-40,0.18,1,9.057
0.7,36.64,10.0,-40,0.36,1,9.115
0.7,36.64,10.0,-25,0.18,1,9.055
0.7,36.64,10.0,-25,0.36,1,9.114
0.7,36.64,10.0,0,0.18,1,9.036
0.7,36.64,10.0,0,0.36,1,9.104
0.7,36.64,10.0,25,0.18,1,8.945
0.7,36.64,10.0,25,0.36,1,9.069
0.7,36.64,10.0,75,0.18,1,8.31
0.7,36.64,10.0,75,0.36,1,8.83
0.7,36.64,10.0,100,0.18,1,7.765
0.7,36.64,10.0,100,0.36,1,8.59
0.7,36.64,10.0,125,0.18,1,7.139
0.7,36.64,10.0,125,0.36,1,8.261
0.7,36.64,50.0,-40,0.18,1,9.054
0.7,36.64,50.0,-40,0.36,1,9.109
0.7,36.64,50.0,-25,0.18,1,9.053
0.7,36.64,50.0,-25,0.36,1,9.109
0.7,36.64,50.0,0,0.18,1,9.027
0.7,36.64,50.0,0,0.36,1,9.101
0.7,36.64,50.0,25,0.18,1,8.913
0.7,36.64,50.0,25,0.36,1,9.072
0.7,36.64,50.0,75,0.18,1,8.189
0.7,36.64,50.0,75,0.36,1,8.85
0.7,36.64,50.0,100,0.18,1,7.609
0.7,36.64,50.0,100,0.36,1,8.614
0.7,36.64,50.0,125,0.18,1,6.962
0.7,36.64,50.0,125,0.36,1,8.282
0.7,36.64,100.0,-40,0.18,1,9.052
0.7,36.64,100.0,-40,0.36,1,9.105
0.7,36.64,100.0,-25,0.18,1,9.051
0.7,36.64,100.0,-25,0.36,1,9.106
0.7,36.64,100.0,0,0.18,1,9.008
0.7,36.64,100.0,0,0.36,1,9.101
0.7,36.64,100.0,25,0.18,1,8.844
0.7,36.64,100.0,25,0.36,1,9.077
0.7,36.64,100.0,75,0.18,1,7.978
0.7,36.64,100.0,75,0.36,1,8.868
0.7,36.64,100.0,100,0.18,1,7.351
0.7,36.64,100.0,100,0.36,1,8.629
0.7,36.64,100.0,125,0.18,1,6.684
0.7,36.64,100.0,125,0.36,1,8.286
0.7,36.64,200.0,-40,0.18,1,9.047
0.7,36.64,200.0,-40,0.36,1,9.101
0.7,36.64,200.0,-25,0.18,1,9.028
0.7,36.64,200.0,-25,0.36,1,9.103
0.7,36.64,200.0,0,0.18,1,8.881
0.7,36.64,200.0,0,0.36,1,9.101
0.7,36.64,200.0,25,0.18,1,8.515
0.7,36.64,200.0,25,0.36,1,9.081
0.7,36.64,200.0,75,0.18,1,7.281
0.7,36.64,200.0,75,0.36,1,8.847
0.7,36.64,200.0,100,0.18,1,6.588
0.7,36.64,200.0,100,0.36,1,8.56
0.7,36.64,200.0,125,0.18,1,5.919
0.7,36.64,200.0,125,0.36,1,8.153
0.7,36.64,400.0,-40,0.18,1,8.282
0.7,36.64,400.0,-40,0.36,1,9.094
0.7,36.64,400.0,-25,0.18,1,7.678
0.7,36.64,400.0,-25,0.36,1,9.082
0.7,36.64,400.0,0,0.18,1,6.711
0.7,36.64,400.0,0,0.36,1,8.977
0.7,36.64,400.0,25,0.18,1,5.887
0.7,36.64,400.0,25,0.36,1,8.681
0.7,36.64,400.0,75,0.18,1,4.602
0.7,36.64,400.0,75,0.36,1,7.573
0.7,36.64,400.0,100,0.18,1,4.088
0.7,36.64,400.0,100,0.36,1,6.92
0.7,36.64,400.0,125,0.18,1,3.635
0.7,36.64,400.0,125,0.36,1,6.283
0.7,41.09,10.0,-40,0.18,1,10.146
0.7,41.09,10.0,-40,0.36,1,10.204
0.7,41.09,10.0,-25,0.18,1,10.138
0.7,41.09,10.0,-25,0.36,1,10.198
0.7,41.09,10.0,0,0.18,1,10.079
0.7,41.09,10.0,0,0.36,1,10.166
0.7,41.09,10.0,25,0.18,1,9.878
0.7,41.09,10.0,25,0.36,1,10.082
0.7,41.09,10.0,75,0.18,1,8.836
0.7,41.09,10.0,75,0.36,1,9.641
0.7,41.09,10.0,100,0.18,1,8.092
0.7,41.09,10.0,100,0.36,1,9.258
0.7,41.09,10.0,125,0.18,1,7.309
0.7,41.09,10.0,125,0.36,1,8.782
0.7,41.09,50.0,-40,0.18,1,10.143
0.7,41.09,50.0,-40,0.36,1,10.198
0.7,41.09,50.0,-25,0.18,1,10.135
0.7,41.09,50.0,-25,0.36,1,10.194
0.7,41.09,50.0,0,0.18,1,10.062
0.7,41.09,50.0,0,0.36,1,10.168
0.7,41.09,50.0,25,0.18,1,9.819
0.7,41.09,50.0,25,0.36,1,10.093
0.7,41.09,50.0,75,0.18,1,8.673
0.7,41.09,50.0,75,0.36,1,9.672
0.7,41.09,50.0,100,0.18,1,7.898
0.7,41.09,50.0,100,0.36,1,9.289
0.7,41.09,50.0,125,0.18,1,7.105
0.7,41.09,50.0,125,0.36,1,8.803
0.7,41.09,100.0,-40,0.18,1,10.141
0.7,41.09,100.0,-40,0.36,1,10.196
0.7,41.09,100.0,-25,0.18,1,10.13
0.7,41.09,100.0,-25,0.36,1,10.193
0.7,41.09,100.0,0,0.18,1,10.021
0.7,41.09,100.0,0,0.36,1,10.173
0.7,41.09,100.0,25,0.18,1,9.699
0.7,41.09,100.0,25,0.36,1,10.109
0.7,41.09,100.0,75,0.18,1,8.396
0.7,41.09,100.0,75,0.36,1,9.698
0.7,41.09,100.0,100,0.18,1,7.589
0.7,41.09,100.0,100,0.36,1,9.304
0.7,41.09,100.0,125,0.18,1,6.792
0.7,41.09,100.0,125,0.36,1,8.796
0.7,41.09,200.0,-40,0.18,1,10.128
0.7,41.09,200.0,-40,0.36,1,10.193
0.7,41.09,200.0,-25,0.18,1,10.072
0.7,41.09,200.0,-25,0.36,1,10.192
0.7,41.09,200.0,0,0.18,1,9.772
0.7,41.09,200.0,0,0.36,1,10.179
0.7,41.09,200.0,25,0.18,1,9.175
0.7,41.09,200.0,25,0.36,1,10.12
0.7,41.09,200.0,75,0.18,1,7.544
0.7,41.09,200.0,75,0.36,1,9.653
0.7,41.09,200.0,100,0.18,1,6.724
0.7,41.09,200.0,100,0.36,1,9.185
0.7,41.09,200.0,125,0.18,1,5.966
0.7,41.09,200.0,125,0.36,1,8.593
0.7,41.09,400.0,-40,0.18,1,8.709
0.7,41.09,400.0,-40,0.36,1,10.18
0.7,41.09,400.0,-25,0.18,1,7.988
0.7,41.09,400.0,-25,0.36,1,10.142
0.7,41.09,400.0,0,0.18,1,6.93
0.7,41.09,400.0,0,0.36,1,9.912
0.7,41.09,400.0,25,0.18,1,6.048
0.7,41.09,400.0,25,0.36,1,9.401
0.7,41.09,400.0,75,0.18,1,4.669
0.7,41.09,400.0,75,0.36,1,7.889
0.7,41.09,400.0,100,0.18,1,4.112
0.7,41.09,400.0,100,0.36,1,7.107
0.7,41.09,400.0,125,0.18,1,3.622
0.7,41.09,400.0,125,0.36,1,6.372
0.7,45.55,10.0,-40,0.18,1,11.227
0.7,45.55,10.0,-40,0.36,1,11.285
0.7,45.55,10.0,-25,0.18,1,11.204
0.7,45.55,10.0,-25,0.36,1,11.267
0.7,45.55,10.0,0,0.18,1,11.066
0.7,45.55,10.0,0,0.36,1,11.192
0.7,45.55,10.0,25,0.18,1,10.691
0.7,45.55,10.0,25,0.36,1,11.026
0.7,45.55,10.0,75,0.18,1,9.192
0.7,45.55,10.0,75,0.36,1,10.317
0.7,45.55,10.0,100,0.18,1,8.27
0.7,45.55,10.0,100,0.36,1,9.781
0.7,45.55,10.0,125,0.18,1,7.367
0.7,45.55,10.0,125,0.36,1,9.16
0.7,45.55,50.0,-40,0.18,1,11.226
0.7,45.55,50.0,-40,0.36,1,11.282
0.7,45.55,50.0,-25,0.18,1,11.2
0.7,45.55,50.0,-25,0.36,1,11.267
0.7,45.55,50.0,0,0.18,1,11.035
0.7,45.55,50.0,0,0.36,1,11.202
0.7,45.55,50.0,25,0.18,1,10.6
0.7,45.55,50.0,25,0.36,1,11.05
0.7,45.55,50.0,75,0.18,1,8.99
0.7,45.55,50.0,75,0.36,1,10.36
0.7,45.55,50.0,100,0.18,1,8.048
0.7,45.55,50.0,100,0.36,1,9.815
0.7,45.55,50.0,125,0.18,1,7.143
0.7,45.55,50.0,125,0.36,1,9.175
0.7,45.55,100.0,-40,0.18,1,11.224
0.7,45.55,100.0,-40,0.36,1,11.282
0.7,45.55,100.0,-25,0.18,1,11.187
0.7,45.55,100.0,-25,0.36,1,11.271
0.7,45.55,100.0,0,0.18,1,10.958
0.7,45.55,100.0,0,0.36,1,11.216
0.7,45.55,100.0,25,0.18,1,10.416
0.7,45.55,100.0,25,0.36,1,11.08
0.7,45.55,100.0,75,0.18,1,8.658
0.7,45.55,100.0,75,0.36,1,10.392
0.7,45.55,100.0,100,0.18,1,7.703
0.7,45.55,100.0,100,0.36,1,9.824
0.7,45.55,100.0,125,0.18,1,6.807
0.7,45.55,100.0,125,0.36,1,9.152
0.7,45.55,200.0,-40,0.18,1,11.19
0.7,45.55,200.0,-40,0.36,1,11.282
0.7,45.55,200.0,-25,0.18,1,11.064
0.7,45.55,200.0,-25,0.36,1,11.276
0.7,45.55,200.0,0,0.18,1,10.54
0.7,45.55,200.0,0,0.36,1,11.234
0.7,45.55,200.0,25,0.18,1,9.684
0.7,45.55,200.0,25,0.36,1,11.102
0.7,45.55,200.0,75,0.18,1,7.694
0.7,45.55,200.0,75,0.36,1,10.31
0.7,45.55,200.0,100,0.18,1,6.772
0.7,45.55,200.0,100,0.36,1,9.641
0.7,45.55,200.0,125,0.18,1,5.946
0.7,45.55,200.0,125,0.36,1,8.872
0.7,45.55,400.0,-40,0.18,1,9.01
0.7,45.55,400.0,-40,0.36,1,11.254
0.7,45.55,400.0,-25,0.18,1,8.229
0.7,45.55,400.0,-25,0.36,1,11.164
0.7,45.55,400.0,0,0.18,1,7.105
0.7,45.55,400.0,0,0.36,1,10.739
0.7,45.55,400.0,25,0.18,1,6.171
0.7,45.55,400.0,25,0.36,1,9.971
0.7,45.55,400.0,75,0.18,1,4.697
0.7,45.55,400.0,75,0.36,1,8.09
0.7,45.55,400.0,100,0.18,1,4.1
0.7,45.55,400.0,100,0.36,1,7.199
0.7,45.55,400.0,125,0.18,1,3.579
0.7,45.55,400.0,125,0.36,1,6.384
0.7,50.0,10.0,-40,0.18,1,12.292
0.7,50.0,10.0,-40,0.36,1,12.351
0.7,50.0,10.0,-25,0.18,1,12.235
0.7,50.0,10.0,-25,0.36,1,12.308
0.7,50.0,10.0,0,0.18,1,11.964
0.7,50.0,10.0,0,0.36,1,12.158
0.7,50.0,10.0,25,0.18,1,11.359
0.7,50.0,10.0,25,0.36,1,11.873
0.7,50.0,10.0,75,0.18,1,9.403
0.7,50.0,10.0,75,0.36,1,10.858
0.7,50.0,10.0,100,0.18,1,8.34
0.7,50.0,10.0,100,0.36,1,10.171
0.7,50.0,10.0,125,0.18,1,7.348
0.7,50.0,10.0,125,0.36,1,9.419
0.7,50.0,50.0,-40,0.18,1,12.294
0.7,50.0,50.0,-40,0.36,1,12.353
0.7,50.0,50.0,-25,0.18,1,12.23
0.7,50.0,50.0,-25,0.36,1,12.316
0.7,50.0,50.0,0,0.18,1,11.913
0.7,50.0,50.0,0,0.36,1,12.182
0.7,50.0,50.0,25,0.18,1,11.231
0.7,50.0,50.0,25,0.36,1,11.919
0.7,50.0,50.0,75,0.18,1,9.17
0.7,50.0,50.0,75,0.36,1,10.909
0.7,50.0,50.0,100,0.18,1,8.097
0.7,50.0,50.0,100,0.36,1,10.202
0.7,50.0,50.0,125,0.18,1,7.111
0.7,50.0,50.0,125,0.36,1,9.424
0.7,50.0,100.0,-40,0.18,1,12.291
0.7,50.0,100.0,-40,0.36,1,12.357
0.7,50.0,100.0,-25,0.18,1,12.204
0.7,50.0,100.0,-25,0.36,1,12.328
0.7,50.0,100.0,0,0.18,1,11.788
0.7,50.0,100.0,0,0.36,1,12.211
0.7,50.0,100.0,25,0.18,1,10.98
0.7,50.0,100.0,25,0.36,1,11.966
0.7,50.0,100.0,75,0.18,1,8.797
0.7,50.0,100.0,75,0.36,1,10.942
0.7,50.0,100.0,100,0.18,1,7.726
0.7,50.0,100.0,100,0.36,1,10.198
0.7,50.0,100.0,125,0.18,1,6.761
0.7,50.0,100.0,125,0.36,1,9.378
0.7,50.0,200.0,-40,0.18,1,12.215
0.7,50.0,200.0,-40,0.36,1,12.364
0.7,50.0,200.0,-25,0.18,1,11.974
0.7,50.0,200.0,-25,0.36,1,12.344
0.7,50.0,200.0,0,0.18,1,11.169
0.7,50.0,200.0,0,0.36,1,12.249
0.7,50.0,200.0,25,0.18,1,10.052
0.7,50.0,200.0,25,0.36,1,12.0
0.7,50.0,200.0,75,0.18,1,7.756
0.7,50.0,200.0,75,0.36,1,10.809
0.7,50.0,200.0,100,0.18,1,6.756
0.7,50.0,200.0,100,0.36,1,9.945
0.7,50.0,200.0,125,0.18,1,5.881
0.7,50.0,200.0,125,0.36,1,9.023
0.7,50.0,400.0,-40,0.18,1,9.246
0.7,50.0,400.0,-40,0.36,1,12.304
0.7,50.0,400.0,-25,0.18,1,8.424
0.7,50.0,400.0,-25,0.36,1,12.122
0.7,50.0,400.0,0,0.18,1,7.245
0.7,50.0,400.0,0,0.36,1,11.433
0.7,50.0,400.0,25,0.18,1,6.259
0.7,50.0,400.0,25,0.36,1,10.396
0.7,50.0,400.0,75,0.18,1,4.689
0.7,50.0,400.0,75,0.36,1,8.199
0.7,50.0,400.0,100,0.18,1,4.057
0.7,50.0,400.0,100,0.36,1,7.216
0.7,50.0,400.0,125,0.18,1,3.513
0.7,50.0,400.0,125,0.36,1,6.34
0.8,1.0,10.0,-40,0.18,1,0.416
0.8,1.0,10.0,-40,0.36,1,0.481
0.8,1.0,10.0,-25,0.18,1,0.418
0.8,1.0,10.0,-25,0.36,1,0.483
0.8,1.0,10.0,0,0.18,1,0.42
0.8,1.0,10.0,0,0.36,1,0.487
0.8,1.0,10.0,25,0.18,1,0.423
0.8,1.0,10.0,25,0.36,1,0.491
0.8,1.0,10.0,75,0.18,1,0.426
0.8,1.0,10.0,75,0.36,1,0.497
0.8,1.0,10.0,100,0.18,1,0.428
0.8,1.0,10.0,100,0.36,1,0.499
0.8,1.0,10.0,125,0.18,1,0.429
0.8,1.0,10.0,125,0.36,1,0.502
0.8,1.0,50.0,-40,0.18,1,0.403
0.8,1.0,50.0,-40,0.36,1,0.459
0.8,1.0,50.0,-25,0.18,1,0.404
0.8,1.0,50.0,-25,0.36,1,0.461
0.8,1.0,50.0,0,0.18,1,0.407
0.8,1.0,50.0,0,0.36,1,0.464
0.8,1.0,50.0,25,0.18,1,0.41
0.8,1.0,50.0,25,0.36,1,0.467
0.8,1.0,50.0,75,0.18,1,0.414
0.8,1.0,50.0,75,0.36,1,0.475
0.8,1.0,50.0,100,0.18,1,0.417
0.8,1.0,50.0,100,0.36,1,0.478
0.8,1.0,50.0,125,0.18,1,0.419
0.8,1.0,50.0,125,0.36,1,0.482
0.8,1.0,100.0,-40,0.18,1,0.408
0.8,1.0,100.0,-40,0.36,1,0.466
0.8,1.0,100.0,-25,0.18,1,0.407
0.8,1.0,100.0,-25,0.36,1,0.466
0.8,1.0,100.0,0,0.18,1,0.408
0.8,1.0,100.0,0,0.36,1,0.467
0.8,1.0,100.0,25,0.18,1,0.41
0.8,1.0,100.0,25,0.36,1,0.469
0.8,1.0,100.0,75,0.18,1,0.414
0.8,1.0,100.0,75,0.36,1,0.474
0.8,1.0,100.0,100,0.18,1,0.416
0.8,1.0,100.0,100,0.36,1,0.477
0.8,1.0,100.0,125,0.18,1,0.418
0.8,1.0,100.0,125,0.36,1,0.48
0.8,1.0,200.0,-40,0.18,1,0.426
0.8,1.0,200.0,-40,0.36,1,0.495
0.8,1.0,200.0,-25,0.18,1,0.423
0.8,1.0,200.0,-25,0.36,1,0.49
0.8,1.0,200.0,0,0.18,1,0.421
0.8,1.0,200.0,0,0.36,1,0.487
0.8,1.0,200.0,25,0.18,1,0.422
0.8,1.0,200.0,25,0.36,1,0.488
0.8,1.0,200.0,75,0.18,1,0.424
0.8,1.0,200.0,75,0.36,1,0.491
0.8,1.0,200.0,100,0.18,1,0.425
0.8,1.0,200.0,100,0.36,1,0.493
0.8,1.0,200.0,125,0.18,1,0.427
0.8,1.0,200.0,125,0.36,1,0.496
0.8,1.0,400.0,-40,0.18,1,0.477
0.8,1.0,400.0,-40,0.36,1,0.571
0.8,1.0,400.0,-25,0.18,1,0.468
0.8,1.0,400.0,-25,0.36,1,0.558
0.8,1.0,400.0,0,0.18,1,0.461
0.8,1.0,400.0,0,0.36,1,0.549
0.8,1.0,400.0,25,0.18,1,0.46
0.8,1.0,400.0,25,0.36,1,0.547
0.8,1.0,400.0,75,0.18,1,0.46
0.8,1.0,400.0,75,0.36,1,0.548
0.8,1.0,400.0,100,0.18,1,0.461
0.8,1.0,400.0,100,0.36,1,0.55
0.8,1.0,400.0,125,0.18,1,0.463
0.8,1.0,400.0,125,0.36,1,0.552
0.8,5.45,10.0,-40,0.18,1,1.85
0.8,5.45,10.0,-40,0.36,1,1.922
0.8,5.45,10.0,-25,0.18,1,1.852
0.8,5.45,10.0,-25,0.36,1,1.925
0.8,5.45,10.0,0,0.18,1,1.854
0.8,5.45,10.0,0,0.36,1,1.927
0.8,5.45,10.0,25,0.18,1,1.855
0.8,5.45,10.0,25,0.36,1,1.929
0.8,5.45,10.0,75,0.18,1,1.856
0.8,5.45,10.0,75,0.36,1,1.933
0.8,5.45,10.0,100,0.18,1,1.857
0.8,5.45,10.0,100,0.36,1,1.935
0.8,5.45,10.0,125,0.18,1,1.858
0.8,5.45,10.0,125,0.36,1,1.936
0.8,5.45,50.0,-40,0.18,1,1.838
0.8,5.45,50.0,-40,0.36,1,1.898
0.8,5.45,50.0,-25,0.18,1,1.841
0.8,5.45,50.0,-25,0.36,1,1.902
0.8,5.45,50.0,0,0.18,1,1.844
0.8,5.45,50.0,0,0.36,1,1.907
0.8,5.45,50.0,25,0.18,1,1.847
0.8,5.45,50.0,25,0.36,1,1.912
0.8,5.45,50.0,75,0.18,1,1.85
0.8,5.45,50.0,75,0.36,1,1.92
0.8,5.45,50.0,100,0.18,1,1.852
0.8,5.45,50.0,100,0.36,1,1.923
0.8,5.45,50.0,125,0.18,1,1.854
0.8,5.45,50.0,125,0.36,1,1.925
0.8,5.45,100.0,-40,0.18,1,1.835
0.8,5.45,100.0,-40,0.36,1,1.892
0.8,5.45,100.0,-25,0.18,1,1.837
0.8,5.45,100.0,-25,0.36,1,1.895
0.8,5.45,100.0,0,0.18,1,1.84
0.8,5.45,100.0,0,0.36,1,1.9
0.8,5.45,100.0,25,0.18,1,1.843
0.8,5.45,100.0,25,0.36,1,1.905
0.8,5.45,100.0,75,0.18,1,1.847
0.8,5.45,100.0,75,0.36,1,1.913
0.8,5.45,100.0,100,0.18,1,1.849
0.8,5.45,100.0,100,0.36,1,1.917
0.8,5.45,100.0,125,0.18,1,1.851
0.8,5.45,100.0,125,0.36,1,1.92
0.8,5.45,200.0,-40,0.18,1,1.84
0.8,5.45,200.0,-40,0.36,1,1.903
0.8,5.45,200.0,-25,0.18,1,1.839
0.8,5.45,200.0,-25,0.36,1,1.901
0.8,5.45,200.0,0,0.18,1,1.841
0.8,5.45,200.0,0,0.36,1,1.902
0.8,5.45,200.0,25,0.18,1,1.843
0.8,5.45,200.0,25,0.36,1,1.905
0.8,5.45,200.0,75,0.18,1,1.847
0.8,5.45,200.0,75,0.36,1,1.912
0.8,5.45,200.0,100,0.18,1,1.849
0.8,5.45,200.0,100,0.36,1,1.916
0.8,5.45,200.0,125,0.18,1,1.851
0.8,5.45,200.0,125,0.36,1,1.919
0.8,5.45,400.0,-40,0.18,1,1.865
0.8,5.45,400.0,-40,0.36,1,1.944
0.8,5.45,400.0,-25,0.18,1,1.859
0.8,5.45,400.0,-25,0.36,1,1.935
0.8,5.45,400.0,0,0.18,1,1.856
0.8,5.45,400.0,0,0.36,1,1.93
0.8,5.45,400.0,25,0.18,1,1.856
0.8,5.45,400.0,25,0.36,1,1.93
0.8,5.45,400.0,75,0.18,1,1.858
0.8,5.45,400.0,75,0.36,1,1.933
0.8,5.45,400.0,100,0.18,1,1.86
0.8,5.45,400.0,100,0.36,1,1.936
0.8,5.45,400.0,125,0.18,1,1.861
0.8,5.45,400.0,125,0.36,1,1.938
0.8,9.91,10.0,-40,0.18,1,3.278
0.8,9.91,10.0,-40,0.36,1,3.352
0.8,9.91,10.0,-25,0.18,1,3.279
0.8,9.91,10.0,-25,0.36,1,3.353
0.8,9.91,10.0,0,0.18,1,3.28
0.8,9.91,10.0,0,0.36,1,3.356
0.8,9.91,10.0,25,0.18,1,3.281
0.8,9.91,10.0,25,0.36,1,3.358
0.8,9.91,10.0,75,0.18,1,3.283
0.8,9.91,10.0,75,0.36,1,3.36
0.8,9.91,10.0,100,0.18,1,3.283
0.8,9.91,10.0,100,0.36,1,3.361
0.8,9.91,10.0,125,0.18,1,3.284
0.8,9.91,10.0,125,0.36,1,3.362
0.8,9.91,50.0,-40,0.18,1,3.268
0.8,9.91,50.0,-40,0.36,1,3.331
0.8,9.91,50.0,-25,0.18,1,3.27
0.8,9.91,50.0,-25,0.36,1,3.335
0.8,9.91,50.0,0,0.18,1,3.273
0.8,9.91,50.0,0,0.36,1,3.34
0.8,9.91,50.0,25,0.18,1,3.275
0.8,9.91,50.0,25,0.36,1,3.344
0.8,9.91,50.0,75,0.18,1,3.278
0.8,9.91,50.0,75,0.36,1,3.35
0.8,9.91,50.0,100,0.18,1,3.279
0.8,9.91,50.0,100,0.36,1,3.352
0.8,9.91,50.0,125,0.18,1,3.28
0.8,9.91,50.0,125,0.36,1,3.354
0.8,9.91,100.0,-40,0.18,1,3.264
0.8,9.91,100.0,-40,0.36,1,3.324
0.8,9.91,100.0,-25,0.18,1,3.266
0.8,9.91,100.0,-25,0.36,1,3.327
0.8,9.91,100.0,0,0.18,1,3.269
0.8,9.91,100.0,0,0.36,1,3.333
0.8,9.91,100.0,25,0.18,1,3.272
0.8,9.91,100.0,25,0.36,1,3.338
0.8,9.91,100.0,75,0.18,1,3.276
0.8,9.91,100.0,75,0.36,1,3.345
0.8,9.91,100.0,100,0.18,1,3.277
0.8,9.91,100.0,100,0.36,1,3.347
0.8,9.91,100.0,125,0.18,1,3.278
0.8,9.91,100.0,125,0.36,1,3.35
0.8,9.91,200.0,-40,0.18,1,3.265
0.8,9.91,200.0,-40,0.36,1,3.326
0.8,9.91,200.0,-25,0.18,1,3.266
0.8,9.91,200.0,-25,0.36,1,3.326
0.8,9.91,200.0,0,0.18,1,3.268
0.8,9.91,200.0,0,0.36,1,3.33
0.8,9.91,200.0,25,0.18,1,3.27
0.8,9.91,200.0,25,0.36,1,3.334
0.8,9.91,200.0,75,0.18,1,3.274
0.8,9.91,200.0,75,0.36,1,3.341
0.8,9.91,200.0,100,0.18,1,3.276
0.8,9.91,200.0,100,0.36,1,3.345
0.8,9.91,200.0,125,0.18,1,3.277
0.8,9.91,200.0,125,0.36,1,3.347
0.8,9.91,400.0,-40,0.18,1,3.281
0.8,9.91,400.0,-40,0.36,1,3.355
0.8,9.91,400.0,-25,0.18,1,3.277
0.8,9.91,400.0,-25,0.36,1,3.348
0.8,9.91,400.0,0,0.18,1,3.276
0.8,9.91,400.0,0,0.36,1,3.346
0.8,9.91,400.0,25,0.18,1,3.277
0.8,9.91,400.0,25,0.36,1,3.347
0.8,9.91,400.0,75,0.18,1,3.276
0.8,9.91,400.0,75,0.36,1,3.352
0.8,9.91,400.0,100,0.18,1,3.268
0.8,9.91,400.0,100,0.36,1,3.355
0.8,9.91,400.0,125,0.18,1,3.248
0.8,9.91,400.0,125,0.36,1,3.358
0.8,14.36,10.0,-40,0.18,1,4.704
0.8,14.36,10.0,-40,0.36,1,4.779
0.8,14.36,10.0,-25,0.18,1,4.705
0.8,14.36,10.0,-25,0.36,1,4.781
0.8,14.36,10.0,0,0.18,1,4.705
0.8,14.36,10.0,0,0.36,1,4.782
0.8,14.36,10.0,25,0.18,1,4.706
0.8,14.36,10.0,25,0.36,1,4.784
0.8,14.36,10.0,75,0.18,1,4.708
0.8,14.36,10.0,75,0.36,1,4.786
0.8,14.36,10.0,100,0.18,1,4.708
0.8,14.36,10.0,100,0.36,1,4.787
0.8,14.36,10.0,125,0.18,1,4.708
0.8,14.36,10.0,125,0.36,1,4.788
0.8,14.36,50.0,-40,0.18,1,4.696
0.8,14.36,50.0,-40,0.36,1,4.761
0.8,14.36,50.0,-25,0.18,1,4.698
0.8,14.36,50.0,-25,0.36,1,4.765
0.8,14.36,50.0,0,0.18,1,4.7
0.8,14.36,50.0,0,0.36,1,4.77
0.8,14.36,50.0,25,0.18,1,4.702
0.8,14.36,50.0,25,0.36,1,4.773
0.8,14.36,50.0,75,0.18,1,4.704
0.8,14.36,50.0,75,0.36,1,4.778
0.8,14.36,50.0,100,0.18,1,4.705
0.8,14.36,50.0,100,0.36,1,4.78
0.8,14.36,50.0,125,0.18,1,4.705
0.8,14.36,50.0,125,0.36,1,4.781
0.8,14.36,100.0,-40,0.18,1,4.692
0.8,14.36,100.0,-40,0.36,1,4.753
0.8,14.36,100.0,-25,0.18,1,4.694
0.8,14.36,100.0,-25,0.36,1,4.757
0.8,14.36,100.0,0,0.18,1,4.697
0.8,14.36,100.0,0,0.36,1,4.763
0.8,14.36,100.0,25,0.18,1,4.699
0.8,14.36,100.0,25,0.36,1,4.767
0.8,14.36,100.0,75,0.18,1,4.702
0.8,14.36,100.0,75,0.36,1,4.773
0.8,14.36,100.0,100,0.18,1,4.703
0.8,14.36,100.0,100,0.36,1,4.776
0.8,14.36,100.0,125,0.18,1,4.702
0.8,14.36,100.0,125,0.36,1,4.778
0.8,14.36,200.0,-40,0.18,1,4.691
0.8,14.36,200.0,-40,0.36,1,4.752
0.8,14.36,200.0,-25,0.18,1,4.692
0.8,14.36,200.0,-25,0.36,1,4.754
0.8,14.36,200.0,0,0.18,1,4.695
0.8,14.36,200.0,0,0.36,1,4.758
0.8,14.36,200.0,25,0.18,1,4.697
0.8,14.36,200.0,25,0.36,1,4.762
0.8,14.36,200.0,75,0.18,1,4.7
0.8,14.36,200.0,75,0.36,1,4.77
0.8,14.36,200.0,100,0.18,1,4.698
0.8,14.36,200.0,100,0.36,1,4.773
0.8,14.36,200.0,125,0.18,1,4.69
0.8,14.36,200.0,125,0.36,1,4.776
0.8,14.36,400.0,-40,0.18,1,4.703
0.8,14.36,400.0,-40,0.36,1,4.773
0.8,14.36,400.0,-25,0.18,1,4.7
0.8,14.36,400.0,-25,0.36,1,4.768
0.8,14.36,400.0,0,0.18,1,4.699
0.8,14.36,400.0,0,0.36,1,4.768
0.8,14.36,400.0,25,0.18,1,4.697
0.8,14.36,400.0,25,0.36,1,4.77
0.8,14.36,400.0,75,0.18,1,4.64
0.8,14.36,400.0,75,0.36,1,4.775
0.8,14.36,400.0,100,0.18,1,4.56
0.8,14.36,400.0,100,0.36,1,4.777
0.8,14.36,400.0,125,0.18,1,4.437
0.8,14.36,400.0,125,0.36,1,4.776
0.8,18.82,10.0,-40,0.18,1,6.13
0.8,18.82,10.0,-40,0.36,1,6.206
0.8,18.82,10.0,-25,0.18,1,6.13
0.8,18.82,10.0,-25,0.36,1,6.207
0.8,18.82,10.0,0,0.18,1,6.131
0.8,18.82,10.0,0,0.36,1,6.208
0.8,18.82,10.0,25,0.18,1,6.132
0.8,18.82,10.0,25,0.36,1,6.209
0.8,18.82,10.0,75,0.18,1,6.133
0.8,18.82,10.0,75,0.36,1,6.211
0.8,18.82,10.0,100,0.18,1,6.131
0.8,18.82,10.0,100,0.36,1,6.212
0.8,18.82,10.0,125,0.18,1,6.122
0.8,18.82,10.0,125,0.36,1,6.211
0.8,18.82,50.0,-40,0.18,1,6.123
0.8,18.82,50.0,-40,0.36,1,6.189
0.8,18.82,50.0,-25,0.18,1,6.124
0.8,18.82,50.0,-25,0.36,1,6.193
0.8,18.82,50.0,0,0.18,1,6.126
0.8,18.82,50.0,0,0.36,1,6.197
0.8,18.82,50.0,25,0.18,1,6.128
0.8,18.82,50.0,25,0.36,1,6.2
0.8,18.82,50.0,75,0.18,1,6.129
0.8,18.82,50.0,75,0.36,1,6.205
0.8,18.82,50.0,100,0.18,1,6.126
0.8,18.82,50.0,100,0.36,1,6.206
0.8,18.82,50.0,125,0.18,1,6.114
0.8,18.82,50.0,125,0.36,1,6.206
0.8,18.82,100.0,-40,0.18,1,6.119
0.8,18.82,100.0,-40,0.36,1,6.182
0.8,18.82,100.0,-25,0.18,1,6.121
0.8,18.82,100.0,-25,0.36,1,6.186
0.8,18.82,100.0,0,0.18,1,6.124
0.8,18.82,100.0,0,0.36,1,6.191
0.8,18.82,100.0,25,0.18,1,6.126
0.8,18.82,100.0,25,0.36,1,6.194
0.8,18.82,100.0,75,0.18,1,6.127
0.8,18.82,100.0,75,0.36,1,6.2
0.8,18.82,100.0,100,0.18,1,6.12
0.8,18.82,100.0,100,0.36,1,6.202
0.8,18.82,100.0,125,0.18,1,6.101
0.8,18.82,100.0,125,0.36,1,6.203
0.8,18.82,200.0,-40,0.18,1,6.118
0.8,18.82,200.0,-40,0.36,1,6.18
0.8,18.82,200.0,-25,0.18,1,6.119
0.8,18.82,200.0,-25,0.36,1,6.182
0.8,18.82,200.0,0,0.18,1,6.121
0.8,18.82,200.0,0,0.36,1,6.186
0.8,18.82,200.0,25,0.18,1,6.123
0.8,18.82,200.0,25,0.36,1,6.19
0.8,18.82,200.0,75,0.18,1,6.117
0.8,18.82,200.0,75,0.36,1,6.198
0.8,18.82,200.0,100,0.18,1,6.093
0.8,18.82,200.0,100,0.36,1,6.2
0.8,18.82,200.0,125,0.18,1,6.041
0.8,18.82,200.0,125,0.36,1,6.201
0.8,18.82,400.0,-40,0.18,1,6.126
0.8,18.82,400.0,-40,0.36,1,6.195
0.8,18.82,400.0,-25,0.18,1,6.123
0.8,18.82,400.0,-25,0.36,1,6.192
0.8,18.82,400.0,0,0.18,1,6.118
0.8,18.82,400.0,0,0.36,1,6.192
0.8,18.82,400.0,25,0.18,1,6.088
0.8,18.82,400.0,25,0.36,1,6.194
0.8,18.82,400.0,75,0.18,1,5.831
0.8,18.82,400.0,75,0.36,1,6.196
0.8,18.82,400.0,100,0.18,1,5.588
0.8,18.82,400.0,100,0.36,1,6.188
0.8,18.82,400.0,125,0.18,1,5.293
0.8,18.82,400.0,125,0.36,1,6.164
0.8,23.27,10.0,-40,0.18,1,7.556
0.8,23.27,10.0,-40,0.36,1,7.632
0.8,23.27,10.0,-25,0.18,1,7.556
0.8,23.27,10.0,-25,0.36,1,7.633
0.8,23.27,10.0,0,0.18,1,7.557
0.8,23.27,10.0,0,0.36,1,7.634
0.8,23.27,10.0,25,0.18,1,7.557
0.8,23.27,10.0,25,0.36,1,7.635
0.8,23.27,10.0,75,0.18,1,7.553
0.8,23.27,10.0,75,0.36,1,7.636
0.8,23.27,10.0,100,0.18,1,7.536
0.8,23.27,10.0,100,0.36,1,7.632
0.8,23.27,10.0,125,0.18,1,7.492
0.8,23.27,10.0,125,0.36,1,7.621
0.8,23.27,50.0,-40,0.18,1,7.549
0.8,23.27,50.0,-40,0.36,1,7.617
0.8,23.27,50.0,-25,0.18,1,7.55
0.8,23.27,50.0,-25,0.36,1,7.62
0.8,23.27,50.0,0,0.18,1,7.552
0.8,23.27,50.0,0,0.36,1,7.623
0.8,23.27,50.0,25,0.18,1,7.554
0.8,23.27,50.0,25,0.36,1,7.627
0.8,23.27,50.0,75,0.18,1,7.547
0.8,23.27,50.0,75,0.36,1,7.63
0.8,23.27,50.0,100,0.18,1,7.525
0.8,23.27,50.0,100,0.36,1,7.627
0.8,23.27,50.0,125,0.18,1,7.47
0.8,23.27,50.0,125,0.36,1,7.618
0.8,23.27,100.0,-40,0.18,1,7.546
0.8,23.27,100.0,-40,0.36,1,7.61
0.8,23.27,100.0,-25,0.18,1,7.548
0.8,23.27,100.0,-25,0.36,1,7.614
0.8,23.27,100.0,0,0.18,1,7.55
0.8,23.27,100.0,0,0.36,1,7.618
0.8,23.27,100.0,25,0.18,1,7.551
0.8,23.27,100.0,25,0.36,1,7.621
0.8,23.27,100.0,75,0.18,1,7.539
0.8,23.27,100.0,75,0.36,1,7.626
0.8,23.27,100.0,100,0.18,1,7.504
0.8,23.27,100.0,100,0.36,1,7.625
0.8,23.27,100.0,125,0.18,1,7.428
0.8,23.27,100.0,125,0.36,1,7.618
0.8,23.27,200.0,-40,0.18,1,7.544
0.8,23.27,200.0,-40,0.36,1,7.607
0.8,23.27,200.0,-25,0.18,1,7.545
0.8,23.27,200.0,-25,0.36,1,7.609
0.8,23.27,200.0,0,0.18,1,7.548
0.8,23.27,200.0,0,0.36,1,7.613
0.8,23.27,200.0,25,0.18,1,7.548
0.8,23.27,200.0,25,0.36,1,7.617
0.8,23.27,200.0,75,0.18,1,7.498
0.8,23.27,200.0,75,0.36,1,7.623
0.8,23.27,200.0,100,0.18,1,7.409
0.8,23.27,200.0,100,0.36,1,7.623
0.8,23.27,200.0,125,0.18,1,7.258
0.8,23.27,200.0,125,0.36,1,7.617
0.8,23.27,400.0,-40,0.18,1,7.55
0.8,23.27,400.0,-40,0.36,1,7.618
0.8,23.27,400.0,-25,0.18,1,7.544
0.8,23.27,400.0,-25,0.36,1,7.616
0.8,23.27,400.0,0,0.18,1,7.509
0.8,23.27,400.0,0,0.36,1,7.617
0.8,23.27,400.0,25,0.18,1,7.384
0.8,23.27,400.0,25,0.36,1,7.619
0.8,23.27,400.0,75,0.18,1,6.754
0.8,23.27,400.0,75,0.36,1,7.602
0.8,23.27,400.0,100,0.18,1,6.311
0.8,23.27,400.0,100,0.36,1,7.557
0.8,23.27,400.0,125,0.18,1,5.851
0.8,23.27,400.0,125,0.36,1,7.469
0.8,27.73,10.0,-40,0.18,1,8.981
0.8,27.73,10.0,-40,0.36,1,9.058
0.8,27.73,10.0,-25,0.18,1,8.982
0.8,27.73,10.0,-25,0.36,1,9.059
0.8,27.73,10.0,0,0.18,1,8.982
0.8,27.73,10.0,0,0.36,1,9.059
0.8,27.73,10.0,25,0.18,1,8.982
0.8,27.73,10.0,25,0.36,1,9.06
0.8,27.73,10.0,75,0.18,1,8.954
0.8,27.73,10.0,75,0.36,1,9.053
0.8,27.73,10.0,100,0.18,1,8.891
0.8,27.73,10.0,100,0.36,1,9.033
0.8,27.73,10.0,125,0.18,1,8.762
0.8,27.73,10.0,125,0.36,1,8.991
0.8,27.73,50.0,-40,0.18,1,8.975
0.8,27.73,50.0,-40,0.36,1,9.044
0.8,27.73,50.0,-25,0.18,1,8.976
0.8,27.73,50.0,-25,0.36,1,9.047
0.8,27.73,50.0,0,0.18,1,8.978
0.8,27.73,50.0,0,0.36,1,9.05
0.8,27.73,50.0,25,0.18,1,8.979
0.8,27.73,50.0,25,0.36,1,9.052
0.8,27.73,50.0,75,0.18,1,8.942
0.8,27.73,50.0,75,0.36,1,9.048
0.8,27.73,50.0,100,0.18,1,8.864
0.8,27.73,50.0,100,0.36,1,9.032
0.8,27.73,50.0,125,0.18,1,8.713
0.8,27.73,50.0,125,0.36,1,8.996
0.8,27.73,100.0,-40,0.18,1,8.973
0.8,27.73,100.0,-40,0.36,1,9.037
0.8,27.73,100.0,-25,0.18,1,8.974
0.8,27.73,100.0,-25,0.36,1,9.041
0.8,27.73,100.0,0,0.18,1,8.976
0.8,27.73,100.0,0,0.36,1,9.045
0.8,27.73,100.0,25,0.18,1,8.975
0.8,27.73,100.0,25,0.36,1,9.048
0.8,27.73,100.0,75,0.18,1,8.918
0.8,27.73,100.0,75,0.36,1,9.046
0.8,27.73,100.0,100,0.18,1,8.812
0.8,27.73,100.0,100,0.36,1,9.034
0.8,27.73,100.0,125,0.18,1,8.623
0.8,27.73,100.0,125,0.36,1,9.001
0.8,27.73,200.0,-40,0.18,1,8.97
0.8,27.73,200.0,-40,0.36,1,9.032
0.8,27.73,200.0,-25,0.18,1,8.972
0.8,27.73,200.0,-25,0.36,1,9.036
0.8,27.73,200.0,0,0.18,1,8.973
0.8,27.73,200.0,0,0.36,1,9.04
0.8,27.73,200.0,25,0.18,1,8.964
0.8,27.73,200.0,25,0.36,1,9.044
0.8,27.73,200.0,75,0.18,1,8.803
0.8,27.73,200.0,75,0.36,1,9.046
0.8,27.73,200.0,100,0.18,1,8.593
0.8,27.73,200.0,100,0.36,1,9.034
0.8,27.73,200.0,125,0.18,1,8.287
0.8,27.73,200.0,125,0.36,1,9.001
0.8,27.73,400.0,-40,0.18,1,8.97
0.8,27.73,400.0,-40,0.36,1,9.043
0.8,27.73,400.0,-25,0.18,1,8.95
0.8,27.73,400.0,-25,0.36,1,9.041
0.8,27.73,400.0,0,0.18,1,8.826
0.8,27.73,400.0,0,0.36,1,9.042
0.8,27.73,400.0,25,0.18,1,8.512
0.8,27.73,400.0,25,0.36,1,9.041
0.8,27.73,400.0,75,0.18,1,7.412
0.8,27.73,400.0,75,0.36,1,8.964
0.8,27.73,400.0,100,0.18,1,6.796
0.8,27.73,400.0,100,0.36,1,8.84
0.8,27.73,400.0,125,0.18,1,6.217
0.8,27.73,400.0,125,0.36,1,8.635
0.8,32.18,10.0,-40,0.18,1,10.407
0.8,32.18,10.0,-40,0.36,1,10.484
0.8,32.18,10.0,-25,0.18,1,10.407
0.8,32.18,10.0,-25,0.36,1,10.484
0.8,32.18,10.0,0,0.18,1,10.407
0.8,32.18,10.0,0,0.36,1,10.484
0.8,32.18,10.0,25,0.18,1,10.403
0.8,32.18,10.0,25,0.36,1,10.482
0.8,32.18,10.0,75,0.18,1,10.308
0.8,32.18,10.0,75,0.36,1,10.449
0.8,32.18,10.0,100,0.18,1,10.15
0.8,32.18,10.0,100,0.36,1,10.391
0.8,32.18,10.0,125,0.18,1,9.876
0.8,32.18,10.0,125,0.36,1,10.291
0.8,32.18,50.0,-40,0.18,1,10.401
0.8,32.18,50.0,-40,0.36,1,10.471
0.8,32.18,50.0,-25,0.18,1,10.402
0.8,32.18,50.0,-25,0.36,1,10.473
0.8,32.18,50.0,0,0.18,1,10.403
0.8,32.18,50.0,0,0.36,1,10.476
0.8,32.18,50.0,25,0.18,1,10.399
0.8,32.18,50.0,25,0.36,1,10.476
0.8,32.18,50.0,75,0.18,1,10.282
0.8,32.18,50.0,75,0.36,1,10.449
0.8,32.18,50.0,100,0.18,1,10.095
0.8,32.18,50.0,100,0.36,1,10.399
0.8,32.18,50.0,125,0.18,1,9.79
0.8,32.18,50.0,125,0.36,1,10.306
0.8,32.18,100.0,-40,0.18,1,10.399
0.8,32.18,100.0,-40,0.36,1,10.465
0.8,32.18,100.0,-25,0.18,1,10.4
0.8,32.18,100.0,-25,0.36,1,10.467
0.8,32.18,100.0,0,0.18,1,10.401
0.8,32.18,100.0,0,0.36,1,10.471
0.8,32.18,100.0,25,0.18,1,10.393
0.8,32.18,100.0,25,0.36,1,10.473
0.8,32.18,100.0,75,0.18,1,10.228
0.8,32.18,100.0,75,0.36,1,10.452
0.8,32.18,100.0,100,0.18,1,9.993
0.8,32.18,100.0,100,0.36,1,10.408
0.8,32.18,100.0,125,0.18,1,9.636
0.8,32.18,100.0,125,0.36,1,10.321
0.8,32.18,200.0,-40,0.18,1,10.396
0.8,32.18,200.0,-40,0.36,1,10.46
0.8,32.18,200.0,-25,0.18,1,10.398
0.8,32.18,200.0,-25,0.36,1,10.462
0.8,32.18,200.0,0,0.18,1,10.394
0.8,32.18,200.0,0,0.36,1,10.467
0.8,32.18,200.0,25,0.18,1,10.357
0.8,32.18,200.0,25,0.36,1,10.47
0.8,32.18,200.0,75,0.18,1,9.988
0.8,32.18,200.0,75,0.36,1,10.455
0.8,32.18,200.0,100,0.18,1,9.602
0.8,32.18,200.0,100,0.36,1,10.413
0.8,32.18,200.0,125,0.18,1,9.103
0.8,32.18,200.0,125,0.36,1,10.319
0.8,32.18,400.0,-40,0.18,1,10.379
0.8,32.18,400.0,-40,0.36,1,10.467
0.8,32.18,400.0,-25,0.18,1,10.314
0.8,32.18,400.0,-25,0.36,1,10.465
0.8,32.18,400.0,0,0.18,1,10.008
0.8,32.18,400.0,0,0.36,1,10.466
0.8,32.18,400.0,25,0.18,1,9.42
0.8,32.18,400.0,25,0.36,1,10.453
0.8,32.18,400.0,75,0.18,1,7.87
0.8,32.18,400.0,75,0.36,1,10.249
0.8,32.18,400.0,100,0.18,1,7.132
0.8,32.18,400.0,100,0.36,1,9.992
0.8,32.18,400.0,125,0.18,1,6.468
0.8,32.18,400.0,125,0.36,1,9.621
0.8,36.64,10.0,-40,0.18,1,11.832
0.8,36.64,10.0,-40,0.36,1,11.909
0.8,36.64,10.0,-25,0.18,1,11.832
0.8,36.64,10.0,-25,0.36,1,11.909
0.8,36.64,10.0,0,0.18,1,11.829
0.8,36.64,10.0,0,0.36,1,11.907
0.8,36.64,10.0,25,0.18,1,11.812
0.8,36.64,10.0,25,0.36,1,11.898
0.8,36.64,10.0,75,0.18,1,11.579
0.8,36.64,10.0,75,0.36,1,11.803
0.8,36.64,10.0,100,0.18,1,11.263
0.8,36.64,10.0,100,0.36,1,11.681
0.8,36.64,10.0,125,0.18,1,10.793
0.8,36.64,10.0,125,0.36,1,11.483
0.8,36.64,50.0,-40,0.18,1,11.827
0.8,36.64,50.0,-40,0.36,1,11.897
0.8,36.64,50.0,-25,0.18,1,11.828
0.8,36.64,50.0,-25,0.36,1,11.899
0.8,36.64,50.0,0,0.18,1,11.827
0.8,36.64,50.0,0,0.36,1,11.9
0.8,36.64,50.0,25,0.18,1,11.806
0.8,36.64,50.0,25,0.36,1,11.894
0.8,36.64,50.0,75,0.18,1,11.528
0.8,36.64,50.0,75,0.36,1,11.813
0.8,36.64,50.0,100,0.18,1,11.174
0.8,36.64,50.0,100,0.36,1,11.7
0.8,36.64,50.0,125,0.18,1,10.664
0.8,36.64,50.0,125,0.36,1,11.513
0.8,36.64,100.0,-40,0.18,1,11.824
0.8,36.64,100.0,-40,0.36,1,11.891
0.8,36.64,100.0,-25,0.18,1,11.826
0.8,36.64,100.0,-25,0.36,1,11.894
0.8,36.64,100.0,0,0.18,1,11.823
0.8,36.64,100.0,0,0.36,1,11.896
0.8,36.64,100.0,25,0.18,1,11.792
0.8,36.64,100.0,25,0.36,1,11.893
0.8,36.64,100.0,75,0.18,1,11.428
0.8,36.64,100.0,75,0.36,1,11.824
0.8,36.64,100.0,100,0.18,1,11.009
0.8,36.64,100.0,100,0.36,1,11.721
0.8,36.64,100.0,125,0.18,1,10.44
0.8,36.64,100.0,125,0.36,1,11.54
0.8,36.64,200.0,-40,0.18,1,11.823
0.8,36.64,200.0,-40,0.36,1,11.887
0.8,36.64,200.0,-25,0.18,1,11.822
0.8,36.64,200.0,-25,0.36,1,11.889
0.8,36.64,200.0,0,0.18,1,11.804
0.8,36.64,200.0,0,0.36,1,11.893
0.8,36.64,200.0,25,0.18,1,11.707
0.8,36.64,200.0,25,0.36,1,11.892
0.8,36.64,200.0,75,0.18,1,11.018
0.8,36.64,200.0,75,0.36,1,11.834
0.8,36.64,200.0,100,0.18,1,10.417
0.8,36.64,200.0,100,0.36,1,11.728
0.8,36.64,200.0,125,0.18,1,9.71
0.8,36.64,200.0,125,0.36,1,11.529
0.8,36.64,400.0,-40,0.18,1,11.754
0.8,36.64,400.0,-40,0.36,1,11.892
0.8,36.64,400.0,-25,0.18,1,11.59
0.8,36.64,400.0,-25,0.36,1,11.891
0.8,36.64,400.0,0,0.18,1,11.003
0.8,36.64,400.0,0,0.36,1,11.886
0.8,36.64,400.0,25,0.18,1,10.107
0.8,36.64,400.0,25,0.36,1,11.843
0.8,36.64,400.0,75,0.18,1,8.2
0.8,36.64,400.0,75,0.36,1,11.42
0.8,36.64,400.0,100,0.18,1,7.374
0.8,36.64,400.0,100,0.36,1,10.978
0.8,36.64,400.0,125,0.18,1,6.643
0.8,36.64,400.0,125,0.36,1,10.401
0.8,41.09,10.0,-40,0.18,1,13.257
0.8,41.09,10.0,-40,0.36,1,13.333
0.8,41.09,10.0,-25,0.18,1,13.256
0.8,41.09,10.0,-25,0.36,1,13.332
0.8,41.09,10.0,0,0.18,1,13.245
0.8,41.09,10.0,0,0.36,1,13.324
0.8,41.09,10.0,25,0.18,1,13.196
0.8,41.09,10.0,25,0.36,1,13.297
0.8,41.09,10.0,75,0.18,1,12.724
0.8,41.09,10.0,75,0.36,1,13.095
0.8,41.09,10.0,100,0.18,1,12.2
0.8,41.09,10.0,100,0.36,1,12.869
0.8,41.09,10.0,125,0.18,1,11.501
0.8,41.09,10.0,125,0.36,1,12.541
0.8,41.09,50.0,-40,0.18,1,13.252
0.8,41.09,50.0,-40,0.36,1,13.322
0.8,41.09,50.0,-25,0.18,1,13.252
0.8,41.09,50.0,-25,0.36,1,13.323
0.8,41.09,50.0,0,0.18,1,13.242
0.8,41.09,50.0,0,0.36,1,13.319
0.8,41.09,50.0,25,0.18,1,13.184
0.8,41.09,50.0,25,0.36,1,13.297
0.8,41.09,50.0,75,0.18,1,12.642
0.8,41.09,50.0,75,0.36,1,13.117
0.8,41.09,50.0,100,0.18,1,12.069
0.8,41.09,50.0,100,0.36,1,12.905
0.8,41.09,50.0,125,0.18,1,11.33
0.8,41.09,50.0,125,0.36,1,12.586
0.8,41.09,100.0,-40,0.18,1,13.249
0.8,41.09,100.0,-40,0.36,1,13.317
0.8,41.09,100.0,-25,0.18,1,13.251
0.8,41.09,100.0,-25,0.36,1,13.319
0.8,41.09,100.0,0,0.18,1,13.236
0.8,41.09,100.0,0,0.36,1,13.318
0.8,41.09,100.0,25,0.18,1,13.155
0.8,41.09,100.0,25,0.36,1,13.301
0.8,41.09,100.0,75,0.18,1,12.483
0.8,41.09,100.0,75,0.36,1,13.142
0.8,41.09,100.0,100,0.18,1,11.835
0.8,41.09,100.0,100,0.36,1,12.941
0.8,41.09,100.0,125,0.18,1,11.039
0.8,41.09,100.0,125,0.36,1,12.626
0.8,41.09,200.0,-40,0.18,1,13.248
0.8,41.09,200.0,-40,0.36,1,13.313
0.8,41.09,200.0,-25,0.18,1,13.244
0.8,41.09,200.0,-25,0.36,1,13.315
0.8,41.09,200.0,0,0.18,1,13.19
0.8,41.09,200.0,0,0.36,1,13.316
0.8,41.09,200.0,25,0.18,1,12.986
0.8,41.09,200.0,25,0.36,1,13.306
0.8,41.09,200.0,75,0.18,1,11.875
0.8,41.09,200.0,75,0.36,1,13.161
0.8,41.09,200.0,100,0.18,1,11.041
0.8,41.09,200.0,100,0.36,1,12.947
0.8,41.09,200.0,125,0.18,1,10.134
0.8,41.09,200.0,125,0.36,1,12.594
0.8,41.09,400.0,-40,0.18,1,13.057
0.8,41.09,400.0,-40,0.36,1,13.317
0.8,41.09,400.0,-25,0.18,1,12.729
0.8,41.09,400.0,-25,0.36,1,13.315
0.8,41.09,400.0,0,0.18,1,11.789
0.8,41.09,400.0,0,0.36,1,13.296
0.8,41.09,400.0,25,0.18,1,10.613
0.8,41.09,400.0,25,0.36,1,13.192
0.8,41.09,400.0,75,0.18,1,8.447
0.8,41.09,400.0,75,0.36,1,12.443
0.8,41.09,400.0,100,0.18,1,7.548
0.8,41.09,400.0,100,0.36,1,11.776
0.8,41.09,400.0,125,0.18,1,6.756
0.8,41.09,400.0,125,0.36,1,10.986
0.8,45.55,10.0,-40,0.18,1,14.679
0.8,45.55,10.0,-40,0.36,1,14.756
0.8,45.55,10.0,-25,0.18,1,14.674
0.8,45.55,10.0,-25,0.36,1,14.752
0.8,45.55,10.0,0,0.18,1,14.646
0.8,45.55,10.0,0,0.36,1,14.728
0.8,45.55,10.0,25,0.18,1,14.535
0.8,45.55,10.0,25,0.36,1,14.665
0.8,45.55,10.0,75,0.18,1,13.714
0.8,45.55,10.0,75,0.36,1,14.294
0.8,45.55,10.0,100,0.18,1,12.946
0.8,45.55,10.0,100,0.36,1,13.935
0.8,45.55,10.0,125,0.18,1,12.014
0.8,45.55,10.0,125,0.36,1,13.449
0.8,45.55,50.0,-40,0.18,1,14.675
0.8,45.55,50.0,-40,0.36,1,14.746
0.8,45.55,50.0,-25,0.18,1,14.672
0.8,45.55,50.0,-25,0.36,1,14.744
0.8,45.55,50.0,0,0.18,1,14.641
0.8,45.55,50.0,0,0.36,1,14.727
0.8,45.55,50.0,25,0.18,1,14.512
0.8,45.55,50.0,25,0.36,1,14.674
0.8,45.55,50.0,75,0.18,1,13.595
0.8,45.55,50.0,75,0.36,1,14.335
0.8,45.55,50.0,100,0.18,1,12.773
0.8,45.55,50.0,100,0.36,1,13.989
0.8,45.55,50.0,125,0.18,1,11.803
0.8,45.55,50.0,125,0.36,1,13.509
0.8,45.55,100.0,-40,0.18,1,14.673
0.8,45.55,100.0,-40,0.36,1,14.742
0.8,45.55,100.0,-25,0.18,1,14.671
0.8,45.55,100.0,-25,0.36,1,14.742
0.8,45.55,100.0,0,0.18,1,14.629
0.8,45.55,100.0,0,0.36,1,14.73
0.8,45.55,100.0,25,0.18,1,14.459
0.8,45.55,100.0,25,0.36,1,14.687
0.8,45.55,100.0,75,0.18,1,13.37
0.8,45.55,100.0,75,0.36,1,14.378
0.8,45.55,100.0,100,0.18,1,12.472
0.8,45.55,100.0,100,0.36,1,14.041
0.8,45.55,100.0,125,0.18,1,11.453
0.8,45.55,100.0,125,0.36,1,13.558
0.8,45.55,200.0,-40,0.18,1,14.672
0.8,45.55,200.0,-40,0.36,1,14.738
0.8,45.55,200.0,-25,0.18,1,14.657
0.8,45.55,200.0,-25,0.36,1,14.74
0.8,45.55,200.0,0,0.18,1,14.536
0.8,45.55,200.0,0,0.36,1,14.734
0.8,45.55,200.0,25,0.18,1,14.166
0.8,45.55,200.0,25,0.36,1,14.703
0.8,45.55,200.0,75,0.18,1,12.555
0.8,45.55,200.0,75,0.36,1,14.407
0.8,45.55,200.0,100,0.18,1,11.494
0.8,45.55,200.0,100,0.36,1,14.039
0.8,45.55,200.0,125,0.18,1,10.407
0.8,45.55,200.0,125,0.36,1,13.491
0.8,45.55,400.0,-40,0.18,1,14.242
0.8,45.55,400.0,-40,0.36,1,14.742
0.8,45.55,400.0,-25,0.18,1,13.684
0.8,45.55,400.0,-25,0.36,1,14.737
0.8,45.55,400.0,0,0.18,1,12.383
0.8,45.55,400.0,0,0.36,1,14.684
0.8,45.55,400.0,25,0.18,1,10.995
0.8,45.55,400.0,25,0.36,1,14.478
0.8,45.55,400.0,75,0.18,1,8.631
0.8,45.55,400.0,75,0.36,1,13.303
0.8,45.55,400.0,100,0.18,1,7.667
0.8,45.55,400.0,100,0.36,1,12.394
0.8,45.55,400.0,125,0.18,1,6.818
0.8,45.55,400.0,125,0.36,1,11.396
0.8,50.0,10.0,-40,0.18,1,16.097
0.8,50.0,10.0,-40,0.36,1,16.173
0.8,50.0,10.0,-25,0.18,1,16.083
0.8,50.0,10.0,-25,0.36,1,16.161
0.8,50.0,10.0,0,0.18,1,16.015
0.8,50.0,10.0,0,0.36,1,16.109
0.8,50.0,10.0,25,0.18,1,15.797
0.8,50.0,10.0,25,0.36,1,15.987
0.8,50.0,10.0,75,0.18,1,14.532
0.8,50.0,10.0,75,0.36,1,15.383
0.8,50.0,10.0,100,0.18,1,13.508
0.8,50.0,10.0,100,0.36,1,14.864
0.8,50.0,10.0,125,0.18,1,12.356
0.8,50.0,10.0,125,0.36,1,14.205
0.8,50.0,50.0,-40,0.18,1,16.094
0.8,50.0,50.0,-40,0.36,1,16.165
0.8,50.0,50.0,-25,0.18,1,16.083
0.8,50.0,50.0,-25,0.36,1,16.157
0.8,50.0,50.0,0,0.18,1,16.01
0.8,50.0,50.0,0,0.36,1,16.114
0.8,50.0,50.0,25,0.18,1,15.762
0.8,50.0,50.0,25,0.36,1,16.008
0.8,50.0,50.0,75,0.18,1,14.374
0.8,50.0,50.0,75,0.36,1,15.446
0.8,50.0,50.0,100,0.18,1,13.296
0.8,50.0,50.0,100,0.36,1,14.937
0.8,50.0,50.0,125,0.18,1,12.111
0.8,50.0,50.0,125,0.36,1,14.276
0.8,50.0,100.0,-40,0.18,1,16.094
0.8,50.0,100.0,-40,0.36,1,16.163
0.8,50.0,100.0,-25,0.18,1,16.083
0.8,50.0,100.0,-25,0.36,1,16.158
0.8,50.0,100.0,0,0.18,1,15.988
0.8,50.0,100.0,0,0.36,1,16.126
0.8,50.0,100.0,25,0.18,1,15.675
0.8,50.0,100.0,25,0.36,1,16.035
0.8,50.0,100.0,75,0.18,1,14.082
0.8,50.0,100.0,75,0.36,1,15.51
0.8,50.0,100.0,100,0.18,1,12.932
0.8,50.0,100.0,100,0.36,1,15.004
0.8,50.0,100.0,125,0.18,1,11.714
0.8,50.0,100.0,125,0.36,1,14.327
0.8,50.0,200.0,-40,0.18,1,16.09
0.8,50.0,200.0,-40,0.36,1,16.163
0.8,50.0,200.0,-25,0.18,1,16.053
0.8,50.0,200.0,-25,0.36,1,16.16
0.8,50.0,200.0,0,0.18,1,15.817
0.8,50.0,200.0,0,0.36,1,16.14
0.8,50.0,200.0,25,0.18,1,15.223
0.8,50.0,200.0,25,0.36,1,16.07
0.8,50.0,200.0,75,0.18,1,13.071
0.8,50.0,200.0,75,0.36,1,15.546
0.8,50.0,200.0,100,0.18,1,11.801
0.8,50.0,200.0,100,0.36,1,14.982
0.8,50.0,200.0,125,0.18,1,10.561
0.8,50.0,200.0,125,0.36,1,14.213
0.8,50.0,400.0,-40,0.18,1,15.254
0.8,50.0,400.0,-40,0.36,1,16.165
0.8,50.0,400.0,-25,0.18,1,14.434
0.8,50.0,400.0,-25,0.36,1,16.151
0.8,50.0,400.0,0,0.18,1,12.827
0.8,50.0,400.0,0,0.36,1,16.038
0.8,50.0,400.0,25,0.18,1,11.289
0.8,50.0,400.0,25,0.36,1,15.676
0.8,50.0,400.0,75,0.18,1,8.764
0.8,50.0,400.0,75,0.36,1,13.993
0.8,50.0,400.0,100,0.18,1,7.738
0.8,50.0,400.0,100,0.36,1,12.848
0.8,50.0,400.0,125,0.18,1,6.836
0.8,50.0,400.0,125,0.36,1,11.664
0.9,1.0,10.0,-40,0.18,1,0.523
0.9,1.0,10.0,-40,0.36,1,0.608
0.9,1.0,10.0,-25,0.18,1,0.526
0.9,1.0,10.0,-25,0.36,1,0.61
0.9,1.0,10.0,0,0.18,1,0.53
0.9,1.0,10.0,0,0.36,1,0.613
0.9,1.0,10.0,25,0.18,1,0.533
0.9,1.0,10.0,25,0.36,1,0.617
0.9,1.0,10.0,75,0.18,1,0.538
0.9,1.0,10.0,75,0.36,1,0.625
0.9,1.0,10.0,100,0.18,1,0.541
0.9,1.0,10.0,100,0.36,1,0.629
0.9,1.0,10.0,125,0.18,1,0.543
0.9,1.0,10.0,125,0.36,1,0.633
0.9,1.0,50.0,-40,0.18,1,0.524
0.9,1.0,50.0,-40,0.36,1,0.601
0.9,1.0,50.0,-25,0.18,1,0.522
0.9,1.0,50.0,-25,0.36,1,0.599
0.9,1.0,50.0,0,0.18,1,0.522
0.9,1.0,50.0,0,0.36,1,0.598
0.9,1.0,50.0,25,0.18,1,0.523
0.9,1.0,50.0,25,0.36,1,0.6
0.9,1.0,50.0,75,0.18,1,0.527
0.9,1.0,50.0,75,0.36,1,0.605
0.9,1.0,50.0,100,0.18,1,0.53
0.9,1.0,50.0,100,0.36,1,0.609
0.9,1.0,50.0,125,0.18,1,0.532
0.9,1.0,50.0,125,0.36,1,0.612
0.9,1.0,100.0,-40,0.18,1,0.559
0.9,1.0,100.0,-40,0.36,1,0.653
0.9,1.0,100.0,-25,0.18,1,0.551
0.9,1.0,100.0,-25,0.36,1,0.642
0.9,1.0,100.0,0,0.18,1,0.544
0.9,1.0,100.0,0,0.36,1,0.633
0.9,1.0,100.0,25,0.18,1,0.541
0.9,1.0,100.0,25,0.36,1,0.629
0.9,1.0,100.0,75,0.18,1,0.54
0.9,1.0,100.0,75,0.36,1,0.626
0.9,1.0,100.0,100,0.18,1,0.54
0.9,1.0,100.0,100,0.36,1,0.627
0.9,1.0,100.0,125,0.18,1,0.541
0.9,1.0,100.0,125,0.36,1,0.628
0.9,1.0,200.0,-40,0.18,1,0.654
0.9,1.0,200.0,-40,0.36,1,0.792
0.9,1.0,200.0,-25,0.18,1,0.633
0.9,1.0,200.0,-25,0.36,1,0.766
0.9,1.0,200.0,0,0.18,1,0.614
0.9,1.0,200.0,0,0.36,1,0.739
0.9,1.0,200.0,25,0.18,1,0.603
0.9,1.0,200.0,25,0.36,1,0.723
0.9,1.0,200.0,75,0.18,1,0.59
0.9,1.0,200.0,75,0.36,1,0.704
0.9,1.0,200.0,100,0.18,1,0.586
0.9,1.0,200.0,100,0.36,1,0.699
0.9,1.0,200.0,125,0.18,1,0.584
0.9,1.0,200.0,125,0.36,1,0.695
0.9,1.0,400.0,-40,0.18,1,0.903
0.9,1.0,400.0,-40,0.36,1,1.146
0.9,1.0,400.0,-25,0.18,1,0.854
0.9,1.0,400.0,-25,0.36,1,1.086
0.9,1.0,400.0,0,0.18,1,0.805
0.9,1.0,400.0,0,0.36,1,1.02
0.9,1.0,400.0,25,0.18,1,0.773
0.9,1.0,400.0,25,0.36,1,0.977
0.9,1.0,400.0,75,0.18,1,0.734
0.9,1.0,400.0,75,0.36,1,0.922
0.9,1.0,400.0,100,0.18,1,0.721
0.9,1.0,400.0,100,0.36,1,0.903
0.9,1.0,400.0,125,0.18,1,0.711
0.9,1.0,400.0,125,0.36,1,0.888
0.9,5.45,10.0,-40,0.18,1,2.342
0.9,5.45,10.0,-40,0.36,1,2.43
0.9,5.45,10.0,-25,0.18,1,2.343
0.9,5.45,10.0,-25,0.36,1,2.433
0.9,5.45,10.0,0,0.18,1,2.345
0.9,5.45,10.0,0,0.36,1,2.438
0.9,5.45,10.0,25,0.18,1,2.347
0.9,5.45,10.0,25,0.36,1,2.441
0.9,5.45,10.0,75,0.18,1,2.35
0.9,5.45,10.0,75,0.36,1,2.446
0.9,5.45,10.0,100,0.18,1,2.352
0.9,5.45,10.0,100,0.36,1,2.449
0.9,5.45,10.0,125,0.18,1,2.353
0.9,5.45,10.0,125,0.36,1,2.451
0.9,5.45,50.0,-40,0.18,1,2.33
0.9,5.45,50.0,-40,0.36,1,2.407
0.9,5.45,50.0,-25,0.18,1,2.331
0.9,5.45,50.0,-25,0.36,1,2.409
0.9,5.45,50.0,0,0.18,1,2.334
0.9,5.45,50.0,0,0.36,1,2.414
0.9,5.45,50.0,25,0.18,1,2.337
0.9,5.45,50.0,25,0.36,1,2.418
0.9,5.45,50.0,75,0.18,1,2.342
0.9,5.45,50.0,75,0.36,1,2.428
0.9,5.45,50.0,100,0.18,1,2.345
0.9,5.45,50.0,100,0.36,1,2.433
0.9,5.45,50.0,125,0.18,1,2.346
0.9,5.45,50.0,125,0.36,1,2.436
0.9,5.45,100.0,-40,0.18,1,2.34
0.9,5.45,100.0,-40,0.36,1,2.423
0.9,5.45,100.0,-25,0.18,1,2.337
0.9,5.45,100.0,-25,0.36,1,2.419
0.9,5.45,100.0,0,0.18,1,2.337
0.9,5.45,100.0,0,0.36,1,2.418
0.9,5.45,100.0,25,0.18,1,2.339
0.9,5.45,100.0,25,0.36,1,2.42
0.9,5.45,100.0,75,0.18,1,2.342
0.9,5.45,100.0,75,0.36,1,2.427
0.9,5.45,100.0,100,0.18,1,2.344
0.9,5.45,100.0,100,0.36,1,2.431
0.9,5.45,100.0,125,0.18,1,2.346
0.9,5.45,100.0,125,0.36,1,2.434
0.9,5.45,200.0,-40,0.18,1,2.387
0.9,5.45,200.0,-40,0.36,1,2.5
0.9,5.45,200.0,-25,0.18,1,2.374
0.9,5.45,200.0,-25,0.36,1,2.481
0.9,5.45,200.0,0,0.18,1,2.364
0.9,5.45,200.0,0,0.36,1,2.466
0.9,5.45,200.0,25,0.18,1,2.36
0.9,5.45,200.0,25,0.36,1,2.459
0.9,5.45,200.0,75,0.18,1,2.358
0.9,5.45,200.0,75,0.36,1,2.454
0.9,5.45,200.0,100,0.18,1,2.358
0.9,5.45,200.0,100,0.36,1,2.454
0.9,5.45,200.0,125,0.18,1,2.358
0.9,5.45,200.0,125,0.36,1,2.455
0.9,5.45,400.0,-40,0.18,1,2.524
0.9,5.45,400.0,-40,0.36,1,2.714
0.9,5.45,400.0,-25,0.18,1,2.49
0.9,5.45,400.0,-25,0.36,1,2.666
0.9,5.45,400.0,0,0.18,1,2.458
0.9,5.45,400.0,0,0.36,1,2.62
0.9,5.45,400.0,25,0.18,1,2.441
0.9,5.45,400.0,25,0.36,1,2.594
0.9,5.45,400.0,75,0.18,1,2.421
0.9,5.45,400.0,75,0.36,1,2.563
0.9,5.45,400.0,100,0.18,1,2.416
0.9,5.45,400.0,100,0.36,1,2.554
0.9,5.45,400.0,125,0.18,1,2.412
0.9,5.45,400.0,125,0.36,1,2.547
0.9,9.91,10.0,-40,0.18,1,4.148
0.9,9.91,10.0,-40,0.36,1,4.24
0.9,9.91,10.0,-25,0.18,1,4.15
0.9,9.91,10.0,-25,0.36,1,4.244
0.9,9.91,10.0,0,0.18,1,4.151
0.9,9.91,10.0,0,0.36,1,4.247
0.9,9.91,10.0,25,0.18,1,4.153
0.9,9.91,10.0,25,0.36,1,4.249
0.9,9.91,10.0,75,0.18,1,4.155
0.9,9.91,10.0,75,0.36,1,4.254
0.9,9.91,10.0,100,0.18,1,4.157
0.9,9.91,10.0,100,0.36,1,4.255
0.9,9.91,10.0,125,0.18,1,4.157
0.9,9.91,10.0,125,0.36,1,4.257
0.9,9.91,50.0,-40,0.18,1,4.138
0.9,9.91,50.0,-40,0.36,1,4.217
0.9,9.91,50.0,-25,0.18,1,4.14
0.9,9.91,50.0,-25,0.36,1,4.22
0.9,9.91,50.0,0,0.18,1,4.143
0.9,9.91,50.0,0,0.36,1,4.226
0.9,9.91,50.0,25,0.18,1,4.145
0.9,9.91,50.0,25,0.36,1,4.231
0.9,9.91,50.0,75,0.18,1,4.149
0.9,9.91,50.0,75,0.36,1,4.24
0.9,9.91,50.0,100,0.18,1,4.151
0.9,9.91,50.0,100,0.36,1,4.243
0.9,9.91,50.0,125,0.18,1,4.153
0.9,9.91,50.0,125,0.36,1,4.246
0.9,9.91,100.0,-40,0.18,1,4.142
0.9,9.91,100.0,-40,0.36,1,4.224
0.9,9.91,100.0,-25,0.18,1,4.141
0.9,9.91,100.0,-25,0.36,1,4.223
0.9,9.91,100.0,0,0.18,1,4.142
0.9,9.91,100.0,0,0.36,1,4.225
0.9,9.91,100.0,25,0.18,1,4.144
0.9,9.91,100.0,25,0.36,1,4.229
0.9,9.91,100.0,75,0.18,1,4.148
0.9,9.91,100.0,75,0.36,1,4.237
0.9,9.91,100.0,100,0.18,1,4.15
0.9,9.91,100.0,100,0.36,1,4.24
0.9,9.91,100.0,125,0.18,1,4.152
0.9,9.91,100.0,125,0.36,1,4.243
0.9,9.91,200.0,-40,0.18,1,4.174
0.9,9.91,200.0,-40,0.36,1,4.278
0.9,9.91,200.0,-25,0.18,1,4.165
0.9,9.91,200.0,-25,0.36,1,4.263
0.9,9.91,200.0,0,0.18,1,4.159
0.9,9.91,200.0,0,0.36,1,4.253
0.9,9.91,200.0,25,0.18,1,4.156
0.9,9.91,200.0,25,0.36,1,4.249
0.9,9.91,200.0,75,0.18,1,4.157
0.9,9.91,200.0,75,0.36,1,4.251
0.9,9.91,200.0,100,0.18,1,4.158
0.9,9.91,200.0,100,0.36,1,4.252
0.9,9.91,200.0,125,0.18,1,4.159
0.9,9.91,200.0,125,0.36,1,4.254
0.9,9.91,400.0,-40,0.18,1,4.28
0.9,9.91,400.0,-40,0.36,1,4.446
0.9,9.91,400.0,-25,0.18,1,4.25
0.9,9.91,400.0,-25,0.36,1,4.404
0.9,9.91,400.0,0,0.18,1,4.226
0.9,9.91,400.0,0,0.36,1,4.367
0.9,9.91,400.0,25,0.18,1,4.212
0.9,9.91,400.0,25,0.36,1,4.346
0.9,9.91,400.0,75,0.18,1,4.199
0.9,9.91,400.0,75,0.36,1,4.325
0.9,9.91,400.0,100,0.18,1,4.193
0.9,9.91,400.0,100,0.36,1,4.319
0.9,9.91,400.0,125,0.18,1,4.184
0.9,9.91,400.0,125,0.36,1,4.315
0.9,14.36,10.0,-40,0.18,1,5.954
0.9,14.36,10.0,-40,0.36,1,6.047
0.9,14.36,10.0,-25,0.18,1,5.955
0.9,14.36,10.0,-25,0.36,1,6.049
0.9,14.36,10.0,0,0.18,1,5.956
0.9,14.36,10.0,0,0.36,1,6.054
0.9,14.36,10.0,25,0.18,1,5.957
0.9,14.36,10.0,25,0.36,1,6.056
0.9,14.36,10.0,75,0.18,1,5.96
0.9,14.36,10.0,75,0.36,1,6.059
0.9,14.36,10.0,100,0.18,1,5.961
0.9,14.36,10.0,100,0.36,1,6.06
0.9,14.36,10.0,125,0.18,1,5.961
0.9,14.36,10.0,125,0.36,1,6.061
0.9,14.36,50.0,-40,0.18,1,5.945
0.9,14.36,50.0,-40,0.36,1,6.025
0.9,14.36,50.0,-25,0.18,1,5.947
0.9,14.36,50.0,-25,0.36,1,6.029
0.9,14.36,50.0,0,0.18,1,5.949
0.9,14.36,50.0,0,0.36,1,6.036
0.9,14.36,50.0,25,0.18,1,5.951
0.9,14.36,50.0,25,0.36,1,6.04
0.9,14.36,50.0,75,0.18,1,5.955
0.9,14.36,50.0,75,0.36,1,6.047
0.9,14.36,50.0,100,0.18,1,5.956
0.9,14.36,50.0,100,0.36,1,6.05
0.9,14.36,50.0,125,0.18,1,5.957
0.9,14.36,50.0,125,0.36,1,6.052
0.9,14.36,100.0,-40,0.18,1,5.947
0.9,14.36,100.0,-40,0.36,1,6.028
0.9,14.36,100.0,-25,0.18,1,5.946
0.9,14.36,100.0,-25,0.36,1,6.029
0.9,14.36,100.0,0,0.18,1,5.948
0.9,14.36,100.0,0,0.36,1,6.033
0.9,14.36,100.0,25,0.18,1,5.95
0.9,14.36,100.0,25,0.36,1,6.036
0.9,14.36,100.0,75,0.18,1,5.954
0.9,14.36,100.0,75,0.36,1,6.044
0.9,14.36,100.0,100,0.18,1,5.955
0.9,14.36,100.0,100,0.36,1,6.047
0.9,14.36,100.0,125,0.18,1,5.956
0.9,14.36,100.0,125,0.36,1,6.05
0.9,14.36,200.0,-40,0.18,1,5.971
0.9,14.36,200.0,-40,0.36,1,6.069
0.9,14.36,200.0,-25,0.18,1,5.963
0.9,14.36,200.0,-25,0.36,1,6.057
0.9,14.36,200.0,0,0.18,1,5.959
0.9,14.36,200.0,0,0.36,1,6.051
0.9,14.36,200.0,25,0.18,1,5.958
0.9,14.36,200.0,25,0.36,1,6.051
0.9,14.36,200.0,75,0.18,1,5.96
0.9,14.36,200.0,75,0.36,1,6.052
0.9,14.36,200.0,100,0.18,1,5.96
0.9,14.36,200.0,100,0.36,1,6.054
0.9,14.36,200.0,125,0.18,1,5.958
0.9,14.36,200.0,125,0.36,1,6.056
0.9,14.36,400.0,-40,0.18,1,6.058
0.9,14.36,400.0,-40,0.36,1,6.21
0.9,14.36,400.0,-25,0.18,1,6.032
0.9,14.36,400.0,-25,0.36,1,6.173
0.9,14.36,400.0,0,0.18,1,6.011
0.9,14.36,400.0,0,0.36,1,6.142
0.9,14.36,400.0,25,0.18,1,6.0
0.9,14.36,400.0,25,0.36,1,6.125
0.9,14.36,400.0,75,0.18,1,5.975
0.9,14.36,400.0,75,0.36,1,6.109
0.9,14.36,400.0,100,0.18,1,5.939
0.9,14.36,400.0,100,0.36,1,6.105
0.9,14.36,400.0,125,0.18,1,5.873
0.9,14.36,400.0,125,0.36,1,6.101
0.9,18.82,10.0,-40,0.18,1,7.759
0.9,18.82,10.0,-40,0.36,1,7.853
0.9,18.82,10.0,-25,0.18,1,7.759
0.9,18.82,10.0,-25,0.36,1,7.855
0.9,18.82,10.0,0,0.18,1,7.761
0.9,18.82,10.0,0,0.36,1,7.859
0.9,18.82,10.0,25,0.18,1,7.762
0.9,18.82,10.0,25,0.36,1,7.86
0.9,18.82,10.0,75,0.18,1,7.764
0.9,18.82,10.0,75,0.36,1,7.864
0.9,18.82,10.0,100,0.18,1,7.764
0.9,18.82,10.0,100,0.36,1,7.864
0.9,18.82,10.0,125,0.18,1,7.761
0.9,18.82,10.0,125,0.36,1,7.865
0.9,18.82,50.0,-40,0.18,1,7.75
0.9,18.82,50.0,-40,0.36,1,7.833
0.9,18.82,50.0,-25,0.18,1,7.751
0.9,18.82,50.0,-25,0.36,1,7.838
0.9,18.82,50.0,0,0.18,1,7.755
0.9,18.82,50.0,0,0.36,1,7.843
0.9,18.82,50.0,25,0.18,1,7.756
0.9,18.82,50.0,25,0.36,1,7.846
0.9,18.82,50.0,75,0.18,1,7.759
0.9,18.82,50.0,75,0.36,1,7.853
0.9,18.82,50.0,100,0.18,1,7.76
0.9,18.82,50.0,100,0.36,1,7.855
0.9,18.82,50.0,125,0.18,1,7.756
0.9,18.82,50.0,125,0.36,1,7.857
0.9,18.82,100.0,-40,0.18,1,7.751
0.9,18.82,100.0,-40,0.36,1,7.834
0.9,18.82,100.0,-25,0.18,1,7.751
0.9,18.82,100.0,-25,0.36,1,7.835
0.9,18.82,100.0,0,0.18,1,7.753
0.9,18.82,100.0,0,0.36,1,7.839
0.9,18.82,100.0,25,0.18,1,7.755
0.9,18.82,100.0,25,0.36,1,7.843
0.9,18.82,100.0,75,0.18,1,7.758
0.9,18.82,100.0,75,0.36,1,7.85
0.9,18.82,100.0,100,0.18,1,7.757
0.9,18.82,100.0,100,0.36,1,7.852
0.9,18.82,100.0,125,0.18,1,7.751
0.9,18.82,100.0,125,0.36,1,7.854
0.9,18.82,200.0,-40,0.18,1,7.769
0.9,18.82,200.0,-40,0.36,1,7.866
0.9,18.82,200.0,-25,0.18,1,7.764
0.9,18.82,200.0,-25,0.36,1,7.858
0.9,18.82,200.0,0,0.18,1,7.761
0.9,18.82,200.0,0,0.36,1,7.853
0.9,18.82,200.0,25,0.18,1,7.761
0.9,18.82,200.0,25,0.36,1,7.853
0.9,18.82,200.0,75,0.18,1,7.76
0.9,18.82,200.0,75,0.36,1,7.855
0.9,18.82,200.0,100,0.18,1,7.752
0.9,18.82,200.0,100,0.36,1,7.858
0.9,18.82,200.0,125,0.18,1,7.729
0.9,18.82,200.0,125,0.36,1,7.86
0.9,18.82,400.0,-40,0.18,1,7.845
0.9,18.82,400.0,-40,0.36,1,7.988
0.9,18.82,400.0,-25,0.18,1,7.822
0.9,18.82,400.0,-25,0.36,1,7.955
0.9,18.82,400.0,0,0.18,1,7.803
0.9,18.82,400.0,0,0.36,1,7.928
0.9,18.82,400.0,25,0.18,1,7.788
0.9,18.82,400.0,25,0.36,1,7.914
0.9,18.82,400.0,75,0.18,1,7.68
0.9,18.82,400.0,75,0.36,1,7.9
0.9,18.82,400.0,100,0.18,1,7.539
0.9,18.82,400.0,100,0.36,1,7.896
0.9,18.82,400.0,125,0.18,1,7.328
0.9,18.82,400.0,125,0.36,1,7.886
0.9,23.27,10.0,-40,0.18,1,9.563
0.9,23.27,10.0,-40,0.36,1,9.66
0.9,23.27,10.0,-25,0.18,1,9.564
0.9,23.27,10.0,-25,0.36,1,9.662
0.9,23.27,10.0,0,0.18,1,9.565
0.9,23.27,10.0,0,0.36,1,9.663
0.9,23.27,10.0,25,0.18,1,9.566
0.9,23.27,10.0,25,0.36,1,9.664
0.9,23.27,10.0,75,0.18,1,9.567
0.9,23.27,10.0,75,0.36,1,9.667
0.9,23.27,10.0,100,0.18,1,9.561
0.9,23.27,10.0,100,0.36,1,9.666
0.9,23.27,10.0,125,0.18,1,9.541
0.9,23.27,10.0,125,0.36,1,9.661
0.9,23.27,50.0,-40,0.18,1,9.555
0.9,23.27,50.0,-40,0.36,1,9.641
0.9,23.27,50.0,-25,0.18,1,9.557
0.9,23.27,50.0,-25,0.36,1,9.644
0.9,23.27,50.0,0,0.18,1,9.559
0.9,23.27,50.0,0,0.36,1,9.649
0.9,23.27,50.0,25,0.18,1,9.561
0.9,23.27,50.0,25,0.36,1,9.652
0.9,23.27,50.0,75,0.18,1,9.562
0.9,23.27,50.0,75,0.36,1,9.658
0.9,23.27,50.0,100,0.18,1,9.554
0.9,23.27,50.0,100,0.36,1,9.658
0.9,23.27,50.0,125,0.18,1,9.529
0.9,23.27,50.0,125,0.36,1,9.655
0.9,23.27,100.0,-40,0.18,1,9.556
0.9,23.27,100.0,-40,0.36,1,9.639
0.9,23.27,100.0,-25,0.18,1,9.556
0.9,23.27,100.0,-25,0.36,1,9.641
0.9,23.27,100.0,0,0.18,1,9.558
0.9,23.27,100.0,0,0.36,1,9.645
0.9,23.27,100.0,25,0.18,1,9.559
0.9,23.27,100.0,25,0.36,1,9.648
0.9,23.27,100.0,75,0.18,1,9.559
0.9,23.27,100.0,75,0.36,1,9.655
0.9,23.27,100.0,100,0.18,1,9.546
0.9,23.27,100.0,100,0.36,1,9.656
0.9,23.27,100.0,125,0.18,1,9.51
0.9,23.27,100.0,125,0.36,1,9.654
0.9,23.27,200.0,-40,0.18,1,9.571
0.9,23.27,200.0,-40,0.36,1,9.666
0.9,23.27,200.0,-25,0.18,1,9.566
0.9,23.27,200.0,-25,0.36,1,9.659
0.9,23.27,200.0,0,0.18,1,9.564
0.9,23.27,200.0,0,0.36,1,9.655
0.9,23.27,200.0,25,0.18,1,9.564
0.9,23.27,200.0,25,0.36,1,9.656
0.9,23.27,200.0,75,0.18,1,9.549
0.9,23.27,200.0,75,0.36,1,9.66
0.9,23.27,200.0,100,0.18,1,9.509
0.9,23.27,200.0,100,0.36,1,9.662
0.9,23.27,200.0,125,0.18,1,9.424
0.9,23.27,200.0,125,0.36,1,9.661
0.9,23.27,400.0,-40,0.18,1,9.636
0.9,23.27,400.0,-40,0.36,1,9.774
0.9,23.27,400.0,-25,0.18,1,9.615
0.9,23.27,400.0,-25,0.36,1,9.744
0.9,23.27,400.0,0,0.18,1,9.594
0.9,23.27,400.0,0,0.36,1,9.719
0.9,23.27,400.0,25,0.18,1,9.552
0.9,23.27,400.0,25,0.36,1,9.707
0.9,23.27,400.0,75,0.18,1,9.222
0.9,23.27,400.0,75,0.36,1,9.693
0.9,23.27,400.0,100,0.18,1,8.89
0.9,23.27,400.0,100,0.36,1,9.678
0.9,23.27,400.0,125,0.18,1,8.467
0.9,23.27,400.0,125,0.36,1,9.642
0.9,27.73,10.0,-40,0.18,1,11.367
0.9,27.73,10.0,-40,0.36,1,11.465
0.9,27.73,10.0,-25,0.18,1,11.368
0.9,27.73,10.0,-25,0.36,1,11.466
0.9,27.73,10.0,0,0.18,1,11.369
0.9,27.73,10.0,0,0.36,1,11.467
0.9,27.73,10.0,25,0.18,1,11.37
0.9,27.73,10.0,25,0.36,1,11.468
0.9,27.73,10.0,75,0.18,1,11.362
0.9,27.73,10.0,75,0.36,1,11.468
0.9,27.73,10.0,100,0.18,1,11.334
0.9,27.73,10.0,100,0.36,1,11.458
0.9,27.73,10.0,125,0.18,1,11.263
0.9,27.73,10.0,125,0.36,1,11.434
0.9,27.73,50.0,-40,0.18,1,11.36
0.9,27.73,50.0,-40,0.36,1,11.447
0.9,27.73,50.0,-25,0.18,1,11.361
0.9,27.73,50.0,-25,0.36,1,11.451
0.9,27.73,50.0,0,0.18,1,11.364
0.9,27.73,50.0,0,0.36,1,11.454
0.9,27.73,50.0,25,0.18,1,11.366
0.9,27.73,50.0,25,0.36,1,11.458
0.9,27.73,50.0,75,0.18,1,11.355
0.9,27.73,50.0,75,0.36,1,11.46
0.9,27.73,50.0,100,0.18,1,11.32
0.9,27.73,50.0,100,0.36,1,11.453
0.9,27.73,50.0,125,0.18,1,11.236
0.9,27.73,50.0,125,0.36,1,11.434
0.9,27.73,100.0,-40,0.18,1,11.36
0.9,27.73,100.0,-40,0.36,1,11.446
0.9,27.73,100.0,-25,0.18,1,11.361
0.9,27.73,100.0,-25,0.36,1,11.447
0.9,27.73,100.0,0,0.18,1,11.362
0.9,27.73,100.0,0,0.36,1,11.45
0.9,27.73,100.0,25,0.18,1,11.364
0.9,27.73,100.0,25,0.36,1,11.454
0.9,27.73,100.0,75,0.18,1,11.346
0.9,27.73,100.0,75,0.36,1,11.457
0.9,27.73,100.0,100,0.18,1,11.296
0.9,27.73,100.0,100,0.36,1,11.453
0.9,27.73,100.0,125,0.18,1,11.186
0.9,27.73,100.0,125,0.36,1,11.437
0.9,27.73,200.0,-40,0.18,1,11.373
0.9,27.73,200.0,-40,0.36,1,11.468
0.9,27.73,200.0,-25,0.18,1,11.369
0.9,27.73,200.0,-25,0.36,1,11.461
0.9,27.73,200.0,0,0.18,1,11.367
0.9,27.73,200.0,0,0.36,1,11.459
0.9,27.73,200.0,25,0.18,1,11.365
0.9,27.73,200.0,25,0.36,1,11.46
0.9,27.73,200.0,75,0.18,1,11.302
0.9,27.73,200.0,75,0.36,1,11.464
0.9,27.73,200.0,100,0.18,1,11.186
0.9,27.73,200.0,100,0.36,1,11.46
0.9,27.73,200.0,125,0.18,1,10.98
0.9,27.73,200.0,125,0.36,1,11.448
0.9,27.73,400.0,-40,0.18,1,11.43
0.9,27.73,400.0,-40,0.36,1,11.564
0.9,27.73,400.0,-25,0.18,1,11.41
0.9,27.73,400.0,-25,0.36,1,11.536
0.9,27.73,400.0,0,0.18,1,11.368
0.9,27.73,400.0,0,0.36,1,11.514
0.9,27.73,400.0,25,0.18,1,11.246
0.9,27.73,400.0,25,0.36,1,11.503
0.9,27.73,400.0,75,0.18,1,10.528
0.9,27.73,400.0,75,0.36,1,11.476
0.9,27.73,400.0,100,0.18,1,9.949
0.9,27.73,400.0,100,0.36,1,11.428
0.9,27.73,400.0,125,0.18,1,9.3
0.9,27.73,400.0,125,0.36,1,11.329
0.9,32.18,10.0,-40,0.18,1,13.172
0.9,32.18,10.0,-40,0.36,1,13.269
0.9,32.18,10.0,-25,0.18,1,13.172
0.9,32.18,10.0,-25,0.36,1,13.27
0.9,32.18,10.0,0,0.18,1,13.173
0.9,32.18,10.0,0,0.36,1,13.271
0.9,32.18,10.0,25,0.18,1,13.174
0.9,32.18,10.0,25,0.36,1,13.271
0.9,32.18,10.0,75,0.18,1,13.135
0.9,32.18,10.0,75,0.36,1,13.257
0.9,32.18,10.0,100,0.18,1,13.05
0.9,32.18,10.0,100,0.36,1,13.224
0.9,32.18,10.0,125,0.18,1,12.875
0.9,32.18,10.0,125,0.36,1,13.158
0.9,32.18,50.0,-40,0.18,1,13.165
0.9,32.18,50.0,-40,0.36,1,13.253
0.9,32.18,50.0,-25,0.18,1,13.166
0.9,32.18,50.0,-25,0.36,1,13.255
0.9,32.18,50.0,0,0.18,1,13.168
0.9,32.18,50.0,0,0.36,1,13.26
0.9,32.18,50.0,25,0.18,1,13.169
0.9,32.18,50.0,25,0.36,1,13.262
0.9,32.18,50.0,75,0.18,1,13.122
0.9,32.18,50.0,75,0.36,1,13.252
0.9,32.18,50.0,100,0.18,1,13.022
0.9,32.18,50.0,100,0.36,1,13.225
0.9,32.18,50.0,125,0.18,1,12.823
0.9,32.18,50.0,125,0.36,1,13.168
0.9,32.18,100.0,-40,0.18,1,13.165
0.9,32.18,100.0,-40,0.36,1,13.25
0.9,32.18,100.0,-25,0.18,1,13.165
0.9,32.18,100.0,-25,0.36,1,13.252
0.9,32.18,100.0,0,0.18,1,13.167
0.9,32.18,100.0,0,0.36,1,13.255
0.9,32.18,100.0,25,0.18,1,13.166
0.9,32.18,100.0,25,0.36,1,13.258
0.9,32.18,100.0,75,0.18,1,13.1
0.9,32.18,100.0,75,0.36,1,13.252
0.9,32.18,100.0,100,0.18,1,12.968
0.9,32.18,100.0,100,0.36,1,13.231
0.9,32.18,100.0,125,0.18,1,12.725
0.9,32.18,100.0,125,0.36,1,13.181
0.9,32.18,200.0,-40,0.18,1,13.176
0.9,32.18,200.0,-40,0.36,1,13.268
0.9,32.18,200.0,-25,0.18,1,13.172
0.9,32.18,200.0,-25,0.36,1,13.264
0.9,32.18,200.0,0,0.18,1,13.17
0.9,32.18,200.0,0,0.36,1,13.262
0.9,32.18,200.0,25,0.18,1,13.161
0.9,32.18,200.0,25,0.36,1,13.265
0.9,32.18,200.0,75,0.18,1,12.987
0.9,32.18,200.0,75,0.36,1,13.262
0.9,32.18,200.0,100,0.18,1,12.737
0.9,32.18,200.0,100,0.36,1,13.244
0.9,32.18,200.0,125,0.18,1,12.348
0.9,32.18,200.0,125,0.36,1,13.198
0.9,32.18,400.0,-40,0.18,1,13.227
0.9,32.18,400.0,-40,0.36,1,13.357
0.9,32.18,400.0,-25,0.18,1,13.197
0.9,32.18,400.0,-25,0.36,1,13.331
0.9,32.18,400.0,0,0.18,1,13.097
0.9,32.18,400.0,0,0.36,1,13.311
0.9,32.18,400.0,25,0.18,1,12.817
0.9,32.18,400.0,25,0.36,1,13.3
0.9,32.18,400.0,75,0.18,1,11.574
0.9,32.18,400.0,75,0.36,1,13.23
0.9,32.18,400.0,100,0.18,1,10.742
0.9,32.18,400.0,100,0.36,1,13.112
0.9,32.18,400.0,125,0.18,1,9.894
0.9,32.18,400.0,125,0.36,1,12.9
0.9,36.64,10.0,-40,0.18,1,14.976
0.9,36.64,10.0,-40,0.36,1,15.073
0.9,36.64,10.0,-25,0.18,1,14.976
0.9,36.64,10.0,-25,0.36,1,15.074
0.9,36.64,10.0,0,0.18,1,14.976
0.9,36.64,10.0,0,0.36,1,15.074
0.9,36.64,10.0,25,0.18,1,14.972
0.9,36.64,10.0,25,0.36,1,15.071
0.9,36.64,10.0,75,0.18,1,14.86
0.9,36.64,10.0,75,0.36,1,15.021
0.9,36.64,10.0,100,0.18,1,14.668
0.9,36.64,10.0,100,0.36,1,14.941
0.9,36.64,10.0,125,0.18,1,14.325
0.9,36.64,10.0,125,0.36,1,14.801
0.9,36.64,50.0,-40,0.18,1,14.969
0.9,36.64,50.0,-40,0.36,1,15.058
0.9,36.64,50.0,-25,0.18,1,14.97
0.9,36.64,50.0,-25,0.36,1,15.06
0.9,36.64,50.0,0,0.18,1,14.972
0.9,36.64,50.0,0,0.36,1,15.063
0.9,36.64,50.0,25,0.18,1,14.967
0.9,36.64,50.0,25,0.36,1,15.064
0.9,36.64,50.0,75,0.18,1,14.837
0.9,36.64,50.0,75,0.36,1,15.023
0.9,36.64,50.0,100,0.18,1,14.618
0.9,36.64,50.0,100,0.36,1,14.954
0.9,36.64,50.0,125,0.18,1,14.239
0.9,36.64,50.0,125,0.36,1,14.827
0.9,36.64,100.0,-40,0.18,1,14.97
0.9,36.64,100.0,-40,0.36,1,15.055
0.9,36.64,100.0,-25,0.18,1,14.97
0.9,36.64,100.0,-25,0.36,1,15.056
0.9,36.64,100.0,0,0.18,1,14.97
0.9,36.64,100.0,0,0.36,1,15.06
0.9,36.64,100.0,25,0.18,1,14.962
0.9,36.64,100.0,25,0.36,1,15.06
0.9,36.64,100.0,75,0.18,1,14.789
0.9,36.64,100.0,75,0.36,1,15.029
0.9,36.64,100.0,100,0.18,1,14.519
0.9,36.64,100.0,100,0.36,1,14.971
0.9,36.64,100.0,125,0.18,1,14.08
0.9,36.64,100.0,125,0.36,1,14.856
0.9,36.64,200.0,-40,0.18,1,14.979
0.9,36.64,200.0,-40,0.36,1,15.071
0.9,36.64,200.0,-25,0.18,1,14.976
0.9,36.64,200.0,-25,0.36,1,15.065
0.9,36.64,200.0,0,0.18,1,14.971
0.9,36.64,200.0,0,0.36,1,15.066
0.9,36.64,200.0,25,0.18,1,14.94
0.9,36.64,200.0,25,0.36,1,15.066
0.9,36.64,200.0,75,0.18,1,14.564
0.9,36.64,200.0,75,0.36,1,15.044
0.9,36.64,200.0,100,0.18,1,14.119
0.9,36.64,200.0,100,0.36,1,14.994
0.9,36.64,200.0,125,0.18,1,13.5
0.9,36.64,200.0,125,0.36,1,14.882
0.9,36.64,400.0,-40,0.18,1,15.016
0.9,36.64,400.0,-40,0.36,1,15.152
0.9,36.64,400.0,-25,0.18,1,14.964
0.9,36.64,400.0,-25,0.36,1,15.127
0.9,36.64,400.0,0,0.18,1,14.738
0.9,36.64,400.0,0,0.36,1,15.108
0.9,36.64,400.0,25,0.18,1,14.214
0.9,36.64,400.0,25,0.36,1,15.093
0.9,36.64,400.0,75,0.18,1,12.375
0.9,36.64,400.0,75,0.36,1,14.932
0.9,36.64,400.0,100,0.18,1,11.325
0.9,36.64,400.0,100,0.36,1,14.695
0.9,36.64,400.0,125,0.18,1,10.321
0.9,36.64,400.0,125,0.36,1,14.311
0.9,41.09,10.0,-40,0.18,1,16.78
0.9,41.09,10.0,-40,0.36,1,16.877
0.9,41.09,10.0,-25,0.18,1,16.78
0.9,41.09,10.0,-25,0.36,1,16.877
0.9,41.09,10.0,0,0.18,1,16.776
0.9,41.09,10.0,0,0.36,1,16.874
0.9,41.09,10.0,25,0.18,1,16.759
0.9,41.09,10.0,25,0.36,1,16.861
0.9,41.09,10.0,75,0.18,1,16.504
0.9,41.09,10.0,75,0.36,1,16.74
0.9,41.09,10.0,100,0.18,1,16.144
0.9,41.09,10.0,100,0.36,1,16.584
0.9,41.09,10.0,125,0.18,1,15.575
0.9,41.09,10.0,125,0.36,1,16.333
0.9,41.09,50.0,-40,0.18,1,16.774
0.9,41.09,50.0,-40,0.36,1,16.862
0.9,41.09,50.0,-25,0.18,1,16.774
0.9,41.09,50.0,-25,0.36,1,16.864
0.9,41.09,50.0,0,0.18,1,16.774
0.9,41.09,50.0,0,0.36,1,16.865
0.9,41.09,50.0,25,0.18,1,16.753
0.9,41.09,50.0,25,0.36,1,16.858
0.9,41.09,50.0,75,0.18,1,16.464
0.9,41.09,50.0,75,0.36,1,16.754
0.9,41.09,50.0,100,0.18,1,16.064
0.9,41.09,50.0,100,0.36,1,16.614
0.9,41.09,50.0,125,0.18,1,15.45
0.9,41.09,50.0,125,0.36,1,16.38
0.9,41.09,100.0,-40,0.18,1,16.774
0.9,41.09,100.0,-40,0.36,1,16.86
0.9,41.09,100.0,-25,0.18,1,16.774
0.9,41.09,100.0,-25,0.36,1,16.861
0.9,41.09,100.0,0,0.18,1,16.771
0.9,41.09,100.0,0,0.36,1,16.862
0.9,41.09,100.0,25,0.18,1,16.744
0.9,41.09,100.0,25,0.36,1,16.857
0.9,41.09,100.0,75,0.18,1,16.379
0.9,41.09,100.0,75,0.36,1,16.772
0.9,41.09,100.0,100,0.18,1,15.908
0.9,41.09,100.0,100,0.36,1,16.648
0.9,41.09,100.0,125,0.18,1,15.221
0.9,41.09,100.0,125,0.36,1,16.43
0.9,41.09,200.0,-40,0.18,1,16.783
0.9,41.09,200.0,-40,0.36,1,16.874
0.9,41.09,200.0,-25,0.18,1,16.779
0.9,41.09,200.0,-25,0.36,1,16.87
0.9,41.09,200.0,0,0.18,1,16.764
0.9,41.09,200.0,0,0.36,1,16.868
0.9,41.09,200.0,25,0.18,1,16.686
0.9,41.09,200.0,25,0.36,1,16.865
0.9,41.09,200.0,75,0.18,1,16.001
0.9,41.09,200.0,75,0.36,1,16.8
0.9,41.09,200.0,100,0.18,1,15.309
0.9,41.09,200.0,100,0.36,1,16.686
0.9,41.09,200.0,125,0.18,1,14.427
0.9,41.09,200.0,125,0.36,1,16.465
0.9,41.09,400.0,-40,0.18,1,16.793
0.9,41.09,400.0,-40,0.36,1,16.948
0.9,41.09,400.0,-25,0.18,1,16.687
0.9,41.09,400.0,-25,0.36,1,16.925
0.9,41.09,400.0,0,0.18,1,16.255
0.9,41.09,400.0,0,0.36,1,16.906
0.9,41.09,400.0,25,0.18,1,15.408
0.9,41.09,400.0,25,0.36,1,16.875
0.9,41.09,400.0,75,0.18,1,12.985
0.9,41.09,400.0,75,0.36,1,16.551
0.9,41.09,400.0,100,0.18,1,11.758
0.9,41.09,400.0,100,0.36,1,16.139
0.9,41.09,400.0,125,0.18,1,10.629
0.9,41.09,400.0,125,0.36,1,15.532
0.9,45.55,10.0,-40,0.18,1,18.582
0.9,45.55,10.0,-40,0.36,1,18.68
0.9,45.55,10.0,-25,0.18,1,18.58
0.9,45.55,10.0,-25,0.36,1,18.678
0.9,45.55,10.0,0,0.18,1,18.568
0.9,45.55,10.0,0,0.36,1,18.668
0.9,45.55,10.0,25,0.18,1,18.521
0.9,45.55,10.0,25,0.36,1,18.634
0.9,45.55,10.0,75,0.18,1,18.032
0.9,45.55,10.0,75,0.36,1,18.394
0.9,45.55,10.0,100,0.18,1,17.445
0.9,45.55,10.0,100,0.36,1,18.125
0.9,45.55,10.0,125,0.18,1,16.609
0.9,45.55,10.0,125,0.36,1,17.728
0.9,45.55,50.0,-40,0.18,1,18.577
0.9,45.55,50.0,-40,0.36,1,18.666
0.9,45.55,50.0,-25,0.18,1,18.576
0.9,45.55,50.0,-25,0.36,1,18.667
0.9,45.55,50.0,0,0.18,1,18.568
0.9,45.55,50.0,0,0.36,1,18.661
0.9,45.55,50.0,25,0.18,1,18.514
0.9,45.55,50.0,25,0.36,1,18.637
0.9,45.55,50.0,75,0.18,1,17.97
0.9,45.55,50.0,75,0.36,1,18.425
0.9,45.55,50.0,100,0.18,1,17.33
0.9,45.55,50.0,100,0.36,1,18.178
0.9,45.55,50.0,125,0.18,1,16.442
0.9,45.55,50.0,125,0.36,1,17.801
0.9,45.55,100.0,-40,0.18,1,18.578
0.9,45.55,100.0,-40,0.36,1,18.663
0.9,45.55,100.0,-25,0.18,1,18.577
0.9,45.55,100.0,-25,0.36,1,18.664
0.9,45.55,100.0,0,0.18,1,18.564
0.9,45.55,100.0,0,0.36,1,18.661
0.9,45.55,100.0,25,0.18,1,18.497
0.9,45.55,100.0,25,0.36,1,18.641
0.9,45.55,100.0,75,0.18,1,17.835
0.9,45.55,100.0,75,0.36,1,18.462
0.9,45.55,100.0,100,0.18,1,17.108
0.9,45.55,100.0,100,0.36,1,18.236
0.9,45.55,100.0,125,0.18,1,16.142
0.9,45.55,100.0,125,0.36,1,17.874
0.9,45.55,200.0,-40,0.18,1,18.586
0.9,45.55,200.0,-40,0.36,1,18.677
0.9,45.55,200.0,-25,0.18,1,18.58
0.9,45.55,200.0,-25,0.36,1,18.673
0.9,45.55,200.0,0,0.18,1,18.542
0.9,45.55,200.0,0,0.36,1,18.669
0.9,45.55,200.0,25,0.18,1,18.381
0.9,45.55,200.0,25,0.36,1,18.656
0.9,45.55,200.0,75,0.18,1,17.27
0.9,45.55,200.0,75,0.36,1,18.51
0.9,45.55,200.0,100,0.18,1,16.295
0.9,45.55,200.0,100,0.36,1,18.291
0.9,45.55,200.0,125,0.18,1,15.142
0.9,45.55,200.0,125,0.36,1,17.912
0.9,45.55,400.0,-40,0.18,1,18.538
0.9,45.55,400.0,-40,0.36,1,18.746
0.9,45.55,400.0,-25,0.18,1,18.336
0.9,45.55,400.0,-25,0.36,1,18.724
0.9,45.55,400.0,0,0.18,1,17.608
0.9,45.55,400.0,0,0.36,1,18.7
0.9,45.55,400.0,25,0.18,1,16.391
0.9,45.55,400.0,25,0.36,1,18.638
0.9,45.55,400.0,75,0.18,1,13.448
0.9,45.55,400.0,75,0.36,1,18.06
0.9,45.55,400.0,100,0.18,1,12.08
0.9,45.55,400.0,100,0.36,1,17.418
0.9,45.55,400.0,125,0.18,1,10.848
0.9,45.55,400.0,125,0.36,1,16.548
0.9,50.0,10.0,-40,0.18,1,20.382
0.9,50.0,10.0,-40,0.36,1,20.479
0.9,50.0,10.0,-25,0.18,1,20.376
0.9,50.0,10.0,-25,0.36,1,20.474
0.9,50.0,10.0,0,0.18,1,20.345
0.9,50.0,10.0,0,0.36,1,20.447
0.9,50.0,10.0,25,0.18,1,20.242
0.9,50.0,10.0,25,0.36,1,20.376
0.9,50.0,10.0,75,0.18,1,19.413
0.9,50.0,10.0,75,0.36,1,19.958
0.9,50.0,10.0,100,0.18,1,18.552
0.9,50.0,10.0,100,0.36,1,19.545
0.9,50.0,10.0,125,0.18,1,17.426
0.9,50.0,10.0,125,0.36,1,18.972
0.9,50.0,50.0,-40,0.18,1,20.377
0.9,50.0,50.0,-40,0.36,1,20.467
0.9,50.0,50.0,-25,0.18,1,20.374
0.9,50.0,50.0,-25,0.36,1,20.465
0.9,50.0,50.0,0,0.18,1,20.347
0.9,50.0,50.0,0,0.36,1,20.445
0.9,50.0,50.0,25,0.18,1,20.233
0.9,50.0,50.0,25,0.36,1,20.389
0.9,50.0,50.0,75,0.18,1,19.322
0.9,50.0,50.0,75,0.36,1,20.014
0.9,50.0,50.0,100,0.18,1,18.398
0.9,50.0,50.0,100,0.36,1,19.625
0.9,50.0,50.0,125,0.18,1,17.219
0.9,50.0,50.0,125,0.36,1,19.07
0.9,50.0,100.0,-40,0.18,1,20.378
0.9,50.0,100.0,-40,0.36,1,20.466
0.9,50.0,100.0,-25,0.18,1,20.376
0.9,50.0,100.0,-25,0.36,1,20.464
0.9,50.0,100.0,0,0.18,1,20.342
0.9,50.0,100.0,0,0.36,1,20.45
0.9,50.0,100.0,25,0.18,1,20.203
0.9,50.0,100.0,25,0.36,1,20.403
0.9,50.0,100.0,75,0.18,1,19.13
0.9,50.0,100.0,75,0.36,1,20.075
0.9,50.0,100.0,100,0.18,1,18.108
0.9,50.0,100.0,100,0.36,1,19.71
0.9,50.0,100.0,125,0.18,1,16.852
0.9,50.0,100.0,125,0.36,1,19.166
0.9,50.0,200.0,-40,0.18,1,20.387
0.9,50.0,200.0,-40,0.36,1,20.479
0.9,50.0,200.0,-25,0.18,1,20.376
0.9,50.0,200.0,-25,0.36,1,20.474
0.9,50.0,200.0,0,0.18,1,20.293
0.9,50.0,200.0,0,0.36,1,20.464
0.9,50.0,200.0,25,0.18,1,20.0
0.9,50.0,200.0,25,0.36,1,20.432
0.9,50.0,200.0,75,0.18,1,18.358
0.9,50.0,200.0,75,0.36,1,20.15
0.9,50.0,200.0,100,0.18,1,17.083
0.9,50.0,200.0,100,0.36,1,19.782
0.9,50.0,200.0,125,0.18,1,15.669
0.9,50.0,200.0,125,0.36,1,19.199
0.9,50.0,400.0,-40,0.18,1,20.229
0.9,50.0,400.0,-40,0.36,1,20.544
0.9,50.0,400.0,-25,0.18,1,19.876
0.9,50.0,400.0,-25,0.36,1,20.522
0.9,50.0,400.0,0,0.18,1,18.771
0.9,50.0,400.0,0,0.36,1,20.486
0.9,50.0,400.0,25,0.18,1,17.179
0.9,50.0,400.0,25,0.36,1,20.366
0.9,50.0,400.0,75,0.18,1,13.802
0.9,50.0,400.0,75,0.36,1,19.429
0.9,50.0,400.0,100,0.18,1,12.318
0.9,50.0,400.0,100,0.36,1,18.511
0.9,50.0,400.0,125,0.18,1,10.996
0.9,50.0,400.0,125,0.36,1,17.36
1.0,1.0,10.0,-40,0.18,1,0.649
1.0,1.0,10.0,-40,0.36,1,0.751
1.0,1.0,10.0,-25,0.18,1,0.651
1.0,1.0,10.0,-25,0.36,1,0.754
1.0,1.0,10.0,0,0.18,1,0.654
1.0,1.0,10.0,0,0.36,1,0.758
1.0,1.0,10.0,25,0.18,1,0.658
1.0,1.0,10.0,25,0.36,1,0.762
1.0,1.0,10.0,75,0.18,1,0.664
1.0,1.0,10.0,75,0.36,1,0.771
1.0,1.0,10.0,100,0.18,1,0.668
1.0,1.0,10.0,100,0.36,1,0.776
1.0,1.0,10.0,125,0.18,1,0.671
1.0,1.0,10.0,125,0.36,1,0.781
1.0,1.0,50.0,-40,0.18,1,0.695
1.0,1.0,50.0,-40,0.36,1,0.813
1.0,1.0,50.0,-25,0.18,1,0.685
1.0,1.0,50.0,-25,0.36,1,0.8
1.0,1.0,50.0,0,0.18,1,0.676
1.0,1.0,50.0,0,0.36,1,0.787
1.0,1.0,50.0,25,0.18,1,0.67
1.0,1.0,50.0,25,0.36,1,0.779
1.0,1.0,50.0,75,0.18,1,0.667
1.0,1.0,50.0,75,0.36,1,0.773
1.0,1.0,50.0,100,0.18,1,0.667
1.0,1.0,50.0,100,0.36,1,0.773
1.0,1.0,50.0,125,0.18,1,0.669
1.0,1.0,50.0,125,0.36,1,0.774
1.0,1.0,100.0,-40,0.18,1,0.819
1.0,1.0,100.0,-40,0.36,1,0.992
1.0,1.0,100.0,-25,0.18,1,0.793
1.0,1.0,100.0,-25,0.36,1,0.959
1.0,1.0,100.0,0,0.18,1,0.764
1.0,1.0,100.0,0,0.36,1,0.919
1.0,1.0,100.0,25,0.18,1,0.744
1.0,1.0,100.0,25,0.36,1,0.891
1.0,1.0,100.0,75,0.18,1,0.72
1.0,1.0,100.0,75,0.36,1,0.857
1.0,1.0,100.0,100,0.18,1,0.713
1.0,1.0,100.0,100,0.36,1,0.846
1.0,1.0,100.0,125,0.18,1,0.708
1.0,1.0,100.0,125,0.36,1,0.838
1.0,1.0,200.0,-40,0.18,1,1.145
1.0,1.0,200.0,-40,0.36,1,1.439
1.0,1.0,200.0,-25,0.18,1,1.084
1.0,1.0,200.0,-25,0.36,1,1.366
1.0,1.0,200.0,0,0.18,1,1.01
1.0,1.0,200.0,0,0.36,1,1.273
1.0,1.0,200.0,25,0.18,1,0.956
1.0,1.0,200.0,25,0.36,1,1.201
1.0,1.0,200.0,75,0.18,1,0.883
1.0,1.0,200.0,75,0.36,1,1.101
1.0,1.0,200.0,100,0.18,1,0.859
1.0,1.0,200.0,100,0.36,1,1.066
1.0,1.0,200.0,125,0.18,1,0.839
1.0,1.0,200.0,125,0.36,1,1.038
1.0,1.0,400.0,-40,0.18,1,1.933
1.0,1.0,400.0,-40,0.36,1,2.495
1.0,1.0,400.0,-25,0.18,1,1.8
1.0,1.0,400.0,-25,0.36,1,2.341
1.0,1.0,400.0,0,0.18,1,1.63
1.0,1.0,400.0,0,0.36,1,2.134
1.0,1.0,400.0,25,0.18,1,1.5
1.0,1.0,400.0,25,0.36,1,1.97
1.0,1.0,400.0,75,0.18,1,1.316
1.0,1.0,400.0,75,0.36,1,1.726
1.0,1.0,400.0,100,0.18,1,1.25
1.0,1.0,400.0,100,0.36,1,1.636
1.0,1.0,400.0,125,0.18,1,1.196
1.0,1.0,400.0,125,0.36,1,1.561
1.0,5.45,10.0,-40,0.18,1,2.891
1.0,5.45,10.0,-40,0.36,1,2.999
1.0,5.45,10.0,-25,0.18,1,2.893
1.0,5.45,10.0,-25,0.36,1,3.003
1.0,5.45,10.0,0,0.18,1,2.896
1.0,5.45,10.0,0,0.36,1,3.009
1.0,5.45,10.0,25,0.18,1,2.899
1.0,5.45,10.0,25,0.36,1,3.014
1.0,5.45,10.0,75,0.18,1,2.903
1.0,5.45,10.0,75,0.36,1,3.021
1.0,5.45,10.0,100,0.18,1,2.904
1.0,5.45,10.0,100,0.36,1,3.025
1.0,5.45,10.0,125,0.18,1,2.906
1.0,5.45,10.0,125,0.36,1,3.028
1.0,5.45,50.0,-40,0.18,1,2.897
1.0,5.45,50.0,-40,0.36,1,3.001
1.0,5.45,50.0,-25,0.18,1,2.893
1.0,5.45,50.0,-25,0.36,1,2.998
1.0,5.45,50.0,0,0.18,1,2.892
1.0,5.45,50.0,0,0.36,1,2.997
1.0,5.45,50.0,25,0.18,1,2.893
1.0,5.45,50.0,25,0.36,1,2.998
1.0,5.45,50.0,75,0.18,1,2.897
1.0,5.45,50.0,75,0.36,1,3.005
1.0,5.45,50.0,100,0.18,1,2.899
1.0,5.45,50.0,100,0.36,1,3.009
1.0,5.45,50.0,125,0.18,1,2.901
1.0,5.45,50.0,125,0.36,1,3.013
1.0,5.45,100.0,-40,0.18,1,2.955
1.0,5.45,100.0,-40,0.36,1,3.096
1.0,5.45,100.0,-25,0.18,1,2.939
1.0,5.45,100.0,-25,0.36,1,3.073
1.0,5.45,100.0,0,0.18,1,2.925
1.0,5.45,100.0,0,0.36,1,3.051
1.0,5.45,100.0,25,0.18,1,2.917
1.0,5.45,100.0,25,0.36,1,3.039
1.0,5.45,100.0,75,0.18,1,2.912
1.0,5.45,100.0,75,0.36,1,3.03
1.0,5.45,100.0,100,0.18,1,2.911
1.0,5.45,100.0,100,0.36,1,3.029
1.0,5.45,100.0,125,0.18,1,2.911
1.0,5.45,100.0,125,0.36,1,3.029
1.0,5.45,200.0,-40,0.18,1,3.134
1.0,5.45,200.0,-40,0.36,1,3.371
1.0,5.45,200.0,-25,0.18,1,3.089
1.0,5.45,200.0,-25,0.36,1,3.311
1.0,5.45,200.0,0,0.18,1,3.042
1.0,5.45,200.0,0,0.36,1,3.244
1.0,5.45,200.0,25,0.18,1,3.013
1.0,5.45,200.0,25,0.36,1,3.198
1.0,5.45,200.0,75,0.18,1,2.979
1.0,5.45,200.0,75,0.36,1,3.144
1.0,5.45,200.0,100,0.18,1,2.969
1.0,5.45,200.0,100,0.36,1,3.127
1.0,5.45,200.0,125,0.18,1,2.961
1.0,5.45,200.0,125,0.36,1,3.115
1.0,5.45,400.0,-40,0.18,1,3.612
1.0,5.45,400.0,-40,0.36,1,4.088
1.0,5.45,400.0,-25,0.18,1,3.505
1.0,5.45,400.0,-25,0.36,1,3.95
1.0,5.45,400.0,0,0.18,1,3.385
1.0,5.45,400.0,0,0.36,1,3.783
1.0,5.45,400.0,25,0.18,1,3.302
1.0,5.45,400.0,25,0.36,1,3.663
1.0,5.45,400.0,75,0.18,1,3.196
1.0,5.45,400.0,75,0.36,1,3.5
1.0,5.45,400.0,100,0.18,1,3.16
1.0,5.45,400.0,100,0.36,1,3.445
1.0,5.45,400.0,125,0.18,1,3.132
1.0,5.45,400.0,125,0.36,1,3.4
1.0,9.91,10.0,-40,0.18,1,5.122
1.0,9.91,10.0,-40,0.36,1,5.235
1.0,9.91,10.0,-25,0.18,1,5.124
1.0,9.91,10.0,-25,0.36,1,5.238
1.0,9.91,10.0,0,0.18,1,5.127
1.0,9.91,10.0,0,0.36,1,5.243
1.0,9.91,10.0,25,0.18,1,5.128
1.0,9.91,10.0,25,0.36,1,5.247
1.0,9.91,10.0,75,0.18,1,5.131
1.0,9.91,10.0,75,0.36,1,5.254
1.0,9.91,10.0,100,0.18,1,5.133
1.0,9.91,10.0,100,0.36,1,5.256
1.0,9.91,10.0,125,0.18,1,5.134
1.0,9.91,10.0,125,0.36,1,5.258
1.0,9.91,50.0,-40,0.18,1,5.122
1.0,9.91,50.0,-40,0.36,1,5.227
1.0,9.91,50.0,-25,0.18,1,5.12
1.0,9.91,50.0,-25,0.36,1,5.225
1.0,9.91,50.0,0,0.18,1,5.121
1.0,9.91,50.0,0,0.36,1,5.227
1.0,9.91,50.0,25,0.18,1,5.122
1.0,9.91,50.0,25,0.36,1,5.231
1.0,9.91,50.0,75,0.18,1,5.126
1.0,9.91,50.0,75,0.36,1,5.239
1.0,9.91,50.0,100,0.18,1,5.128
1.0,9.91,50.0,100,0.36,1,5.243
1.0,9.91,50.0,125,0.18,1,5.13
1.0,9.91,50.0,125,0.36,1,5.246
1.0,9.91,100.0,-40,0.18,1,5.162
1.0,9.91,100.0,-40,0.36,1,5.291
1.0,9.91,100.0,-25,0.18,1,5.151
1.0,9.91,100.0,-25,0.36,1,5.274
1.0,9.91,100.0,0,0.18,1,5.142
1.0,9.91,100.0,0,0.36,1,5.26
1.0,9.91,100.0,25,0.18,1,5.137
1.0,9.91,100.0,25,0.36,1,5.253
1.0,9.91,100.0,75,0.18,1,5.135
1.0,9.91,100.0,75,0.36,1,5.252
1.0,9.91,100.0,100,0.18,1,5.135
1.0,9.91,100.0,100,0.36,1,5.253
1.0,9.91,100.0,125,0.18,1,5.136
1.0,9.91,100.0,125,0.36,1,5.254
1.0,9.91,200.0,-40,0.18,1,5.297
1.0,9.91,200.0,-40,0.36,1,5.504
1.0,9.91,200.0,-25,0.18,1,5.26
1.0,9.91,200.0,-25,0.36,1,5.453
1.0,9.91,200.0,0,0.18,1,5.223
1.0,9.91,200.0,0,0.36,1,5.399
1.0,9.91,200.0,25,0.18,1,5.202
1.0,9.91,200.0,25,0.36,1,5.365
1.0,9.91,200.0,75,0.18,1,5.178
1.0,9.91,200.0,75,0.36,1,5.327
1.0,9.91,200.0,100,0.18,1,5.172
1.0,9.91,200.0,100,0.36,1,5.317
1.0,9.91,200.0,125,0.18,1,5.167
1.0,9.91,200.0,125,0.36,1,5.309
1.0,9.91,400.0,-40,0.18,1,5.677
1.0,9.91,400.0,-40,0.36,1,6.092
1.0,9.91,400.0,-25,0.18,1,5.584
1.0,9.91,400.0,-25,0.36,1,5.965
1.0,9.91,400.0,0,0.18,1,5.483
1.0,9.91,400.0,0,0.36,1,5.819
1.0,9.91,400.0,25,0.18,1,5.416
1.0,9.91,400.0,25,0.36,1,5.719
1.0,9.91,400.0,75,0.18,1,5.334
1.0,9.91,400.0,75,0.36,1,5.59
1.0,9.91,400.0,100,0.18,1,5.307
1.0,9.91,400.0,100,0.36,1,5.547
1.0,9.91,400.0,125,0.18,1,5.284
1.0,9.91,400.0,125,0.36,1,5.514
1.0,14.36,10.0,-40,0.18,1,7.352
1.0,14.36,10.0,-40,0.36,1,7.467
1.0,14.36,10.0,-25,0.18,1,7.353
1.0,14.36,10.0,-25,0.36,1,7.47
1.0,14.36,10.0,0,0.18,1,7.354
1.0,14.36,10.0,0,0.36,1,7.473
1.0,14.36,10.0,25,0.18,1,7.356
1.0,14.36,10.0,25,0.36,1,7.478
1.0,14.36,10.0,75,0.18,1,7.359
1.0,14.36,10.0,75,0.36,1,7.482
1.0,14.36,10.0,100,0.18,1,7.361
1.0,14.36,10.0,100,0.36,1,7.484
1.0,14.36,10.0,125,0.18,1,7.362
1.0,14.36,10.0,125,0.36,1,7.486
1.0,14.36,50.0,-40,0.18,1,7.35
1.0,14.36,50.0,-40,0.36,1,7.455
1.0,14.36,50.0,-25,0.18,1,7.349
1.0,14.36,50.0,-25,0.36,1,7.455
1.0,14.36,50.0,0,0.18,1,7.349
1.0,14.36,50.0,0,0.36,1,7.458
1.0,14.36,50.0,25,0.18,1,7.351
1.0,14.36,50.0,25,0.36,1,7.462
1.0,14.36,50.0,75,0.18,1,7.354
1.0,14.36,50.0,75,0.36,1,7.469
1.0,14.36,50.0,100,0.18,1,7.356
1.0,14.36,50.0,100,0.36,1,7.472
1.0,14.36,50.0,125,0.18,1,7.357
1.0,14.36,50.0,125,0.36,1,7.475
1.0,14.36,100.0,-40,0.18,1,7.38
1.0,14.36,100.0,-40,0.36,1,7.504
1.0,14.36,100.0,-25,0.18,1,7.37
1.0,14.36,100.0,-25,0.36,1,7.49
1.0,14.36,100.0,0,0.18,1,7.363
1.0,14.36,100.0,0,0.36,1,7.481
1.0,14.36,100.0,25,0.18,1,7.36
1.0,14.36,100.0,25,0.36,1,7.478
1.0,14.36,100.0,75,0.18,1,7.36
1.0,14.36,100.0,75,0.36,1,7.477
1.0,14.36,100.0,100,0.18,1,7.36
1.0,14.36,100.0,100,0.36,1,7.479
1.0,14.36,100.0,125,0.18,1,7.361
1.0,14.36,100.0,125,0.36,1,7.481
1.0,14.36,200.0,-40,0.18,1,7.491
1.0,14.36,200.0,-40,0.36,1,7.681
1.0,14.36,200.0,-25,0.18,1,7.459
1.0,14.36,200.0,-25,0.36,1,7.635
1.0,14.36,200.0,0,0.18,1,7.428
1.0,14.36,200.0,0,0.36,1,7.59
1.0,14.36,200.0,25,0.18,1,7.411
1.0,14.36,200.0,25,0.36,1,7.563
1.0,14.36,200.0,75,0.18,1,7.393
1.0,14.36,200.0,75,0.36,1,7.534
1.0,14.36,200.0,100,0.18,1,7.389
1.0,14.36,200.0,100,0.36,1,7.527
1.0,14.36,200.0,125,0.18,1,7.384
1.0,14.36,200.0,125,0.36,1,7.522
1.0,14.36,400.0,-40,0.18,1,7.816
1.0,14.36,400.0,-40,0.36,1,8.189
1.0,14.36,400.0,-25,0.18,1,7.731
1.0,14.36,400.0,-25,0.36,1,8.072
1.0,14.36,400.0,0,0.18,1,7.642
1.0,14.36,400.0,0,0.36,1,7.941
1.0,14.36,400.0,25,0.18,1,7.584
1.0,14.36,400.0,25,0.36,1,7.855
1.0,14.36,400.0,75,0.18,1,7.511
1.0,14.36,400.0,75,0.36,1,7.746
1.0,14.36,400.0,100,0.18,1,7.475
1.0,14.36,400.0,100,0.36,1,7.711
1.0,14.36,400.0,125,0.18,1,7.424
1.0,14.36,400.0,125,0.36,1,7.684
1.0,18.82,10.0,-40,0.18,1,9.58
1.0,18.82,10.0,-40,0.36,1,9.696
1.0,18.82,10.0,-25,0.18,1,9.581
1.0,18.82,10.0,-25,0.36,1,9.699
1.0,18.82,10.0,0,0.18,1,9.582
1.0,18.82,10.0,0,0.36,1,9.704
1.0,18.82,10.0,25,0.18,1,9.584
1.0,18.82,10.0,25,0.36,1,9.706
1.0,18.82,10.0,75,0.18,1,9.587
1.0,18.82,10.0,75,0.36,1,9.71
1.0,18.82,10.0,100,0.18,1,9.587
1.0,18.82,10.0,100,0.36,1,9.712
1.0,18.82,10.0,125,0.18,1,9.587
1.0,18.82,10.0,125,0.36,1,9.713
1.0,18.82,50.0,-40,0.18,1,9.577
1.0,18.82,50.0,-40,0.36,1,9.683
1.0,18.82,50.0,-25,0.18,1,9.576
1.0,18.82,50.0,-25,0.36,1,9.684
1.0,18.82,50.0,0,0.18,1,9.578
1.0,18.82,50.0,0,0.36,1,9.689
1.0,18.82,50.0,25,0.18,1,9.579
1.0,18.82,50.0,25,0.36,1,9.692
1.0,18.82,50.0,75,0.18,1,9.582
1.0,18.82,50.0,75,0.36,1,9.698
1.0,18.82,50.0,100,0.18,1,9.583
1.0,18.82,50.0,100,0.36,1,9.701
1.0,18.82,50.0,125,0.18,1,9.582
1.0,18.82,50.0,125,0.36,1,9.703
1.0,18.82,100.0,-40,0.18,1,9.601
1.0,18.82,100.0,-40,0.36,1,9.723
1.0,18.82,100.0,-25,0.18,1,9.593
1.0,18.82,100.0,-25,0.36,1,9.713
1.0,18.82,100.0,0,0.18,1,9.588
1.0,18.82,100.0,0,0.36,1,9.706
1.0,18.82,100.0,25,0.18,1,9.586
1.0,18.82,100.0,25,0.36,1,9.704
1.0,18.82,100.0,75,0.18,1,9.586
1.0,18.82,100.0,75,0.36,1,9.705
1.0,18.82,100.0,100,0.18,1,9.586
1.0,18.82,100.0,100,0.36,1,9.707
1.0,18.82,100.0,125,0.18,1,9.583
1.0,18.82,100.0,125,0.36,1,9.708
1.0,18.82,200.0,-40,0.18,1,9.696
1.0,18.82,200.0,-40,0.36,1,9.875
1.0,18.82,200.0,-25,0.18,1,9.667
1.0,18.82,200.0,-25,0.36,1,9.835
1.0,18.82,200.0,0,0.18,1,9.641
1.0,18.82,200.0,0,0.36,1,9.795
1.0,18.82,200.0,25,0.18,1,9.628
1.0,18.82,200.0,25,0.36,1,9.773
1.0,18.82,200.0,75,0.18,1,9.613
1.0,18.82,200.0,75,0.36,1,9.75
1.0,18.82,200.0,100,0.18,1,9.606
1.0,18.82,200.0,100,0.36,1,9.744
1.0,18.82,200.0,125,0.18,1,9.591
1.0,18.82,200.0,125,0.36,1,9.74
1.0,18.82,400.0,-40,0.18,1,9.984
1.0,18.82,400.0,-40,0.36,1,10.328
1.0,18.82,400.0,-25,0.18,1,9.905
1.0,18.82,400.0,-25,0.36,1,10.219
1.0,18.82,400.0,0,0.18,1,9.825
1.0,18.82,400.0,0,0.36,1,10.101
1.0,18.82,400.0,25,0.18,1,9.773
1.0,18.82,400.0,25,0.36,1,10.022
1.0,18.82,400.0,75,0.18,1,9.671
1.0,18.82,400.0,75,0.36,1,9.928
1.0,18.82,400.0,100,0.18,1,9.572
1.0,18.82,400.0,100,0.36,1,9.898
1.0,18.82,400.0,125,0.18,1,9.416
1.0,18.82,400.0,125,0.36,1,9.873
1.0,23.27,10.0,-40,0.18,1,11.808
1.0,23.27,10.0,-40,0.36,1,11.924
1.0,23.27,10.0,-25,0.18,1,11.808
1.0,23.27,10.0,-25,0.36,1,11.928
1.0,23.27,10.0,0,0.18,1,11.81
1.0,23.27,10.0,0,0.36,1,11.932
1.0,23.27,10.0,25,0.18,1,11.811
1.0,23.27,10.0,25,0.36,1,11.933
1.0,23.27,10.0,75,0.18,1,11.814
1.0,23.27,10.0,75,0.36,1,11.938
1.0,23.27,10.0,100,0.18,1,11.811
1.0,23.27,10.0,100,0.36,1,11.938
1.0,23.27,10.0,125,0.18,1,11.8
1.0,23.27,10.0,125,0.36,1,11.935
1.0,23.27,50.0,-40,0.18,1,11.804
1.0,23.27,50.0,-40,0.36,1,11.913
1.0,23.27,50.0,-25,0.18,1,11.804
1.0,23.27,50.0,-25,0.36,1,11.914
1.0,23.27,50.0,0,0.18,1,11.806
1.0,23.27,50.0,0,0.36,1,11.918
1.0,23.27,50.0,25,0.18,1,11.807
1.0,23.27,50.0,25,0.36,1,11.92
1.0,23.27,50.0,75,0.18,1,11.809
1.0,23.27,50.0,75,0.36,1,11.926
1.0,23.27,50.0,100,0.18,1,11.806
1.0,23.27,50.0,100,0.36,1,11.928
1.0,23.27,50.0,125,0.18,1,11.792
1.0,23.27,50.0,125,0.36,1,11.927
1.0,23.27,100.0,-40,0.18,1,11.825
1.0,23.27,100.0,-40,0.36,1,11.945
1.0,23.27,100.0,-25,0.18,1,11.818
1.0,23.27,100.0,-25,0.36,1,11.937
1.0,23.27,100.0,0,0.18,1,11.814
1.0,23.27,100.0,0,0.36,1,11.932
1.0,23.27,100.0,25,0.18,1,11.812
1.0,23.27,100.0,25,0.36,1,11.93
1.0,23.27,100.0,75,0.18,1,11.811
1.0,23.27,100.0,75,0.36,1,11.931
1.0,23.27,100.0,100,0.18,1,11.805
1.0,23.27,100.0,100,0.36,1,11.932
1.0,23.27,100.0,125,0.18,1,11.784
1.0,23.27,100.0,125,0.36,1,11.932
1.0,23.27,200.0,-40,0.18,1,11.907
1.0,23.27,200.0,-40,0.36,1,12.079
1.0,23.27,200.0,-25,0.18,1,11.882
1.0,23.27,200.0,-25,0.36,1,12.041
1.0,23.27,200.0,0,0.18,1,11.859
1.0,23.27,200.0,0,0.36,1,12.009
1.0,23.27,200.0,25,0.18,1,11.847
1.0,23.27,200.0,25,0.36,1,11.988
1.0,23.27,200.0,75,0.18,1,11.831
1.0,23.27,200.0,75,0.36,1,11.969
1.0,23.27,200.0,100,0.18,1,11.806
1.0,23.27,200.0,100,0.36,1,11.965
1.0,23.27,200.0,125,0.18,1,11.749
1.0,23.27,200.0,125,0.36,1,11.96
1.0,23.27,400.0,-40,0.18,1,12.167
1.0,23.27,400.0,-40,0.36,1,12.491
1.0,23.27,400.0,-25,0.18,1,12.094
1.0,23.27,400.0,-25,0.36,1,12.388
1.0,23.27,400.0,0,0.18,1,12.019
1.0,23.27,400.0,0,0.36,1,12.278
1.0,23.27,400.0,25,0.18,1,11.962
1.0,23.27,400.0,25,0.36,1,12.208
1.0,23.27,400.0,75,0.18,1,11.74
1.0,23.27,400.0,75,0.36,1,12.123
1.0,23.27,400.0,100,0.18,1,11.495
1.0,23.27,400.0,100,0.36,1,12.093
1.0,23.27,400.0,125,0.18,1,11.142
1.0,23.27,400.0,125,0.36,1,12.059
1.0,27.73,10.0,-40,0.18,1,14.035
1.0,27.73,10.0,-40,0.36,1,14.155
1.0,27.73,10.0,-25,0.18,1,14.036
1.0,27.73,10.0,-25,0.36,1,14.158
1.0,27.73,10.0,0,0.18,1,14.037
1.0,27.73,10.0,0,0.36,1,14.159
1.0,27.73,10.0,25,0.18,1,14.039
1.0,27.73,10.0,25,0.36,1,14.16
1.0,27.73,10.0,75,0.18,1,14.037
1.0,27.73,10.0,75,0.36,1,14.163
1.0,27.73,10.0,100,0.18,1,14.021
1.0,27.73,10.0,100,0.36,1,14.157
1.0,27.73,10.0,125,0.18,1,13.975
1.0,27.73,10.0,125,0.36,1,14.141
1.0,27.73,50.0,-40,0.18,1,14.031
1.0,27.73,50.0,-40,0.36,1,14.142
1.0,27.73,50.0,-25,0.18,1,14.031
1.0,27.73,50.0,-25,0.36,1,14.143
1.0,27.73,50.0,0,0.18,1,14.034
1.0,27.73,50.0,0,0.36,1,14.146
1.0,27.73,50.0,25,0.18,1,14.035
1.0,27.73,50.0,25,0.36,1,14.149
1.0,27.73,50.0,75,0.18,1,14.031
1.0,27.73,50.0,75,0.36,1,14.153
1.0,27.73,50.0,100,0.18,1,14.012
1.0,27.73,50.0,100,0.36,1,14.15
1.0,27.73,50.0,125,0.18,1,13.958
1.0,27.73,50.0,125,0.36,1,14.137
1.0,27.73,100.0,-40,0.18,1,14.049
1.0,27.73,100.0,-40,0.36,1,14.168
1.0,27.73,100.0,-25,0.18,1,14.043
1.0,27.73,100.0,-25,0.36,1,14.162
1.0,27.73,100.0,0,0.18,1,14.04
1.0,27.73,100.0,0,0.36,1,14.157
1.0,27.73,100.0,25,0.18,1,14.039
1.0,27.73,100.0,25,0.36,1,14.156
1.0,27.73,100.0,75,0.18,1,14.03
1.0,27.73,100.0,75,0.36,1,14.157
1.0,27.73,100.0,100,0.18,1,14.002
1.0,27.73,100.0,100,0.36,1,14.155
1.0,27.73,100.0,125,0.18,1,13.93
1.0,27.73,100.0,125,0.36,1,14.144
1.0,27.73,200.0,-40,0.18,1,14.122
1.0,27.73,200.0,-40,0.36,1,14.288
1.0,27.73,200.0,-25,0.18,1,14.099
1.0,27.73,200.0,-25,0.36,1,14.254
1.0,27.73,200.0,0,0.18,1,14.079
1.0,27.73,200.0,0,0.36,1,14.224
1.0,27.73,200.0,25,0.18,1,14.068
1.0,27.73,200.0,25,0.36,1,14.207
1.0,27.73,200.0,75,0.18,1,14.028
1.0,27.73,200.0,75,0.36,1,14.191
1.0,27.73,200.0,100,0.18,1,13.954
1.0,27.73,200.0,100,0.36,1,14.185
1.0,27.73,200.0,125,0.18,1,13.806
1.0,27.73,200.0,125,0.36,1,14.174
1.0,27.73,400.0,-40,0.18,1,14.36
1.0,27.73,400.0,-40,0.36,1,14.668
1.0,27.73,400.0,-25,0.18,1,14.29
1.0,27.73,400.0,-25,0.36,1,14.57
1.0,27.73,400.0,0,0.18,1,14.215
1.0,27.73,400.0,0,0.36,1,14.468
1.0,27.73,400.0,25,0.18,1,14.127
1.0,27.73,400.0,25,0.36,1,14.403
1.0,27.73,400.0,75,0.18,1,13.64
1.0,27.73,400.0,75,0.36,1,14.323
1.0,27.73,400.0,100,0.18,1,13.164
1.0,27.73,400.0,100,0.36,1,14.28
1.0,27.73,400.0,125,0.18,1,12.551
1.0,27.73,400.0,125,0.36,1,14.214
1.0,32.18,10.0,-40,0.18,1,16.263
1.0,32.18,10.0,-40,0.36,1,16.383
1.0,32.18,10.0,-25,0.18,1,16.263
1.0,32.18,10.0,-25,0.36,1,16.386
1.0,32.18,10.0,0,0.18,1,16.264
1.0,32.18,10.0,0,0.36,1,16.386
1.0,32.18,10.0,25,0.18,1,16.266
1.0,32.18,10.0,25,0.36,1,16.388
1.0,32.18,10.0,75,0.18,1,16.246
1.0,32.18,10.0,75,0.36,1,16.381
1.0,32.18,10.0,100,0.18,1,16.193
1.0,32.18,10.0,100,0.36,1,16.358
1.0,32.18,10.0,125,0.18,1,16.067
1.0,32.18,10.0,125,0.36,1,16.307
1.0,32.18,50.0,-40,0.18,1,16.259
1.0,32.18,50.0,-40,0.36,1,16.37
1.0,32.18,50.0,-25,0.18,1,16.259
1.0,32.18,50.0,-25,0.36,1,16.372
1.0,32.18,50.0,0,0.18,1,16.26
1.0,32.18,50.0,0,0.36,1,16.374
1.0,32.18,50.0,25,0.18,1,16.262
1.0,32.18,50.0,25,0.36,1,16.376
1.0,32.18,50.0,75,0.18,1,16.239
1.0,32.18,50.0,75,0.36,1,16.373
1.0,32.18,50.0,100,0.18,1,16.177
1.0,32.18,50.0,100,0.36,1,16.356
1.0,32.18,50.0,125,0.18,1,16.033
1.0,32.18,50.0,125,0.36,1,16.314
1.0,32.18,100.0,-40,0.18,1,16.275
1.0,32.18,100.0,-40,0.36,1,16.394
1.0,32.18,100.0,-25,0.18,1,16.269
1.0,32.18,100.0,-25,0.36,1,16.388
1.0,32.18,100.0,0,0.18,1,16.266
1.0,32.18,100.0,0,0.36,1,16.383
1.0,32.18,100.0,25,0.18,1,16.265
1.0,32.18,100.0,25,0.36,1,16.382
1.0,32.18,100.0,75,0.18,1,16.23
1.0,32.18,100.0,75,0.36,1,16.378
1.0,32.18,100.0,100,0.18,1,16.147
1.0,32.18,100.0,100,0.36,1,16.364
1.0,32.18,100.0,125,0.18,1,15.969
1.0,32.18,100.0,125,0.36,1,16.329
1.0,32.18,200.0,-40,0.18,1,16.341
1.0,32.18,200.0,-40,0.36,1,16.504
1.0,32.18,200.0,-25,0.18,1,16.319
1.0,32.18,200.0,-25,0.36,1,16.473
1.0,32.18,200.0,0,0.18,1,16.301
1.0,32.18,200.0,0,0.36,1,16.441
1.0,32.18,200.0,25,0.18,1,16.288
1.0,32.18,200.0,25,0.36,1,16.428
1.0,32.18,200.0,75,0.18,1,16.185
1.0,32.18,200.0,75,0.36,1,16.411
1.0,32.18,200.0,100,0.18,1,16.012
1.0,32.18,200.0,100,0.36,1,16.398
1.0,32.18,200.0,125,0.18,1,15.705
1.0,32.18,200.0,125,0.36,1,16.366
1.0,32.18,400.0,-40,0.18,1,16.559
1.0,32.18,400.0,-40,0.36,1,16.854
1.0,32.18,400.0,-25,0.18,1,16.492
1.0,32.18,400.0,-25,0.36,1,16.761
1.0,32.18,400.0,0,0.18,1,16.397
1.0,32.18,400.0,0,0.36,1,16.665
1.0,32.18,400.0,25,0.18,1,16.23
1.0,32.18,400.0,25,0.36,1,16.605
1.0,32.18,400.0,75,0.18,1,15.316
1.0,32.18,400.0,75,0.36,1,16.515
1.0,32.18,400.0,100,0.18,1,14.548
1.0,32.18,400.0,100,0.36,1,16.438
1.0,32.18,400.0,125,0.18,1,13.651
1.0,32.18,400.0,125,0.36,1,16.299
1.0,36.64,10.0,-40,0.18,1,18.49
1.0,36.64,10.0,-40,0.36,1,18.612
1.0,36.64,10.0,-25,0.18,1,18.491
1.0,36.64,10.0,-25,0.36,1,18.612
1.0,36.64,10.0,0,0.18,1,18.491
1.0,36.64,10.0,0,0.36,1,18.613
1.0,36.64,10.0,25,0.18,1,18.492
1.0,36.64,10.0,25,0.36,1,18.612
1.0,36.64,10.0,75,0.18,1,18.425
1.0,36.64,10.0,75,0.36,1,18.58
1.0,36.64,10.0,100,0.18,1,18.291
1.0,36.64,10.0,100,0.36,1,18.519
1.0,36.64,10.0,125,0.18,1,18.023
1.0,36.64,10.0,125,0.36,1,18.406
1.0,36.64,50.0,-40,0.18,1,18.486
1.0,36.64,50.0,-40,0.36,1,18.599
1.0,36.64,50.0,-25,0.18,1,18.486
1.0,36.64,50.0,-25,0.36,1,18.6
1.0,36.64,50.0,0,0.18,1,18.487
1.0,36.64,50.0,0,0.36,1,18.602
1.0,36.64,50.0,25,0.18,1,18.486
1.0,36.64,50.0,25,0.36,1,18.603
1.0,36.64,50.0,75,0.18,1,18.412
1.0,36.64,50.0,75,0.36,1,18.578
1.0,36.64,50.0,100,0.18,1,18.261
1.0,36.64,50.0,100,0.36,1,18.528
1.0,36.64,50.0,125,0.18,1,17.964
1.0,36.64,50.0,125,0.36,1,18.429
1.0,36.64,100.0,-40,0.18,1,18.501
1.0,36.64,100.0,-40,0.36,1,18.621
1.0,36.64,100.0,-25,0.18,1,18.496
1.0,36.64,100.0,-25,0.36,1,18.613
1.0,36.64,100.0,0,0.18,1,18.492
1.0,36.64,100.0,0,0.36,1,18.609
1.0,36.64,100.0,25,0.18,1,18.488
1.0,36.64,100.0,25,0.36,1,18.608
1.0,36.64,100.0,75,0.18,1,18.389
1.0,36.64,100.0,75,0.36,1,18.587
1.0,36.64,100.0,100,0.18,1,18.2
1.0,36.64,100.0,100,0.36,1,18.546
1.0,36.64,100.0,125,0.18,1,17.85
1.0,36.64,100.0,125,0.36,1,18.461
1.0,36.64,200.0,-40,0.18,1,18.561
1.0,36.64,200.0,-40,0.36,1,18.721
1.0,36.64,200.0,-25,0.18,1,18.541
1.0,36.64,200.0,-25,0.36,1,18.69
1.0,36.64,200.0,0,0.18,1,18.523
1.0,36.64,200.0,0,0.36,1,18.664
1.0,36.64,200.0,25,0.18,1,18.502
1.0,36.64,200.0,25,0.36,1,18.65
1.0,36.64,200.0,75,0.18,1,18.268
1.0,36.64,200.0,75,0.36,1,18.624
1.0,36.64,200.0,100,0.18,1,17.932
1.0,36.64,200.0,100,0.36,1,18.589
1.0,36.64,200.0,125,0.18,1,17.4
1.0,36.64,200.0,125,0.36,1,18.513
1.0,36.64,400.0,-40,0.18,1,18.762
1.0,36.64,400.0,-40,0.36,1,19.048
1.0,36.64,400.0,-25,0.18,1,18.69
1.0,36.64,400.0,-25,0.36,1,18.958
1.0,36.64,400.0,0,0.18,1,18.546
1.0,36.64,400.0,0,0.36,1,18.868
1.0,36.64,400.0,25,0.18,1,18.229
1.0,36.64,400.0,25,0.36,1,18.811
1.0,36.64,400.0,75,0.18,1,16.736
1.0,36.64,400.0,75,0.36,1,18.685
1.0,36.64,400.0,100,0.18,1,15.652
1.0,36.64,400.0,100,0.36,1,18.537
1.0,36.64,400.0,125,0.18,1,14.488
1.0,36.64,400.0,125,0.36,1,18.272
1.0,41.09,10.0,-40,0.18,1,20.717
1.0,41.09,10.0,-40,0.36,1,20.838
1.0,41.09,10.0,-25,0.18,1,20.718
1.0,41.09,10.0,-25,0.36,1,20.839
1.0,41.09,10.0,0,0.18,1,20.716
1.0,41.09,10.0,0,0.36,1,20.838
1.0,41.09,10.0,25,0.18,1,20.709
1.0,41.09,10.0,25,0.36,1,20.83
1.0,41.09,10.0,75,0.18,1,20.545
1.0,41.09,10.0,75,0.36,1,20.743
1.0,41.09,10.0,100,0.18,1,20.274
1.0,41.09,10.0,100,0.36,1,20.62
1.0,41.09,10.0,125,0.18,1,19.795
1.0,41.09,10.0,125,0.36,1,20.406
1.0,41.09,50.0,-40,0.18,1,20.713
1.0,41.09,50.0,-40,0.36,1,20.826
1.0,41.09,50.0,-25,0.18,1,20.713
1.0,41.09,50.0,-25,0.36,1,20.826
1.0,41.09,50.0,0,0.18,1,20.713
1.0,41.09,50.0,0,0.36,1,20.828
1.0,41.09,50.0,25,0.18,1,20.704
1.0,41.09,50.0,25,0.36,1,20.824
1.0,41.09,50.0,75,0.18,1,20.524
1.0,41.09,50.0,75,0.36,1,20.753
1.0,41.09,50.0,100,0.18,1,20.224
1.0,41.09,50.0,100,0.36,1,20.645
1.0,41.09,50.0,125,0.18,1,19.704
1.0,41.09,50.0,125,0.36,1,20.453
1.0,41.09,100.0,-40,0.18,1,20.727
1.0,41.09,100.0,-40,0.36,1,20.845
1.0,41.09,100.0,-25,0.18,1,20.722
1.0,41.09,100.0,-25,0.36,1,20.839
1.0,41.09,100.0,0,0.18,1,20.717
1.0,41.09,100.0,0,0.36,1,20.834
1.0,41.09,100.0,25,0.18,1,20.704
1.0,41.09,100.0,25,0.36,1,20.83
1.0,41.09,100.0,75,0.18,1,20.476
1.0,41.09,100.0,75,0.36,1,20.772
1.0,41.09,100.0,100,0.18,1,20.119
1.0,41.09,100.0,100,0.36,1,20.68
1.0,41.09,100.0,125,0.18,1,19.528
1.0,41.09,100.0,125,0.36,1,20.508
1.0,41.09,200.0,-40,0.18,1,20.782
1.0,41.09,200.0,-40,0.36,1,20.937
1.0,41.09,200.0,-25,0.18,1,20.763
1.0,41.09,200.0,-25,0.36,1,20.91
1.0,41.09,200.0,0,0.18,1,20.743
1.0,41.09,200.0,0,0.36,1,20.886
1.0,41.09,200.0,25,0.18,1,20.7
1.0,41.09,200.0,25,0.36,1,20.872
1.0,41.09,200.0,75,0.18,1,20.242
1.0,41.09,200.0,75,0.36,1,20.821
1.0,41.09,200.0,100,0.18,1,19.677
1.0,41.09,200.0,100,0.36,1,20.742
1.0,41.09,200.0,125,0.18,1,18.864
1.0,41.09,200.0,125,0.36,1,20.582
1.0,41.09,400.0,-40,0.18,1,20.965
1.0,41.09,400.0,-40,0.36,1,21.246
1.0,41.09,400.0,-25,0.18,1,20.877
1.0,41.09,400.0,-25,0.36,1,21.16
1.0,41.09,400.0,0,0.18,1,20.63
1.0,41.09,400.0,0,0.36,1,21.075
1.0,41.09,400.0,25,0.18,1,20.08
1.0,41.09,400.0,25,0.36,1,21.016
1.0,41.09,400.0,75,0.18,1,17.903
1.0,41.09,400.0,75,0.36,1,20.81
1.0,41.09,400.0,100,0.18,1,16.515
1.0,41.09,400.0,100,0.36,1,20.542
1.0,41.09,400.0,125,0.18,1,15.117
1.0,41.09,400.0,125,0.36,1,20.092
1.0,45.55,10.0,-40,0.18,1,22.943
1.0,45.55,10.0,-40,0.36,1,23.064
1.0,45.55,10.0,-25,0.18,1,22.943
1.0,45.55,10.0,-25,0.36,1,23.064
1.0,45.55,10.0,0,0.18,1,22.936
1.0,45.55,10.0,0,0.36,1,23.058
1.0,45.55,10.0,25,0.18,1,22.91
1.0,45.55,10.0,25,0.36,1,23.036
1.0,45.55,10.0,75,0.18,1,22.573
1.0,45.55,10.0,75,0.36,1,22.855
1.0,45.55,10.0,100,0.18,1,22.101
1.0,45.55,10.0,100,0.36,1,22.631
1.0,45.55,10.0,125,0.18,1,21.348
1.0,45.55,10.0,125,0.36,1,22.279
1.0,45.55,50.0,-40,0.18,1,22.94
1.0,45.55,50.0,-40,0.36,1,23.052
1.0,45.55,50.0,-25,0.18,1,22.939
1.0,45.55,50.0,-25,0.36,1,23.052
1.0,45.55,50.0,0,0.18,1,22.934
1.0,45.55,50.0,0,0.36,1,23.051
1.0,45.55,50.0,25,0.18,1,22.907
1.0,45.55,50.0,25,0.36,1,23.035
1.0,45.55,50.0,75,0.18,1,22.54
1.0,45.55,50.0,75,0.36,1,22.88
1.0,45.55,50.0,100,0.18,1,22.024
1.0,45.55,50.0,100,0.36,1,22.68
1.0,45.55,50.0,125,0.18,1,21.221
1.0,45.55,50.0,125,0.36,1,22.356
1.0,45.55,100.0,-40,0.18,1,22.953
1.0,45.55,100.0,-40,0.36,1,23.07
1.0,45.55,100.0,-25,0.18,1,22.948
1.0,45.55,100.0,-25,0.36,1,23.064
1.0,45.55,100.0,0,0.18,1,22.939
1.0,45.55,100.0,0,0.36,1,23.058
1.0,45.55,100.0,25,0.18,1,22.904
1.0,45.55,100.0,25,0.36,1,23.043
1.0,45.55,100.0,75,0.18,1,22.458
1.0,45.55,100.0,75,0.36,1,22.915
1.0,45.55,100.0,100,0.18,1,21.865
1.0,45.55,100.0,100,0.36,1,22.74
1.0,45.55,100.0,125,0.18,1,20.975
1.0,45.55,100.0,125,0.36,1,22.442
1.0,45.55,200.0,-40,0.18,1,23.004
1.0,45.55,200.0,-40,0.36,1,23.156
1.0,45.55,200.0,-25,0.18,1,22.986
1.0,45.55,200.0,-25,0.36,1,23.13
1.0,45.55,200.0,0,0.18,1,22.957
1.0,45.55,200.0,0,0.36,1,23.108
1.0,45.55,200.0,25,0.18,1,22.869
1.0,45.55,200.0,25,0.36,1,23.089
1.0,45.55,200.0,75,0.18,1,22.074
1.0,45.55,200.0,75,0.36,1,22.985
1.0,45.55,200.0,100,0.18,1,21.219
1.0,45.55,200.0,100,0.36,1,22.83
1.0,45.55,200.0,125,0.18,1,20.085
1.0,45.55,200.0,125,0.36,1,22.54
1.0,45.55,400.0,-40,0.18,1,23.158
1.0,45.55,400.0,-40,0.36,1,23.447
1.0,45.55,400.0,-25,0.18,1,23.032
1.0,45.55,400.0,-25,0.36,1,23.366
1.0,45.55,400.0,0,0.18,1,22.615
1.0,45.55,400.0,0,0.36,1,23.283
1.0,45.55,400.0,25,0.18,1,21.749
1.0,45.55,400.0,25,0.36,1,23.216
1.0,45.55,400.0,75,0.18,1,18.841
1.0,45.55,400.0,75,0.36,1,22.867
1.0,45.55,400.0,100,0.18,1,17.182
1.0,45.55,400.0,100,0.36,1,22.42
1.0,45.55,400.0,125,0.18,1,15.587
1.0,45.55,400.0,125,0.36,1,21.726
1.0,50.0,10.0,-40,0.18,1,25.167
1.0,50.0,10.0,-40,0.36,1,25.288
1.0,50.0,10.0,-25,0.18,1,25.164
1.0,50.0,10.0,-25,0.36,1,25.286
1.0,50.0,10.0,0,0.18,1,25.145
1.0,50.0,10.0,0,0.36,1,25.268
1.0,50.0,10.0,25,0.18,1,25.083
1.0,50.0,10.0,25,0.36,1,25.218
1.0,50.0,10.0,75,0.18,1,24.477
1.0,50.0,10.0,75,0.36,1,24.888
1.0,50.0,10.0,100,0.18,1,23.739
1.0,50.0,10.0,100,0.36,1,24.529
1.0,50.0,10.0,125,0.18,1,22.667
1.0,50.0,10.0,125,0.36,1,24.001
1.0,50.0,50.0,-40,0.18,1,25.165
1.0,50.0,50.0,-40,0.36,1,25.277
1.0,50.0,50.0,-25,0.18,1,25.162
1.0,50.0,50.0,-25,0.36,1,25.275
1.0,50.0,50.0,0,0.18,1,25.146
1.0,50.0,50.0,0,0.36,1,25.264
1.0,50.0,50.0,25,0.18,1,25.082
1.0,50.0,50.0,25,0.36,1,25.226
1.0,50.0,50.0,75,0.18,1,24.426
1.0,50.0,50.0,75,0.36,1,24.938
1.0,50.0,50.0,100,0.18,1,23.633
1.0,50.0,50.0,100,0.36,1,24.61
1.0,50.0,50.0,125,0.18,1,22.501
1.0,50.0,50.0,125,0.36,1,24.115
1.0,50.0,100.0,-40,0.18,1,25.178
1.0,50.0,100.0,-40,0.36,1,25.294
1.0,50.0,100.0,-25,0.18,1,25.171
1.0,50.0,100.0,-25,0.36,1,25.288
1.0,50.0,100.0,0,0.18,1,25.152
1.0,50.0,100.0,0,0.36,1,25.275
1.0,50.0,100.0,25,0.18,1,25.074
1.0,50.0,100.0,25,0.36,1,25.242
1.0,50.0,100.0,75,0.18,1,24.302
1.0,50.0,100.0,75,0.36,1,24.998
1.0,50.0,100.0,100,0.18,1,23.411
1.0,50.0,100.0,100,0.36,1,24.703
1.0,50.0,100.0,125,0.18,1,22.184
1.0,50.0,100.0,125,0.36,1,24.235
1.0,50.0,200.0,-40,0.18,1,25.226
1.0,50.0,200.0,-40,0.36,1,25.376
1.0,50.0,200.0,-25,0.18,1,25.206
1.0,50.0,200.0,-25,0.36,1,25.35
1.0,50.0,200.0,0,0.18,1,25.158
1.0,50.0,200.0,0,0.36,1,25.324
1.0,50.0,200.0,25,0.18,1,24.989
1.0,50.0,200.0,25,0.36,1,25.294
1.0,50.0,200.0,75,0.18,1,23.734
1.0,50.0,200.0,75,0.36,1,25.099
1.0,50.0,200.0,100,0.18,1,22.544
1.0,50.0,200.0,100,0.36,1,24.826
1.0,50.0,200.0,125,0.18,1,21.072
1.0,50.0,200.0,125,0.36,1,24.358
1.0,50.0,400.0,-40,0.18,1,25.334
1.0,50.0,400.0,-40,0.36,1,25.652
1.0,50.0,400.0,-25,0.18,1,25.138
1.0,50.0,400.0,-25,0.36,1,25.574
1.0,50.0,400.0,0,0.18,1,24.467
1.0,50.0,400.0,0,0.36,1,25.491
1.0,50.0,400.0,25,0.18,1,23.214
1.0,50.0,400.0,25,0.36,1,25.402
1.0,50.0,400.0,75,0.18,1,19.584
1.0,50.0,400.0,75,0.36,1,24.826
1.0,50.0,400.0,100,0.18,1,17.694
1.0,50.0,400.0,100,0.36,1,24.142
1.0,50.0,400.0,125,0.18,1,15.935
1.0,50.0,400.0,125,0.36,1,23.152
1.1,1.0,10.0,-40,0.18,1,0.797
1.1,1.0,10.0,-40,0.36,1,0.91
1.1,1.0,10.0,-25,0.18,1,0.796
1.1,1.0,10.0,-25,0.36,1,0.916
1.1,1.0,10.0,0,0.18,1,0.797
1.1,1.0,10.0,0,0.36,1,0.922
1.1,1.0,10.0,25,0.18,1,0.799
1.1,1.0,10.0,25,0.36,1,0.927
1.1,1.0,10.0,75,0.18,1,0.806
1.1,1.0,10.0,75,0.36,1,0.936
1.1,1.0,10.0,100,0.18,1,0.81
1.1,1.0,10.0,100,0.36,1,0.942
1.1,1.0,10.0,125,0.18,1,0.814
1.1,1.0,10.0,125,0.36,1,0.948
1.1,1.0,50.0,-40,0.18,1,0.949
1.1,1.0,50.0,-40,0.36,1,1.135
1.1,1.0,50.0,-25,0.18,1,0.924
1.1,1.0,50.0,-25,0.36,1,1.104
1.1,1.0,50.0,0,0.18,1,0.894
1.1,1.0,50.0,0,0.36,1,1.065
1.1,1.0,50.0,25,0.18,1,0.873
1.1,1.0,50.0,25,0.36,1,1.036
1.1,1.0,50.0,75,0.18,1,0.849
1.1,1.0,50.0,75,0.36,1,1.001
1.1,1.0,50.0,100,0.18,1,0.843
1.1,1.0,50.0,100,0.36,1,0.991
1.1,1.0,50.0,125,0.18,1,0.84
1.1,1.0,50.0,125,0.36,1,0.985
1.1,1.0,100.0,-40,0.18,1,1.268
1.1,1.0,100.0,-40,0.36,1,1.566
1.1,1.0,100.0,-25,0.18,1,1.209
1.1,1.0,100.0,-25,0.36,1,1.499
1.1,1.0,100.0,0,0.18,1,1.132
1.1,1.0,100.0,0,0.36,1,1.405
1.1,1.0,100.0,25,0.18,1,1.074
1.1,1.0,100.0,25,0.36,1,1.33
1.1,1.0,100.0,75,0.18,1,0.994
1.1,1.0,100.0,75,0.36,1,1.22
1.1,1.0,100.0,100,0.18,1,0.968
1.1,1.0,100.0,100,0.36,1,1.182
1.1,1.0,100.0,125,0.18,1,0.948
1.1,1.0,100.0,125,0.36,1,1.152
1.1,1.0,200.0,-40,0.18,1,2.058
1.1,1.0,200.0,-40,0.36,1,2.592
1.1,1.0,200.0,-25,0.18,1,1.932
1.1,1.0,200.0,-25,0.36,1,2.453
1.1,1.0,200.0,0,0.18,1,1.756
1.1,1.0,200.0,0,0.36,1,2.249
1.1,1.0,200.0,25,0.18,1,1.612
1.1,1.0,200.0,25,0.36,1,2.075
1.1,1.0,200.0,75,0.18,1,1.403
1.1,1.0,200.0,75,0.36,1,1.806
1.1,1.0,200.0,100,0.18,1,1.327
1.1,1.0,200.0,100,0.36,1,1.704
1.1,1.0,200.0,125,0.18,1,1.266
1.1,1.0,200.0,125,0.36,1,1.621
1.1,1.0,400.0,-40,0.18,1,3.822
1.1,1.0,400.0,-40,0.36,1,4.869
1.1,1.0,400.0,-25,0.18,1,3.562
1.1,1.0,400.0,-25,0.36,1,4.584
1.1,1.0,400.0,0,0.18,1,3.187
1.1,1.0,400.0,0,0.36,1,4.156
1.1,1.0,400.0,25,0.18,1,2.875
1.1,1.0,400.0,25,0.36,1,3.783
1.1,1.0,400.0,75,0.18,1,2.4
1.1,1.0,400.0,75,0.36,1,3.189
1.1,1.0,400.0,100,0.18,1,2.221
1.1,1.0,400.0,100,0.36,1,2.957
1.1,1.0,400.0,125,0.18,1,2.071
1.1,1.0,400.0,125,0.36,1,2.76
1.1,5.45,10.0,-40,0.18,1,3.501
1.1,5.45,10.0,-40,0.36,1,3.633
1.1,5.45,10.0,-25,0.18,1,3.503
1.1,5.45,10.0,-25,0.36,1,3.637
1.1,5.45,10.0,0,0.18,1,3.505
1.1,5.45,10.0,0,0.36,1,3.643
1.1,5.45,10.0,25,0.18,1,3.508
1.1,5.45,10.0,25,0.36,1,3.648
1.1,5.45,10.0,75,0.18,1,3.514
1.1,5.45,10.0,75,0.36,1,3.658
1.1,5.45,10.0,100,0.18,1,3.517
1.1,5.45,10.0,100,0.36,1,3.662
1.1,5.45,10.0,125,0.18,1,3.519
1.1,5.45,10.0,125,0.36,1,3.667
1.1,5.45,50.0,-40,0.18,1,3.559
1.1,5.45,50.0,-40,0.36,1,3.713
1.1,5.45,50.0,-25,0.18,1,3.544
1.1,5.45,50.0,-25,0.36,1,3.695
1.1,5.45,50.0,0,0.18,1,3.531
1.1,5.45,50.0,0,0.36,1,3.677
1.1,5.45,50.0,25,0.18,1,3.525
1.1,5.45,50.0,25,0.36,1,3.667
1.1,5.45,50.0,75,0.18,1,3.521
1.1,5.45,50.0,75,0.36,1,3.662
1.1,5.45,50.0,100,0.18,1,3.521
1.1,5.45,50.0,100,0.36,1,3.662
1.1,5.45,50.0,125,0.18,1,3.522
1.1,5.45,50.0,125,0.36,1,3.665
1.1,5.45,100.0,-40,0.18,1,3.729
1.1,5.45,100.0,-40,0.36,1,3.978
1.1,5.45,100.0,-25,0.18,1,3.688
1.1,5.45,100.0,-25,0.36,1,3.923
1.1,5.45,100.0,0,0.18,1,3.641
1.1,5.45,100.0,0,0.36,1,3.855
1.1,5.45,100.0,25,0.18,1,3.61
1.1,5.45,100.0,25,0.36,1,3.809
1.1,5.45,100.0,75,0.18,1,3.576
1.1,5.45,100.0,75,0.36,1,3.753
1.1,5.45,100.0,100,0.18,1,3.566
1.1,5.45,100.0,100,0.36,1,3.737
1.1,5.45,100.0,125,0.18,1,3.559
1.1,5.45,100.0,125,0.36,1,3.727
1.1,5.45,200.0,-40,0.18,1,4.201
1.1,5.45,200.0,-40,0.36,1,4.681
1.1,5.45,200.0,-25,0.18,1,4.098
1.1,5.45,200.0,-25,0.36,1,4.55
1.1,5.45,200.0,0,0.18,1,3.972
1.1,5.45,200.0,0,0.36,1,4.377
1.1,5.45,200.0,25,0.18,1,3.882
1.1,5.45,200.0,25,0.36,1,4.246
1.1,5.45,200.0,75,0.18,1,3.766
1.1,5.45,200.0,75,0.36,1,4.067
1.1,5.45,200.0,100,0.18,1,3.728
1.1,5.45,200.0,100,0.36,1,4.008
1.1,5.45,200.0,125,0.18,1,3.698
1.1,5.45,200.0,125,0.36,1,3.96
1.1,5.45,400.0,-40,0.18,1,5.425
1.1,5.45,400.0,-40,0.36,1,6.399
1.1,5.45,400.0,-25,0.18,1,5.193
1.1,5.45,400.0,-25,0.36,1,6.126
1.1,5.45,400.0,0,0.18,1,4.886
1.1,5.45,400.0,0,0.36,1,5.741
1.1,5.45,400.0,25,0.18,1,4.654
1.1,5.45,400.0,25,0.36,1,5.428
1.1,5.45,400.0,75,0.18,1,4.33
1.1,5.45,400.0,75,0.36,1,4.965
1.1,5.45,400.0,100,0.18,1,4.218
1.1,5.45,400.0,100,0.36,1,4.796
1.1,5.45,400.0,125,0.18,1,4.128
1.1,5.45,400.0,125,0.36,1,4.659
1.1,9.91,10.0,-40,0.18,1,6.2
1.1,9.91,10.0,-40,0.36,1,6.338
1.1,9.91,10.0,-25,0.18,1,6.202
1.1,9.91,10.0,-25,0.36,1,6.341
1.1,9.91,10.0,0,0.18,1,6.205
1.1,9.91,10.0,0,0.36,1,6.346
1.1,9.91,10.0,25,0.18,1,6.207
1.1,9.91,10.0,25,0.36,1,6.349
1.1,9.91,10.0,75,0.18,1,6.211
1.1,9.91,10.0,75,0.36,1,6.359
1.1,9.91,10.0,100,0.18,1,6.213
1.1,9.91,10.0,100,0.36,1,6.363
1.1,9.91,10.0,125,0.18,1,6.215
1.1,9.91,10.0,125,0.36,1,6.366
1.1,9.91,50.0,-40,0.18,1,6.235
1.1,9.91,50.0,-40,0.36,1,6.386
1.1,9.91,50.0,-25,0.18,1,6.225
1.1,9.91,50.0,-25,0.36,1,6.372
1.1,9.91,50.0,0,0.18,1,6.218
1.1,9.91,50.0,0,0.36,1,6.36
1.1,9.91,50.0,25,0.18,1,6.214
1.1,9.91,50.0,25,0.36,1,6.354
1.1,9.91,50.0,75,0.18,1,6.213
1.1,9.91,50.0,75,0.36,1,6.356
1.1,9.91,50.0,100,0.18,1,6.214
1.1,9.91,50.0,100,0.36,1,6.359
1.1,9.91,50.0,125,0.18,1,6.215
1.1,9.91,50.0,125,0.36,1,6.361
1.1,9.91,100.0,-40,0.18,1,6.362
1.1,9.91,100.0,-40,0.36,1,6.582
1.1,9.91,100.0,-25,0.18,1,6.329
1.1,9.91,100.0,-25,0.36,1,6.536
1.1,9.91,100.0,0,0.18,1,6.294
1.1,9.91,100.0,0,0.36,1,6.484
1.1,9.91,100.0,25,0.18,1,6.272
1.1,9.91,100.0,25,0.36,1,6.449
1.1,9.91,100.0,75,0.18,1,6.248
1.1,9.91,100.0,75,0.36,1,6.415
1.1,9.91,100.0,100,0.18,1,6.243
1.1,9.91,100.0,100,0.36,1,6.406
1.1,9.91,100.0,125,0.18,1,6.239
1.1,9.91,100.0,125,0.36,1,6.4
1.1,9.91,200.0,-40,0.18,1,6.734
1.1,9.91,200.0,-40,0.36,1,7.151
1.1,9.91,200.0,-25,0.18,1,6.645
1.1,9.91,200.0,-25,0.36,1,7.032
1.1,9.91,200.0,0,0.18,1,6.54
1.1,9.91,200.0,0,0.36,1,6.883
1.1,9.91,200.0,25,0.18,1,6.47
1.1,9.91,200.0,25,0.36,1,6.777
1.1,9.91,200.0,75,0.18,1,6.382
1.1,9.91,200.0,75,0.36,1,6.64
1.1,9.91,200.0,100,0.18,1,6.354
1.1,9.91,200.0,100,0.36,1,6.597
1.1,9.91,200.0,125,0.18,1,6.334
1.1,9.91,200.0,125,0.36,1,6.562
1.1,9.91,400.0,-40,0.18,1,7.725
1.1,9.91,400.0,-40,0.36,1,8.622
1.1,9.91,400.0,-25,0.18,1,7.513
1.1,9.91,400.0,-25,0.36,1,8.354
1.1,9.91,400.0,0,0.18,1,7.25
1.1,9.91,400.0,0,0.36,1,7.996
1.1,9.91,400.0,25,0.18,1,7.057
1.1,9.91,400.0,25,0.36,1,7.719
1.1,9.91,400.0,75,0.18,1,6.8
1.1,9.91,400.0,75,0.36,1,7.33
1.1,9.91,400.0,100,0.18,1,6.713
1.1,9.91,400.0,100,0.36,1,7.194
1.1,9.91,400.0,125,0.18,1,6.644
1.1,9.91,400.0,125,0.36,1,7.085
1.1,14.36,10.0,-40,0.18,1,8.897
1.1,14.36,10.0,-40,0.36,1,9.038
1.1,14.36,10.0,-25,0.18,1,8.9
1.1,14.36,10.0,-25,0.36,1,9.041
1.1,14.36,10.0,0,0.18,1,8.901
1.1,14.36,10.0,0,0.36,1,9.044
1.1,14.36,10.0,25,0.18,1,8.902
1.1,14.36,10.0,25,0.36,1,9.05
1.1,14.36,10.0,75,0.18,1,8.907
1.1,14.36,10.0,75,0.36,1,9.057
1.1,14.36,10.0,100,0.18,1,8.909
1.1,14.36,10.0,100,0.36,1,9.059
1.1,14.36,10.0,125,0.18,1,8.91
1.1,14.36,10.0,125,0.36,1,9.062
1.1,14.36,50.0,-40,0.18,1,8.923
1.1,14.36,50.0,-40,0.36,1,9.068
1.1,14.36,50.0,-25,0.18,1,8.916
1.1,14.36,50.0,-25,0.36,1,9.059
1.1,14.36,50.0,0,0.18,1,8.909
1.1,14.36,50.0,0,0.36,1,9.051
1.1,14.36,50.0,25,0.18,1,8.906
1.1,14.36,50.0,25,0.36,1,9.05
1.1,14.36,50.0,75,0.18,1,8.906
1.1,14.36,50.0,75,0.36,1,9.052
1.1,14.36,50.0,100,0.18,1,8.908
1.1,14.36,50.0,100,0.36,1,9.053
1.1,14.36,50.0,125,0.18,1,8.909
1.1,14.36,50.0,125,0.36,1,9.055
1.1,14.36,100.0,-40,0.18,1,9.024
1.1,14.36,100.0,-40,0.36,1,9.229
1.1,14.36,100.0,-25,0.18,1,8.997
1.1,14.36,100.0,-25,0.36,1,9.19
1.1,14.36,100.0,0,0.18,1,8.968
1.1,14.36,100.0,0,0.36,1,9.146
1.1,14.36,100.0,25,0.18,1,8.951
1.1,14.36,100.0,25,0.36,1,9.122
1.1,14.36,100.0,75,0.18,1,8.934
1.1,14.36,100.0,75,0.36,1,9.095
1.1,14.36,100.0,100,0.18,1,8.929
1.1,14.36,100.0,100,0.36,1,9.088
1.1,14.36,100.0,125,0.18,1,8.926
1.1,14.36,100.0,125,0.36,1,9.085
1.1,14.36,200.0,-40,0.18,1,9.339
1.1,14.36,200.0,-40,0.36,1,9.716
1.1,14.36,200.0,-25,0.18,1,9.259
1.1,14.36,200.0,-25,0.36,1,9.607
1.1,14.36,200.0,0,0.18,1,9.169
1.1,14.36,200.0,0,0.36,1,9.477
1.1,14.36,200.0,25,0.18,1,9.108
1.1,14.36,200.0,25,0.36,1,9.386
1.1,14.36,200.0,75,0.18,1,9.037
1.1,14.36,200.0,75,0.36,1,9.273
1.1,14.36,200.0,100,0.18,1,9.015
1.1,14.36,200.0,100,0.36,1,9.238
1.1,14.36,200.0,125,0.18,1,8.999
1.1,14.36,200.0,125,0.36,1,9.211
1.1,14.36,400.0,-40,0.18,1,10.201
1.1,14.36,400.0,-40,0.36,1,11.023
1.1,14.36,400.0,-25,0.18,1,10.006
1.1,14.36,400.0,-25,0.36,1,10.765
1.1,14.36,400.0,0,0.18,1,9.767
1.1,14.36,400.0,0,0.36,1,10.433
1.1,14.36,400.0,25,0.18,1,9.598
1.1,14.36,400.0,25,0.36,1,10.183
1.1,14.36,400.0,75,0.18,1,9.377
1.1,14.36,400.0,75,0.36,1,9.844
1.1,14.36,400.0,100,0.18,1,9.297
1.1,14.36,400.0,100,0.36,1,9.728
1.1,14.36,400.0,125,0.18,1,9.22
1.1,14.36,400.0,125,0.36,1,9.637
1.1,18.82,10.0,-40,0.18,1,11.595
1.1,18.82,10.0,-40,0.36,1,11.736
1.1,18.82,10.0,-25,0.18,1,11.595
1.1,18.82,10.0,-25,0.36,1,11.738
1.1,18.82,10.0,0,0.18,1,11.596
1.1,18.82,10.0,0,0.36,1,11.743
1.1,18.82,10.0,25,0.18,1,11.598
1.1,18.82,10.0,25,0.36,1,11.747
1.1,18.82,10.0,75,0.18,1,11.602
1.1,18.82,10.0,75,0.36,1,11.752
1.1,18.82,10.0,100,0.18,1,11.603
1.1,18.82,10.0,100,0.36,1,11.754
1.1,18.82,10.0,125,0.18,1,11.604
1.1,18.82,10.0,125,0.36,1,11.756
1.1,18.82,50.0,-40,0.18,1,11.614
1.1,18.82,50.0,-40,0.36,1,11.757
1.1,18.82,50.0,-25,0.18,1,11.607
1.1,18.82,50.0,-25,0.36,1,11.749
1.1,18.82,50.0,0,0.18,1,11.602
1.1,18.82,50.0,0,0.36,1,11.744
1.1,18.82,50.0,25,0.18,1,11.6
1.1,18.82,50.0,25,0.36,1,11.744
1.1,18.82,50.0,75,0.18,1,11.601
1.1,18.82,50.0,75,0.36,1,11.746
1.1,18.82,50.0,100,0.18,1,11.602
1.1,18.82,50.0,100,0.36,1,11.748
1.1,18.82,50.0,125,0.18,1,11.602
1.1,18.82,50.0,125,0.36,1,11.75
1.1,18.82,100.0,-40,0.18,1,11.699
1.1,18.82,100.0,-40,0.36,1,11.895
1.1,18.82,100.0,-25,0.18,1,11.674
1.1,18.82,100.0,-25,0.36,1,11.86
1.1,18.82,100.0,0,0.18,1,11.649
1.1,18.82,100.0,0,0.36,1,11.824
1.1,18.82,100.0,25,0.18,1,11.635
1.1,18.82,100.0,25,0.36,1,11.803
1.1,18.82,100.0,75,0.18,1,11.622
1.1,18.82,100.0,75,0.36,1,11.781
1.1,18.82,100.0,100,0.18,1,11.618
1.1,18.82,100.0,100,0.36,1,11.777
1.1,18.82,100.0,125,0.18,1,11.614
1.1,18.82,100.0,125,0.36,1,11.774
1.1,18.82,200.0,-40,0.18,1,11.974
1.1,18.82,200.0,-40,0.36,1,12.325
1.1,18.82,200.0,-25,0.18,1,11.901
1.1,18.82,200.0,-25,0.36,1,12.224
1.1,18.82,200.0,0,0.18,1,11.82
1.1,18.82,200.0,0,0.36,1,12.106
1.1,18.82,200.0,25,0.18,1,11.768
1.1,18.82,200.0,25,0.36,1,12.027
1.1,18.82,200.0,75,0.18,1,11.708
1.1,18.82,200.0,75,0.36,1,11.929
1.1,18.82,200.0,100,0.18,1,11.688
1.1,18.82,200.0,100,0.36,1,11.9
1.1,18.82,200.0,125,0.18,1,11.668
1.1,18.82,200.0,125,0.36,1,11.877
1.1,18.82,400.0,-40,0.18,1,12.749
1.1,18.82,400.0,-40,0.36,1,13.508
1.1,18.82,400.0,-25,0.18,1,12.564
1.1,18.82,400.0,-25,0.36,1,13.262
1.1,18.82,400.0,0,0.18,1,12.346
1.1,18.82,400.0,0,0.36,1,12.952
1.1,18.82,400.0,25,0.18,1,12.192
1.1,18.82,400.0,25,0.36,1,12.724
1.1,18.82,400.0,75,0.18,1,11.977
1.1,18.82,400.0,75,0.36,1,12.422
1.1,18.82,400.0,100,0.18,1,11.864
1.1,18.82,400.0,100,0.36,1,12.32
1.1,18.82,400.0,125,0.18,1,11.715
1.1,18.82,400.0,125,0.36,1,12.24
1.1,23.27,10.0,-40,0.18,1,14.289
1.1,23.27,10.0,-40,0.36,1,14.432
1.1,23.27,10.0,-25,0.18,1,14.29
1.1,23.27,10.0,-25,0.36,1,14.435
1.1,23.27,10.0,0,0.18,1,14.292
1.1,23.27,10.0,0,0.36,1,14.44
1.1,23.27,10.0,25,0.18,1,14.293
1.1,23.27,10.0,25,0.36,1,14.443
1.1,23.27,10.0,75,0.18,1,14.297
1.1,23.27,10.0,75,0.36,1,14.447
1.1,23.27,10.0,100,0.18,1,14.296
1.1,23.27,10.0,100,0.36,1,14.449
1.1,23.27,10.0,125,0.18,1,14.289
1.1,23.27,10.0,125,0.36,1,14.447
1.1,23.27,50.0,-40,0.18,1,14.304
1.1,23.27,50.0,-40,0.36,1,14.447
1.1,23.27,50.0,-25,0.18,1,14.299
1.1,23.27,50.0,-25,0.36,1,14.442
1.1,23.27,50.0,0,0.18,1,14.296
1.1,23.27,50.0,0,0.36,1,14.44
1.1,23.27,50.0,25,0.18,1,14.294
1.1,23.27,50.0,25,0.36,1,14.438
1.1,23.27,50.0,75,0.18,1,14.295
1.1,23.27,50.0,75,0.36,1,14.44
1.1,23.27,50.0,100,0.18,1,14.294
1.1,23.27,50.0,100,0.36,1,14.442
1.1,23.27,50.0,125,0.18,1,14.285
1.1,23.27,50.0,125,0.36,1,14.442
1.1,23.27,100.0,-40,0.18,1,14.379
1.1,23.27,100.0,-40,0.36,1,14.569
1.1,23.27,100.0,-25,0.18,1,14.356
1.1,23.27,100.0,-25,0.36,1,14.538
1.1,23.27,100.0,0,0.18,1,14.335
1.1,23.27,100.0,0,0.36,1,14.507
1.1,23.27,100.0,25,0.18,1,14.324
1.1,23.27,100.0,25,0.36,1,14.489
1.1,23.27,100.0,75,0.18,1,14.312
1.1,23.27,100.0,75,0.36,1,14.471
1.1,23.27,100.0,100,0.18,1,14.306
1.1,23.27,100.0,100,0.36,1,14.467
1.1,23.27,100.0,125,0.18,1,14.29
1.1,23.27,100.0,125,0.36,1,14.463
1.1,23.27,200.0,-40,0.18,1,14.625
1.1,23.27,200.0,-40,0.36,1,14.955
1.1,23.27,200.0,-25,0.18,1,14.558
1.1,23.27,200.0,-25,0.36,1,14.861
1.1,23.27,200.0,0,0.18,1,14.486
1.1,23.27,200.0,0,0.36,1,14.756
1.1,23.27,200.0,25,0.18,1,14.44
1.1,23.27,200.0,25,0.36,1,14.683
1.1,23.27,200.0,75,0.18,1,14.384
1.1,23.27,200.0,75,0.36,1,14.598
1.1,23.27,200.0,100,0.18,1,14.356
1.1,23.27,200.0,100,0.36,1,14.572
1.1,23.27,200.0,125,0.18,1,14.308
1.1,23.27,200.0,125,0.36,1,14.552
1.1,23.27,400.0,-40,0.18,1,15.334
1.1,23.27,400.0,-40,0.36,1,16.045
1.1,23.27,400.0,-25,0.18,1,15.158
1.1,23.27,400.0,-25,0.36,1,15.81
1.1,23.27,400.0,0,0.18,1,14.955
1.1,23.27,400.0,0,0.36,1,15.519
1.1,23.27,400.0,25,0.18,1,14.811
1.1,23.27,400.0,25,0.36,1,15.307
1.1,23.27,400.0,75,0.18,1,14.537
1.1,23.27,400.0,75,0.36,1,15.032
1.1,23.27,400.0,100,0.18,1,14.319
1.1,23.27,400.0,100,0.36,1,14.94
1.1,23.27,400.0,125,0.18,1,14.002
1.1,23.27,400.0,125,0.36,1,14.862
1.1,27.73,10.0,-40,0.18,1,16.984
1.1,27.73,10.0,-40,0.36,1,17.128
1.1,27.73,10.0,-25,0.18,1,16.985
1.1,27.73,10.0,-25,0.36,1,17.133
1.1,27.73,10.0,0,0.18,1,16.987
1.1,27.73,10.0,0,0.36,1,17.137
1.1,27.73,10.0,25,0.18,1,16.988
1.1,27.73,10.0,25,0.36,1,17.137
1.1,27.73,10.0,75,0.18,1,16.989
1.1,27.73,10.0,75,0.36,1,17.141
1.1,27.73,10.0,100,0.18,1,16.979
1.1,27.73,10.0,100,0.36,1,17.138
1.1,27.73,10.0,125,0.18,1,16.946
1.1,27.73,10.0,125,0.36,1,17.125
1.1,27.73,50.0,-40,0.18,1,16.997
1.1,27.73,50.0,-40,0.36,1,17.142
1.1,27.73,50.0,-25,0.18,1,16.992
1.1,27.73,50.0,-25,0.36,1,17.137
1.1,27.73,50.0,0,0.18,1,16.991
1.1,27.73,50.0,0,0.36,1,17.134
1.1,27.73,50.0,25,0.18,1,16.989
1.1,27.73,50.0,25,0.36,1,17.132
1.1,27.73,50.0,75,0.18,1,16.987
1.1,27.73,50.0,75,0.36,1,17.134
1.1,27.73,50.0,100,0.18,1,16.975
1.1,27.73,50.0,100,0.36,1,17.132
1.1,27.73,50.0,125,0.18,1,16.936
1.1,27.73,50.0,125,0.36,1,17.123
1.1,27.73,100.0,-40,0.18,1,17.062
1.1,27.73,100.0,-40,0.36,1,17.248
1.1,27.73,100.0,-25,0.18,1,17.043
1.1,27.73,100.0,-25,0.36,1,17.22
1.1,27.73,100.0,0,0.18,1,17.024
1.1,27.73,100.0,0,0.36,1,17.193
1.1,27.73,100.0,25,0.18,1,17.014
1.1,27.73,100.0,25,0.36,1,17.176
1.1,27.73,100.0,75,0.18,1,16.999
1.1,27.73,100.0,75,0.36,1,17.162
1.1,27.73,100.0,100,0.18,1,16.979
1.1,27.73,100.0,100,0.36,1,17.155
1.1,27.73,100.0,125,0.18,1,16.925
1.1,27.73,100.0,125,0.36,1,17.144
1.1,27.73,200.0,-40,0.18,1,17.286
1.1,27.73,200.0,-40,0.36,1,17.603
1.1,27.73,200.0,-25,0.18,1,17.223
1.1,27.73,200.0,-25,0.36,1,17.514
1.1,27.73,200.0,0,0.18,1,17.159
1.1,27.73,200.0,0,0.36,1,17.415
1.1,27.73,200.0,25,0.18,1,17.118
1.1,27.73,200.0,25,0.36,1,17.349
1.1,27.73,200.0,75,0.18,1,17.054
1.1,27.73,200.0,75,0.36,1,17.273
1.1,27.73,200.0,100,0.18,1,16.993
1.1,27.73,200.0,100,0.36,1,17.248
1.1,27.73,200.0,125,0.18,1,16.871
1.1,27.73,200.0,125,0.36,1,17.226
1.1,27.73,400.0,-40,0.18,1,17.941
1.1,27.73,400.0,-40,0.36,1,18.614
1.1,27.73,400.0,-25,0.18,1,17.775
1.1,27.73,400.0,-25,0.36,1,18.389
1.1,27.73,400.0,0,0.18,1,17.582
1.1,27.73,400.0,0,0.36,1,18.113
1.1,27.73,400.0,25,0.18,1,17.431
1.1,27.73,400.0,25,0.36,1,17.917
1.1,27.73,400.0,75,0.18,1,16.985
1.1,27.73,400.0,75,0.36,1,17.662
1.1,27.73,400.0,100,0.18,1,16.568
1.1,27.73,400.0,100,0.36,1,17.571
1.1,27.73,400.0,125,0.18,1,15.996
1.1,27.73,400.0,125,0.36,1,17.48
1.1,32.18,10.0,-40,0.18,1,19.68
1.1,32.18,10.0,-40,0.36,1,19.827
1.1,32.18,10.0,-25,0.18,1,19.681
1.1,32.18,10.0,-25,0.36,1,19.83
1.1,32.18,10.0,0,0.18,1,19.682
1.1,32.18,10.0,0,0.36,1,19.83
1.1,32.18,10.0,25,0.18,1,19.683
1.1,32.18,10.0,25,0.36,1,19.832
1.1,32.18,10.0,75,0.18,1,19.672
1.1,32.18,10.0,75,0.36,1,19.829
1.1,32.18,10.0,100,0.18,1,19.634
1.1,32.18,10.0,100,0.36,1,19.811
1.1,32.18,10.0,125,0.18,1,19.535
1.1,32.18,10.0,125,0.36,1,19.768
1.1,32.18,50.0,-40,0.18,1,19.69
1.1,32.18,50.0,-40,0.36,1,19.835
1.1,32.18,50.0,-25,0.18,1,19.686
1.1,32.18,50.0,-25,0.36,1,19.832
1.1,32.18,50.0,0,0.18,1,19.686
1.1,32.18,50.0,0,0.36,1,19.828
1.1,32.18,50.0,25,0.18,1,19.684
1.1,32.18,50.0,25,0.36,1,19.827
1.1,32.18,50.0,75,0.18,1,19.669
1.1,32.18,50.0,75,0.36,1,19.823
1.1,32.18,50.0,100,0.18,1,19.625
1.1,32.18,50.0,100,0.36,1,19.81
1.1,32.18,50.0,125,0.18,1,19.512
1.1,32.18,50.0,125,0.36,1,19.775
1.1,32.18,100.0,-40,0.18,1,19.749
1.1,32.18,100.0,-40,0.36,1,19.93
1.1,32.18,100.0,-25,0.18,1,19.731
1.1,32.18,100.0,-25,0.36,1,19.906
1.1,32.18,100.0,0,0.18,1,19.714
1.1,32.18,100.0,0,0.36,1,19.879
1.1,32.18,100.0,25,0.18,1,19.705
1.1,32.18,100.0,25,0.36,1,19.865
1.1,32.18,100.0,75,0.18,1,19.676
1.1,32.18,100.0,75,0.36,1,19.848
1.1,32.18,100.0,100,0.18,1,19.615
1.1,32.18,100.0,100,0.36,1,19.834
1.1,32.18,100.0,125,0.18,1,19.473
1.1,32.18,100.0,125,0.36,1,19.802
1.1,32.18,200.0,-40,0.18,1,19.953
1.1,32.18,200.0,-40,0.36,1,20.257
1.1,32.18,200.0,-25,0.18,1,19.895
1.1,32.18,200.0,-25,0.36,1,20.174
1.1,32.18,200.0,0,0.18,1,19.834
1.1,32.18,200.0,0,0.36,1,20.082
1.1,32.18,200.0,25,0.18,1,19.796
1.1,32.18,200.0,25,0.36,1,20.022
1.1,32.18,200.0,75,0.18,1,19.698
1.1,32.18,200.0,75,0.36,1,19.95
1.1,32.18,200.0,100,0.18,1,19.56
1.1,32.18,200.0,100,0.36,1,19.923
1.1,32.18,200.0,125,0.18,1,19.3
1.1,32.18,200.0,125,0.36,1,19.887
1.1,32.18,400.0,-40,0.18,1,20.564
1.1,32.18,400.0,-40,0.36,1,21.207
1.1,32.18,400.0,-25,0.18,1,20.405
1.1,32.18,400.0,-25,0.36,1,20.99
1.1,32.18,400.0,0,0.18,1,20.213
1.1,32.18,400.0,0,0.36,1,20.727
1.1,32.18,400.0,25,0.18,1,20.024
1.1,32.18,400.0,25,0.36,1,20.543
1.1,32.18,400.0,75,0.18,1,19.252
1.1,32.18,400.0,75,0.36,1,20.3
1.1,32.18,400.0,100,0.18,1,18.552
1.1,32.18,400.0,100,0.36,1,20.194
1.1,32.18,400.0,125,0.18,1,17.662
1.1,32.18,400.0,125,0.36,1,20.059
1.1,36.64,10.0,-40,0.18,1,22.375
1.1,36.64,10.0,-40,0.36,1,22.523
1.1,36.64,10.0,-25,0.18,1,22.376
1.1,36.64,10.0,-25,0.36,1,22.526
1.1,36.64,10.0,0,0.18,1,22.376
1.1,36.64,10.0,0,0.36,1,22.525
1.1,36.64,10.0,25,0.18,1,22.376
1.1,36.64,10.0,25,0.36,1,22.525
1.1,36.64,10.0,75,0.18,1,22.332
1.1,36.64,10.0,75,0.36,1,22.502
1.1,36.64,10.0,100,0.18,1,22.229
1.1,36.64,10.0,100,0.36,1,22.45
1.1,36.64,10.0,125,0.18,1,22.004
1.1,36.64,10.0,125,0.36,1,22.351
1.1,36.64,50.0,-40,0.18,1,22.384
1.1,36.64,50.0,-40,0.36,1,22.529
1.1,36.64,50.0,-25,0.18,1,22.38
1.1,36.64,50.0,-25,0.36,1,22.526
1.1,36.64,50.0,0,0.18,1,22.378
1.1,36.64,50.0,0,0.36,1,22.522
1.1,36.64,50.0,25,0.18,1,22.377
1.1,36.64,50.0,25,0.36,1,22.52
1.1,36.64,50.0,75,0.18,1,22.326
1.1,36.64,50.0,75,0.36,1,22.5
1.1,36.64,50.0,100,0.18,1,22.211
1.1,36.64,50.0,100,0.36,1,22.46
1.1,36.64,50.0,125,0.18,1,21.963
1.1,36.64,50.0,125,0.36,1,22.374
1.1,36.64,100.0,-40,0.18,1,22.438
1.1,36.64,100.0,-40,0.36,1,22.617
1.1,36.64,100.0,-25,0.18,1,22.421
1.1,36.64,100.0,-25,0.36,1,22.593
1.1,36.64,100.0,0,0.18,1,22.405
1.1,36.64,100.0,0,0.36,1,22.568
1.1,36.64,100.0,25,0.18,1,22.395
1.1,36.64,100.0,25,0.36,1,22.554
1.1,36.64,100.0,75,0.18,1,22.323
1.1,36.64,100.0,75,0.36,1,22.527
1.1,36.64,100.0,100,0.18,1,22.178
1.1,36.64,100.0,100,0.36,1,22.49
1.1,36.64,100.0,125,0.18,1,21.882
1.1,36.64,100.0,125,0.36,1,22.416
1.1,36.64,200.0,-40,0.18,1,22.626
1.1,36.64,200.0,-40,0.36,1,22.919
1.1,36.64,200.0,-25,0.18,1,22.571
1.1,36.64,200.0,-25,0.36,1,22.843
1.1,36.64,200.0,0,0.18,1,22.514
1.1,36.64,200.0,0,0.36,1,22.752
1.1,36.64,200.0,25,0.18,1,22.474
1.1,36.64,200.0,25,0.36,1,22.698
1.1,36.64,200.0,75,0.18,1,22.286
1.1,36.64,200.0,75,0.36,1,22.626
1.1,36.64,200.0,100,0.18,1,22.013
1.1,36.64,200.0,100,0.36,1,22.584
1.1,36.64,200.0,125,0.18,1,21.542
1.1,36.64,200.0,125,0.36,1,22.513
1.1,36.64,400.0,-40,0.18,1,23.199
1.1,36.64,400.0,-40,0.36,1,23.816
1.1,36.64,400.0,-25,0.18,1,23.044
1.1,36.64,400.0,-25,0.36,1,23.605
1.1,36.64,400.0,0,0.18,1,22.834
1.1,36.64,400.0,0,0.36,1,23.355
1.1,36.64,400.0,25,0.18,1,22.557
1.1,36.64,400.0,25,0.36,1,23.181
1.1,36.64,400.0,75,0.18,1,21.291
1.1,36.64,400.0,75,0.36,1,22.932
1.1,36.64,400.0,100,0.18,1,20.244
1.1,36.64,400.0,100,0.36,1,22.786
1.1,36.64,400.0,125,0.18,1,19.014
1.1,36.64,400.0,125,0.36,1,22.561
1.1,41.09,10.0,-40,0.18,1,25.07
1.1,41.09,10.0,-40,0.36,1,25.219
1.1,41.09,10.0,-25,0.18,1,25.07
1.1,41.09,10.0,-25,0.36,1,25.219
1.1,41.09,10.0,0,0.18,1,25.07
1.1,41.09,10.0,0,0.36,1,25.218
1.1,41.09,10.0,25,0.18,1,25.064
1.1,41.09,10.0,25,0.36,1,25.213
1.1,41.09,10.0,75,0.18,1,24.946
1.1,41.09,10.0,75,0.36,1,25.142
1.1,41.09,10.0,100,0.18,1,24.724
1.1,41.09,10.0,100,0.36,1,25.036
1.1,41.09,10.0,125,0.18,1,24.3
1.1,41.09,10.0,125,0.36,1,24.84
1.1,41.09,50.0,-40,0.18,1,25.077
1.1,41.09,50.0,-40,0.36,1,25.224
1.1,41.09,50.0,-25,0.18,1,25.074
1.1,41.09,50.0,-25,0.36,1,25.219
1.1,41.09,50.0,0,0.18,1,25.071
1.1,41.09,50.0,0,0.36,1,25.215
1.1,41.09,50.0,25,0.18,1,25.066
1.1,41.09,50.0,25,0.36,1,25.21
1.1,41.09,50.0,75,0.18,1,24.935
1.1,41.09,50.0,75,0.36,1,25.153
1.1,41.09,50.0,100,0.18,1,24.693
1.1,41.09,50.0,100,0.36,1,25.061
1.1,41.09,50.0,125,0.18,1,24.234
1.1,41.09,50.0,125,0.36,1,24.889
1.1,41.09,100.0,-40,0.18,1,25.127
1.1,41.09,100.0,-40,0.36,1,25.304
1.1,41.09,100.0,-25,0.18,1,25.111
1.1,41.09,100.0,-25,0.36,1,25.28
1.1,41.09,100.0,0,0.18,1,25.096
1.1,41.09,100.0,0,0.36,1,25.257
1.1,41.09,100.0,25,0.18,1,25.081
1.1,41.09,100.0,25,0.36,1,25.242
1.1,41.09,100.0,75,0.18,1,24.915
1.1,41.09,100.0,75,0.36,1,25.186
1.1,41.09,100.0,100,0.18,1,24.625
1.1,41.09,100.0,100,0.36,1,25.106
1.1,41.09,100.0,125,0.18,1,24.099
1.1,41.09,100.0,125,0.36,1,24.956
1.1,41.09,200.0,-40,0.18,1,25.303
1.1,41.09,200.0,-40,0.36,1,25.589
1.1,41.09,200.0,-25,0.18,1,25.251
1.1,41.09,200.0,-25,0.36,1,25.511
1.1,41.09,200.0,0,0.18,1,25.196
1.1,41.09,200.0,0,0.36,1,25.429
1.1,41.09,200.0,25,0.18,1,25.145
1.1,41.09,200.0,25,0.36,1,25.377
1.1,41.09,200.0,75,0.18,1,24.79
1.1,41.09,200.0,75,0.36,1,25.29
1.1,41.09,200.0,100,0.18,1,24.309
1.1,41.09,200.0,100,0.36,1,25.215
1.1,41.09,200.0,125,0.18,1,23.554
1.1,41.09,200.0,125,0.36,1,25.077
1.1,41.09,400.0,-40,0.18,1,25.841
1.1,41.09,400.0,-40,0.36,1,26.436
1.1,41.09,400.0,-25,0.18,1,25.683
1.1,41.09,400.0,-25,0.36,1,26.233
1.1,41.09,400.0,0,0.18,1,25.424
1.1,41.09,400.0,0,0.36,1,25.994
1.1,41.09,400.0,25,0.18,1,24.989
1.1,41.09,400.0,25,0.36,1,25.827
1.1,41.09,400.0,75,0.18,1,23.074
1.1,41.09,400.0,75,0.36,1,25.544
1.1,41.09,400.0,100,0.18,1,21.65
1.1,41.09,400.0,100,0.36,1,25.317
1.1,41.09,400.0,125,0.18,1,20.084
1.1,41.09,400.0,125,0.36,1,24.945
1.1,45.55,10.0,-40,0.18,1,27.764
1.1,45.55,10.0,-40,0.36,1,27.912
1.1,45.55,10.0,-25,0.18,1,27.764
1.1,45.55,10.0,-25,0.36,1,27.912
1.1,45.55,10.0,0,0.18,1,27.759
1.1,45.55,10.0,0,0.36,1,27.908
1.1,45.55,10.0,25,0.18,1,27.743
1.1,45.55,10.0,25,0.36,1,27.891
1.1,45.55,10.0,75,0.18,1,27.482
1.1,45.55,10.0,75,0.36,1,27.739
1.1,45.55,10.0,100,0.18,1,27.077
1.1,45.55,10.0,100,0.36,1,27.537
1.1,45.55,10.0,125,0.18,1,26.379
1.1,45.55,10.0,125,0.36,1,27.205
1.1,45.55,50.0,-40,0.18,1,27.771
1.1,45.55,50.0,-40,0.36,1,27.917
1.1,45.55,50.0,-25,0.18,1,27.767
1.1,45.55,50.0,-25,0.36,1,27.911
1.1,45.55,50.0,0,0.18,1,27.761
1.1,45.55,50.0,0,0.36,1,27.906
1.1,45.55,50.0,25,0.18,1,27.743
1.1,45.55,50.0,25,0.36,1,27.892
1.1,45.55,50.0,75,0.18,1,27.466
1.1,45.55,50.0,75,0.36,1,27.763
1.1,45.55,50.0,100,0.18,1,27.028
1.1,45.55,50.0,100,0.36,1,27.588
1.1,45.55,50.0,125,0.18,1,26.283
1.1,45.55,50.0,125,0.36,1,27.289
1.1,45.55,100.0,-40,0.18,1,27.818
1.1,45.55,100.0,-40,0.36,1,27.99
1.1,45.55,100.0,-25,0.18,1,27.802
1.1,45.55,100.0,-25,0.36,1,27.968
1.1,45.55,100.0,0,0.18,1,27.785
1.1,45.55,100.0,0,0.36,1,27.945
1.1,45.55,100.0,25,0.18,1,27.757
1.1,45.55,100.0,25,0.36,1,27.924
1.1,45.55,100.0,75,0.18,1,27.421
1.1,45.55,100.0,75,0.36,1,27.811
1.1,45.55,100.0,100,0.18,1,26.915
1.1,45.55,100.0,100,0.36,1,27.658
1.1,45.55,100.0,125,0.18,1,26.084
1.1,45.55,100.0,125,0.36,1,27.39
1.1,45.55,200.0,-40,0.18,1,27.982
1.1,45.55,200.0,-40,0.36,1,28.259
1.1,45.55,200.0,-25,0.18,1,27.932
1.1,45.55,200.0,-25,0.36,1,28.185
1.1,45.55,200.0,0,0.18,1,27.875
1.1,45.55,200.0,0,0.36,1,28.108
1.1,45.55,200.0,25,0.18,1,27.798
1.1,45.55,200.0,25,0.36,1,28.054
1.1,45.55,200.0,75,0.18,1,27.173
1.1,45.55,200.0,75,0.36,1,27.93
1.1,45.55,200.0,100,0.18,1,26.412
1.1,45.55,200.0,100,0.36,1,27.795
1.1,45.55,200.0,125,0.18,1,25.311
1.1,45.55,200.0,125,0.36,1,27.546
1.1,45.55,400.0,-40,0.18,1,28.485
1.1,45.55,400.0,-40,0.36,1,29.068
1.1,45.55,400.0,-25,0.18,1,28.312
1.1,45.55,400.0,-25,0.36,1,28.87
1.1,45.55,400.0,0,0.18,1,27.958
1.1,45.55,400.0,0,0.36,1,28.64
1.1,45.55,400.0,25,0.18,1,27.285
1.1,45.55,400.0,25,0.36,1,28.476
1.1,45.55,400.0,75,0.18,1,24.595
1.1,45.55,400.0,75,0.36,1,28.114
1.1,45.55,400.0,100,0.18,1,22.793
1.1,45.55,400.0,100,0.36,1,27.754
1.1,45.55,400.0,125,0.18,1,20.918
1.1,45.55,400.0,125,0.36,1,27.169
1.1,50.0,10.0,-40,0.18,1,30.456
1.1,50.0,10.0,-40,0.36,1,30.604
1.1,50.0,10.0,-25,0.18,1,30.454
1.1,50.0,10.0,-25,0.36,1,30.602
1.1,50.0,10.0,0,0.18,1,30.44
1.1,50.0,10.0,0,0.36,1,30.589
1.1,50.0,10.0,25,0.18,1,30.396
1.1,50.0,10.0,25,0.36,1,30.549
1.1,50.0,10.0,75,0.18,1,29.908
1.1,50.0,10.0,75,0.36,1,30.263
1.1,50.0,10.0,100,0.18,1,29.248
1.1,50.0,10.0,100,0.36,1,29.93
1.1,50.0,10.0,125,0.18,1,28.211
1.1,50.0,10.0,125,0.36,1,29.42
1.1,50.0,50.0,-40,0.18,1,30.463
1.1,50.0,50.0,-40,0.36,1,30.607
1.1,50.0,50.0,-25,0.18,1,30.458
1.1,50.0,50.0,-25,0.36,1,30.602
1.1,50.0,50.0,0,0.18,1,30.445
1.1,50.0,50.0,0,0.36,1,30.591
1.1,50.0,50.0,25,0.18,1,30.4
1.1,50.0,50.0,25,0.36,1,30.559
1.1,50.0,50.0,75,0.18,1,29.882
1.1,50.0,50.0,75,0.36,1,30.312
1.1,50.0,50.0,100,0.18,1,29.177
1.1,50.0,50.0,100,0.36,1,30.015
1.1,50.0,50.0,125,0.18,1,28.082
1.1,50.0,50.0,125,0.36,1,29.547
1.1,50.0,100.0,-40,0.18,1,30.508
1.1,50.0,100.0,-40,0.36,1,30.677
1.1,50.0,100.0,-25,0.18,1,30.492
1.1,50.0,100.0,-25,0.36,1,30.656
1.1,50.0,100.0,0,0.18,1,30.468
1.1,50.0,100.0,0,0.36,1,30.63
1.1,50.0,100.0,25,0.18,1,30.412
1.1,50.0,100.0,25,0.36,1,30.595
1.1,50.0,100.0,75,0.18,1,29.805
1.1,50.0,100.0,75,0.36,1,30.383
1.1,50.0,100.0,100,0.18,1,29.01
1.1,50.0,100.0,100,0.36,1,30.121
1.1,50.0,100.0,125,0.18,1,27.814
1.1,50.0,100.0,125,0.36,1,29.69
1.1,50.0,200.0,-40,0.18,1,30.662
1.1,50.0,200.0,-40,0.36,1,30.932
1.1,50.0,200.0,-25,0.18,1,30.614
1.1,50.0,200.0,-25,0.36,1,30.862
1.1,50.0,200.0,0,0.18,1,30.548
1.1,50.0,200.0,0,0.36,1,30.786
1.1,50.0,200.0,25,0.18,1,30.42
1.1,50.0,200.0,25,0.36,1,30.727
1.1,50.0,200.0,75,0.18,1,29.401
1.1,50.0,200.0,75,0.36,1,30.531
1.1,50.0,200.0,100,0.18,1,28.294
1.1,50.0,200.0,100,0.36,1,30.298
1.1,50.0,200.0,125,0.18,1,26.804
1.1,50.0,200.0,125,0.36,1,29.888
1.1,50.0,400.0,-40,0.18,1,31.127
1.1,50.0,400.0,-40,0.36,1,31.706
1.1,50.0,400.0,-25,0.18,1,30.923
1.1,50.0,400.0,-25,0.36,1,31.513
1.1,50.0,400.0,0,0.18,1,30.407
1.1,50.0,400.0,0,0.36,1,31.291
1.1,50.0,400.0,25,0.18,1,29.41
1.1,50.0,400.0,25,0.36,1,31.122
1.1,50.0,400.0,75,0.18,1,25.868
1.1,50.0,400.0,75,0.36,1,30.617
1.1,50.0,400.0,100,0.18,1,23.706
1.1,50.0,400.0,100,0.36,1,30.063
1.1,50.0,400.0,125,0.18,1,21.561
1.1,50.0,400.0,125,0.36,1,29.2
1.2,1.0,10.0,-40,0.18,1,0.969
1.2,1.0,10.0,-40,0.36,1,1.097
1.2,1.0,10.0,-25,0.18,1,0.964
1.2,1.0,10.0,-25,0.36,1,1.1
1.2,1.0,10.0,0,0.18,1,0.96
1.2,1.0,10.0,0,0.36,1,1.108
1.2,1.0,10.0,25,0.18,1,0.96
1.2,1.0,10.0,25,0.36,1,1.113
1.2,1.0,10.0,75,0.18,1,0.966
1.2,1.0,10.0,75,0.36,1,1.123
1.2,1.0,10.0,100,0.18,1,0.97
1.2,1.0,10.0,100,0.36,1,1.129
1.2,1.0,10.0,125,0.18,1,0.975
1.2,1.0,10.0,125,0.36,1,1.137
1.2,1.0,50.0,-40,0.18,1,1.311
1.2,1.0,50.0,-40,0.36,1,1.592
1.2,1.0,50.0,-25,0.18,1,1.265
1.2,1.0,50.0,-25,0.36,1,1.54
1.2,1.0,50.0,0,0.18,1,1.203
1.2,1.0,50.0,0,0.36,1,1.463
1.2,1.0,50.0,25,0.18,1,1.155
1.2,1.0,50.0,25,0.36,1,1.401
1.2,1.0,50.0,75,0.18,1,1.092
1.2,1.0,50.0,75,0.36,1,1.313
1.2,1.0,50.0,100,0.18,1,1.073
1.2,1.0,50.0,100,0.36,1,1.285
1.2,1.0,50.0,125,0.18,1,1.059
1.2,1.0,50.0,125,0.36,1,1.264
1.2,1.0,100.0,-40,0.18,1,1.956
1.2,1.0,100.0,-40,0.36,1,2.416
1.2,1.0,100.0,-25,0.18,1,1.856
1.2,1.0,100.0,-25,0.36,1,2.308
1.2,1.0,100.0,0,0.18,1,1.708
1.2,1.0,100.0,0,0.36,1,2.143
1.2,1.0,100.0,25,0.18,1,1.586
1.2,1.0,100.0,25,0.36,1,1.997
1.2,1.0,100.0,75,0.18,1,1.406
1.2,1.0,100.0,75,0.36,1,1.769
1.2,1.0,100.0,100,0.18,1,1.343
1.2,1.0,100.0,100,0.36,1,1.684
1.2,1.0,100.0,125,0.18,1,1.293
1.2,1.0,100.0,125,0.36,1,1.614
1.2,1.0,200.0,-40,0.18,1,3.464
1.2,1.0,200.0,-40,0.36,1,4.313
1.2,1.0,200.0,-25,0.18,1,3.256
1.2,1.0,200.0,-25,0.36,1,4.093
1.2,1.0,200.0,0,0.18,1,2.938
1.2,1.0,200.0,0,0.36,1,3.744
1.2,1.0,200.0,25,0.18,1,2.663
1.2,1.0,200.0,25,0.36,1,3.427
1.2,1.0,200.0,75,0.18,1,2.234
1.2,1.0,200.0,75,0.36,1,2.906
1.2,1.0,200.0,100,0.18,1,2.072
1.2,1.0,200.0,100,0.36,1,2.7
1.2,1.0,200.0,125,0.18,1,1.937
1.2,1.0,200.0,125,0.36,1,2.526
1.2,1.0,400.0,-40,0.18,1,6.672
1.2,1.0,400.0,-40,0.36,1,8.358
1.2,1.0,400.0,-25,0.18,1,6.249
1.2,1.0,400.0,-25,0.36,1,7.913
1.2,1.0,400.0,0,0.18,1,5.597
1.2,1.0,400.0,0,0.36,1,7.196
1.2,1.0,400.0,25,0.18,1,5.025
1.2,1.0,400.0,25,0.36,1,6.539
1.2,1.0,400.0,75,0.18,1,4.111
1.2,1.0,400.0,75,0.36,1,5.44
1.2,1.0,400.0,100,0.18,1,3.754
1.2,1.0,400.0,100,0.36,1,4.994
1.2,1.0,400.0,125,0.18,1,3.453
1.2,1.0,400.0,125,0.36,1,4.611
1.2,5.45,10.0,-40,0.18,1,4.173
1.2,5.45,10.0,-40,0.36,1,4.332
1.2,5.45,10.0,-25,0.18,1,4.174
1.2,5.45,10.0,-25,0.36,1,4.335
1.2,5.45,10.0,0,0.18,1,4.175
1.2,5.45,10.0,0,0.36,1,4.341
1.2,5.45,10.0,25,0.18,1,4.178
1.2,5.45,10.0,25,0.36,1,4.346
1.2,5.45,10.0,75,0.18,1,4.186
1.2,5.45,10.0,75,0.36,1,4.357
1.2,5.45,10.0,100,0.18,1,4.19
1.2,5.45,10.0,100,0.36,1,4.364
1.2,5.45,10.0,125,0.18,1,4.193
1.2,5.45,10.0,125,0.36,1,4.371
1.2,5.45,50.0,-40,0.18,1,4.335
1.2,5.45,50.0,-40,0.36,1,4.569
1.2,5.45,50.0,-25,0.18,1,4.305
1.2,5.45,50.0,-25,0.36,1,4.529
1.2,5.45,50.0,0,0.18,1,4.269
1.2,5.45,50.0,0,0.36,1,4.481
1.2,5.45,50.0,25,0.18,1,4.246
1.2,5.45,50.0,25,0.36,1,4.449
1.2,5.45,50.0,75,0.18,1,4.224
1.2,5.45,50.0,75,0.36,1,4.413
1.2,5.45,50.0,100,0.18,1,4.219
1.2,5.45,50.0,100,0.36,1,4.406
1.2,5.45,50.0,125,0.18,1,4.216
1.2,5.45,50.0,125,0.36,1,4.402
1.2,5.45,100.0,-40,0.18,1,4.71
1.2,5.45,100.0,-40,0.36,1,5.13
1.2,5.45,100.0,-25,0.18,1,4.63
1.2,5.45,100.0,-25,0.36,1,5.027
1.2,5.45,100.0,0,0.18,1,4.528
1.2,5.45,100.0,0,0.36,1,4.888
1.2,5.45,100.0,25,0.18,1,4.453
1.2,5.45,100.0,25,0.36,1,4.781
1.2,5.45,100.0,75,0.18,1,4.359
1.2,5.45,100.0,75,0.36,1,4.638
1.2,5.45,100.0,100,0.18,1,4.331
1.2,5.45,100.0,100,0.36,1,4.592
1.2,5.45,100.0,125,0.18,1,4.31
1.2,5.45,100.0,125,0.36,1,4.558
1.2,5.45,200.0,-40,0.18,1,5.697
1.2,5.45,200.0,-40,0.36,1,6.531
1.2,5.45,200.0,-25,0.18,1,5.51
1.2,5.45,200.0,-25,0.36,1,6.311
1.2,5.45,200.0,0,0.18,1,5.255
1.2,5.45,200.0,0,0.36,1,5.988
1.2,5.45,200.0,25,0.18,1,5.058
1.2,5.45,200.0,25,0.36,1,5.719
1.2,5.45,200.0,75,0.18,1,4.785
1.2,5.45,200.0,75,0.36,1,5.322
1.2,5.45,200.0,100,0.18,1,4.692
1.2,5.45,200.0,100,0.36,1,5.179
1.2,5.45,200.0,125,0.18,1,4.618
1.2,5.45,200.0,125,0.36,1,5.065
1.2,5.45,400.0,-40,0.18,1,8.184
1.2,5.45,400.0,-40,0.36,1,9.811
1.2,5.45,400.0,-25,0.18,1,7.781
1.2,5.45,400.0,-25,0.36,1,9.373
1.2,5.45,400.0,0,0.18,1,7.194
1.2,5.45,400.0,0,0.36,1,8.697
1.2,5.45,400.0,25,0.18,1,6.708
1.2,5.45,400.0,25,0.36,1,8.102
1.2,5.45,400.0,75,0.18,1,5.993
1.2,5.45,400.0,75,0.36,1,7.157
1.2,5.45,400.0,100,0.18,1,5.734
1.2,5.45,400.0,100,0.36,1,6.794
1.2,5.45,400.0,125,0.18,1,5.525
1.2,5.45,400.0,125,0.36,1,6.491
1.2,9.91,10.0,-40,0.18,1,7.383
1.2,9.91,10.0,-40,0.36,1,7.548
1.2,9.91,10.0,-25,0.18,1,7.384
1.2,9.91,10.0,-25,0.36,1,7.551
1.2,9.91,10.0,0,0.18,1,7.387
1.2,9.91,10.0,0,0.36,1,7.555
1.2,9.91,10.0,25,0.18,1,7.39
1.2,9.91,10.0,25,0.36,1,7.56
1.2,9.91,10.0,75,0.18,1,7.394
1.2,9.91,10.0,75,0.36,1,7.572
1.2,9.91,10.0,100,0.18,1,7.398
1.2,9.91,10.0,100,0.36,1,7.578
1.2,9.91,10.0,125,0.18,1,7.401
1.2,9.91,10.0,125,0.36,1,7.583
1.2,9.91,50.0,-40,0.18,1,7.494
1.2,9.91,50.0,-40,0.36,1,7.713
1.2,9.91,50.0,-25,0.18,1,7.47
1.2,9.91,50.0,-25,0.36,1,7.682
1.2,9.91,50.0,0,0.18,1,7.446
1.2,9.91,50.0,0,0.36,1,7.645
1.2,9.91,50.0,25,0.18,1,7.432
1.2,9.91,50.0,25,0.36,1,7.622
1.2,9.91,50.0,75,0.18,1,7.416
1.2,9.91,50.0,75,0.36,1,7.602
1.2,9.91,50.0,100,0.18,1,7.414
1.2,9.91,50.0,100,0.36,1,7.6
1.2,9.91,50.0,125,0.18,1,7.413
1.2,9.91,50.0,125,0.36,1,7.599
1.2,9.91,100.0,-40,0.18,1,7.784
1.2,9.91,100.0,-40,0.36,1,8.153
1.2,9.91,100.0,-25,0.18,1,7.715
1.2,9.91,100.0,-25,0.36,1,8.062
1.2,9.91,100.0,0,0.18,1,7.634
1.2,9.91,100.0,0,0.36,1,7.946
1.2,9.91,100.0,25,0.18,1,7.578
1.2,9.91,100.0,25,0.36,1,7.862
1.2,9.91,100.0,75,0.18,1,7.509
1.2,9.91,100.0,75,0.36,1,7.757
1.2,9.91,100.0,100,0.18,1,7.49
1.2,9.91,100.0,100,0.36,1,7.725
1.2,9.91,100.0,125,0.18,1,7.476
1.2,9.91,100.0,125,0.36,1,7.703
1.2,9.91,200.0,-40,0.18,1,8.582
1.2,9.91,200.0,-40,0.36,1,9.338
1.2,9.91,200.0,-25,0.18,1,8.414
1.2,9.91,200.0,-25,0.36,1,9.123
1.2,9.91,200.0,0,0.18,1,8.195
1.2,9.91,200.0,0,0.36,1,8.826
1.2,9.91,200.0,25,0.18,1,8.034
1.2,9.91,200.0,25,0.36,1,8.592
1.2,9.91,200.0,75,0.18,1,7.819
1.2,9.91,200.0,75,0.36,1,8.268
1.2,9.91,200.0,100,0.18,1,7.748
1.2,9.91,200.0,100,0.36,1,8.158
1.2,9.91,200.0,125,0.18,1,7.694
1.2,9.91,200.0,125,0.36,1,8.072
1.2,9.91,400.0,-40,0.18,1,10.646
1.2,9.91,400.0,-40,0.36,1,12.237
1.2,9.91,400.0,-25,0.18,1,10.264
1.2,9.91,400.0,-25,0.36,1,11.794
1.2,9.91,400.0,0,0.18,1,9.736
1.2,9.91,400.0,0,0.36,1,11.134
1.2,9.91,400.0,25,0.18,1,9.32
1.2,9.91,400.0,25,0.36,1,10.578
1.2,9.91,400.0,75,0.18,1,8.735
1.2,9.91,400.0,75,0.36,1,9.738
1.2,9.91,400.0,100,0.18,1,8.531
1.2,9.91,400.0,100,0.36,1,9.429
1.2,9.91,400.0,125,0.18,1,8.367
1.2,9.91,400.0,125,0.36,1,9.179
1.2,14.36,10.0,-40,0.18,1,10.591
1.2,14.36,10.0,-40,0.36,1,10.76
1.2,14.36,10.0,-25,0.18,1,10.594
1.2,14.36,10.0,-25,0.36,1,10.764
1.2,14.36,10.0,0,0.18,1,10.596
1.2,14.36,10.0,0,0.36,1,10.768
1.2,14.36,10.0,25,0.18,1,10.597
1.2,14.36,10.0,25,0.36,1,10.772
1.2,14.36,10.0,75,0.18,1,10.603
1.2,14.36,10.0,75,0.36,1,10.782
1.2,14.36,10.0,100,0.18,1,10.605
1.2,14.36,10.0,100,0.36,1,10.786
1.2,14.36,10.0,125,0.18,1,10.608
1.2,14.36,10.0,125,0.36,1,10.79
1.2,14.36,50.0,-40,0.18,1,10.676
1.2,14.36,50.0,-40,0.36,1,10.885
1.2,14.36,50.0,-25,0.18,1,10.659
1.2,14.36,50.0,-25,0.36,1,10.858
1.2,14.36,50.0,0,0.18,1,10.639
1.2,14.36,50.0,0,0.36,1,10.831
1.2,14.36,50.0,25,0.18,1,10.627
1.2,14.36,50.0,25,0.36,1,10.817
1.2,14.36,50.0,75,0.18,1,10.617
1.2,14.36,50.0,75,0.36,1,10.803
1.2,14.36,50.0,100,0.18,1,10.616
1.2,14.36,50.0,100,0.36,1,10.8
1.2,14.36,50.0,125,0.18,1,10.616
1.2,14.36,50.0,125,0.36,1,10.8
1.2,14.36,100.0,-40,0.18,1,10.918
1.2,14.36,100.0,-40,0.36,1,11.256
1.2,14.36,100.0,-25,0.18,1,10.859
1.2,14.36,100.0,-25,0.36,1,11.174
1.2,14.36,100.0,0,0.18,1,10.789
1.2,14.36,100.0,0,0.36,1,11.073
1.2,14.36,100.0,25,0.18,1,10.742
1.2,14.36,100.0,25,0.36,1,11.004
1.2,14.36,100.0,75,0.18,1,10.689
1.2,14.36,100.0,75,0.36,1,10.923
1.2,14.36,100.0,100,0.18,1,10.674
1.2,14.36,100.0,100,0.36,1,10.897
1.2,14.36,100.0,125,0.18,1,10.663
1.2,14.36,100.0,125,0.36,1,10.88
1.2,14.36,200.0,-40,0.18,1,11.607
1.2,14.36,200.0,-40,0.36,1,12.294
1.2,14.36,200.0,-25,0.18,1,11.451
1.2,14.36,200.0,-25,0.36,1,12.091
1.2,14.36,200.0,0,0.18,1,11.258
1.2,14.36,200.0,0,0.36,1,11.821
1.2,14.36,200.0,25,0.18,1,11.117
1.2,14.36,200.0,25,0.36,1,11.614
1.2,14.36,200.0,75,0.18,1,10.936
1.2,14.36,200.0,75,0.36,1,11.339
1.2,14.36,200.0,100,0.18,1,10.879
1.2,14.36,200.0,100,0.36,1,11.246
1.2,14.36,200.0,125,0.18,1,10.834
1.2,14.36,200.0,125,0.36,1,11.174
1.2,14.36,400.0,-40,0.18,1,13.424
1.2,14.36,400.0,-40,0.36,1,14.942
1.2,14.36,400.0,-25,0.18,1,13.063
1.2,14.36,400.0,-25,0.36,1,14.498
1.2,14.36,400.0,0,0.18,1,12.578
1.2,14.36,400.0,0,0.36,1,13.86
1.2,14.36,400.0,25,0.18,1,12.207
1.2,14.36,400.0,25,0.36,1,13.339
1.2,14.36,400.0,75,0.18,1,11.697
1.2,14.36,400.0,75,0.36,1,12.582
1.2,14.36,400.0,100,0.18,1,11.518
1.2,14.36,400.0,100,0.36,1,12.312
1.2,14.36,400.0,125,0.18,1,11.367
1.2,14.36,400.0,125,0.36,1,12.095
1.2,18.82,10.0,-40,0.18,1,13.802
1.2,18.82,10.0,-40,0.36,1,13.971
1.2,18.82,10.0,-25,0.18,1,13.802
1.2,18.82,10.0,-25,0.36,1,13.973
1.2,18.82,10.0,0,0.18,1,13.802
1.2,18.82,10.0,0,0.36,1,13.977
1.2,18.82,10.0,25,0.18,1,13.804
1.2,18.82,10.0,25,0.36,1,13.984
1.2,18.82,10.0,75,0.18,1,13.81
1.2,18.82,10.0,75,0.36,1,13.989
1.2,18.82,10.0,100,0.18,1,13.812
1.2,18.82,10.0,100,0.36,1,13.994
1.2,18.82,10.0,125,0.18,1,13.814
1.2,18.82,10.0,125,0.36,1,13.997
1.2,18.82,50.0,-40,0.18,1,13.87
1.2,18.82,50.0,-40,0.36,1,14.071
1.2,18.82,50.0,-25,0.18,1,13.854
1.2,18.82,50.0,-25,0.36,1,14.049
1.2,18.82,50.0,0,0.18,1,13.837
1.2,18.82,50.0,0,0.36,1,14.027
1.2,18.82,50.0,25,0.18,1,13.828
1.2,18.82,50.0,25,0.36,1,14.015
1.2,18.82,50.0,75,0.18,1,13.82
1.2,18.82,50.0,75,0.36,1,14.003
1.2,18.82,50.0,100,0.18,1,13.819
1.2,18.82,50.0,100,0.36,1,14.003
1.2,18.82,50.0,125,0.18,1,13.819
1.2,18.82,50.0,125,0.36,1,14.003
1.2,18.82,100.0,-40,0.18,1,14.077
1.2,18.82,100.0,-40,0.36,1,14.396
1.2,18.82,100.0,-25,0.18,1,14.023
1.2,18.82,100.0,-25,0.36,1,14.32
1.2,18.82,100.0,0,0.18,1,13.962
1.2,18.82,100.0,0,0.36,1,14.234
1.2,18.82,100.0,25,0.18,1,13.923
1.2,18.82,100.0,25,0.36,1,14.173
1.2,18.82,100.0,75,0.18,1,13.879
1.2,18.82,100.0,75,0.36,1,14.102
1.2,18.82,100.0,100,0.18,1,13.866
1.2,18.82,100.0,100,0.36,1,14.082
1.2,18.82,100.0,125,0.18,1,13.856
1.2,18.82,100.0,125,0.36,1,14.069
1.2,18.82,200.0,-40,0.18,1,14.69
1.2,18.82,200.0,-40,0.36,1,15.326
1.2,18.82,200.0,-25,0.18,1,14.546
1.2,18.82,200.0,-25,0.36,1,15.135
1.2,18.82,200.0,0,0.18,1,14.368
1.2,18.82,200.0,0,0.36,1,14.885
1.2,18.82,200.0,25,0.18,1,14.244
1.2,18.82,200.0,25,0.36,1,14.7
1.2,18.82,200.0,75,0.18,1,14.087
1.2,18.82,200.0,75,0.36,1,14.456
1.2,18.82,200.0,100,0.18,1,14.036
1.2,18.82,200.0,100,0.36,1,14.377
1.2,18.82,200.0,125,0.18,1,13.994
1.2,18.82,200.0,125,0.36,1,14.316
1.2,18.82,400.0,-40,0.18,1,16.338
1.2,18.82,400.0,-40,0.36,1,17.77
1.2,18.82,400.0,-25,0.18,1,15.993
1.2,18.82,400.0,-25,0.36,1,17.333
1.2,18.82,400.0,0,0.18,1,15.542
1.2,18.82,400.0,0,0.36,1,16.723
1.2,18.82,400.0,25,0.18,1,15.202
1.2,18.82,400.0,25,0.36,1,16.237
1.2,18.82,400.0,75,0.18,1,14.734
1.2,18.82,400.0,75,0.36,1,15.545
1.2,18.82,400.0,100,0.18,1,14.546
1.2,18.82,400.0,100,0.36,1,15.304
1.2,18.82,400.0,125,0.18,1,14.35
1.2,18.82,400.0,125,0.36,1,15.111
1.2,23.27,10.0,-40,0.18,1,17.009
1.2,23.27,10.0,-40,0.36,1,17.179
1.2,23.27,10.0,-25,0.18,1,17.009
1.2,23.27,10.0,-25,0.36,1,17.182
1.2,23.27,10.0,0,0.18,1,17.01
1.2,23.27,10.0,0,0.36,1,17.188
1.2,23.27,10.0,25,0.18,1,17.012
1.2,23.27,10.0,25,0.36,1,17.192
1.2,23.27,10.0,75,0.18,1,17.017
1.2,23.27,10.0,75,0.36,1,17.197
1.2,23.27,10.0,100,0.18,1,17.018
1.2,23.27,10.0,100,0.36,1,17.2
1.2,23.27,10.0,125,0.18,1,17.013
1.2,23.27,10.0,125,0.36,1,17.2
1.2,23.27,50.0,-40,0.18,1,17.067
1.2,23.27,50.0,-40,0.36,1,17.264
1.2,23.27,50.0,-25,0.18,1,17.053
1.2,23.27,50.0,-25,0.36,1,17.245
1.2,23.27,50.0,0,0.18,1,17.039
1.2,23.27,50.0,0,0.36,1,17.228
1.2,23.27,50.0,25,0.18,1,17.031
1.2,23.27,50.0,25,0.36,1,17.217
1.2,23.27,50.0,75,0.18,1,17.025
1.2,23.27,50.0,75,0.36,1,17.207
1.2,23.27,50.0,100,0.18,1,17.022
1.2,23.27,50.0,100,0.36,1,17.206
1.2,23.27,50.0,125,0.18,1,17.016
1.2,23.27,50.0,125,0.36,1,17.205
1.2,23.27,100.0,-40,0.18,1,17.248
1.2,23.27,100.0,-40,0.36,1,17.554
1.2,23.27,100.0,-25,0.18,1,17.2
1.2,23.27,100.0,-25,0.36,1,17.486
1.2,23.27,100.0,0,0.18,1,17.146
1.2,23.27,100.0,0,0.36,1,17.407
1.2,23.27,100.0,25,0.18,1,17.112
1.2,23.27,100.0,25,0.36,1,17.355
1.2,23.27,100.0,75,0.18,1,17.074
1.2,23.27,100.0,75,0.36,1,17.292
1.2,23.27,100.0,100,0.18,1,17.061
1.2,23.27,100.0,100,0.36,1,17.275
1.2,23.27,100.0,125,0.18,1,17.043
1.2,23.27,100.0,125,0.36,1,17.262
1.2,23.27,200.0,-40,0.18,1,17.803
1.2,23.27,200.0,-40,0.36,1,18.403
1.2,23.27,200.0,-25,0.18,1,17.668
1.2,23.27,200.0,-25,0.36,1,18.221
1.2,23.27,200.0,0,0.18,1,17.506
1.2,23.27,200.0,0,0.36,1,17.991
1.2,23.27,200.0,25,0.18,1,17.394
1.2,23.27,200.0,25,0.36,1,17.822
1.2,23.27,200.0,75,0.18,1,17.253
1.2,23.27,200.0,75,0.36,1,17.601
1.2,23.27,200.0,100,0.18,1,17.202
1.2,23.27,200.0,100,0.36,1,17.53
1.2,23.27,200.0,125,0.18,1,17.142
1.2,23.27,200.0,125,0.36,1,17.476
1.2,23.27,400.0,-40,0.18,1,19.324
1.2,23.27,400.0,-40,0.36,1,20.677
1.2,23.27,400.0,-25,0.18,1,18.994
1.2,23.27,400.0,-25,0.36,1,20.252
1.2,23.27,400.0,0,0.18,1,18.57
1.2,23.27,400.0,0,0.36,1,19.669
1.2,23.27,400.0,25,0.18,1,18.253
1.2,23.27,400.0,25,0.36,1,19.212
1.2,23.27,400.0,75,0.18,1,17.773
1.2,23.27,400.0,75,0.36,1,18.575
1.2,23.27,400.0,100,0.18,1,17.513
1.2,23.27,400.0,100,0.36,1,18.354
1.2,23.27,400.0,125,0.18,1,17.179
1.2,23.27,400.0,125,0.36,1,18.177
1.2,27.73,10.0,-40,0.18,1,20.216
1.2,27.73,10.0,-40,0.36,1,20.388
1.2,27.73,10.0,-25,0.18,1,20.216
1.2,27.73,10.0,-25,0.36,1,20.39
1.2,27.73,10.0,0,0.18,1,20.218
1.2,27.73,10.0,0,0.36,1,20.397
1.2,27.73,10.0,25,0.18,1,20.219
1.2,27.73,10.0,25,0.36,1,20.397
1.2,27.73,10.0,75,0.18,1,20.222
1.2,27.73,10.0,75,0.36,1,20.403
1.2,27.73,10.0,100,0.18,1,20.216
1.2,27.73,10.0,100,0.36,1,20.402
1.2,27.73,10.0,125,0.18,1,20.189
1.2,27.73,10.0,125,0.36,1,20.392
1.2,27.73,50.0,-40,0.18,1,20.266
1.2,27.73,50.0,-40,0.36,1,20.461
1.2,27.73,50.0,-25,0.18,1,20.253
1.2,27.73,50.0,-25,0.36,1,20.444
1.2,27.73,50.0,0,0.18,1,20.242
1.2,27.73,50.0,0,0.36,1,20.429
1.2,27.73,50.0,25,0.18,1,20.235
1.2,27.73,50.0,25,0.36,1,20.418
1.2,27.73,50.0,75,0.18,1,20.228
1.2,27.73,50.0,75,0.36,1,20.411
1.2,27.73,50.0,100,0.18,1,20.218
1.2,27.73,50.0,100,0.36,1,20.407
1.2,27.73,50.0,125,0.18,1,20.187
1.2,27.73,50.0,125,0.36,1,20.398
1.2,27.73,100.0,-40,0.18,1,20.428
1.2,27.73,100.0,-40,0.36,1,20.724
1.2,27.73,100.0,-25,0.18,1,20.384
1.2,27.73,100.0,-25,0.36,1,20.661
1.2,27.73,100.0,0,0.18,1,20.336
1.2,27.73,100.0,0,0.36,1,20.59
1.2,27.73,100.0,25,0.18,1,20.305
1.2,27.73,100.0,25,0.36,1,20.54
1.2,27.73,100.0,75,0.18,1,20.269
1.2,27.73,100.0,75,0.36,1,20.486
1.2,27.73,100.0,100,0.18,1,20.247
1.2,27.73,100.0,100,0.36,1,20.469
1.2,27.73,100.0,125,0.18,1,20.199
1.2,27.73,100.0,125,0.36,1,20.451
1.2,27.73,200.0,-40,0.18,1,20.937
1.2,27.73,200.0,-40,0.36,1,21.509
1.2,27.73,200.0,-25,0.18,1,20.811
1.2,27.73,200.0,-25,0.36,1,21.335
1.2,27.73,200.0,0,0.18,1,20.661
1.2,27.73,200.0,0,0.36,1,21.119
1.2,27.73,200.0,25,0.18,1,20.558
1.2,27.73,200.0,25,0.36,1,20.961
1.2,27.73,200.0,75,0.18,1,20.423
1.2,27.73,200.0,75,0.36,1,20.761
1.2,27.73,200.0,100,0.18,1,20.35
1.2,27.73,200.0,100,0.36,1,20.696
1.2,27.73,200.0,125,0.18,1,20.232
1.2,27.73,200.0,125,0.36,1,20.643
1.2,27.73,400.0,-40,0.18,1,22.356
1.2,27.73,400.0,-40,0.36,1,23.641
1.2,27.73,400.0,-25,0.18,1,22.039
1.2,27.73,400.0,-25,0.36,1,23.227
1.2,27.73,400.0,0,0.18,1,21.635
1.2,27.73,400.0,0,0.36,1,22.67
1.2,27.73,400.0,25,0.18,1,21.33
1.2,27.73,400.0,25,0.36,1,22.238
1.2,27.73,400.0,75,0.18,1,20.745
1.2,27.73,400.0,75,0.36,1,21.645
1.2,27.73,400.0,100,0.18,1,20.321
1.2,27.73,400.0,100,0.36,1,21.438
1.2,27.73,400.0,125,0.18,1,19.749
1.2,27.73,400.0,125,0.36,1,21.262
1.2,32.18,10.0,-40,0.18,1,23.423
1.2,32.18,10.0,-40,0.36,1,23.599
1.2,32.18,10.0,-25,0.18,1,23.424
1.2,32.18,10.0,-25,0.36,1,23.602
1.2,32.18,10.0,0,0.18,1,23.425
1.2,32.18,10.0,0,0.36,1,23.604
1.2,32.18,10.0,25,0.18,1,23.426
1.2,32.18,10.0,25,0.36,1,23.605
1.2,32.18,10.0,75,0.18,1,23.421
1.2,32.18,10.0,75,0.36,1,23.605
1.2,32.18,10.0,100,0.18,1,23.39
1.2,32.18,10.0,100,0.36,1,23.59
1.2,32.18,10.0,125,0.18,1,23.306
1.2,32.18,10.0,125,0.36,1,23.552
1.2,32.18,50.0,-40,0.18,1,23.467
1.2,32.18,50.0,-40,0.36,1,23.662
1.2,32.18,50.0,-25,0.18,1,23.456
1.2,32.18,50.0,-25,0.36,1,23.647
1.2,32.18,50.0,0,0.18,1,23.447
1.2,32.18,50.0,0,0.36,1,23.632
1.2,32.18,50.0,25,0.18,1,23.44
1.2,32.18,50.0,25,0.36,1,23.622
1.2,32.18,50.0,75,0.18,1,23.425
1.2,32.18,50.0,75,0.36,1,23.611
1.2,32.18,50.0,100,0.18,1,23.389
1.2,32.18,50.0,100,0.36,1,23.598
1.2,32.18,50.0,125,0.18,1,23.294
1.2,32.18,50.0,125,0.36,1,23.566
1.2,32.18,100.0,-40,0.18,1,23.615
1.2,32.18,100.0,-40,0.36,1,23.9
1.2,32.18,100.0,-25,0.18,1,23.574
1.2,32.18,100.0,-25,0.36,1,23.843
1.2,32.18,100.0,0,0.18,1,23.53
1.2,32.18,100.0,0,0.36,1,23.776
1.2,32.18,100.0,25,0.18,1,23.502
1.2,32.18,100.0,25,0.36,1,23.732
1.2,32.18,100.0,75,0.18,1,23.458
1.2,32.18,100.0,75,0.36,1,23.68
1.2,32.18,100.0,100,0.18,1,23.405
1.2,32.18,100.0,100,0.36,1,23.657
1.2,32.18,100.0,125,0.18,1,23.282
1.2,32.18,100.0,125,0.36,1,23.621
1.2,32.18,200.0,-40,0.18,1,24.084
1.2,32.18,200.0,-40,0.36,1,24.632
1.2,32.18,200.0,-25,0.18,1,23.966
1.2,32.18,200.0,-25,0.36,1,24.466
1.2,32.18,200.0,0,0.18,1,23.828
1.2,32.18,200.0,0,0.36,1,24.262
1.2,32.18,200.0,25,0.18,1,23.732
1.2,32.18,200.0,25,0.36,1,24.116
1.2,32.18,200.0,75,0.18,1,23.579
1.2,32.18,200.0,75,0.36,1,23.929
1.2,32.18,200.0,100,0.18,1,23.446
1.2,32.18,200.0,100,0.36,1,23.866
1.2,32.18,200.0,125,0.18,1,23.207
1.2,32.18,200.0,125,0.36,1,23.804
1.2,32.18,400.0,-40,0.18,1,25.418
1.2,32.18,400.0,-40,0.36,1,26.648
1.2,32.18,400.0,-25,0.18,1,25.113
1.2,32.18,400.0,-25,0.36,1,26.246
1.2,32.18,400.0,0,0.18,1,24.724
1.2,32.18,400.0,0,0.36,1,25.708
1.2,32.18,400.0,25,0.18,1,24.407
1.2,32.18,400.0,25,0.36,1,25.299
1.2,32.18,400.0,75,0.18,1,23.58
1.2,32.18,400.0,75,0.36,1,24.74
1.2,32.18,400.0,100,0.18,1,22.896
1.2,32.18,400.0,100,0.36,1,24.534
1.2,32.18,400.0,125,0.18,1,21.999
1.2,32.18,400.0,125,0.36,1,24.335
1.2,36.64,10.0,-40,0.18,1,26.63
1.2,36.64,10.0,-40,0.36,1,26.808
1.2,36.64,10.0,-25,0.18,1,26.631
1.2,36.64,10.0,-25,0.36,1,26.81
1.2,36.64,10.0,0,0.18,1,26.632
1.2,36.64,10.0,0,0.36,1,26.809
1.2,36.64,10.0,25,0.18,1,26.632
1.2,36.64,10.0,25,0.36,1,26.81
1.2,36.64,10.0,75,0.18,1,26.6
1.2,36.64,10.0,75,0.36,1,26.792
1.2,36.64,10.0,100,0.18,1,26.513
1.2,36.64,10.0,100,0.36,1,26.748
1.2,36.64,10.0,125,0.18,1,26.312
1.2,36.64,10.0,125,0.36,1,26.654
1.2,36.64,50.0,-40,0.18,1,26.67
1.2,36.64,50.0,-40,0.36,1,26.864
1.2,36.64,50.0,-25,0.18,1,26.659
1.2,36.64,50.0,-25,0.36,1,26.85
1.2,36.64,50.0,0,0.18,1,26.653
1.2,36.64,50.0,0,0.36,1,26.834
1.2,36.64,50.0,25,0.18,1,26.645
1.2,36.64,50.0,25,0.36,1,26.825
1.2,36.64,50.0,75,0.18,1,26.602
1.2,36.64,50.0,75,0.36,1,26.802
1.2,36.64,50.0,100,0.18,1,26.507
1.2,36.64,50.0,100,0.36,1,26.764
1.2,36.64,50.0,125,0.18,1,26.286
1.2,36.64,50.0,125,0.36,1,26.684
1.2,36.64,100.0,-40,0.18,1,26.805
1.2,36.64,100.0,-40,0.36,1,27.082
1.2,36.64,100.0,-25,0.18,1,26.767
1.2,36.64,100.0,-25,0.36,1,27.029
1.2,36.64,100.0,0,0.18,1,26.726
1.2,36.64,100.0,0,0.36,1,26.965
1.2,36.64,100.0,25,0.18,1,26.7
1.2,36.64,100.0,25,0.36,1,26.926
1.2,36.64,100.0,75,0.18,1,26.626
1.2,36.64,100.0,75,0.36,1,26.868
1.2,36.64,100.0,100,0.18,1,26.502
1.2,36.64,100.0,100,0.36,1,26.826
1.2,36.64,100.0,125,0.18,1,26.237
1.2,36.64,100.0,125,0.36,1,26.751
1.2,36.64,200.0,-40,0.18,1,27.242
1.2,36.64,200.0,-40,0.36,1,27.771
1.2,36.64,200.0,-25,0.18,1,27.129
1.2,36.64,200.0,-25,0.36,1,27.613
1.2,36.64,200.0,0,0.18,1,26.998
1.2,36.64,200.0,0,0.36,1,27.416
1.2,36.64,200.0,25,0.18,1,26.911
1.2,36.64,200.0,25,0.36,1,27.279
1.2,36.64,200.0,75,0.18,1,26.697
1.2,36.64,200.0,75,0.36,1,27.1
1.2,36.64,200.0,100,0.18,1,26.448
1.2,36.64,200.0,100,0.36,1,27.028
1.2,36.64,200.0,125,0.18,1,26.007
1.2,36.64,200.0,125,0.36,1,26.94
1.2,36.64,400.0,-40,0.18,1,28.502
1.2,36.64,400.0,-40,0.36,1,29.685
1.2,36.64,400.0,-25,0.18,1,28.206
1.2,36.64,400.0,-25,0.36,1,29.292
1.2,36.64,400.0,0,0.18,1,27.82
1.2,36.64,400.0,0,0.36,1,28.774
1.2,36.64,400.0,25,0.18,1,27.453
1.2,36.64,400.0,25,0.36,1,28.385
1.2,36.64,400.0,75,0.18,1,26.218
1.2,36.64,400.0,75,0.36,1,27.845
1.2,36.64,400.0,100,0.18,1,25.187
1.2,36.64,400.0,100,0.36,1,27.62
1.2,36.64,400.0,125,0.18,1,23.909
1.2,36.64,400.0,125,0.36,1,27.359
1.2,41.09,10.0,-40,0.18,1,29.838
1.2,41.09,10.0,-40,0.36,1,30.016
1.2,41.09,10.0,-25,0.18,1,29.838
1.2,41.09,10.0,-25,0.36,1,30.017
1.2,41.09,10.0,0,0.18,1,29.838
1.2,41.09,10.0,0,0.36,1,30.015
1.2,41.09,10.0,25,0.18,1,29.834
1.2,41.09,10.0,25,0.36,1,30.012
1.2,41.09,10.0,75,0.18,1,29.738
1.2,41.09,10.0,75,0.36,1,29.953
1.2,41.09,10.0,100,0.18,1,29.546
1.2,41.09,10.0,100,0.36,1,29.851
1.2,41.09,10.0,125,0.18,1,29.151
1.2,41.09,10.0,125,0.36,1,29.664
1.2,41.09,50.0,-40,0.18,1,29.873
1.2,41.09,50.0,-40,0.36,1,30.066
1.2,41.09,50.0,-25,0.18,1,29.863
1.2,41.09,50.0,-25,0.36,1,30.053
1.2,41.09,50.0,0,0.18,1,29.854
1.2,41.09,50.0,0,0.36,1,30.037
1.2,41.09,50.0,25,0.18,1,29.846
1.2,41.09,50.0,25,0.36,1,30.027
1.2,41.09,50.0,75,0.18,1,29.739
1.2,41.09,50.0,75,0.36,1,29.97
1.2,41.09,50.0,100,0.18,1,29.53
1.2,41.09,50.0,100,0.36,1,29.885
1.2,41.09,50.0,125,0.18,1,29.106
1.2,41.09,50.0,125,0.36,1,29.721
1.2,41.09,100.0,-40,0.18,1,29.998
1.2,41.09,100.0,-40,0.36,1,30.271
1.2,41.09,100.0,-25,0.18,1,29.963
1.2,41.09,100.0,-25,0.36,1,30.218
1.2,41.09,100.0,0,0.18,1,29.924
1.2,41.09,100.0,0,0.36,1,30.157
1.2,41.09,100.0,25,0.18,1,29.896
1.2,41.09,100.0,25,0.36,1,30.118
1.2,41.09,100.0,75,0.18,1,29.75
1.2,41.09,100.0,75,0.36,1,30.039
1.2,41.09,100.0,100,0.18,1,29.497
1.2,41.09,100.0,100,0.36,1,29.958
1.2,41.09,100.0,125,0.18,1,29.009
1.2,41.09,100.0,125,0.36,1,29.812
1.2,41.09,200.0,-40,0.18,1,30.408
1.2,41.09,200.0,-40,0.36,1,30.919
1.2,41.09,200.0,-25,0.18,1,30.3
1.2,41.09,200.0,-25,0.36,1,30.766
1.2,41.09,200.0,0,0.18,1,30.175
1.2,41.09,200.0,0,0.36,1,30.578
1.2,41.09,200.0,25,0.18,1,30.082
1.2,41.09,200.0,25,0.36,1,30.448
1.2,41.09,200.0,75,0.18,1,29.745
1.2,41.09,200.0,75,0.36,1,30.266
1.2,41.09,200.0,100,0.18,1,29.306
1.2,41.09,200.0,100,0.36,1,30.168
1.2,41.09,200.0,125,0.18,1,28.583
1.2,41.09,200.0,125,0.36,1,30.022
1.2,41.09,400.0,-40,0.18,1,31.603
1.2,41.09,400.0,-40,0.36,1,32.744
1.2,41.09,400.0,-25,0.18,1,31.312
1.2,41.09,400.0,-25,0.36,1,32.361
1.2,41.09,400.0,0,0.18,1,30.906
1.2,41.09,400.0,0,0.36,1,31.861
1.2,41.09,400.0,25,0.18,1,30.435
1.2,41.09,400.0,25,0.36,1,31.488
1.2,41.09,400.0,75,0.18,1,28.617
1.2,41.09,400.0,75,0.36,1,30.946
1.2,41.09,400.0,100,0.18,1,27.176
1.2,41.09,400.0,100,0.36,1,30.669
1.2,41.09,400.0,125,0.18,1,25.492
1.2,41.09,400.0,125,0.36,1,30.291
1.2,45.55,10.0,-40,0.18,1,33.044
1.2,45.55,10.0,-40,0.36,1,33.223
1.2,45.55,10.0,-25,0.18,1,33.044
1.2,45.55,10.0,-25,0.36,1,33.222
1.2,45.55,10.0,0,0.18,1,33.04
1.2,45.55,10.0,0,0.36,1,33.218
1.2,45.55,10.0,25,0.18,1,33.025
1.2,45.55,10.0,25,0.36,1,33.204
1.2,45.55,10.0,75,0.18,1,32.809
1.2,45.55,10.0,75,0.36,1,33.066
1.2,45.55,10.0,100,0.18,1,32.443
1.2,45.55,10.0,100,0.36,1,32.876
1.2,45.55,10.0,125,0.18,1,31.773
1.2,45.55,10.0,125,0.36,1,32.55
1.2,45.55,50.0,-40,0.18,1,33.076
1.2,45.55,50.0,-40,0.36,1,33.268
1.2,45.55,50.0,-25,0.18,1,33.067
1.2,45.55,50.0,-25,0.36,1,33.254
1.2,45.55,50.0,0,0.18,1,33.056
1.2,45.55,50.0,0,0.36,1,33.239
1.2,45.55,50.0,25,0.18,1,33.039
1.2,45.55,50.0,25,0.36,1,33.221
1.2,45.55,50.0,75,0.18,1,32.807
1.2,45.55,50.0,75,0.36,1,33.1
1.2,45.55,50.0,100,0.18,1,32.416
1.2,45.55,50.0,100,0.36,1,32.935
1.2,45.55,50.0,125,0.18,1,31.704
1.2,45.55,50.0,125,0.36,1,32.645
1.2,45.55,100.0,-40,0.18,1,33.194
1.2,45.55,100.0,-40,0.36,1,33.46
1.2,45.55,100.0,-25,0.18,1,33.16
1.2,45.55,100.0,-25,0.36,1,33.408
1.2,45.55,100.0,0,0.18,1,33.121
1.2,45.55,100.0,0,0.36,1,33.35
1.2,45.55,100.0,25,0.18,1,33.085
1.2,45.55,100.0,25,0.36,1,33.308
1.2,45.55,100.0,75,0.18,1,32.799
1.2,45.55,100.0,75,0.36,1,33.18
1.2,45.55,100.0,100,0.18,1,32.344
1.2,45.55,100.0,100,0.36,1,33.032
1.2,45.55,100.0,125,0.18,1,31.549
1.2,45.55,100.0,125,0.36,1,32.772
1.2,45.55,200.0,-40,0.18,1,33.579
1.2,45.55,200.0,-40,0.36,1,34.075
1.2,45.55,200.0,-25,0.18,1,33.476
1.2,45.55,200.0,-25,0.36,1,33.925
1.2,45.55,200.0,0,0.18,1,33.355
1.2,45.55,200.0,0,0.36,1,33.747
1.2,45.55,200.0,25,0.18,1,33.247
1.2,45.55,200.0,25,0.36,1,33.62
1.2,45.55,200.0,75,0.18,1,32.685
1.2,45.55,200.0,75,0.36,1,33.413
1.2,45.55,200.0,100,0.18,1,31.981
1.2,45.55,200.0,100,0.36,1,33.264
1.2,45.55,200.0,125,0.18,1,30.897
1.2,45.55,200.0,125,0.36,1,33.018
1.2,45.55,400.0,-40,0.18,1,34.715
1.2,45.55,400.0,-40,0.36,1,35.821
1.2,45.55,400.0,-25,0.18,1,34.423
1.2,45.55,400.0,-25,0.36,1,35.448
1.2,45.55,400.0,0,0.18,1,33.963
1.2,45.55,400.0,0,0.36,1,34.964
1.2,45.55,400.0,25,0.18,1,33.314
1.2,45.55,400.0,25,0.36,1,34.604
1.2,45.55,400.0,75,0.18,1,30.751
1.2,45.55,400.0,75,0.36,1,34.025
1.2,45.55,400.0,100,0.18,1,28.866
1.2,45.55,400.0,100,0.36,1,33.649
1.2,45.55,400.0,125,0.18,1,26.777
1.2,45.55,400.0,125,0.36,1,33.09
1.2,50.0,10.0,-40,0.18,1,36.249
1.2,50.0,10.0,-40,0.36,1,36.426
1.2,50.0,10.0,-25,0.18,1,36.247
1.2,50.0,10.0,-25,0.36,1,36.424
1.2,50.0,10.0,0,0.18,1,36.235
1.2,50.0,10.0,0,0.36,1,36.413
1.2,50.0,10.0,25,0.18,1,36.197
1.2,50.0,10.0,25,0.36,1,36.379
1.2,50.0,10.0,75,0.18,1,35.777
1.2,50.0,10.0,75,0.36,1,36.116
1.2,50.0,10.0,100,0.18,1,35.162
1.2,50.0,10.0,100,0.36,1,35.792
1.2,50.0,10.0,125,0.18,1,34.137
1.2,50.0,10.0,125,0.36,1,35.281
1.2,50.0,50.0,-40,0.18,1,36.279
1.2,50.0,50.0,-40,0.36,1,36.47
1.2,50.0,50.0,-25,0.18,1,36.269
1.2,50.0,50.0,-25,0.36,1,36.455
1.2,50.0,50.0,0,0.18,1,36.252
1.2,50.0,50.0,0,0.36,1,36.436
1.2,50.0,50.0,25,0.18,1,36.215
1.2,50.0,50.0,25,0.36,1,36.402
1.2,50.0,50.0,75,0.18,1,35.772
1.2,50.0,50.0,75,0.36,1,36.172
1.2,50.0,50.0,100,0.18,1,35.12
1.2,50.0,50.0,100,0.36,1,35.888
1.2,50.0,50.0,125,0.18,1,34.042
1.2,50.0,50.0,125,0.36,1,35.425
1.2,50.0,100.0,-40,0.18,1,36.39
1.2,50.0,100.0,-40,0.36,1,36.649
1.2,50.0,100.0,-25,0.18,1,36.357
1.2,50.0,100.0,-25,0.36,1,36.599
1.2,50.0,100.0,0,0.18,1,36.315
1.2,50.0,100.0,0,0.36,1,36.542
1.2,50.0,100.0,25,0.18,1,36.258
1.2,50.0,100.0,25,0.36,1,36.488
1.2,50.0,100.0,75,0.18,1,35.738
1.2,50.0,100.0,75,0.36,1,36.273
1.2,50.0,100.0,100,0.18,1,35.002
1.2,50.0,100.0,100,0.36,1,36.021
1.2,50.0,100.0,125,0.18,1,33.822
1.2,50.0,100.0,125,0.36,1,35.601
1.2,50.0,200.0,-40,0.18,1,36.754
1.2,50.0,200.0,-40,0.36,1,37.235
1.2,50.0,200.0,-25,0.18,1,36.655
1.2,50.0,200.0,-25,0.36,1,37.09
1.2,50.0,200.0,0,0.18,1,36.532
1.2,50.0,200.0,0,0.36,1,36.919
1.2,50.0,200.0,25,0.18,1,36.391
1.2,50.0,200.0,25,0.36,1,36.791
1.2,50.0,200.0,75,0.18,1,35.486
1.2,50.0,200.0,75,0.36,1,36.528
1.2,50.0,200.0,100,0.18,1,34.435
1.2,50.0,200.0,100,0.36,1,36.293
1.2,50.0,200.0,125,0.18,1,32.926
1.2,50.0,200.0,125,0.36,1,35.897
1.2,50.0,400.0,-40,0.18,1,37.832
1.2,50.0,400.0,-40,0.36,1,38.913
1.2,50.0,400.0,-25,0.18,1,37.527
1.2,50.0,400.0,-25,0.36,1,38.548
1.2,50.0,400.0,0,0.18,1,36.964
1.2,50.0,400.0,0,0.36,1,38.08
1.2,50.0,400.0,25,0.18,1,36.059
1.2,50.0,400.0,25,0.36,1,37.726
1.2,50.0,400.0,75,0.18,1,32.613
1.2,50.0,400.0,75,0.36,1,37.059
1.2,50.0,400.0,100,0.18,1,30.274
1.2,50.0,400.0,100,0.36,1,36.527
1.2,50.0,400.0,125,0.18,1,27.804
1.2,50.0,400.0,125,0.36,1,35.715
1.3,1.0,10.0,-40,0.18,1,1.167
1.3,1.0,10.0,-40,0.36,1,1.32
1.3,1.0,10.0,-25,0.18,1,1.159
1.3,1.0,10.0,-25,0.36,1,1.319
1.3,1.0,10.0,0,0.18,1,1.149
1.3,1.0,10.0,0,0.36,1,1.322
1.3,1.0,10.0,25,0.18,1,1.144
1.3,1.0,10.0,25,0.36,1,1.327
1.3,1.0,10.0,75,0.18,1,1.146
1.3,1.0,10.0,75,0.36,1,1.338
1.3,1.0,10.0,100,0.18,1,1.152
1.3,1.0,10.0,100,0.36,1,1.346
1.3,1.0,10.0,125,0.18,1,1.159
1.3,1.0,10.0,125,0.36,1,1.356
1.3,1.0,50.0,-40,0.18,1,1.803
1.3,1.0,50.0,-40,0.36,1,2.198
1.3,1.0,50.0,-25,0.18,1,1.731
1.3,1.0,50.0,-25,0.36,1,2.12
1.3,1.0,50.0,0,0.18,1,1.624
1.3,1.0,50.0,0,0.36,1,2.0
1.3,1.0,50.0,25,0.18,1,1.537
1.3,1.0,50.0,25,0.36,1,1.894
1.3,1.0,50.0,75,0.18,1,1.413
1.3,1.0,50.0,75,0.36,1,1.733
1.3,1.0,50.0,100,0.18,1,1.372
1.3,1.0,50.0,100,0.36,1,1.677
1.3,1.0,50.0,125,0.18,1,1.342
1.3,1.0,50.0,125,0.36,1,1.633
1.3,1.0,100.0,-40,0.18,1,2.913
1.3,1.0,100.0,-40,0.36,1,3.566
1.3,1.0,100.0,-25,0.18,1,2.763
1.3,1.0,100.0,-25,0.36,1,3.412
1.3,1.0,100.0,0,0.18,1,2.526
1.3,1.0,100.0,0,0.36,1,3.158
1.3,1.0,100.0,25,0.18,1,2.318
1.3,1.0,100.0,25,0.36,1,2.924
1.3,1.0,100.0,75,0.18,1,1.993
1.3,1.0,100.0,75,0.36,1,2.537
1.3,1.0,100.0,100,0.18,1,1.873
1.3,1.0,100.0,100,0.36,1,2.386
1.3,1.0,100.0,125,0.18,1,1.776
1.3,1.0,100.0,125,0.36,1,2.26
1.3,1.0,200.0,-40,0.18,1,5.4
1.3,1.0,200.0,-40,0.36,1,6.638
1.3,1.0,200.0,-25,0.18,1,5.094
1.3,1.0,200.0,-25,0.36,1,6.326
1.3,1.0,200.0,0,0.18,1,4.6
1.3,1.0,200.0,0,0.36,1,5.798
1.3,1.0,200.0,25,0.18,1,4.154
1.3,1.0,200.0,25,0.36,1,5.301
1.3,1.0,200.0,75,0.18,1,3.428
1.3,1.0,200.0,75,0.36,1,4.451
1.3,1.0,200.0,100,0.18,1,3.144
1.3,1.0,200.0,100,0.36,1,4.103
1.3,1.0,200.0,125,0.18,1,2.904
1.3,1.0,200.0,125,0.36,1,3.805
1.3,1.0,400.0,-40,0.18,1,10.567
1.3,1.0,400.0,-40,0.36,1,13.041
1.3,1.0,400.0,-25,0.18,1,9.949
1.3,1.0,400.0,-25,0.36,1,12.409
1.3,1.0,400.0,0,0.18,1,8.948
1.3,1.0,400.0,0,0.36,1,11.336
1.3,1.0,400.0,25,0.18,1,8.036
1.3,1.0,400.0,25,0.36,1,10.318
1.3,1.0,400.0,75,0.18,1,6.532
1.3,1.0,400.0,75,0.36,1,8.558
1.3,1.0,400.0,100,0.18,1,5.931
1.3,1.0,400.0,100,0.36,1,7.828
1.3,1.0,400.0,125,0.18,1,5.417
1.3,1.0,400.0,125,0.36,1,7.192
1.3,5.45,10.0,-40,0.18,1,4.909
1.3,5.45,10.0,-40,0.36,1,5.101
1.3,5.45,10.0,-25,0.18,1,4.908
1.3,5.45,10.0,-25,0.36,1,5.103
1.3,5.45,10.0,0,0.18,1,4.908
1.3,5.45,10.0,0,0.36,1,5.106
1.3,5.45,10.0,25,0.18,1,4.91
1.3,5.45,10.0,25,0.36,1,5.111
1.3,5.45,10.0,75,0.18,1,4.92
1.3,5.45,10.0,75,0.36,1,5.125
1.3,5.45,10.0,100,0.18,1,4.925
1.3,5.45,10.0,100,0.36,1,5.135
1.3,5.45,10.0,125,0.18,1,4.931
1.3,5.45,10.0,125,0.36,1,5.145
1.3,5.45,50.0,-40,0.18,1,5.245
1.3,5.45,50.0,-40,0.36,1,5.591
1.3,5.45,50.0,-25,0.18,1,5.191
1.3,5.45,50.0,-25,0.36,1,5.522
1.3,5.45,50.0,0,0.18,1,5.123
1.3,5.45,50.0,0,0.36,1,5.431
1.3,5.45,50.0,25,0.18,1,5.074
1.3,5.45,50.0,25,0.36,1,5.362
1.3,5.45,50.0,75,0.18,1,5.018
1.3,5.45,50.0,75,0.36,1,5.279
1.3,5.45,50.0,100,0.18,1,5.003
1.3,5.45,50.0,100,0.36,1,5.255
1.3,5.45,50.0,125,0.18,1,4.993
1.3,5.45,50.0,125,0.36,1,5.241
1.3,5.45,100.0,-40,0.18,1,5.937
1.3,5.45,100.0,-40,0.36,1,6.592
1.3,5.45,100.0,-25,0.18,1,5.805
1.3,5.45,100.0,-25,0.36,1,6.432
1.3,5.45,100.0,0,0.18,1,5.624
1.3,5.45,100.0,0,0.36,1,6.195
1.3,5.45,100.0,25,0.18,1,5.482
1.3,5.45,100.0,25,0.36,1,6.001
1.3,5.45,100.0,75,0.18,1,5.293
1.3,5.45,100.0,75,0.36,1,5.723
1.3,5.45,100.0,100,0.18,1,5.23
1.3,5.45,100.0,100,0.36,1,5.628
1.3,5.45,100.0,125,0.18,1,5.183
1.3,5.45,100.0,125,0.36,1,5.555
1.3,5.45,200.0,-40,0.18,1,7.701
1.3,5.45,200.0,-40,0.36,1,8.971
1.3,5.45,200.0,-25,0.18,1,7.409
1.3,5.45,200.0,-25,0.36,1,8.649
1.3,5.45,200.0,0,0.18,1,6.976
1.3,5.45,200.0,0,0.36,1,8.142
1.3,5.45,200.0,25,0.18,1,6.62
1.3,5.45,200.0,25,0.36,1,7.693
1.3,5.45,200.0,75,0.18,1,6.102
1.3,5.45,200.0,75,0.36,1,6.985
1.3,5.45,200.0,100,0.18,1,5.919
1.3,5.45,200.0,100,0.36,1,6.718
1.3,5.45,200.0,125,0.18,1,5.772
1.3,5.45,200.0,125,0.36,1,6.5
1.3,5.45,400.0,-40,0.18,1,12.004
1.3,5.45,400.0,-40,0.36,1,14.411
1.3,5.45,400.0,-25,0.18,1,11.4
1.3,5.45,400.0,-25,0.36,1,13.786
1.3,5.45,400.0,0,0.18,1,10.453
1.3,5.45,400.0,0,0.36,1,12.755
1.3,5.45,400.0,25,0.18,1,9.623
1.3,5.45,400.0,25,0.36,1,11.802
1.3,5.45,400.0,75,0.18,1,8.327
1.3,5.45,400.0,75,0.36,1,10.206
1.3,5.45,400.0,100,0.18,1,7.841
1.3,5.45,400.0,100,0.36,1,9.568
1.3,5.45,400.0,125,0.18,1,7.442
1.3,5.45,400.0,125,0.36,1,9.025
1.3,9.91,10.0,-40,0.18,1,8.673
1.3,9.91,10.0,-40,0.36,1,8.87
1.3,9.91,10.0,-25,0.18,1,8.672
1.3,9.91,10.0,-25,0.36,1,8.872
1.3,9.91,10.0,0,0.18,1,8.674
1.3,9.91,10.0,0,0.36,1,8.876
1.3,9.91,10.0,25,0.18,1,8.678
1.3,9.91,10.0,25,0.36,1,8.88
1.3,9.91,10.0,75,0.18,1,8.684
1.3,9.91,10.0,75,0.36,1,8.896
1.3,9.91,10.0,100,0.18,1,8.689
1.3,9.91,10.0,100,0.36,1,8.905
1.3,9.91,10.0,125,0.18,1,8.694
1.3,9.91,10.0,125,0.36,1,8.913
1.3,9.91,50.0,-40,0.18,1,8.914
1.3,9.91,50.0,-40,0.36,1,9.231
1.3,9.91,50.0,-25,0.18,1,8.871
1.3,9.91,50.0,-25,0.36,1,9.174
1.3,9.91,50.0,0,0.18,1,8.821
1.3,9.91,50.0,0,0.36,1,9.101
1.3,9.91,50.0,25,0.18,1,8.787
1.3,9.91,50.0,25,0.36,1,9.05
1.3,9.91,50.0,75,0.18,1,8.746
1.3,9.91,50.0,75,0.36,1,8.994
1.3,9.91,50.0,100,0.18,1,8.737
1.3,9.91,50.0,100,0.36,1,8.98
1.3,9.91,50.0,125,0.18,1,8.732
1.3,9.91,50.0,125,0.36,1,8.972
1.3,9.91,100.0,-40,0.18,1,9.463
1.3,9.91,100.0,-40,0.36,1,10.046
1.3,9.91,100.0,-25,0.18,1,9.348
1.3,9.91,100.0,-25,0.36,1,9.898
1.3,9.91,100.0,0,0.18,1,9.197
1.3,9.91,100.0,0,0.36,1,9.691
1.3,9.91,100.0,25,0.18,1,9.084
1.3,9.91,100.0,25,0.36,1,9.53
1.3,9.91,100.0,75,0.18,1,8.94
1.3,9.91,100.0,75,0.36,1,9.313
1.3,9.91,100.0,100,0.18,1,8.896
1.3,9.91,100.0,100,0.36,1,9.243
1.3,9.91,100.0,125,0.18,1,8.863
1.3,9.91,100.0,125,0.36,1,9.191
1.3,9.91,200.0,-40,0.18,1,10.921
1.3,9.91,200.0,-40,0.36,1,12.138
1.3,9.91,200.0,-25,0.18,1,10.649
1.3,9.91,200.0,-25,0.36,1,11.811
1.3,9.91,200.0,0,0.18,1,10.267
1.3,9.91,200.0,0,0.36,1,11.318
1.3,9.91,200.0,25,0.18,1,9.966
1.3,9.91,200.0,25,0.36,1,10.904
1.3,9.91,200.0,75,0.18,1,9.547
1.3,9.91,200.0,75,0.36,1,10.292
1.3,9.91,200.0,100,0.18,1,9.404
1.3,9.91,200.0,100,0.36,1,10.075
1.3,9.91,200.0,125,0.18,1,9.292
1.3,9.91,200.0,125,0.36,1,9.901
1.3,9.91,400.0,-40,0.18,1,14.586
1.3,9.91,400.0,-40,0.36,1,17.022
1.3,9.91,400.0,-25,0.18,1,13.993
1.3,9.91,400.0,-25,0.36,1,16.38
1.3,9.91,400.0,0,0.18,1,13.108
1.3,9.91,400.0,0,0.36,1,15.358
1.3,9.91,400.0,25,0.18,1,12.368
1.3,9.91,400.0,25,0.36,1,14.441
1.3,9.91,400.0,75,0.18,1,11.272
1.3,9.91,400.0,75,0.36,1,12.967
1.3,9.91,400.0,100,0.18,1,10.878
1.3,9.91,400.0,100,0.36,1,12.401
1.3,9.91,400.0,125,0.18,1,10.558
1.3,9.91,400.0,125,0.36,1,11.93
1.3,14.36,10.0,-40,0.18,1,12.436
1.3,14.36,10.0,-40,0.36,1,12.636
1.3,14.36,10.0,-25,0.18,1,12.437
1.3,14.36,10.0,-25,0.36,1,12.639
1.3,14.36,10.0,0,0.18,1,12.44
1.3,14.36,10.0,0,0.36,1,12.641
1.3,14.36,10.0,25,0.18,1,12.441
1.3,14.36,10.0,25,0.36,1,12.65
1.3,14.36,10.0,75,0.18,1,12.448
1.3,14.36,10.0,75,0.36,1,12.663
1.3,14.36,10.0,100,0.18,1,12.453
1.3,14.36,10.0,100,0.36,1,12.669
1.3,14.36,10.0,125,0.18,1,12.457
1.3,14.36,10.0,125,0.36,1,12.676
1.3,14.36,50.0,-40,0.18,1,12.627
1.3,14.36,50.0,-40,0.36,1,12.928
1.3,14.36,50.0,-25,0.18,1,12.591
1.3,14.36,50.0,-25,0.36,1,12.877
1.3,14.36,50.0,0,0.18,1,12.551
1.3,14.36,50.0,0,0.36,1,12.815
1.3,14.36,50.0,25,0.18,1,12.522
1.3,14.36,50.0,25,0.36,1,12.777
1.3,14.36,50.0,75,0.18,1,12.493
1.3,14.36,50.0,75,0.36,1,12.735
1.3,14.36,50.0,100,0.18,1,12.487
1.3,14.36,50.0,100,0.36,1,12.724
1.3,14.36,50.0,125,0.18,1,12.484
1.3,14.36,50.0,125,0.36,1,12.719
1.3,14.36,100.0,-40,0.18,1,13.095
1.3,14.36,100.0,-40,0.36,1,13.628
1.3,14.36,100.0,-25,0.18,1,12.991
1.3,14.36,100.0,-25,0.36,1,13.491
1.3,14.36,100.0,0,0.18,1,12.86
1.3,14.36,100.0,0,0.36,1,13.307
1.3,14.36,100.0,25,0.18,1,12.763
1.3,14.36,100.0,25,0.36,1,13.168
1.3,14.36,100.0,75,0.18,1,12.646
1.3,14.36,100.0,75,0.36,1,12.987
1.3,14.36,100.0,100,0.18,1,12.61
1.3,14.36,100.0,100,0.36,1,12.933
1.3,14.36,100.0,125,0.18,1,12.585
1.3,14.36,100.0,125,0.36,1,12.89
1.3,14.36,200.0,-40,0.18,1,14.369
1.3,14.36,200.0,-40,0.36,1,15.497
1.3,14.36,200.0,-25,0.18,1,14.114
1.3,14.36,200.0,-25,0.36,1,15.178
1.3,14.36,200.0,0,0.18,1,13.769
1.3,14.36,200.0,0,0.36,1,14.714
1.3,14.36,200.0,25,0.18,1,13.502
1.3,14.36,200.0,25,0.36,1,14.339
1.3,14.36,200.0,75,0.18,1,13.141
1.3,14.36,200.0,75,0.36,1,13.802
1.3,14.36,200.0,100,0.18,1,13.021
1.3,14.36,200.0,100,0.36,1,13.615
1.3,14.36,200.0,125,0.18,1,12.928
1.3,14.36,200.0,125,0.36,1,13.468
1.3,14.36,400.0,-40,0.18,1,17.641
1.3,14.36,400.0,-40,0.36,1,20.053
1.3,14.36,400.0,-25,0.18,1,17.067
1.3,14.36,400.0,-25,0.36,1,19.397
1.3,14.36,400.0,0,0.18,1,16.238
1.3,14.36,400.0,0,0.36,1,18.379
1.3,14.36,400.0,25,0.18,1,15.564
1.3,14.36,400.0,25,0.36,1,17.492
1.3,14.36,400.0,75,0.18,1,14.595
1.3,14.36,400.0,75,0.36,1,16.118
1.3,14.36,400.0,100,0.18,1,14.25
1.3,14.36,400.0,100,0.36,1,15.606
1.3,14.36,400.0,125,0.18,1,13.966
1.3,14.36,400.0,125,0.36,1,15.189
1.3,18.82,10.0,-40,0.18,1,16.202
1.3,18.82,10.0,-40,0.36,1,16.404
1.3,18.82,10.0,-25,0.18,1,16.204
1.3,18.82,10.0,-25,0.36,1,16.405
1.3,18.82,10.0,0,0.18,1,16.202
1.3,18.82,10.0,0,0.36,1,16.409
1.3,18.82,10.0,25,0.18,1,16.205
1.3,18.82,10.0,25,0.36,1,16.417
1.3,18.82,10.0,75,0.18,1,16.213
1.3,18.82,10.0,75,0.36,1,16.427
1.3,18.82,10.0,100,0.18,1,16.216
1.3,18.82,10.0,100,0.36,1,16.432
1.3,18.82,10.0,125,0.18,1,16.219
1.3,18.82,10.0,125,0.36,1,16.438
1.3,18.82,50.0,-40,0.18,1,16.361
1.3,18.82,50.0,-40,0.36,1,16.645
1.3,18.82,50.0,-25,0.18,1,16.331
1.3,18.82,50.0,-25,0.36,1,16.603
1.3,18.82,50.0,0,0.18,1,16.293
1.3,18.82,50.0,0,0.36,1,16.553
1.3,18.82,50.0,25,0.18,1,16.27
1.3,18.82,50.0,25,0.36,1,16.52
1.3,18.82,50.0,75,0.18,1,16.247
1.3,18.82,50.0,75,0.36,1,16.484
1.3,18.82,50.0,100,0.18,1,16.242
1.3,18.82,50.0,100,0.36,1,16.475
1.3,18.82,50.0,125,0.18,1,16.239
1.3,18.82,50.0,125,0.36,1,16.471
1.3,18.82,100.0,-40,0.18,1,16.767
1.3,18.82,100.0,-40,0.36,1,17.267
1.3,18.82,100.0,-25,0.18,1,16.674
1.3,18.82,100.0,-25,0.36,1,17.14
1.3,18.82,100.0,0,0.18,1,16.556
1.3,18.82,100.0,0,0.36,1,16.972
1.3,18.82,100.0,25,0.18,1,16.474
1.3,18.82,100.0,25,0.36,1,16.851
1.3,18.82,100.0,75,0.18,1,16.374
1.3,18.82,100.0,75,0.36,1,16.696
1.3,18.82,100.0,100,0.18,1,16.344
1.3,18.82,100.0,100,0.36,1,16.648
1.3,18.82,100.0,125,0.18,1,16.321
1.3,18.82,100.0,125,0.36,1,16.613
1.3,18.82,200.0,-40,0.18,1,17.914
1.3,18.82,200.0,-40,0.36,1,18.967
1.3,18.82,200.0,-25,0.18,1,17.675
1.3,18.82,200.0,-25,0.36,1,18.66
1.3,18.82,200.0,0,0.18,1,17.354
1.3,18.82,200.0,0,0.36,1,18.225
1.3,18.82,200.0,25,0.18,1,17.114
1.3,18.82,200.0,25,0.36,1,17.88
1.3,18.82,200.0,75,0.18,1,16.795
1.3,18.82,200.0,75,0.36,1,17.398
1.3,18.82,200.0,100,0.18,1,16.69
1.3,18.82,200.0,100,0.36,1,17.234
1.3,18.82,200.0,125,0.18,1,16.605
1.3,18.82,200.0,125,0.36,1,17.106
1.3,18.82,400.0,-40,0.18,1,20.908
1.3,18.82,400.0,-40,0.36,1,23.248
1.3,18.82,400.0,-25,0.18,1,20.355
1.3,18.82,400.0,-25,0.36,1,22.589
1.3,18.82,400.0,0,0.18,1,19.571
1.3,18.82,400.0,0,0.36,1,21.587
1.3,18.82,400.0,25,0.18,1,18.948
1.3,18.82,400.0,25,0.36,1,20.736
1.3,18.82,400.0,75,0.18,1,18.061
1.3,18.82,400.0,75,0.36,1,19.455
1.3,18.82,400.0,100,0.18,1,17.731
1.3,18.82,400.0,100,0.36,1,18.989
1.3,18.82,400.0,125,0.18,1,17.427
1.3,18.82,400.0,125,0.36,1,18.612
1.3,23.27,10.0,-40,0.18,1,19.966
1.3,23.27,10.0,-40,0.36,1,20.168
1.3,23.27,10.0,-25,0.18,1,19.966
1.3,23.27,10.0,-25,0.36,1,20.17
1.3,23.27,10.0,0,0.18,1,19.967
1.3,23.27,10.0,0,0.36,1,20.177
1.3,23.27,10.0,25,0.18,1,19.969
1.3,23.27,10.0,25,0.36,1,20.182
1.3,23.27,10.0,75,0.18,1,19.976
1.3,23.27,10.0,75,0.36,1,20.19
1.3,23.27,10.0,100,0.18,1,19.978
1.3,23.27,10.0,100,0.36,1,20.195
1.3,23.27,10.0,125,0.18,1,19.976
1.3,23.27,10.0,125,0.36,1,20.198
1.3,23.27,50.0,-40,0.18,1,20.104
1.3,23.27,50.0,-40,0.36,1,20.378
1.3,23.27,50.0,-25,0.18,1,20.075
1.3,23.27,50.0,-25,0.36,1,20.339
1.3,23.27,50.0,0,0.18,1,20.043
1.3,23.27,50.0,0,0.36,1,20.295
1.3,23.27,50.0,25,0.18,1,20.023
1.3,23.27,50.0,25,0.36,1,20.268
1.3,23.27,50.0,75,0.18,1,20.004
1.3,23.27,50.0,75,0.36,1,20.236
1.3,23.27,50.0,100,0.18,1,19.998
1.3,23.27,50.0,100,0.36,1,20.229
1.3,23.27,50.0,125,0.18,1,19.991
1.3,23.27,50.0,125,0.36,1,20.224
1.3,23.27,100.0,-40,0.18,1,20.465
1.3,23.27,100.0,-40,0.36,1,20.941
1.3,23.27,100.0,-25,0.18,1,20.377
1.3,23.27,100.0,-25,0.36,1,20.821
1.3,23.27,100.0,0,0.18,1,20.271
1.3,23.27,100.0,0,0.36,1,20.67
1.3,23.27,100.0,25,0.18,1,20.199
1.3,23.27,100.0,25,0.36,1,20.56
1.3,23.27,100.0,75,0.18,1,20.112
1.3,23.27,100.0,75,0.36,1,20.42
1.3,23.27,100.0,100,0.18,1,20.084
1.3,23.27,100.0,100,0.36,1,20.378
1.3,23.27,100.0,125,0.18,1,20.057
1.3,23.27,100.0,125,0.36,1,20.347
1.3,23.27,200.0,-40,0.18,1,21.514
1.3,23.27,200.0,-40,0.36,1,22.507
1.3,23.27,200.0,-25,0.18,1,21.286
1.3,23.27,200.0,-25,0.36,1,22.212
1.3,23.27,200.0,0,0.18,1,20.988
1.3,23.27,200.0,0,0.36,1,21.801
1.3,23.27,200.0,25,0.18,1,20.768
1.3,23.27,200.0,25,0.36,1,21.482
1.3,23.27,200.0,75,0.18,1,20.479
1.3,23.27,200.0,75,0.36,1,21.041
1.3,23.27,200.0,100,0.18,1,20.379
1.3,23.27,200.0,100,0.36,1,20.894
1.3,23.27,200.0,125,0.18,1,20.287
1.3,23.27,200.0,125,0.36,1,20.779
1.3,23.27,400.0,-40,0.18,1,24.295
1.3,23.27,400.0,-40,0.36,1,26.545
1.3,23.27,400.0,-25,0.18,1,23.76
1.3,23.27,400.0,-25,0.36,1,25.89
1.3,23.27,400.0,0,0.18,1,23.015
1.3,23.27,400.0,0,0.36,1,24.913
1.3,23.27,400.0,25,0.18,1,22.431
1.3,23.27,400.0,25,0.36,1,24.1
1.3,23.27,400.0,75,0.18,1,21.575
1.3,23.27,400.0,75,0.36,1,22.9
1.3,23.27,400.0,100,0.18,1,21.2
1.3,23.27,400.0,100,0.36,1,22.471
1.3,23.27,400.0,125,0.18,1,20.787
1.3,23.27,400.0,125,0.36,1,22.124
1.3,27.73,10.0,-40,0.18,1,23.729
1.3,27.73,10.0,-40,0.36,1,23.933
1.3,27.73,10.0,-25,0.18,1,23.729
1.3,27.73,10.0,-25,0.36,1,23.936
1.3,27.73,10.0,0,0.18,1,23.731
1.3,27.73,10.0,0,0.36,1,23.943
1.3,27.73,10.0,25,0.18,1,23.733
1.3,27.73,10.0,25,0.36,1,23.945
1.3,27.73,10.0,75,0.18,1,23.738
1.3,27.73,10.0,75,0.36,1,23.952
1.3,27.73,10.0,100,0.18,1,23.734
1.3,27.73,10.0,100,0.36,1,23.953
1.3,27.73,10.0,125,0.18,1,23.712
1.3,27.73,10.0,125,0.36,1,23.946
1.3,27.73,50.0,-40,0.18,1,23.849
1.3,27.73,50.0,-40,0.36,1,24.118
1.3,27.73,50.0,-25,0.18,1,23.824
1.3,27.73,50.0,-25,0.36,1,24.083
1.3,27.73,50.0,0,0.18,1,23.797
1.3,27.73,50.0,0,0.36,1,24.046
1.3,27.73,50.0,25,0.18,1,23.78
1.3,27.73,50.0,25,0.36,1,24.019
1.3,27.73,50.0,75,0.18,1,23.761
1.3,27.73,50.0,75,0.36,1,23.991
1.3,27.73,50.0,100,0.18,1,23.75
1.3,27.73,50.0,100,0.36,1,23.983
1.3,27.73,50.0,125,0.18,1,23.721
1.3,27.73,50.0,125,0.36,1,23.971
1.3,27.73,100.0,-40,0.18,1,24.176
1.3,27.73,100.0,-40,0.36,1,24.633
1.3,27.73,100.0,-25,0.18,1,24.096
1.3,27.73,100.0,-25,0.36,1,24.523
1.3,27.73,100.0,0,0.18,1,23.999
1.3,27.73,100.0,0,0.36,1,24.382
1.3,27.73,100.0,25,0.18,1,23.934
1.3,27.73,100.0,25,0.36,1,24.28
1.3,27.73,100.0,75,0.18,1,23.854
1.3,27.73,100.0,75,0.36,1,24.155
1.3,27.73,100.0,100,0.18,1,23.822
1.3,27.73,100.0,100,0.36,1,24.116
1.3,27.73,100.0,125,0.18,1,23.77
1.3,27.73,100.0,125,0.36,1,24.082
1.3,27.73,200.0,-40,0.18,1,25.145
1.3,27.73,200.0,-40,0.36,1,26.093
1.3,27.73,200.0,-25,0.18,1,24.929
1.3,27.73,200.0,-25,0.36,1,25.807
1.3,27.73,200.0,0,0.18,1,24.651
1.3,27.73,200.0,0,0.36,1,25.418
1.3,27.73,200.0,25,0.18,1,24.447
1.3,27.73,200.0,25,0.36,1,25.119
1.3,27.73,200.0,75,0.18,1,24.178
1.3,27.73,200.0,75,0.36,1,24.713
1.3,27.73,200.0,100,0.18,1,24.068
1.3,27.73,200.0,100,0.36,1,24.578
1.3,27.73,200.0,125,0.18,1,23.929
1.3,27.73,200.0,125,0.36,1,24.47
1.3,27.73,400.0,-40,0.18,1,27.757
1.3,27.73,400.0,-40,0.36,1,29.917
1.3,27.73,400.0,-25,0.18,1,27.239
1.3,27.73,400.0,-25,0.36,1,29.269
1.3,27.73,400.0,0,0.18,1,26.527
1.3,27.73,400.0,0,0.36,1,28.322
1.3,27.73,400.0,25,0.18,1,25.97
1.3,27.73,400.0,25,0.36,1,27.544
1.3,27.73,400.0,75,0.18,1,25.064
1.3,27.73,400.0,75,0.36,1,26.416
1.3,27.73,400.0,100,0.18,1,24.557
1.3,27.73,400.0,100,0.36,1,26.014
1.3,27.73,400.0,125,0.18,1,23.926
1.3,27.73,400.0,125,0.36,1,25.684
1.3,32.18,10.0,-40,0.18,1,27.493
1.3,32.18,10.0,-40,0.36,1,27.698
1.3,32.18,10.0,-25,0.18,1,27.493
1.3,32.18,10.0,-25,0.36,1,27.704
1.3,32.18,10.0,0,0.18,1,27.494
1.3,32.18,10.0,0,0.36,1,27.708
1.3,32.18,10.0,25,0.18,1,27.496
1.3,32.18,10.0,25,0.36,1,27.708
1.3,32.18,10.0,75,0.18,1,27.494
1.3,32.18,10.0,75,0.36,1,27.711
1.3,32.18,10.0,100,0.18,1,27.469
1.3,32.18,10.0,100,0.36,1,27.699
1.3,32.18,10.0,125,0.18,1,27.393
1.3,32.18,10.0,125,0.36,1,27.664
1.3,32.18,50.0,-40,0.18,1,27.6
1.3,32.18,50.0,-40,0.36,1,27.863
1.3,32.18,50.0,-25,0.18,1,27.577
1.3,32.18,50.0,-25,0.36,1,27.835
1.3,32.18,50.0,0,0.18,1,27.554
1.3,32.18,50.0,0,0.36,1,27.797
1.3,32.18,50.0,25,0.18,1,27.537
1.3,32.18,50.0,25,0.36,1,27.772
1.3,32.18,50.0,75,0.18,1,27.514
1.3,32.18,50.0,75,0.36,1,27.745
1.3,32.18,50.0,100,0.18,1,27.482
1.3,32.18,50.0,100,0.36,1,27.728
1.3,32.18,50.0,125,0.18,1,27.395
1.3,32.18,50.0,125,0.36,1,27.695
1.3,32.18,100.0,-40,0.18,1,27.898
1.3,32.18,100.0,-40,0.36,1,28.341
1.3,32.18,100.0,-25,0.18,1,27.824
1.3,32.18,100.0,-25,0.36,1,28.236
1.3,32.18,100.0,0,0.18,1,27.735
1.3,32.18,100.0,0,0.36,1,28.104
1.3,32.18,100.0,25,0.18,1,27.675
1.3,32.18,100.0,25,0.36,1,28.009
1.3,32.18,100.0,75,0.18,1,27.595
1.3,32.18,100.0,75,0.36,1,27.893
1.3,32.18,100.0,100,0.18,1,27.538
1.3,32.18,100.0,100,0.36,1,27.851
1.3,32.18,100.0,125,0.18,1,27.419
1.3,32.18,100.0,125,0.36,1,27.802
1.3,32.18,200.0,-40,0.18,1,28.802
1.3,32.18,200.0,-40,0.36,1,29.71
1.3,32.18,200.0,-25,0.18,1,28.596
1.3,32.18,200.0,-25,0.36,1,29.434
1.3,32.18,200.0,0,0.18,1,28.334
1.3,32.18,200.0,0,0.36,1,29.067
1.3,32.18,200.0,25,0.18,1,28.142
1.3,32.18,200.0,25,0.36,1,28.781
1.3,32.18,200.0,75,0.18,1,27.874
1.3,32.18,200.0,75,0.36,1,28.403
1.3,32.18,200.0,100,0.18,1,27.719
1.3,32.18,200.0,100,0.36,1,28.274
1.3,32.18,200.0,125,0.18,1,27.472
1.3,32.18,200.0,125,0.36,1,28.162
1.3,32.18,400.0,-40,0.18,1,31.271
1.3,32.18,400.0,-40,0.36,1,33.347
1.3,32.18,400.0,-25,0.18,1,30.767
1.3,32.18,400.0,-25,0.36,1,32.711
1.3,32.18,400.0,0,0.18,1,30.082
1.3,32.18,400.0,0,0.36,1,31.791
1.3,32.18,400.0,25,0.18,1,29.534
1.3,32.18,400.0,25,0.36,1,31.046
1.3,32.18,400.0,75,0.18,1,28.453
1.3,32.18,400.0,75,0.36,1,29.978
1.3,32.18,400.0,100,0.18,1,27.712
1.3,32.18,400.0,100,0.36,1,29.592
1.3,32.18,400.0,125,0.18,1,26.762
1.3,32.18,400.0,125,0.36,1,29.257
1.3,36.64,10.0,-40,0.18,1,31.257
1.3,36.64,10.0,-40,0.36,1,31.466
1.3,36.64,10.0,-25,0.18,1,31.257
1.3,36.64,10.0,-25,0.36,1,31.469
1.3,36.64,10.0,0,0.18,1,31.258
1.3,36.64,10.0,0,0.36,1,31.47
1.3,36.64,10.0,25,0.18,1,31.259
1.3,36.64,10.0,25,0.36,1,31.47
1.3,36.64,10.0,75,0.18,1,31.234
1.3,36.64,10.0,75,0.36,1,31.457
1.3,36.64,10.0,100,0.18,1,31.157
1.3,36.64,10.0,100,0.36,1,31.416
1.3,36.64,10.0,125,0.18,1,30.969
1.3,36.64,10.0,125,0.36,1,31.324
1.3,36.64,50.0,-40,0.18,1,31.353
1.3,36.64,50.0,-40,0.36,1,31.616
1.3,36.64,50.0,-25,0.18,1,31.332
1.3,36.64,50.0,-25,0.36,1,31.587
1.3,36.64,50.0,0,0.18,1,31.313
1.3,36.64,50.0,0,0.36,1,31.551
1.3,36.64,50.0,25,0.18,1,31.296
1.3,36.64,50.0,25,0.36,1,31.527
1.3,36.64,50.0,75,0.18,1,31.251
1.3,36.64,50.0,75,0.36,1,31.49
1.3,36.64,50.0,100,0.18,1,31.165
1.3,36.64,50.0,100,0.36,1,31.451
1.3,36.64,50.0,125,0.18,1,30.959
1.3,36.64,50.0,125,0.36,1,31.37
1.3,36.64,100.0,-40,0.18,1,31.629
1.3,36.64,100.0,-40,0.36,1,32.056
1.3,36.64,100.0,-25,0.18,1,31.559
1.3,36.64,100.0,-25,0.36,1,31.957
1.3,36.64,100.0,0,0.18,1,31.476
1.3,36.64,100.0,0,0.36,1,31.833
1.3,36.64,100.0,25,0.18,1,31.42
1.3,36.64,100.0,25,0.36,1,31.745
1.3,36.64,100.0,75,0.18,1,31.32
1.3,36.64,100.0,75,0.36,1,31.629
1.3,36.64,100.0,100,0.18,1,31.201
1.3,36.64,100.0,100,0.36,1,31.571
1.3,36.64,100.0,125,0.18,1,30.949
1.3,36.64,100.0,125,0.36,1,31.486
1.3,36.64,200.0,-40,0.18,1,32.47
1.3,36.64,200.0,-40,0.36,1,33.352
1.3,36.64,200.0,-25,0.18,1,32.276
1.3,36.64,200.0,-25,0.36,1,33.086
1.3,36.64,200.0,0,0.18,1,32.03
1.3,36.64,200.0,0,0.36,1,32.73
1.3,36.64,200.0,25,0.18,1,31.852
1.3,36.64,200.0,25,0.36,1,32.461
1.3,36.64,200.0,75,0.18,1,31.544
1.3,36.64,200.0,75,0.36,1,32.101
1.3,36.64,200.0,100,0.18,1,31.289
1.3,36.64,200.0,100,0.36,1,31.969
1.3,36.64,200.0,125,0.18,1,30.852
1.3,36.64,200.0,125,0.36,1,31.836
1.3,36.64,400.0,-40,0.18,1,34.821
1.3,36.64,400.0,-40,0.36,1,36.823
1.3,36.64,400.0,-25,0.18,1,34.331
1.3,36.64,400.0,-25,0.36,1,36.2
1.3,36.64,400.0,0,0.18,1,33.663
1.3,36.64,400.0,0,0.36,1,35.306
1.3,36.64,400.0,25,0.18,1,33.094
1.3,36.64,400.0,25,0.36,1,34.591
1.3,36.64,400.0,75,0.18,1,31.679
1.3,36.64,400.0,75,0.36,1,33.568
1.3,36.64,400.0,100,0.18,1,30.603
1.3,36.64,400.0,100,0.36,1,33.18
1.3,36.64,400.0,125,0.18,1,29.251
1.3,36.64,400.0,125,0.36,1,32.804
1.3,41.09,10.0,-40,0.18,1,35.021
1.3,41.09,10.0,-40,0.36,1,35.231
1.3,41.09,10.0,-25,0.18,1,35.021
1.3,41.09,10.0,-25,0.36,1,35.232
1.3,41.09,10.0,0,0.18,1,35.021
1.3,41.09,10.0,0,0.36,1,35.231
1.3,41.09,10.0,25,0.18,1,35.018
1.3,41.09,10.0,25,0.36,1,35.229
1.3,41.09,10.0,75,0.18,1,34.936
1.3,41.09,10.0,75,0.36,1,35.177
1.3,41.09,10.0,100,0.18,1,34.759
1.3,41.09,10.0,100,0.36,1,35.078
1.3,41.09,10.0,125,0.18,1,34.379
1.3,41.09,10.0,125,0.36,1,34.892
1.3,41.09,50.0,-40,0.18,1,35.108
1.3,41.09,50.0,-40,0.36,1,35.368
1.3,41.09,50.0,-25,0.18,1,35.089
1.3,41.09,50.0,-25,0.36,1,35.34
1.3,41.09,50.0,0,0.18,1,35.071
1.3,41.09,50.0,0,0.36,1,35.305
1.3,41.09,50.0,25,0.18,1,35.053
1.3,41.09,50.0,25,0.36,1,35.282
1.3,41.09,50.0,75,0.18,1,34.953
1.3,41.09,50.0,75,0.36,1,35.215
1.3,41.09,50.0,100,0.18,1,34.761
1.3,41.09,50.0,100,0.36,1,35.129
1.3,41.09,50.0,125,0.18,1,34.355
1.3,41.09,50.0,125,0.36,1,34.965
1.3,41.09,100.0,-40,0.18,1,35.365
1.3,41.09,100.0,-40,0.36,1,35.778
1.3,41.09,100.0,-25,0.18,1,35.299
1.3,41.09,100.0,-25,0.36,1,35.686
1.3,41.09,100.0,0,0.18,1,35.221
1.3,41.09,100.0,0,0.36,1,35.567
1.3,41.09,100.0,25,0.18,1,35.166
1.3,41.09,100.0,25,0.36,1,35.485
1.3,41.09,100.0,75,0.18,1,35.007
1.3,41.09,100.0,75,0.36,1,35.352
1.3,41.09,100.0,100,0.18,1,34.771
1.3,41.09,100.0,100,0.36,1,35.258
1.3,41.09,100.0,125,0.18,1,34.3
1.3,41.09,100.0,125,0.36,1,35.102
1.3,41.09,200.0,-40,0.18,1,36.159
1.3,41.09,200.0,-40,0.36,1,37.008
1.3,41.09,200.0,-25,0.18,1,35.973
1.3,41.09,200.0,-25,0.36,1,36.75
1.3,41.09,200.0,0,0.18,1,35.736
1.3,41.09,200.0,0,0.36,1,36.408
1.3,41.09,200.0,25,0.18,1,35.566
1.3,41.09,200.0,25,0.36,1,36.154
1.3,41.09,200.0,75,0.18,1,35.161
1.3,41.09,200.0,75,0.36,1,35.8
1.3,41.09,200.0,100,0.18,1,34.731
1.3,41.09,200.0,100,0.36,1,35.648
1.3,41.09,200.0,125,0.18,1,34.012
1.3,41.09,200.0,125,0.36,1,35.465
1.3,41.09,400.0,-40,0.18,1,38.399
1.3,41.09,400.0,-40,0.36,1,40.339
1.3,41.09,400.0,-25,0.18,1,37.92
1.3,41.09,400.0,-25,0.36,1,39.724
1.3,41.09,400.0,0,0.18,1,37.253
1.3,41.09,400.0,0,0.36,1,38.856
1.3,41.09,400.0,25,0.18,1,36.616
1.3,41.09,400.0,25,0.36,1,38.166
1.3,41.09,400.0,75,0.18,1,34.687
1.3,41.09,400.0,75,0.36,1,37.17
1.3,41.09,400.0,100,0.18,1,33.191
1.3,41.09,400.0,100,0.36,1,36.752
1.3,41.09,400.0,125,0.18,1,31.387
1.3,41.09,400.0,125,0.36,1,36.285
1.3,45.55,10.0,-40,0.18,1,38.784
1.3,45.55,10.0,-40,0.36,1,38.995
1.3,45.55,10.0,-25,0.18,1,38.784
1.3,45.55,10.0,-25,0.36,1,38.994
1.3,45.55,10.0,0,0.18,1,38.78
1.3,45.55,10.0,0,0.36,1,38.991
1.3,45.55,10.0,25,0.18,1,38.767
1.3,45.55,10.0,25,0.36,1,38.979
1.3,45.55,10.0,75,0.18,1,38.575
1.3,45.55,10.0,75,0.36,1,38.852
1.3,45.55,10.0,100,0.18,1,38.23
1.3,45.55,10.0,100,0.36,1,38.663
1.3,45.55,10.0,125,0.18,1,37.568
1.3,45.55,10.0,125,0.36,1,38.332
1.3,45.55,50.0,-40,0.18,1,38.865
1.3,45.55,50.0,-40,0.36,1,39.121
1.3,45.55,50.0,-25,0.18,1,38.846
1.3,45.55,50.0,-25,0.36,1,39.094
1.3,45.55,50.0,0,0.18,1,38.825
1.3,45.55,50.0,0,0.36,1,39.06
1.3,45.55,50.0,25,0.18,1,38.803
1.3,45.55,50.0,25,0.36,1,39.031
1.3,45.55,50.0,75,0.18,1,38.592
1.3,45.55,50.0,75,0.36,1,38.904
1.3,45.55,50.0,100,0.18,1,38.225
1.3,45.55,50.0,100,0.36,1,38.739
1.3,45.55,50.0,125,0.18,1,37.526
1.3,45.55,50.0,125,0.36,1,38.446
1.3,45.55,100.0,-40,0.18,1,39.104
1.3,45.55,100.0,-40,0.36,1,39.509
1.3,45.55,100.0,-25,0.18,1,39.042
1.3,45.55,100.0,-25,0.36,1,39.417
1.3,45.55,100.0,0,0.18,1,38.967
1.3,45.55,100.0,0,0.36,1,39.302
1.3,45.55,100.0,25,0.18,1,38.907
1.3,45.55,100.0,25,0.36,1,39.224
1.3,45.55,100.0,75,0.18,1,38.629
1.3,45.55,100.0,75,0.36,1,39.047
1.3,45.55,100.0,100,0.18,1,38.2
1.3,45.55,100.0,100,0.36,1,38.888
1.3,45.55,100.0,125,0.18,1,37.418
1.3,45.55,100.0,125,0.36,1,38.619
1.3,45.55,200.0,-40,0.18,1,39.857
1.3,45.55,200.0,-40,0.36,1,40.678
1.3,45.55,200.0,-25,0.18,1,39.676
1.3,45.55,200.0,-25,0.36,1,40.429
1.3,45.55,200.0,0,0.18,1,39.45
1.3,45.55,200.0,0,0.36,1,40.099
1.3,45.55,200.0,25,0.18,1,39.272
1.3,45.55,200.0,25,0.36,1,39.853
1.3,45.55,200.0,75,0.18,1,38.684
1.3,45.55,200.0,75,0.36,1,39.486
1.3,45.55,200.0,100,0.18,1,37.996
1.3,45.55,200.0,100,0.36,1,39.29
1.3,45.55,200.0,125,0.18,1,36.903
1.3,45.55,200.0,125,0.36,1,39.012
1.3,45.55,400.0,-40,0.18,1,41.999
1.3,45.55,400.0,-40,0.36,1,43.878
1.3,45.55,400.0,-25,0.18,1,41.526
1.3,45.55,400.0,-25,0.36,1,43.276
1.3,45.55,400.0,0,0.18,1,40.833
1.3,45.55,400.0,0,0.36,1,42.432
1.3,45.55,400.0,25,0.18,1,40.065
1.3,45.55,400.0,25,0.36,1,41.766
1.3,45.55,400.0,75,0.18,1,37.439
1.3,45.55,400.0,75,0.36,1,40.766
1.3,45.55,400.0,100,0.18,1,35.459
1.3,45.55,400.0,100,0.36,1,40.276
1.3,45.55,400.0,125,0.18,1,33.175
1.3,45.55,400.0,125,0.36,1,39.654
1.3,50.0,10.0,-40,0.18,1,42.545
1.3,50.0,10.0,-40,0.36,1,42.755
1.3,50.0,10.0,-25,0.18,1,42.544
1.3,50.0,10.0,-25,0.36,1,42.754
1.3,50.0,10.0,0,0.18,1,42.534
1.3,50.0,10.0,0,0.36,1,42.744
1.3,50.0,10.0,25,0.18,1,42.5
1.3,50.0,10.0,25,0.36,1,42.713
1.3,50.0,10.0,75,0.18,1,42.116
1.3,50.0,10.0,75,0.36,1,42.459
1.3,50.0,10.0,100,0.18,1,41.523
1.3,50.0,10.0,100,0.36,1,42.136
1.3,50.0,10.0,125,0.18,1,40.488
1.3,50.0,10.0,125,0.36,1,41.611
1.3,50.0,50.0,-40,0.18,1,42.621
1.3,50.0,50.0,-40,0.36,1,42.873
1.3,50.0,50.0,-25,0.18,1,42.603
1.3,50.0,50.0,-25,0.36,1,42.847
1.3,50.0,50.0,0,0.18,1,42.577
1.3,50.0,50.0,0,0.36,1,42.811
1.3,50.0,50.0,25,0.18,1,42.538
1.3,50.0,50.0,25,0.36,1,42.768
1.3,50.0,50.0,75,0.18,1,42.133
1.3,50.0,50.0,75,0.36,1,42.536
1.3,50.0,50.0,100,0.18,1,41.509
1.3,50.0,50.0,100,0.36,1,42.252
1.3,50.0,50.0,125,0.18,1,40.426
1.3,50.0,50.0,125,0.36,1,41.78
1.3,50.0,100.0,-40,0.18,1,42.847
1.3,50.0,100.0,-40,0.36,1,43.239
1.3,50.0,100.0,-25,0.18,1,42.787
1.3,50.0,100.0,-25,0.36,1,43.151
1.3,50.0,100.0,0,0.18,1,42.711
1.3,50.0,100.0,0,0.36,1,43.039
1.3,50.0,100.0,25,0.18,1,42.637
1.3,50.0,100.0,25,0.36,1,42.95
1.3,50.0,100.0,75,0.18,1,42.15
1.3,50.0,100.0,75,0.36,1,42.696
1.3,50.0,100.0,100,0.18,1,41.444
1.3,50.0,100.0,100,0.36,1,42.434
1.3,50.0,100.0,125,0.18,1,40.256
1.3,50.0,100.0,125,0.36,1,42.004
1.3,50.0,200.0,-40,0.18,1,43.562
1.3,50.0,200.0,-40,0.36,1,44.361
1.3,50.0,200.0,-25,0.18,1,43.388
1.3,50.0,200.0,-25,0.36,1,44.116
1.3,50.0,200.0,0,0.18,1,43.166
1.3,50.0,200.0,0,0.36,1,43.797
1.3,50.0,200.0,25,0.18,1,42.966
1.3,50.0,200.0,25,0.36,1,43.555
1.3,50.0,200.0,75,0.18,1,42.076
1.3,50.0,200.0,75,0.36,1,43.145
1.3,50.0,200.0,100,0.18,1,41.041
1.3,50.0,200.0,100,0.36,1,42.868
1.3,50.0,200.0,125,0.18,1,39.494
1.3,50.0,200.0,125,0.36,1,42.449
1.3,50.0,400.0,-40,0.18,1,45.613
1.3,50.0,400.0,-40,0.36,1,47.446
1.3,50.0,400.0,-25,0.18,1,45.138
1.3,50.0,400.0,-25,0.36,1,46.854
1.3,50.0,400.0,0,0.18,1,44.381
1.3,50.0,400.0,0,0.36,1,46.03
1.3,50.0,400.0,25,0.18,1,43.408
1.3,50.0,400.0,25,0.36,1,45.382
1.3,50.0,400.0,75,0.18,1,39.916
1.3,50.0,400.0,75,0.36,1,44.334
1.3,50.0,400.0,100,0.18,1,37.414
1.3,50.0,400.0,100,0.36,1,43.718
1.3,50.0,400.0,125,0.18,1,34.652
1.3,50.0,400.0,125,0.36,1,42.867
