Vdd,Cload,Slew,Temp,Wp,Gate_ID,Power
0.7,1e-15,1e-11,-40,1.8e-07,1,3.20417e-07
0.7,1e-15,1e-11,-40,3.6e-07,1,3.7143e-07
0.7,1e-15,1e-11,-25,1.8e-07,1,3.21832e-07
0.7,1e-15,1e-11,-25,3.6e-07,1,3.73798e-07
0.7,1e-15,1e-11,0,1.8e-07,1,3.23526e-07
0.7,1e-15,1e-11,0,3.6e-07,1,3.76673e-07
0.7,1e-15,1e-11,25,1.8e-07,1,3.24957e-07
0.7,1e-15,1e-11,25,3.6e-07,1,3.78973e-07
0.7,1e-15,1e-11,75,1.8e-07,1,3.26994e-07
0.7,1e-15,1e-11,75,3.6e-07,1,3.82783e-07
0.7,1e-15,1e-11,100,1.8e-07,1,3.28039e-07
0.7,1e-15,1e-11,100,3.6e-07,1,3.84289e-07
0.7,1e-15,1e-11,125,1.8e-07,1,3.28933e-07
0.7,1e-15,1e-11,125,3.6e-07,1,3.85654e-07
0.7,1e-15,5e-11,-40,1.8e-07,1,3.10244e-07
0.7,1e-15,5e-11,-40,3.6e-07,1,3.51735e-07
0.7,1e-15,5e-11,-25,1.8e-07,1,3.11694e-07
0.7,1e-15,5e-11,-25,3.6e-07,1,3.54594e-07
0.7,1e-15,5e-11,0,1.8e-07,1,3.13756e-07
0.7,1e-15,5e-11,0,3.6e-07,1,3.58693e-07
0.7,1e-15,5e-11,25,1.8e-07,1,3.15678e-07
0.7,1e-15,5e-11,25,3.6e-07,1,3.61966e-07
0.7,1e-15,5e-11,75,1.8e-07,1,3.19106e-07
0.7,1e-15,5e-11,75,3.6e-07,1,3.67358e-07
0.7,1e-15,5e-11,100,1.8e-07,1,3.20714e-07
0.7,1e-15,5e-11,100,3.6e-07,1,3.69833e-07
0.7,1e-15,5e-11,125,1.8e-07,1,3.22101e-07
0.7,1e-15,5e-11,125,3.6e-07,1,3.71859e-07
0.7,1e-15,1e-10,-40,1.8e-07,1,3.07547e-07
0.7,1e-15,1e-10,-40,3.6e-07,1,3.49823e-07
0.7,1e-15,1e-10,-25,1.8e-07,1,3.08729e-07
0.7,1e-15,1e-10,-25,3.6e-07,1,3.5153e-07
0.7,1e-15,1e-10,0,1.8e-07,1,3.10637e-07
0.7,1e-15,1e-10,0,3.6e-07,1,3.5418e-07
0.7,1e-15,1e-10,25,1.8e-07,1,3.1257e-07
0.7,1e-15,1e-10,25,3.6e-07,1,3.56707e-07
0.7,1e-15,1e-10,75,1.8e-07,1,3.15788e-07
0.7,1e-15,1e-10,75,3.6e-07,1,3.6173e-07
0.7,1e-15,1e-10,100,1.8e-07,1,3.17487e-07
0.7,1e-15,1e-10,100,3.6e-07,1,3.64149e-07
0.7,1e-15,1e-10,125,1.8e-07,1,3.18901e-07
0.7,1e-15,1e-10,125,3.6e-07,1,3.66286e-07
0.7,1e-15,2e-10,-40,1.8e-07,1,3.08526e-07
0.7,1e-15,2e-10,-40,3.6e-07,1,3.51455e-07
0.7,1e-15,2e-10,-25,1.8e-07,1,3.09156e-07
0.7,1e-15,2e-10,-25,3.6e-07,1,3.52242e-07
0.7,1e-15,2e-10,0,1.8e-07,1,3.1053e-07
0.7,1e-15,2e-10,0,3.6e-07,1,3.54318e-07
0.7,1e-15,2e-10,25,1.8e-07,1,3.12013e-07
0.7,1e-15,2e-10,25,3.6e-07,1,3.56576e-07
0.7,1e-15,2e-10,75,1.8e-07,1,3.15196e-07
0.7,1e-15,2e-10,75,3.6e-07,1,3.61308e-07
0.7,1e-15,2e-10,100,1.8e-07,1,3.16779e-07
0.7,1e-15,2e-10,100,3.6e-07,1,3.63593e-07
0.7,1e-15,2e-10,125,1.8e-07,1,3.18237e-07
0.7,1e-15,2e-10,125,3.6e-07,1,3.65797e-07
0.7,1e-15,4e-10,-40,1.8e-07,1,3.14709e-07
0.7,1e-15,4e-10,-40,3.6e-07,1,3.61076e-07
0.7,1e-15,4e-10,-25,1.8e-07,1,3.14378e-07
0.7,1e-15,4e-10,-25,3.6e-07,1,3.60566e-07
0.7,1e-15,4e-10,0,1.8e-07,1,3.15406e-07
0.7,1e-15,4e-10,0,3.6e-07,1,3.62227e-07
0.7,1e-15,4e-10,25,1.8e-07,1,3.17061e-07
0.7,1e-15,4e-10,25,3.6e-07,1,3.64857e-07
0.7,1e-15,4e-10,75,1.8e-07,1,3.21028e-07
0.7,1e-15,4e-10,75,3.6e-07,1,3.71023e-07
0.7,1e-15,4e-10,100,1.8e-07,1,3.23129e-07
0.7,1e-15,4e-10,100,3.6e-07,1,3.74247e-07
0.7,1e-15,4e-10,125,1.8e-07,1,3.25163e-07
0.7,1e-15,4e-10,125,3.6e-07,1,3.77438e-07
0.7,5.454545454545455e-15,1e-11,-40,1.8e-07,1,1.41678e-06
0.7,5.454545454545455e-15,1e-11,-40,3.6e-07,1,1.4726e-06
0.7,5.454545454545455e-15,1e-11,-25,1.8e-07,1,1.41767e-06
0.7,5.454545454545455e-15,1e-11,-25,3.6e-07,1,1.4739e-06
0.7,5.454545454545455e-15,1e-11,0,1.8e-07,1,1.41851e-06
0.7,5.454545454545455e-15,1e-11,0,3.6e-07,1,1.47558e-06
0.7,5.454545454545455e-15,1e-11,25,1.8e-07,1,1.41918e-06
0.7,5.454545454545455e-15,1e-11,25,3.6e-07,1,1.47707e-06
0.7,5.454545454545455e-15,1e-11,75,1.8e-07,1,1.4207e-06
0.7,5.454545454545455e-15,1e-11,75,3.6e-07,1,1.47928e-06
0.7,5.454545454545455e-15,1e-11,100,1.8e-07,1,1.42125e-06
0.7,5.454545454545455e-15,1e-11,100,3.6e-07,1,1.48014e-06
0.7,5.454545454545455e-15,1e-11,125,1.8e-07,1,1.42175e-06
0.7,5.454545454545455e-15,1e-11,125,3.6e-07,1,1.48094e-06
0.7,5.454545454545455e-15,5e-11,-40,1.8e-07,1,1.40944e-06
0.7,5.454545454545455e-15,5e-11,-40,3.6e-07,1,1.45761e-06
0.7,5.454545454545455e-15,5e-11,-25,1.8e-07,1,1.4113e-06
0.7,5.454545454545455e-15,5e-11,-25,3.6e-07,1,1.46046e-06
0.7,5.454545454545455e-15,5e-11,0,1.8e-07,1,1.41335e-06
0.7,5.454545454545455e-15,5e-11,0,3.6e-07,1,1.46412e-06
0.7,5.454545454545455e-15,5e-11,25,1.8e-07,1,1.415e-06
0.7,5.454545454545455e-15,5e-11,25,3.6e-07,1,1.46745e-06
0.7,5.454545454545455e-15,5e-11,75,1.8e-07,1,1.41738e-06
0.7,5.454545454545455e-15,5e-11,75,3.6e-07,1,1.47193e-06
0.7,5.454545454545455e-15,5e-11,100,1.8e-07,1,1.41837e-06
0.7,5.454545454545455e-15,5e-11,100,3.6e-07,1,1.47363e-06
0.7,5.454545454545455e-15,5e-11,125,1.8e-07,1,1.41927e-06
0.7,5.454545454545455e-15,5e-11,125,3.6e-07,1,1.47507e-06
0.7,5.454545454545455e-15,1e-10,-40,1.8e-07,1,1.40536e-06
0.7,5.454545454545455e-15,1e-10,-40,3.6e-07,1,1.45038e-06
0.7,5.454545454545455e-15,1e-10,-25,1.8e-07,1,1.40763e-06
0.7,5.454545454545455e-15,1e-10,-25,3.6e-07,1,1.45346e-06
0.7,5.454545454545455e-15,1e-10,0,1.8e-07,1,1.41014e-06
0.7,5.454545454545455e-15,1e-10,0,3.6e-07,1,1.45803e-06
0.7,5.454545454545455e-15,1e-10,25,1.8e-07,1,1.41198e-06
0.7,5.454545454545455e-15,1e-10,25,3.6e-07,1,1.46124e-06
0.7,5.454545454545455e-15,1e-10,75,1.8e-07,1,1.41502e-06
0.7,5.454545454545455e-15,1e-10,75,3.6e-07,1,1.46699e-06
0.7,5.454545454545455e-15,1e-10,100,1.8e-07,1,1.41626e-06
0.7,5.454545454545455e-15,1e-10,100,3.6e-07,1,1.46912e-06
0.7,5.454545454545455e-15,1e-10,125,1.8e-07,1,1.41733e-06
0.7,5.454545454545455e-15,1e-10,125,3.6e-07,1,1.47096e-06
0.7,5.454545454545455e-15,2e-10,-40,1.8e-07,1,1.40278e-06
0.7,5.454545454545455e-15,2e-10,-40,3.6e-07,1,1.4464e-06
0.7,5.454545454545455e-15,2e-10,-25,1.8e-07,1,1.40459e-06
0.7,5.454545454545455e-15,2e-10,-25,3.6e-07,1,1.44869e-06
0.7,5.454545454545455e-15,2e-10,0,1.8e-07,1,1.40718e-06
0.7,5.454545454545455e-15,2e-10,0,3.6e-07,1,1.45224e-06
0.7,5.454545454545455e-15,2e-10,25,1.8e-07,1,1.40898e-06
0.7,5.454545454545455e-15,2e-10,25,3.6e-07,1,1.45563e-06
0.7,5.454545454545455e-15,2e-10,75,1.8e-07,1,1.41242e-06
0.7,5.454545454545455e-15,2e-10,75,3.6e-07,1,1.46193e-06
0.7,5.454545454545455e-15,2e-10,100,1.8e-07,1,1.41393e-06
0.7,5.454545454545455e-15,2e-10,100,3.6e-07,1,1.46438e-06
0.7,5.454545454545455e-15,2e-10,125,1.8e-07,1,1.41518e-06
0.7,5.454545454545455e-15,2e-10,125,3.6e-07,1,1.46662e-06
0.7,5.454545454545455e-15,4e-10,-40,1.8e-07,1,1.40303e-06
0.7,5.454545454545455e-15,4e-10,-40,3.6e-07,1,1.44795e-06
0.7,5.454545454545455e-15,4e-10,-25,1.8e-07,1,1.40384e-06
0.7,5.454545454545455e-15,4e-10,-25,3.6e-07,1,1.44872e-06
0.7,5.454545454545455e-15,4e-10,0,1.8e-07,1,1.40574e-06
0.7,5.454545454545455e-15,4e-10,0,3.6e-07,1,1.45143e-06
0.7,5.454545454545455e-15,4e-10,25,1.8e-07,1,1.40767e-06
0.7,5.454545454545455e-15,4e-10,25,3.6e-07,1,1.45442e-06
0.7,5.454545454545455e-15,4e-10,75,1.8e-07,1,1.41109e-06
0.7,5.454545454545455e-15,4e-10,75,3.6e-07,1,1.46048e-06
0.7,5.454545454545455e-15,4e-10,100,1.8e-07,1,1.41176e-06
0.7,5.454545454545455e-15,4e-10,100,3.6e-07,1,1.4634e-06
0.7,5.454545454545455e-15,4e-10,125,1.8e-07,1,1.41035e-06
0.7,5.454545454545455e-15,4e-10,125,3.6e-07,1,1.46595e-06
0.7,9.909090909090907e-15,1e-11,-40,1.8e-07,1,2.5093e-06
0.7,9.909090909090907e-15,1e-11,-40,3.6e-07,1,2.56597e-06
0.7,9.909090909090907e-15,1e-11,-25,1.8e-07,1,2.50961e-06
0.7,9.909090909090907e-15,1e-11,-25,3.6e-07,1,2.56695e-06
0.7,9.909090909090907e-15,1e-11,0,1.8e-07,1,2.5102e-06
0.7,9.909090909090907e-15,1e-11,0,3.6e-07,1,2.56846e-06
0.7,9.909090909090907e-15,1e-11,25,1.8e-07,1,2.51089e-06
0.7,9.909090909090907e-15,1e-11,25,3.6e-07,1,2.56928e-06
0.7,9.909090909090907e-15,1e-11,75,1.8e-07,1,2.51195e-06
0.7,9.909090909090907e-15,1e-11,75,3.6e-07,1,2.57096e-06
0.7,9.909090909090907e-15,1e-11,100,1.8e-07,1,2.51246e-06
0.7,9.909090909090907e-15,1e-11,100,3.6e-07,1,2.57198e-06
0.7,9.909090909090907e-15,1e-11,125,1.8e-07,1,2.51276e-06
0.7,9.909090909090907e-15,1e-11,125,3.6e-07,1,2.57287e-06
0.7,9.909090909090907e-15,5e-11,-40,1.8e-07,1,2.50365e-06
0.7,9.909090909090907e-15,5e-11,-40,3.6e-07,1,2.55396e-06
0.7,9.909090909090907e-15,5e-11,-25,1.8e-07,1,2.50492e-06
0.7,9.909090909090907e-15,5e-11,-25,3.6e-07,1,2.55679e-06
0.7,9.909090909090907e-15,5e-11,0,1.8e-07,1,2.50649e-06
0.7,9.909090909090907e-15,5e-11,0,3.6e-07,1,2.56004e-06
0.7,9.909090909090907e-15,5e-11,25,1.8e-07,1,2.50771e-06
0.7,9.909090909090907e-15,5e-11,25,3.6e-07,1,2.56251e-06
0.7,9.909090909090907e-15,5e-11,75,1.8e-07,1,2.50977e-06
0.7,9.909090909090907e-15,5e-11,75,3.6e-07,1,2.56597e-06
0.7,9.909090909090907e-15,5e-11,100,1.8e-07,1,2.51055e-06
0.7,9.909090909090907e-15,5e-11,100,3.6e-07,1,2.56741e-06
0.7,9.909090909090907e-15,5e-11,125,1.8e-07,1,2.51086e-06
0.7,9.909090909090907e-15,5e-11,125,3.6e-07,1,2.56859e-06
0.7,9.909090909090907e-15,1e-10,-40,1.8e-07,1,2.50048e-06
0.7,9.909090909090907e-15,1e-10,-40,3.6e-07,1,2.54703e-06
0.7,9.909090909090907e-15,1e-10,-25,1.8e-07,1,2.5021e-06
0.7,9.909090909090907e-15,1e-10,-25,3.6e-07,1,2.55033e-06
0.7,9.909090909090907e-15,1e-10,0,1.8e-07,1,2.50415e-06
0.7,9.909090909090907e-15,1e-10,0,3.6e-07,1,2.55466e-06
0.7,9.909090909090907e-15,1e-10,25,1.8e-07,1,2.50577e-06
0.7,9.909090909090907e-15,1e-10,25,3.6e-07,1,2.55774e-06
0.7,9.909090909090907e-15,1e-10,75,1.8e-07,1,2.50823e-06
0.7,9.909090909090907e-15,1e-10,75,3.6e-07,1,2.56224e-06
0.7,9.909090909090907e-15,1e-10,100,1.8e-07,1,2.50908e-06
0.7,9.909090909090907e-15,1e-10,100,3.6e-07,1,2.5641e-06
0.7,9.909090909090907e-15,1e-10,125,1.8e-07,1,2.50906e-06
0.7,9.909090909090907e-15,1e-10,125,3.6e-07,1,2.56559e-06
0.7,9.909090909090907e-15,2e-10,-40,1.8e-07,1,2.49703e-06
0.7,9.909090909090907e-15,2e-10,-40,3.6e-07,1,2.54154e-06
0.7,9.909090909090907e-15,2e-10,-25,1.8e-07,1,2.49876e-06
0.7,9.909090909090907e-15,2e-10,-25,3.6e-07,1,2.54503e-06
0.7,9.909090909090907e-15,2e-10,0,1.8e-07,1,2.50111e-06
0.7,9.909090909090907e-15,2e-10,0,3.6e-07,1,2.54911e-06
0.7,9.909090909090907e-15,2e-10,25,1.8e-07,1,2.50309e-06
0.7,9.909090909090907e-15,2e-10,25,3.6e-07,1,2.55271e-06
0.7,9.909090909090907e-15,2e-10,75,1.8e-07,1,2.50591e-06
0.7,9.909090909090907e-15,2e-10,75,3.6e-07,1,2.55793e-06
0.7,9.909090909090907e-15,2e-10,100,1.8e-07,1,2.50588e-06
0.7,9.909090909090907e-15,2e-10,100,3.6e-07,1,2.56021e-06
0.7,9.909090909090907e-15,2e-10,125,1.8e-07,1,2.50323e-06
0.7,9.909090909090907e-15,2e-10,125,3.6e-07,1,2.56209e-06
0.7,9.909090909090907e-15,4e-10,-40,1.8e-07,1,2.4954e-06
0.7,9.909090909090907e-15,4e-10,-40,3.6e-07,1,2.53975e-06
0.7,9.909090909090907e-15,4e-10,-25,1.8e-07,1,2.49657e-06
0.7,9.909090909090907e-15,4e-10,-25,3.6e-07,1,2.54156e-06
0.7,9.909090909090907e-15,4e-10,0,1.8e-07,1,2.49861e-06
0.7,9.909090909090907e-15,4e-10,0,3.6e-07,1,2.54515e-06
0.7,9.909090909090907e-15,4e-10,25,1.8e-07,1,2.4984e-06
0.7,9.909090909090907e-15,4e-10,25,3.6e-07,1,2.54858e-06
0.7,9.909090909090907e-15,4e-10,75,1.8e-07,1,2.46513e-06
0.7,9.909090909090907e-15,4e-10,75,3.6e-07,1,2.55442e-06
0.7,9.909090909090907e-15,4e-10,100,1.8e-07,1,2.41914e-06
0.7,9.909090909090907e-15,4e-10,100,3.6e-07,1,2.55649e-06
0.7,9.909090909090907e-15,4e-10,125,1.8e-07,1,2.35114e-06
0.7,9.909090909090907e-15,4e-10,125,3.6e-07,1,2.55661e-06
0.7,1.436363636363636e-14,1e-11,-40,1.8e-07,1,3.60079e-06
0.7,1.436363636363636e-14,1e-11,-40,3.6e-07,1,3.65821e-06
0.7,1.436363636363636e-14,1e-11,-25,1.8e-07,1,3.60114e-06
0.7,1.436363636363636e-14,1e-11,-25,3.6e-07,1,3.65912e-06
0.7,1.436363636363636e-14,1e-11,0,1.8e-07,1,3.60173e-06
0.7,1.436363636363636e-14,1e-11,0,3.6e-07,1,3.65991e-06
0.7,1.436363636363636e-14,1e-11,25,1.8e-07,1,3.60231e-06
0.7,1.436363636363636e-14,1e-11,25,3.6e-07,1,3.66068e-06
0.7,1.436363636363636e-14,1e-11,75,1.8e-07,1,3.60282e-06
0.7,1.436363636363636e-14,1e-11,75,3.6e-07,1,3.66241e-06
0.7,1.436363636363636e-14,1e-11,100,1.8e-07,1,3.60162e-06
0.7,1.436363636363636e-14,1e-11,100,3.6e-07,1,3.66303e-06
0.7,1.436363636363636e-14,1e-11,125,1.8e-07,1,3.59637e-06
0.7,1.436363636363636e-14,1e-11,125,3.6e-07,1,3.66301e-06
0.7,1.436363636363636e-14,5e-11,-40,1.8e-07,1,3.59614e-06
0.7,1.436363636363636e-14,5e-11,-40,3.6e-07,1,3.648e-06
0.7,1.436363636363636e-14,5e-11,-25,1.8e-07,1,3.59723e-06
0.7,1.436363636363636e-14,5e-11,-25,3.6e-07,1,3.65045e-06
0.7,1.436363636363636e-14,5e-11,0,1.8e-07,1,3.59856e-06
0.7,1.436363636363636e-14,5e-11,0,3.6e-07,1,3.65294e-06
0.7,1.436363636363636e-14,5e-11,25,1.8e-07,1,3.59964e-06
0.7,1.436363636363636e-14,5e-11,25,3.6e-07,1,3.65491e-06
0.7,1.436363636363636e-14,5e-11,75,1.8e-07,1,3.60072e-06
0.7,1.436363636363636e-14,5e-11,75,3.6e-07,1,3.65864e-06
0.7,1.436363636363636e-14,5e-11,100,1.8e-07,1,3.59858e-06
0.7,1.436363636363636e-14,5e-11,100,3.6e-07,1,3.65971e-06
0.7,1.436363636363636e-14,5e-11,125,1.8e-07,1,3.59076e-06
0.7,1.436363636363636e-14,5e-11,125,3.6e-07,1,3.66016e-06
0.7,1.436363636363636e-14,1e-10,-40,1.8e-07,1,3.59322e-06
0.7,1.436363636363636e-14,1e-10,-40,3.6e-07,1,3.64225e-06
0.7,1.436363636363636e-14,1e-10,-25,1.8e-07,1,3.59511e-06
0.7,1.436363636363636e-14,1e-10,-25,3.6e-07,1,3.64531e-06
0.7,1.436363636363636e-14,1e-10,0,1.8e-07,1,3.59688e-06
0.7,1.436363636363636e-14,1e-10,0,3.6e-07,1,3.64874e-06
0.7,1.436363636363636e-14,1e-10,25,1.8e-07,1,3.59824e-06
0.7,1.436363636363636e-14,1e-10,25,3.6e-07,1,3.65134e-06
0.7,1.436363636363636e-14,1e-10,75,1.8e-07,1,3.59899e-06
0.7,1.436363636363636e-14,1e-10,75,3.6e-07,1,3.65549e-06
0.7,1.436363636363636e-14,1e-10,100,1.8e-07,1,3.59423e-06
0.7,1.436363636363636e-14,1e-10,100,3.6e-07,1,3.65697e-06
0.7,1.436363636363636e-14,1e-10,125,1.8e-07,1,3.58104e-06
0.7,1.436363636363636e-14,1e-10,125,3.6e-07,1,3.65778e-06
0.7,1.436363636363636e-14,2e-10,-40,1.8e-07,1,3.59022e-06
0.7,1.436363636363636e-14,2e-10,-40,3.6e-07,1,3.63619e-06
0.7,1.436363636363636e-14,2e-10,-25,1.8e-07,1,3.59195e-06
0.7,1.436363636363636e-14,2e-10,-25,3.6e-07,1,3.63959e-06
0.7,1.436363636363636e-14,2e-10,0,1.8e-07,1,3.59423e-06
0.7,1.436363636363636e-14,2e-10,0,3.6e-07,1,3.64351e-06
0.7,1.436363636363636e-14,2e-10,25,1.8e-07,1,3.59582e-06
0.7,1.436363636363636e-14,2e-10,25,3.6e-07,1,3.64668e-06
0.7,1.436363636363636e-14,2e-10,75,1.8e-07,1,3.58943e-06
0.7,1.436363636363636e-14,2e-10,75,3.6e-07,1,3.65183e-06
0.7,1.436363636363636e-14,2e-10,100,1.8e-07,1,3.57066e-06
0.7,1.436363636363636e-14,2e-10,100,3.6e-07,1,3.65374e-06
0.7,1.436363636363636e-14,2e-10,125,1.8e-07,1,3.53275e-06
0.7,1.436363636363636e-14,2e-10,125,3.6e-07,1,3.65475e-06
0.7,1.436363636363636e-14,4e-10,-40,1.8e-07,1,3.58758e-06
0.7,1.436363636363636e-14,4e-10,-40,3.6e-07,1,3.63247e-06
0.7,1.436363636363636e-14,4e-10,-25,1.8e-07,1,3.58841e-06
0.7,1.436363636363636e-14,4e-10,-25,3.6e-07,1,3.63479e-06
0.7,1.436363636363636e-14,4e-10,0,1.8e-07,1,3.58101e-06
0.7,1.436363636363636e-14,4e-10,0,3.6e-07,1,3.63891e-06
0.7,1.436363636363636e-14,4e-10,25,1.8e-07,1,3.54128e-06
0.7,1.436363636363636e-14,4e-10,25,3.6e-07,1,3.64202e-06
0.7,1.436363636363636e-14,4e-10,75,1.8e-07,1,3.30108e-06
0.7,1.436363636363636e-14,4e-10,75,3.6e-07,1,3.64218e-06
0.7,1.436363636363636e-14,4e-10,100,1.8e-07,1,3.1169e-06
0.7,1.436363636363636e-14,4e-10,100,3.6e-07,1,3.63147e-06
0.7,1.436363636363636e-14,4e-10,125,1.8e-07,1,2.9183e-06
0.7,1.436363636363636e-14,4e-10,125,3.6e-07,1,3.6063e-06
0.7,1.8818181818181816e-14,1e-11,-40,1.8e-07,1,4.69228e-06
0.7,1.8818181818181816e-14,1e-11,-40,3.6e-07,1,4.75011e-06
0.7,1.8818181818181816e-14,1e-11,-25,1.8e-07,1,4.69262e-06
0.7,1.8818181818181816e-14,1e-11,-25,3.6e-07,1,4.75065e-06
0.7,1.8818181818181816e-14,1e-11,0,1.8e-07,1,4.69317e-06
0.7,1.8818181818181816e-14,1e-11,0,3.6e-07,1,4.75134e-06
0.7,1.8818181818181816e-14,1e-11,25,1.8e-07,1,4.69362e-06
0.7,1.8818181818181816e-14,1e-11,25,3.6e-07,1,4.75218e-06
0.7,1.8818181818181816e-14,1e-11,75,1.8e-07,1,4.68823e-06
0.7,1.8818181818181816e-14,1e-11,75,3.6e-07,1,4.75291e-06
0.7,1.8818181818181816e-14,1e-11,100,1.8e-07,1,4.67201e-06
0.7,1.8818181818181816e-14,1e-11,100,3.6e-07,1,4.75088e-06
0.7,1.8818181818181816e-14,1e-11,125,1.8e-07,1,4.63422e-06
0.7,1.8818181818181816e-14,1e-11,125,3.6e-07,1,4.74397e-06
0.7,1.8818181818181816e-14,5e-11,-40,1.8e-07,1,4.68821e-06
0.7,1.8818181818181816e-14,5e-11,-40,3.6e-07,1,4.74126e-06
0.7,1.8818181818181816e-14,5e-11,-25,1.8e-07,1,4.68916e-06
0.7,1.8818181818181816e-14,5e-11,-25,3.6e-07,1,4.74303e-06
0.7,1.8818181818181816e-14,5e-11,0,1.8e-07,1,4.69021e-06
0.7,1.8818181818181816e-14,5e-11,0,3.6e-07,1,4.74522e-06
0.7,1.8818181818181816e-14,5e-11,25,1.8e-07,1,4.69105e-06
0.7,1.8818181818181816e-14,5e-11,25,3.6e-07,1,4.74709e-06
0.7,1.8818181818181816e-14,5e-11,75,1.8e-07,1,4.68302e-06
0.7,1.8818181818181816e-14,5e-11,75,3.6e-07,1,4.74951e-06
0.7,1.8818181818181816e-14,5e-11,100,1.8e-07,1,4.66043e-06
0.7,1.8818181818181816e-14,5e-11,100,3.6e-07,1,4.74835e-06
0.7,1.8818181818181816e-14,5e-11,125,1.8e-07,1,4.61203e-06
0.7,1.8818181818181816e-14,5e-11,125,3.6e-07,1,4.74261e-06
0.7,1.8818181818181816e-14,1e-10,-40,1.8e-07,1,4.68565e-06
0.7,1.8818181818181816e-14,1e-10,-40,3.6e-07,1,4.73618e-06
0.7,1.8818181818181816e-14,1e-10,-25,1.8e-07,1,4.68711e-06
0.7,1.8818181818181816e-14,1e-10,-25,3.6e-07,1,4.73874e-06
0.7,1.8818181818181816e-14,1e-10,0,1.8e-07,1,4.68916e-06
0.7,1.8818181818181816e-14,1e-10,0,3.6e-07,1,4.7418e-06
0.7,1.8818181818181816e-14,1e-10,25,1.8e-07,1,4.69e-06
0.7,1.8818181818181816e-14,1e-10,25,3.6e-07,1,4.74424e-06
0.7,1.8818181818181816e-14,1e-10,75,1.8e-07,1,4.67431e-06
0.7,1.8818181818181816e-14,1e-10,75,3.6e-07,1,4.74747e-06
0.7,1.8818181818181816e-14,1e-10,100,1.8e-07,1,4.63894e-06
0.7,1.8818181818181816e-14,1e-10,100,3.6e-07,1,4.74687e-06
0.7,1.8818181818181816e-14,1e-10,125,1.8e-07,1,4.57131e-06
0.7,1.8818181818181816e-14,1e-10,125,3.6e-07,1,4.74185e-06
0.7,1.8818181818181816e-14,2e-10,-40,1.8e-07,1,4.68298e-06
0.7,1.8818181818181816e-14,2e-10,-40,3.6e-07,1,4.73028e-06
0.7,1.8818181818181816e-14,2e-10,-25,1.8e-07,1,4.68464e-06
0.7,1.8818181818181816e-14,2e-10,-25,3.6e-07,1,4.73324e-06
0.7,1.8818181818181816e-14,2e-10,0,1.8e-07,1,4.68648e-06
0.7,1.8818181818181816e-14,2e-10,0,3.6e-07,1,4.73697e-06
0.7,1.8818181818181816e-14,2e-10,25,1.8e-07,1,4.68453e-06
0.7,1.8818181818181816e-14,2e-10,25,3.6e-07,1,4.74006e-06
0.7,1.8818181818181816e-14,2e-10,75,1.8e-07,1,4.62348e-06
0.7,1.8818181818181816e-14,2e-10,75,3.6e-07,1,4.74423e-06
0.7,1.8818181818181816e-14,2e-10,100,1.8e-07,1,4.53678e-06
0.7,1.8818181818181816e-14,2e-10,100,3.6e-07,1,4.74367e-06
0.7,1.8818181818181816e-14,2e-10,125,1.8e-07,1,4.40606e-06
0.7,1.8818181818181816e-14,2e-10,125,3.6e-07,1,4.73742e-06
0.7,1.8818181818181816e-14,4e-10,-40,1.8e-07,1,4.67817e-06
0.7,1.8818181818181816e-14,4e-10,-40,3.6e-07,1,4.72568e-06
0.7,1.8818181818181816e-14,4e-10,-25,1.8e-07,1,4.669e-06
0.7,1.8818181818181816e-14,4e-10,-25,3.6e-07,1,4.72817e-06
0.7,1.8818181818181816e-14,4e-10,0,1.8e-07,1,4.59605e-06
0.7,1.8818181818181816e-14,4e-10,0,3.6e-07,1,4.73194e-06
0.7,1.8818181818181816e-14,4e-10,25,1.8e-07,1,4.41324e-06
0.7,1.8818181818181816e-14,4e-10,25,3.6e-07,1,4.73314e-06
0.7,1.8818181818181816e-14,4e-10,75,1.8e-07,1,3.81872e-06
0.7,1.8818181818181816e-14,4e-10,75,3.6e-07,1,4.6948e-06
0.7,1.8818181818181816e-14,4e-10,100,1.8e-07,1,3.50732e-06
0.7,1.8818181818181816e-14,4e-10,100,3.6e-07,1,4.63095e-06
0.7,1.8818181818181816e-14,4e-10,125,1.8e-07,1,3.22167e-06
0.7,1.8818181818181816e-14,4e-10,125,3.6e-07,1,4.52958e-06
0.7,2.3272727272727276e-14,1e-11,-40,1.8e-07,1,5.7837e-06
0.7,2.3272727272727276e-14,1e-11,-40,3.6e-07,1,5.8416e-06
0.7,2.3272727272727276e-14,1e-11,-25,1.8e-07,1,5.78404e-06
0.7,2.3272727272727276e-14,1e-11,-25,3.6e-07,1,5.84205e-06
0.7,2.3272727272727276e-14,1e-11,0,1.8e-07,1,5.78451e-06
0.7,2.3272727272727276e-14,1e-11,0,3.6e-07,1,5.84281e-06
0.7,2.3272727272727276e-14,1e-11,25,1.8e-07,1,5.78379e-06
0.7,2.3272727272727276e-14,1e-11,25,3.6e-07,1,5.8433e-06
0.7,2.3272727272727276e-14,1e-11,75,1.8e-07,1,5.74692e-06
0.7,2.3272727272727276e-14,1e-11,75,3.6e-07,1,5.83681e-06
0.7,2.3272727272727276e-14,1e-11,100,1.8e-07,1,5.67805e-06
0.7,2.3272727272727276e-14,1e-11,100,3.6e-07,1,5.82101e-06
0.7,2.3272727272727276e-14,1e-11,125,1.8e-07,1,5.5541e-06
0.7,2.3272727272727276e-14,1e-11,125,3.6e-07,1,5.78726e-06
0.7,2.3272727272727276e-14,5e-11,-40,1.8e-07,1,5.77999e-06
0.7,2.3272727272727276e-14,5e-11,-40,3.6e-07,1,5.8335e-06
0.7,2.3272727272727276e-14,5e-11,-25,1.8e-07,1,5.78087e-06
0.7,2.3272727272727276e-14,5e-11,-25,3.6e-07,1,5.83515e-06
0.7,2.3272727272727276e-14,5e-11,0,1.8e-07,1,5.78187e-06
0.7,2.3272727272727276e-14,5e-11,0,3.6e-07,1,5.83722e-06
0.7,2.3272727272727276e-14,5e-11,25,1.8e-07,1,5.78049e-06
0.7,2.3272727272727276e-14,5e-11,25,3.6e-07,1,5.83872e-06
0.7,2.3272727272727276e-14,5e-11,75,1.8e-07,1,5.73e-06
0.7,2.3272727272727276e-14,5e-11,75,3.6e-07,1,5.83468e-06
0.7,2.3272727272727276e-14,5e-11,100,1.8e-07,1,5.64401e-06
0.7,2.3272727272727276e-14,5e-11,100,3.6e-07,1,5.82101e-06
0.7,2.3272727272727276e-14,5e-11,125,1.8e-07,1,5.49889e-06
0.7,2.3272727272727276e-14,5e-11,125,3.6e-07,1,5.78998e-06
0.7,2.3272727272727276e-14,1e-10,-40,1.8e-07,1,5.77778e-06
0.7,2.3272727272727276e-14,1e-10,-40,3.6e-07,1,5.82884e-06
0.7,2.3272727272727276e-14,1e-10,-25,1.8e-07,1,5.77898e-06
0.7,2.3272727272727276e-14,1e-10,-25,3.6e-07,1,5.83153e-06
0.7,2.3272727272727276e-14,1e-10,0,1.8e-07,1,5.78072e-06
0.7,2.3272727272727276e-14,1e-10,0,3.6e-07,1,5.83458e-06
0.7,2.3272727272727276e-14,1e-10,25,1.8e-07,1,5.77787e-06
0.7,2.3272727272727276e-14,1e-10,25,3.6e-07,1,5.83671e-06
0.7,2.3272727272727276e-14,1e-10,75,1.8e-07,1,5.69707e-06
0.7,2.3272727272727276e-14,1e-10,75,3.6e-07,1,5.83427e-06
0.7,2.3272727272727276e-14,1e-10,100,1.8e-07,1,5.5809e-06
0.7,2.3272727272727276e-14,1e-10,100,3.6e-07,1,5.82206e-06
0.7,2.3272727272727276e-14,1e-10,125,1.8e-07,1,5.40203e-06
0.7,2.3272727272727276e-14,1e-10,125,3.6e-07,1,5.79242e-06
0.7,2.3272727272727276e-14,2e-10,-40,1.8e-07,1,5.77544e-06
0.7,2.3272727272727276e-14,2e-10,-40,3.6e-07,1,5.82346e-06
0.7,2.3272727272727276e-14,2e-10,-25,1.8e-07,1,5.77689e-06
0.7,2.3272727272727276e-14,2e-10,-25,3.6e-07,1,5.82633e-06
0.7,2.3272727272727276e-14,2e-10,0,1.8e-07,1,5.7756e-06
0.7,2.3272727272727276e-14,2e-10,0,3.6e-07,1,5.83e-06
0.7,2.3272727272727276e-14,2e-10,25,1.8e-07,1,5.75464e-06
0.7,2.3272727272727276e-14,2e-10,25,3.6e-07,1,5.83276e-06
0.7,2.3272727272727276e-14,2e-10,75,1.8e-07,1,5.54444e-06
0.7,2.3272727272727276e-14,2e-10,75,3.6e-07,1,5.8313e-06
0.7,2.3272727272727276e-14,2e-10,100,1.8e-07,1,5.33199e-06
0.7,2.3272727272727276e-14,2e-10,100,3.6e-07,1,5.81683e-06
0.7,2.3272727272727276e-14,2e-10,125,1.8e-07,1,5.06309e-06
0.7,2.3272727272727276e-14,2e-10,125,3.6e-07,1,5.77962e-06
0.7,2.3272727272727276e-14,4e-10,-40,1.8e-07,1,5.75331e-06
0.7,2.3272727272727276e-14,4e-10,-40,3.6e-07,1,5.81854e-06
0.7,2.3272727272727276e-14,4e-10,-25,1.8e-07,1,5.6935e-06
0.7,2.3272727272727276e-14,4e-10,-25,3.6e-07,1,5.82104e-06
0.7,2.3272727272727276e-14,4e-10,0,1.8e-07,1,5.43747e-06
0.7,2.3272727272727276e-14,4e-10,0,3.6e-07,1,5.8236e-06
0.7,2.3272727272727276e-14,4e-10,25,1.8e-07,1,5.02113e-06
0.7,2.3272727272727276e-14,4e-10,25,3.6e-07,1,5.81087e-06
0.7,2.3272727272727276e-14,4e-10,75,1.8e-07,1,4.12928e-06
0.7,2.3272727272727276e-14,4e-10,75,3.6e-07,1,5.65537e-06
0.7,2.3272727272727276e-14,4e-10,100,1.8e-07,1,3.74693e-06
0.7,2.3272727272727276e-14,4e-10,100,3.6e-07,1,5.48372e-06
0.7,2.3272727272727276e-14,4e-10,125,1.8e-07,1,3.41123e-06
0.7,2.3272727272727276e-14,4e-10,125,3.6e-07,1,5.25467e-06
0.7,2.7727272727272724e-14,1e-11,-40,1.8e-07,1,6.8751e-06
0.7,2.7727272727272724e-14,1e-11,-40,3.6e-07,1,6.93309e-06
0.7,2.7727272727272724e-14,1e-11,-25,1.8e-07,1,6.87541e-06
0.7,2.7727272727272724e-14,1e-11,-25,3.6e-07,1,6.93348e-06
0.7,2.7727272727272724e-14,1e-11,0,1.8e-07,1,6.87507e-06
0.7,2.7727272727272724e-14,1e-11,0,3.6e-07,1,6.93381e-06
0.7,2.7727272727272724e-14,1e-11,25,1.8e-07,1,6.86748e-06
0.7,2.7727272727272724e-14,1e-11,25,3.6e-07,1,6.93209e-06
0.7,2.7727272727272724e-14,1e-11,75,1.8e-07,1,6.73644e-06
0.7,2.7727272727272724e-14,1e-11,75,3.6e-07,1,6.89749e-06
0.7,2.7727272727272724e-14,1e-11,100,1.8e-07,1,6.55693e-06
0.7,2.7727272727272724e-14,1e-11,100,3.6e-07,1,6.84311e-06
0.7,2.7727272727272724e-14,1e-11,125,1.8e-07,1,6.28893e-06
0.7,2.7727272727272724e-14,1e-11,125,3.6e-07,1,6.74845e-06
0.7,2.7727272727272724e-14,5e-11,-40,1.8e-07,1,6.87164e-06
0.7,2.7727272727272724e-14,5e-11,-40,3.6e-07,1,6.9256e-06
0.7,2.7727272727272724e-14,5e-11,-25,1.8e-07,1,6.87242e-06
0.7,2.7727272727272724e-14,5e-11,-25,3.6e-07,1,6.92707e-06
0.7,2.7727272727272724e-14,5e-11,0,1.8e-07,1,6.87222e-06
0.7,2.7727272727272724e-14,5e-11,0,3.6e-07,1,6.9287e-06
0.7,2.7727272727272724e-14,5e-11,25,1.8e-07,1,6.86104e-06
0.7,2.7727272727272724e-14,5e-11,25,3.6e-07,1,6.92821e-06
0.7,2.7727272727272724e-14,5e-11,75,1.8e-07,1,6.695e-06
0.7,2.7727272727272724e-14,5e-11,75,3.6e-07,1,6.89897e-06
0.7,2.7727272727272724e-14,5e-11,100,1.8e-07,1,6.48651e-06
0.7,2.7727272727272724e-14,5e-11,100,3.6e-07,1,6.84886e-06
0.7,2.7727272727272724e-14,5e-11,125,1.8e-07,1,6.19076e-06
0.7,2.7727272727272724e-14,5e-11,125,3.6e-07,1,6.75804e-06
0.7,2.7727272727272724e-14,1e-10,-40,1.8e-07,1,6.86966e-06
0.7,2.7727272727272724e-14,1e-10,-40,3.6e-07,1,6.92126e-06
0.7,2.7727272727272724e-14,1e-10,-25,1.8e-07,1,6.87068e-06
0.7,2.7727272727272724e-14,1e-10,-25,3.6e-07,1,6.92354e-06
0.7,2.7727272727272724e-14,1e-10,0,1.8e-07,1,6.87025e-06
0.7,2.7727272727272724e-14,1e-10,0,3.6e-07,1,6.92618e-06
0.7,2.7727272727272724e-14,1e-10,25,1.8e-07,1,6.84911e-06
0.7,2.7727272727272724e-14,1e-10,25,3.6e-07,1,6.92735e-06
0.7,2.7727272727272724e-14,1e-10,75,1.8e-07,1,6.61648e-06
0.7,2.7727272727272724e-14,1e-10,75,3.6e-07,1,6.90215e-06
0.7,2.7727272727272724e-14,1e-10,100,1.8e-07,1,6.36175e-06
0.7,2.7727272727272724e-14,1e-10,100,3.6e-07,1,6.85453e-06
0.7,2.7727272727272724e-14,1e-10,125,1.8e-07,1,6.02686e-06
0.7,2.7727272727272724e-14,1e-10,125,3.6e-07,1,6.76352e-06
0.7,2.7727272727272724e-14,2e-10,-40,1.8e-07,1,6.86716e-06
0.7,2.7727272727272724e-14,2e-10,-40,3.6e-07,1,6.91626e-06
0.7,2.7727272727272724e-14,2e-10,-25,1.8e-07,1,6.86798e-06
0.7,2.7727272727272724e-14,2e-10,-25,3.6e-07,1,6.91908e-06
0.7,2.7727272727272724e-14,2e-10,0,1.8e-07,1,6.8524e-06
0.7,2.7727272727272724e-14,2e-10,0,3.6e-07,1,6.92246e-06
0.7,2.7727272727272724e-14,2e-10,25,1.8e-07,1,6.77558e-06
0.7,2.7727272727272724e-14,2e-10,25,3.6e-07,1,6.92401e-06
0.7,2.7727272727272724e-14,2e-10,75,1.8e-07,1,6.30134e-06
0.7,2.7727272727272724e-14,2e-10,75,3.6e-07,1,6.89823e-06
0.7,2.7727272727272724e-14,2e-10,100,1.8e-07,1,5.92649e-06
0.7,2.7727272727272724e-14,2e-10,100,3.6e-07,1,6.84086e-06
0.7,2.7727272727272724e-14,2e-10,125,1.8e-07,1,5.50777e-06
0.7,2.7727272727272724e-14,2e-10,125,3.6e-07,1,6.72865e-06
0.7,2.7727272727272724e-14,4e-10,-40,1.8e-07,1,6.76796e-06
0.7,2.7727272727272724e-14,4e-10,-40,3.6e-07,1,6.91092e-06
0.7,2.7727272727272724e-14,4e-10,-25,1.8e-07,1,6.57593e-06
0.7,2.7727272727272724e-14,4e-10,-25,3.6e-07,1,6.91288e-06
0.7,2.7727272727272724e-14,4e-10,0,1.8e-07,1,6.03487e-06
0.7,2.7727272727272724e-14,4e-10,0,3.6e-07,1,6.90456e-06
0.7,2.7727272727272724e-14,4e-10,25,1.8e-07,1,5.41067e-06
0.7,2.7727272727272724e-14,4e-10,25,3.6e-07,1,6.85166e-06
0.7,2.7727272727272724e-14,4e-10,75,1.8e-07,1,4.34124e-06
0.7,2.7727272727272724e-14,4e-10,75,3.6e-07,1,6.47145e-06
0.7,2.7727272727272724e-14,4e-10,100,1.8e-07,1,3.91117e-06
0.7,2.7727272727272724e-14,4e-10,100,3.6e-07,1,6.14421e-06
0.7,2.7727272727272724e-14,4e-10,125,1.8e-07,1,3.53551e-06
0.7,2.7727272727272724e-14,4e-10,125,3.6e-07,1,5.76422e-06
0.7,3.2181818181818185e-14,1e-11,-40,1.8e-07,1,7.96643e-06
0.7,3.2181818181818185e-14,1e-11,-40,3.6e-07,1,8.02435e-06
0.7,3.2181818181818185e-14,1e-11,-25,1.8e-07,1,7.9664e-06
0.7,3.2181818181818185e-14,1e-11,-25,3.6e-07,1,8.02457e-06
0.7,3.2181818181818185e-14,1e-11,0,1.8e-07,1,7.96169e-06
0.7,3.2181818181818185e-14,1e-11,0,3.6e-07,1,8.02258e-06
0.7,3.2181818181818185e-14,1e-11,25,1.8e-07,1,7.93013e-06
0.7,3.2181818181818185e-14,1e-11,25,3.6e-07,1,8.01182e-06
0.7,3.2181818181818185e-14,1e-11,75,1.8e-07,1,7.60466e-06
0.7,3.2181818181818185e-14,1e-11,75,3.6e-07,1,7.90686e-06
0.7,3.2181818181818185e-14,1e-11,100,1.8e-07,1,7.25843e-06
0.7,3.2181818181818185e-14,1e-11,100,3.6e-07,1,7.77767e-06
0.7,3.2181818181818185e-14,1e-11,125,1.8e-07,1,6.81304e-06
0.7,3.2181818181818185e-14,1e-11,125,3.6e-07,1,7.58221e-06
0.7,3.2181818181818185e-14,5e-11,-40,1.8e-07,1,7.96314e-06
0.7,3.2181818181818185e-14,5e-11,-40,3.6e-07,1,8.0173e-06
0.7,3.2181818181818185e-14,5e-11,-25,1.8e-07,1,7.96352e-06
0.7,3.2181818181818185e-14,5e-11,-25,3.6e-07,1,8.01861e-06
0.7,3.2181818181818185e-14,5e-11,0,1.8e-07,1,7.95742e-06
0.7,3.2181818181818185e-14,5e-11,0,3.6e-07,1,8.01824e-06
0.7,3.2181818181818185e-14,5e-11,25,1.8e-07,1,7.91494e-06
0.7,3.2181818181818185e-14,5e-11,25,3.6e-07,1,8.00996e-06
0.7,3.2181818181818185e-14,5e-11,75,1.8e-07,1,7.52673e-06
0.7,3.2181818181818185e-14,5e-11,75,3.6e-07,1,7.91534e-06
0.7,3.2181818181818185e-14,5e-11,100,1.8e-07,1,7.14429e-06
0.7,3.2181818181818185e-14,5e-11,100,3.6e-07,1,7.79289e-06
0.7,3.2181818181818185e-14,5e-11,125,1.8e-07,1,6.6716e-06
0.7,3.2181818181818185e-14,5e-11,125,3.6e-07,1,7.59846e-06
0.7,3.2181818181818185e-14,1e-10,-40,1.8e-07,1,7.96133e-06
0.7,3.2181818181818185e-14,1e-10,-40,3.6e-07,1,8.01341e-06
0.7,3.2181818181818185e-14,1e-10,-25,1.8e-07,1,7.96177e-06
0.7,3.2181818181818185e-14,1e-10,-25,3.6e-07,1,8.01546e-06
0.7,3.2181818181818185e-14,1e-10,0,1.8e-07,1,7.94999e-06
0.7,3.2181818181818185e-14,1e-10,0,3.6e-07,1,8.01641e-06
0.7,3.2181818181818185e-14,1e-10,25,1.8e-07,1,7.88251e-06
0.7,3.2181818181818185e-14,1e-10,25,3.6e-07,1,8.01143e-06
0.7,3.2181818181818185e-14,1e-10,75,1.8e-07,1,7.38505e-06
0.7,3.2181818181818185e-14,1e-10,75,3.6e-07,1,7.92487e-06
0.7,3.2181818181818185e-14,1e-10,100,1.8e-07,1,6.95052e-06
0.7,3.2181818181818185e-14,1e-10,100,3.6e-07,1,7.80348e-06
0.7,3.2181818181818185e-14,1e-10,125,1.8e-07,1,6.44316e-06
0.7,3.2181818181818185e-14,1e-10,125,3.6e-07,1,7.60562e-06
0.7,3.2181818181818185e-14,2e-10,-40,1.8e-07,1,7.95837e-06
0.7,3.2181818181818185e-14,2e-10,-40,3.6e-07,1,8.00878e-06
0.7,3.2181818181818185e-14,2e-10,-25,1.8e-07,1,7.95457e-06
0.7,3.2181818181818185e-14,2e-10,-25,3.6e-07,1,8.01154e-06
0.7,3.2181818181818185e-14,2e-10,0,1.8e-07,1,7.89725e-06
0.7,3.2181818181818185e-14,2e-10,0,3.6e-07,1,8.01382e-06
0.7,3.2181818181818185e-14,2e-10,25,1.8e-07,1,7.7077e-06
0.7,3.2181818181818185e-14,2e-10,25,3.6e-07,1,8.01001e-06
0.7,3.2181818181818185e-14,2e-10,75,1.8e-07,1,6.87669e-06
0.7,3.2181818181818185e-14,2e-10,75,3.6e-07,1,7.91614e-06
0.7,3.2181818181818185e-14,2e-10,100,1.8e-07,1,6.33404e-06
0.7,3.2181818181818185e-14,2e-10,100,3.6e-07,1,7.76998e-06
0.7,3.2181818181818185e-14,2e-10,125,1.8e-07,1,5.77858e-06
0.7,3.2181818181818185e-14,2e-10,125,3.6e-07,1,7.53063e-06
0.7,3.2181818181818185e-14,4e-10,-40,1.8e-07,1,7.63858e-06
0.7,3.2181818181818185e-14,4e-10,-40,3.6e-07,1,8.003e-06
0.7,3.2181818181818185e-14,4e-10,-25,1.8e-07,1,7.23498e-06
0.7,3.2181818181818185e-14,4e-10,-25,3.6e-07,1,8.00214e-06
0.7,3.2181818181818185e-14,4e-10,0,1.8e-07,1,6.42937e-06
0.7,3.2181818181818185e-14,4e-10,0,3.6e-07,1,7.96439e-06
0.7,3.2181818181818185e-14,4e-10,25,1.8e-07,1,5.68181e-06
0.7,3.2181818181818185e-14,4e-10,25,3.6e-07,1,7.82082e-06
0.7,3.2181818181818185e-14,4e-10,75,1.8e-07,1,4.49469e-06
0.7,3.2181818181818185e-14,4e-10,75,3.6e-07,1,7.10908e-06
0.7,3.2181818181818185e-14,4e-10,100,1.8e-07,1,4.02247e-06
0.7,3.2181818181818185e-14,4e-10,100,3.6e-07,1,6.6123e-06
0.7,3.2181818181818185e-14,4e-10,125,1.8e-07,1,3.60787e-06
0.7,3.2181818181818185e-14,4e-10,125,3.6e-07,1,6.09135e-06
0.7,3.663636363636364e-14,1e-11,-40,1.8e-07,1,9.05721e-06
0.7,3.663636363636364e-14,1e-11,-40,3.6e-07,1,9.11512e-06
0.7,3.663636363636364e-14,1e-11,-25,1.8e-07,1,9.05542e-06
0.7,3.663636363636364e-14,1e-11,-25,3.6e-07,1,9.11388e-06
0.7,3.663636363636364e-14,1e-11,0,1.8e-07,1,9.03552e-06
0.7,3.663636363636364e-14,1e-11,0,3.6e-07,1,9.10369e-06
0.7,3.663636363636364e-14,1e-11,25,1.8e-07,1,8.94529e-06
0.7,3.663636363636364e-14,1e-11,25,3.6e-07,1,9.06878e-06
0.7,3.663636363636364e-14,1e-11,75,1.8e-07,1,8.3102e-06
0.7,3.663636363636364e-14,1e-11,75,3.6e-07,1,8.83048e-06
0.7,3.663636363636364e-14,1e-11,100,1.8e-07,1,7.76525e-06
0.7,3.663636363636364e-14,1e-11,100,3.6e-07,1,8.59024e-06
0.7,3.663636363636364e-14,1e-11,125,1.8e-07,1,7.13903e-06
0.7,3.663636363636364e-14,1e-11,125,3.6e-07,1,8.2609e-06
0.7,3.663636363636364e-14,5e-11,-40,1.8e-07,1,9.05412e-06
0.7,3.663636363636364e-14,5e-11,-40,3.6e-07,1,9.10865e-06
0.7,3.663636363636364e-14,5e-11,-25,1.8e-07,1,9.0526e-06
0.7,3.663636363636364e-14,5e-11,-25,3.6e-07,1,9.10864e-06
0.7,3.663636363636364e-14,5e-11,0,1.8e-07,1,9.02718e-06
0.7,3.663636363636364e-14,5e-11,0,3.6e-07,1,9.10128e-06
0.7,3.663636363636364e-14,5e-11,25,1.8e-07,1,8.91322e-06
0.7,3.663636363636364e-14,5e-11,25,3.6e-07,1,9.07155e-06
0.7,3.663636363636364e-14,5e-11,75,1.8e-07,1,8.18918e-06
0.7,3.663636363636364e-14,5e-11,75,3.6e-07,1,8.85048e-06
0.7,3.663636363636364e-14,5e-11,100,1.8e-07,1,7.60895e-06
0.7,3.663636363636364e-14,5e-11,100,3.6e-07,1,8.61362e-06
0.7,3.663636363636364e-14,5e-11,125,1.8e-07,1,6.96173e-06
0.7,3.663636363636364e-14,5e-11,125,3.6e-07,1,8.28208e-06
0.7,3.663636363636364e-14,1e-10,-40,1.8e-07,1,9.0524e-06
0.7,3.663636363636364e-14,1e-10,-40,3.6e-07,1,9.10528e-06
0.7,3.663636363636364e-14,1e-10,-25,1.8e-07,1,9.05062e-06
0.7,3.663636363636364e-14,1e-10,-25,3.6e-07,1,9.10622e-06
0.7,3.663636363636364e-14,1e-10,0,1.8e-07,1,9.00791e-06
0.7,3.663636363636364e-14,1e-10,0,3.6e-07,1,9.10137e-06
0.7,3.663636363636364e-14,1e-10,25,1.8e-07,1,8.84446e-06
0.7,3.663636363636364e-14,1e-10,25,3.6e-07,1,9.07718e-06
0.7,3.663636363636364e-14,1e-10,75,1.8e-07,1,7.97776e-06
0.7,3.663636363636364e-14,1e-10,75,3.6e-07,1,8.86805e-06
0.7,3.663636363636364e-14,1e-10,100,1.8e-07,1,7.35085e-06
0.7,3.663636363636364e-14,1e-10,100,3.6e-07,1,8.62873e-06
0.7,3.663636363636364e-14,1e-10,125,1.8e-07,1,6.68395e-06
0.7,3.663636363636364e-14,1e-10,125,3.6e-07,1,8.28586e-06
0.7,3.663636363636364e-14,2e-10,-40,1.8e-07,1,9.04699e-06
0.7,3.663636363636364e-14,2e-10,-40,3.6e-07,1,9.10125e-06
0.7,3.663636363636364e-14,2e-10,-25,1.8e-07,1,9.02795e-06
0.7,3.663636363636364e-14,2e-10,-25,3.6e-07,1,9.10324e-06
0.7,3.663636363636364e-14,2e-10,0,1.8e-07,1,8.88125e-06
0.7,3.663636363636364e-14,2e-10,0,3.6e-07,1,9.1014e-06
0.7,3.663636363636364e-14,2e-10,25,1.8e-07,1,8.51491e-06
0.7,3.663636363636364e-14,2e-10,25,3.6e-07,1,9.08111e-06
0.7,3.663636363636364e-14,2e-10,75,1.8e-07,1,7.28135e-06
0.7,3.663636363636364e-14,2e-10,75,3.6e-07,1,8.84687e-06
0.7,3.663636363636364e-14,2e-10,100,1.8e-07,1,6.58807e-06
0.7,3.663636363636364e-14,2e-10,100,3.6e-07,1,8.56042e-06
0.7,3.663636363636364e-14,2e-10,125,1.8e-07,1,5.91935e-06
0.7,3.663636363636364e-14,2e-10,125,3.6e-07,1,8.15298e-06
0.7,3.663636363636364e-14,4e-10,-40,1.8e-07,1,8.28186e-06
0.7,3.663636363636364e-14,4e-10,-40,3.6e-07,1,9.09362e-06
0.7,3.663636363636364e-14,4e-10,-25,1.8e-07,1,7.67768e-06
0.7,3.663636363636364e-14,4e-10,-25,3.6e-07,1,9.08246e-06
0.7,3.663636363636364e-14,4e-10,0,1.8e-07,1,6.71124e-06
0.7,3.663636363636364e-14,4e-10,0,3.6e-07,1,8.97657e-06
0.7,3.663636363636364e-14,4e-10,25,1.8e-07,1,5.88733e-06
0.7,3.663636363636364e-14,4e-10,25,3.6e-07,1,8.68071e-06
0.7,3.663636363636364e-14,4e-10,75,1.8e-07,1,4.60237e-06
0.7,3.663636363636364e-14,4e-10,75,3.6e-07,1,7.5727e-06
0.7,3.663636363636364e-14,4e-10,100,1.8e-07,1,4.08808e-06
0.7,3.663636363636364e-14,4e-10,100,3.6e-07,1,6.92039e-06
0.7,3.663636363636364e-14,4e-10,125,1.8e-07,1,3.63465e-06
0.7,3.663636363636364e-14,4e-10,125,3.6e-07,1,6.28311e-06
0.7,4.109090909090909e-14,1e-11,-40,1.8e-07,1,1.01457e-05
0.7,4.109090909090909e-14,1e-11,-40,3.6e-07,1,1.02037e-05
0.7,4.109090909090909e-14,1e-11,-25,1.8e-07,1,1.01378e-05
0.7,4.109090909090909e-14,1e-11,-25,3.6e-07,1,1.01975e-05
0.7,4.109090909090909e-14,1e-11,0,1.8e-07,1,1.0079e-05
0.7,4.109090909090909e-14,1e-11,0,3.6e-07,1,1.0166e-05
0.7,4.109090909090909e-14,1e-11,25,1.8e-07,1,9.8776e-06
0.7,4.109090909090909e-14,1e-11,25,3.6e-07,1,1.00816e-05
0.7,4.109090909090909e-14,1e-11,75,1.8e-07,1,8.83633e-06
0.7,4.109090909090909e-14,1e-11,75,3.6e-07,1,9.64091e-06
0.7,4.109090909090909e-14,1e-11,100,1.8e-07,1,8.09159e-06
0.7,4.109090909090909e-14,1e-11,100,3.6e-07,1,9.25808e-06
0.7,4.109090909090909e-14,1e-11,125,1.8e-07,1,7.3089e-06
0.7,4.109090909090909e-14,1e-11,125,3.6e-07,1,8.78204e-06
0.7,4.109090909090909e-14,5e-11,-40,1.8e-07,1,1.01431e-05
0.7,4.109090909090909e-14,5e-11,-40,3.6e-07,1,1.01981e-05
0.7,4.109090909090909e-14,5e-11,-25,1.8e-07,1,1.01349e-05
0.7,4.109090909090909e-14,5e-11,-25,3.6e-07,1,1.0194e-05
0.7,4.109090909090909e-14,5e-11,0,1.8e-07,1,1.00623e-05
0.7,4.109090909090909e-14,5e-11,0,3.6e-07,1,1.0168e-05
0.7,4.109090909090909e-14,5e-11,25,1.8e-07,1,9.81921e-06
0.7,4.109090909090909e-14,5e-11,25,3.6e-07,1,1.00932e-05
0.7,4.109090909090909e-14,5e-11,75,1.8e-07,1,8.67349e-06
0.7,4.109090909090909e-14,5e-11,75,3.6e-07,1,9.67228e-06
0.7,4.109090909090909e-14,5e-11,100,1.8e-07,1,7.89785e-06
0.7,4.109090909090909e-14,5e-11,100,3.6e-07,1,9.28902e-06
0.7,4.109090909090909e-14,5e-11,125,1.8e-07,1,7.10473e-06
0.7,4.109090909090909e-14,5e-11,125,3.6e-07,1,8.80303e-06
0.7,4.109090909090909e-14,1e-10,-40,1.8e-07,1,1.01412e-05
0.7,4.109090909090909e-14,1e-10,-40,3.6e-07,1,1.01956e-05
0.7,4.109090909090909e-14,1e-10,-25,1.8e-07,1,1.01299e-05
0.7,4.109090909090909e-14,1e-10,-25,3.6e-07,1,1.01933e-05
0.7,4.109090909090909e-14,1e-10,0,1.8e-07,1,1.00206e-05
0.7,4.109090909090909e-14,1e-10,0,3.6e-07,1,1.01727e-05
0.7,4.109090909090909e-14,1e-10,25,1.8e-07,1,9.69896e-06
0.7,4.109090909090909e-14,1e-10,25,3.6e-07,1,1.0109e-05
0.7,4.109090909090909e-14,1e-10,75,1.8e-07,1,8.39571e-06
0.7,4.109090909090909e-14,1e-10,75,3.6e-07,1,9.69798e-06
0.7,4.109090909090909e-14,1e-10,100,1.8e-07,1,7.58931e-06
0.7,4.109090909090909e-14,1e-10,100,3.6e-07,1,9.30438e-06
0.7,4.109090909090909e-14,1e-10,125,1.8e-07,1,6.79205e-06
0.7,4.109090909090909e-14,1e-10,125,3.6e-07,1,8.79642e-06
0.7,4.109090909090909e-14,2e-10,-40,1.8e-07,1,1.01277e-05
0.7,4.109090909090909e-14,2e-10,-40,3.6e-07,1,1.01927e-05
0.7,4.109090909090909e-14,2e-10,-25,1.8e-07,1,1.00722e-05
0.7,4.109090909090909e-14,2e-10,-25,3.6e-07,1,1.01925e-05
0.7,4.109090909090909e-14,2e-10,0,1.8e-07,1,9.77178e-06
0.7,4.109090909090909e-14,2e-10,0,3.6e-07,1,1.01789e-05
0.7,4.109090909090909e-14,2e-10,25,1.8e-07,1,9.17503e-06
0.7,4.109090909090909e-14,2e-10,25,3.6e-07,1,1.012e-05
0.7,4.109090909090909e-14,2e-10,75,1.8e-07,1,7.54419e-06
0.7,4.109090909090909e-14,2e-10,75,3.6e-07,1,9.65308e-06
0.7,4.109090909090909e-14,2e-10,100,1.8e-07,1,6.72441e-06
0.7,4.109090909090909e-14,2e-10,100,3.6e-07,1,9.18526e-06
0.7,4.109090909090909e-14,2e-10,125,1.8e-07,1,5.9657e-06
0.7,4.109090909090909e-14,2e-10,125,3.6e-07,1,8.59327e-06
0.7,4.109090909090909e-14,4e-10,-40,1.8e-07,1,8.70895e-06
0.7,4.109090909090909e-14,4e-10,-40,3.6e-07,1,1.01795e-05
0.7,4.109090909090909e-14,4e-10,-25,1.8e-07,1,7.98838e-06
0.7,4.109090909090909e-14,4e-10,-25,3.6e-07,1,1.01425e-05
0.7,4.109090909090909e-14,4e-10,0,1.8e-07,1,6.92951e-06
0.7,4.109090909090909e-14,4e-10,0,3.6e-07,1,9.91169e-06
0.7,4.109090909090909e-14,4e-10,25,1.8e-07,1,6.04785e-06
0.7,4.109090909090909e-14,4e-10,25,3.6e-07,1,9.40147e-06
0.7,4.109090909090909e-14,4e-10,75,1.8e-07,1,4.6688e-06
0.7,4.109090909090909e-14,4e-10,75,3.6e-07,1,7.88859e-06
0.7,4.109090909090909e-14,4e-10,100,1.8e-07,1,4.11221e-06
0.7,4.109090909090909e-14,4e-10,100,3.6e-07,1,7.1074e-06
0.7,4.109090909090909e-14,4e-10,125,1.8e-07,1,3.62227e-06
0.7,4.109090909090909e-14,4e-10,125,3.6e-07,1,6.37193e-06
0.7,4.5545454545454544e-14,1e-11,-40,1.8e-07,1,1.12272e-05
0.7,4.5545454545454544e-14,1e-11,-40,3.6e-07,1,1.12853e-05
0.7,4.5545454545454544e-14,1e-11,-25,1.8e-07,1,1.12035e-05
0.7,4.5545454545454544e-14,1e-11,-25,3.6e-07,1,1.1267e-05
0.7,4.5545454545454544e-14,1e-11,0,1.8e-07,1,1.10656e-05
0.7,4.5545454545454544e-14,1e-11,0,3.6e-07,1,1.11916e-05
0.7,4.5545454545454544e-14,1e-11,25,1.8e-07,1,1.0691e-05
0.7,4.5545454545454544e-14,1e-11,25,3.6e-07,1,1.10259e-05
0.7,4.5545454545454544e-14,1e-11,75,1.8e-07,1,9.19242e-06
0.7,4.5545454545454544e-14,1e-11,75,3.6e-07,1,1.03171e-05
0.7,4.5545454545454544e-14,1e-11,100,1.8e-07,1,8.27021e-06
0.7,4.5545454545454544e-14,1e-11,100,3.6e-07,1,9.78073e-06
0.7,4.5545454545454544e-14,1e-11,125,1.8e-07,1,7.36651e-06
0.7,4.5545454545454544e-14,1e-11,125,3.6e-07,1,9.16023e-06
0.7,4.5545454545454544e-14,5e-11,-40,1.8e-07,1,1.12259e-05
0.7,4.5545454545454544e-14,5e-11,-40,3.6e-07,1,1.12821e-05
0.7,4.5545454545454544e-14,5e-11,-25,1.8e-07,1,1.12e-05
0.7,4.5545454545454544e-14,5e-11,-25,3.6e-07,1,1.12674e-05
0.7,4.5545454545454544e-14,5e-11,0,1.8e-07,1,1.1035e-05
0.7,4.5545454545454544e-14,5e-11,0,3.6e-07,1,1.12022e-05
0.7,4.5545454545454544e-14,5e-11,25,1.8e-07,1,1.05996e-05
0.7,4.5545454545454544e-14,5e-11,25,3.6e-07,1,1.10502e-05
0.7,4.5545454545454544e-14,5e-11,75,1.8e-07,1,8.99011e-06
0.7,4.5545454545454544e-14,5e-11,75,3.6e-07,1,1.03599e-05
0.7,4.5545454545454544e-14,5e-11,100,1.8e-07,1,8.04845e-06
0.7,4.5545454545454544e-14,5e-11,100,3.6e-07,1,9.81477e-06
0.7,4.5545454545454544e-14,5e-11,125,1.8e-07,1,7.14278e-06
0.7,4.5545454545454544e-14,5e-11,125,3.6e-07,1,9.17539e-06
0.7,4.5545454545454544e-14,1e-10,-40,1.8e-07,1,1.12236e-05
0.7,4.5545454545454544e-14,1e-10,-40,3.6e-07,1,1.12817e-05
0.7,4.5545454545454544e-14,1e-10,-25,1.8e-07,1,1.11872e-05
0.7,4.5545454545454544e-14,1e-10,-25,3.6e-07,1,1.12707e-05
0.7,4.5545454545454544e-14,1e-10,0,1.8e-07,1,1.09579e-05
0.7,4.5545454545454544e-14,1e-10,0,3.6e-07,1,1.12161e-05
0.7,4.5545454545454544e-14,1e-10,25,1.8e-07,1,1.0416e-05
0.7,4.5545454545454544e-14,1e-10,25,3.6e-07,1,1.10803e-05
0.7,4.5545454545454544e-14,1e-10,75,1.8e-07,1,8.65837e-06
0.7,4.5545454545454544e-14,1e-10,75,3.6e-07,1,1.03919e-05
0.7,4.5545454545454544e-14,1e-10,100,1.8e-07,1,7.70283e-06
0.7,4.5545454545454544e-14,1e-10,100,3.6e-07,1,9.82387e-06
0.7,4.5545454545454544e-14,1e-10,125,1.8e-07,1,6.80735e-06
0.7,4.5545454545454544e-14,1e-10,125,3.6e-07,1,9.15169e-06
0.7,4.5545454545454544e-14,2e-10,-40,1.8e-07,1,1.11898e-05
0.7,4.5545454545454544e-14,2e-10,-40,3.6e-07,1,1.12817e-05
0.7,4.5545454545454544e-14,2e-10,-25,1.8e-07,1,1.10637e-05
0.7,4.5545454545454544e-14,2e-10,-25,3.6e-07,1,1.12757e-05
0.7,4.5545454545454544e-14,2e-10,0,1.8e-07,1,1.05402e-05
0.7,4.5545454545454544e-14,2e-10,0,3.6e-07,1,1.12341e-05
0.7,4.5545454545454544e-14,2e-10,25,1.8e-07,1,9.68386e-06
0.7,4.5545454545454544e-14,2e-10,25,3.6e-07,1,1.11021e-05
0.7,4.5545454545454544e-14,2e-10,75,1.8e-07,1,7.69409e-06
0.7,4.5545454545454544e-14,2e-10,75,3.6e-07,1,1.03097e-05
0.7,4.5545454545454544e-14,2e-10,100,1.8e-07,1,6.77241e-06
0.7,4.5545454545454544e-14,2e-10,100,3.6e-07,1,9.64129e-06
0.7,4.5545454545454544e-14,2e-10,125,1.8e-07,1,5.94557e-06
0.7,4.5545454545454544e-14,2e-10,125,3.6e-07,1,8.87207e-06
0.7,4.5545454545454544e-14,4e-10,-40,1.8e-07,1,9.01048e-06
0.7,4.5545454545454544e-14,4e-10,-40,3.6e-07,1,1.12537e-05
0.7,4.5545454545454544e-14,4e-10,-25,1.8e-07,1,8.22851e-06
0.7,4.5545454545454544e-14,4e-10,-25,3.6e-07,1,1.11638e-05
0.7,4.5545454545454544e-14,4e-10,0,1.8e-07,1,7.10472e-06
0.7,4.5545454545454544e-14,4e-10,0,3.6e-07,1,1.07391e-05
0.7,4.5545454545454544e-14,4e-10,25,1.8e-07,1,6.171e-06
0.7,4.5545454545454544e-14,4e-10,25,3.6e-07,1,9.97064e-06
0.7,4.5545454545454544e-14,4e-10,75,1.8e-07,1,4.69663e-06
0.7,4.5545454545454544e-14,4e-10,75,3.6e-07,1,8.08999e-06
0.7,4.5545454545454544e-14,4e-10,100,1.8e-07,1,4.09973e-06
0.7,4.5545454545454544e-14,4e-10,100,3.6e-07,1,7.19877e-06
0.7,4.5545454545454544e-14,4e-10,125,1.8e-07,1,3.57875e-06
0.7,4.5545454545454544e-14,4e-10,125,3.6e-07,1,6.38381e-06
0.7,5e-14,1e-11,-40,1.8e-07,1,1.22921e-05
0.7,5e-14,1e-11,-40,3.6e-07,1,1.2351e-05
0.7,5e-14,1e-11,-25,1.8e-07,1,1.22347e-05
0.7,5e-14,1e-11,-25,3.6e-07,1,1.23079e-05
0.7,5e-14,1e-11,0,1.8e-07,1,1.19635e-05
0.7,5e-14,1e-11,0,3.6e-07,1,1.21578e-05
0.7,5e-14,1e-11,25,1.8e-07,1,1.13591e-05
0.7,5e-14,1e-11,25,3.6e-07,1,1.18732e-05
0.7,5e-14,1e-11,75,1.8e-07,1,9.40284e-06
0.7,5e-14,1e-11,75,3.6e-07,1,1.08584e-05
0.7,5e-14,1e-11,100,1.8e-07,1,8.34044e-06
0.7,5e-14,1e-11,100,3.6e-07,1,1.01708e-05
0.7,5e-14,1e-11,125,1.8e-07,1,7.34765e-06
0.7,5e-14,1e-11,125,3.6e-07,1,9.41927e-06
0.7,5e-14,5e-11,-40,1.8e-07,1,1.22936e-05
0.7,5e-14,5e-11,-40,3.6e-07,1,1.23527e-05
0.7,5e-14,5e-11,-25,1.8e-07,1,1.22301e-05
0.7,5e-14,5e-11,-25,3.6e-07,1,1.23162e-05
0.7,5e-14,5e-11,0,1.8e-07,1,1.19128e-05
0.7,5e-14,5e-11,0,3.6e-07,1,1.21824e-05
0.7,5e-14,5e-11,25,1.8e-07,1,1.12307e-05
0.7,5e-14,5e-11,25,3.6e-07,1,1.1919e-05
0.7,5e-14,5e-11,75,1.8e-07,1,9.17049e-06
0.7,5e-14,5e-11,75,3.6e-07,1,1.09094e-05
0.7,5e-14,5e-11,100,1.8e-07,1,8.09676e-06
0.7,5e-14,5e-11,100,3.6e-07,1,1.02023e-05
0.7,5e-14,5e-11,125,1.8e-07,1,7.11118e-06
0.7,5e-14,5e-11,125,3.6e-07,1,9.42372e-06
0.7,5e-14,1e-10,-40,1.8e-07,1,1.22909e-05
0.7,5e-14,1e-10,-40,3.6e-07,1,1.23573e-05
0.7,5e-14,1e-10,-25,1.8e-07,1,1.22044e-05
0.7,5e-14,1e-10,-25,3.6e-07,1,1.23277e-05
0.7,5e-14,1e-10,0,1.8e-07,1,1.17883e-05
0.7,5e-14,1e-10,0,3.6e-07,1,1.22114e-05
0.7,5e-14,1e-10,25,1.8e-07,1,1.09795e-05
0.7,5e-14,1e-10,25,3.6e-07,1,1.19658e-05
0.7,5e-14,1e-10,75,1.8e-07,1,8.79657e-06
0.7,5e-14,1e-10,75,3.6e-07,1,1.0942e-05
0.7,5e-14,1e-10,100,1.8e-07,1,7.72601e-06
0.7,5e-14,1e-10,100,3.6e-07,1,1.01981e-05
0.7,5e-14,1e-10,125,1.8e-07,1,6.76149e-06
0.7,5e-14,1e-10,125,3.6e-07,1,9.37841e-06
0.7,5e-14,2e-10,-40,1.8e-07,1,1.22152e-05
0.7,5e-14,2e-10,-40,3.6e-07,1,1.23643e-05
0.7,5e-14,2e-10,-25,1.8e-07,1,1.19736e-05
0.7,5e-14,2e-10,-25,3.6e-07,1,1.23445e-05
0.7,5e-14,2e-10,0,1.8e-07,1,1.11689e-05
0.7,5e-14,2e-10,0,3.6e-07,1,1.22492e-05
0.7,5e-14,2e-10,25,1.8e-07,1,1.00516e-05
0.7,5e-14,2e-10,25,3.6e-07,1,1.19997e-05
0.7,5e-14,2e-10,75,1.8e-07,1,7.75647e-06
0.7,5e-14,2e-10,75,3.6e-07,1,1.08092e-05
0.7,5e-14,2e-10,100,1.8e-07,1,6.75596e-06
0.7,5e-14,2e-10,100,3.6e-07,1,9.94473e-06
0.7,5e-14,2e-10,125,1.8e-07,1,5.88115e-06
0.7,5e-14,2e-10,125,3.6e-07,1,9.02256e-06
0.7,5e-14,4e-10,-40,1.8e-07,1,9.24607e-06
0.7,5e-14,4e-10,-40,3.6e-07,1,1.2304e-05
0.7,5e-14,4e-10,-25,1.8e-07,1,8.42398e-06
0.7,5e-14,4e-10,-25,3.6e-07,1,1.21216e-05
0.7,5e-14,4e-10,0,1.8e-07,1,7.24489e-06
0.7,5e-14,4e-10,0,3.6e-07,1,1.14327e-05
0.7,5e-14,4e-10,25,1.8e-07,1,6.25924e-06
0.7,5e-14,4e-10,25,3.6e-07,1,1.03959e-05
0.7,5e-14,4e-10,75,1.8e-07,1,4.68921e-06
0.7,5e-14,4e-10,75,3.6e-07,1,8.19872e-06
0.7,5e-14,4e-10,100,1.8e-07,1,4.05713e-06
0.7,5e-14,4e-10,100,3.6e-07,1,7.21627e-06
0.7,5e-14,4e-10,125,1.8e-07,1,3.51305e-06
0.7,5e-14,4e-10,125,3.6e-07,1,6.33979e-06
0.7999999999999999,1e-15,1e-11,-40,1.8e-07,1,4.15581e-07
0.7999999999999999,1e-15,1e-11,-40,3.6e-07,1,4.80943e-07
0.7999999999999999,1e-15,1e-11,-25,1.8e-07,1,4.17752e-07
0.7999999999999999,1e-15,1e-11,-25,3.6e-07,1,4.83393e-07
0.7999999999999999,1e-15,1e-11,0,1.8e-07,1,4.20439e-07
0.7999999999999999,1e-15,1e-11,0,3.6e-07,1,4.87217e-07
0.7999999999999999,1e-15,1e-11,25,1.8e-07,1,4.22607e-07
0.7999999999999999,1e-15,1e-11,25,3.6e-07,1,4.90686e-07
0.7999999999999999,1e-15,1e-11,75,1.8e-07,1,4.26068e-07
0.7999999999999999,1e-15,1e-11,75,3.6e-07,1,4.9679e-07
0.7999999999999999,1e-15,1e-11,100,1.8e-07,1,4.27672e-07
0.7999999999999999,1e-15,1e-11,100,3.6e-07,1,4.99492e-07
0.7999999999999999,1e-15,1e-11,125,1.8e-07,1,4.29185e-07
0.7999999999999999,1e-15,1e-11,125,3.6e-07,1,5.01797e-07
0.7999999999999999,1e-15,5e-11,-40,1.8e-07,1,4.02743e-07
0.7999999999999999,1e-15,5e-11,-40,3.6e-07,1,4.58898e-07
0.7999999999999999,1e-15,5e-11,-25,1.8e-07,1,4.04258e-07
0.7999999999999999,1e-15,5e-11,-25,3.6e-07,1,4.6068e-07
0.7999999999999999,1e-15,5e-11,0,1.8e-07,1,4.07153e-07
0.7999999999999999,1e-15,5e-11,0,3.6e-07,1,4.63721e-07
0.7999999999999999,1e-15,5e-11,25,1.8e-07,1,4.09737e-07
0.7999999999999999,1e-15,5e-11,25,3.6e-07,1,4.67229e-07
0.7999999999999999,1e-15,5e-11,75,1.8e-07,1,4.14471e-07
0.7999999999999999,1e-15,5e-11,75,3.6e-07,1,4.74803e-07
0.7999999999999999,1e-15,5e-11,100,1.8e-07,1,4.16648e-07
0.7999999999999999,1e-15,5e-11,100,3.6e-07,1,4.78407e-07
0.7999999999999999,1e-15,5e-11,125,1.8e-07,1,4.18782e-07
0.7999999999999999,1e-15,5e-11,125,3.6e-07,1,4.81613e-07
0.7999999999999999,1e-15,1e-10,-40,1.8e-07,1,4.08059e-07
0.7999999999999999,1e-15,1e-10,-40,3.6e-07,1,4.66492e-07
0.7999999999999999,1e-15,1e-10,-25,1.8e-07,1,4.0749e-07
0.7999999999999999,1e-15,1e-10,-25,3.6e-07,1,4.65892e-07
0.7999999999999999,1e-15,1e-10,0,1.8e-07,1,4.08314e-07
0.7999999999999999,1e-15,1e-10,0,3.6e-07,1,4.66943e-07
0.7999999999999999,1e-15,1e-10,25,1.8e-07,1,4.09818e-07
0.7999999999999999,1e-15,1e-10,25,3.6e-07,1,4.69058e-07
0.7999999999999999,1e-15,1e-10,75,1.8e-07,1,4.13514e-07
0.7999999999999999,1e-15,1e-10,75,3.6e-07,1,4.7434e-07
0.7999999999999999,1e-15,1e-10,100,1.8e-07,1,4.15508e-07
0.7999999999999999,1e-15,1e-10,100,3.6e-07,1,4.77116e-07
0.7999999999999999,1e-15,1e-10,125,1.8e-07,1,4.17517e-07
0.7999999999999999,1e-15,1e-10,125,3.6e-07,1,4.79832e-07
0.7999999999999999,1e-15,2e-10,-40,1.8e-07,1,4.26434e-07
0.7999999999999999,1e-15,2e-10,-40,3.6e-07,1,4.94545e-07
0.7999999999999999,1e-15,2e-10,-25,1.8e-07,1,4.22887e-07
0.7999999999999999,1e-15,2e-10,-25,3.6e-07,1,4.89584e-07
0.7999999999999999,1e-15,2e-10,0,1.8e-07,1,4.21327e-07
0.7999999999999999,1e-15,2e-10,0,3.6e-07,1,4.87438e-07
0.7999999999999999,1e-15,2e-10,25,1.8e-07,1,4.21552e-07
0.7999999999999999,1e-15,2e-10,25,3.6e-07,1,4.87811e-07
0.7999999999999999,1e-15,2e-10,75,1.8e-07,1,4.23755e-07
0.7999999999999999,1e-15,2e-10,75,3.6e-07,1,4.91183e-07
0.7999999999999999,1e-15,2e-10,100,1.8e-07,1,4.25229e-07
0.7999999999999999,1e-15,2e-10,100,3.6e-07,1,4.93362e-07
0.7999999999999999,1e-15,2e-10,125,1.8e-07,1,4.26806e-07
0.7999999999999999,1e-15,2e-10,125,3.6e-07,1,4.95559e-07
0.7999999999999999,1e-15,4e-10,-40,1.8e-07,1,4.77362e-07
0.7999999999999999,1e-15,4e-10,-40,3.6e-07,1,5.71189e-07
0.7999999999999999,1e-15,4e-10,-25,1.8e-07,1,4.67677e-07
0.7999999999999999,1e-15,4e-10,-25,3.6e-07,1,5.57775e-07
0.7999999999999999,1e-15,4e-10,0,1.8e-07,1,4.61467e-07
0.7999999999999999,1e-15,4e-10,0,3.6e-07,1,5.49143e-07
0.7999999999999999,1e-15,4e-10,25,1.8e-07,1,4.59628e-07
0.7999999999999999,1e-15,4e-10,25,3.6e-07,1,5.46657e-07
0.7999999999999999,1e-15,4e-10,75,1.8e-07,1,4.60248e-07
0.7999999999999999,1e-15,4e-10,75,3.6e-07,1,5.47912e-07
0.7999999999999999,1e-15,4e-10,100,1.8e-07,1,4.61467e-07
0.7999999999999999,1e-15,4e-10,100,3.6e-07,1,5.49858e-07
0.7999999999999999,1e-15,4e-10,125,1.8e-07,1,4.62877e-07
0.7999999999999999,1e-15,4e-10,125,3.6e-07,1,5.52118e-07
0.7999999999999999,5.454545454545455e-15,1e-11,-40,1.8e-07,1,1.85039e-06
0.7999999999999999,5.454545454545455e-15,1e-11,-40,3.6e-07,1,1.92239e-06
0.7999999999999999,5.454545454545455e-15,1e-11,-25,1.8e-07,1,1.85165e-06
0.7999999999999999,5.454545454545455e-15,1e-11,-25,3.6e-07,1,1.9248e-06
0.7999999999999999,5.454545454545455e-15,1e-11,0,1.8e-07,1,1.85352e-06
0.7999999999999999,5.454545454545455e-15,1e-11,0,3.6e-07,1,1.92727e-06
0.7999999999999999,5.454545454545455e-15,1e-11,25,1.8e-07,1,1.85468e-06
0.7999999999999999,5.454545454545455e-15,1e-11,25,3.6e-07,1,1.92917e-06
0.7999999999999999,5.454545454545455e-15,1e-11,75,1.8e-07,1,1.85632e-06
0.7999999999999999,5.454545454545455e-15,1e-11,75,3.6e-07,1,1.93314e-06
0.7999999999999999,5.454545454545455e-15,1e-11,100,1.8e-07,1,1.85724e-06
0.7999999999999999,5.454545454545455e-15,1e-11,100,3.6e-07,1,1.9346e-06
0.7999999999999999,5.454545454545455e-15,1e-11,125,1.8e-07,1,1.85809e-06
0.7999999999999999,5.454545454545455e-15,1e-11,125,3.6e-07,1,1.9358e-06
0.7999999999999999,5.454545454545455e-15,5e-11,-40,1.8e-07,1,1.8381e-06
0.7999999999999999,5.454545454545455e-15,5e-11,-40,3.6e-07,1,1.89782e-06
0.7999999999999999,5.454545454545455e-15,5e-11,-25,1.8e-07,1,1.84051e-06
0.7999999999999999,5.454545454545455e-15,5e-11,-25,3.6e-07,1,1.90178e-06
0.7999999999999999,5.454545454545455e-15,5e-11,0,1.8e-07,1,1.84406e-06
0.7999999999999999,5.454545454545455e-15,5e-11,0,3.6e-07,1,1.90726e-06
0.7999999999999999,5.454545454545455e-15,5e-11,25,1.8e-07,1,1.8466e-06
0.7999999999999999,5.454545454545455e-15,5e-11,25,3.6e-07,1,1.9119e-06
0.7999999999999999,5.454545454545455e-15,5e-11,75,1.8e-07,1,1.85038e-06
0.7999999999999999,5.454545454545455e-15,5e-11,75,3.6e-07,1,1.91974e-06
0.7999999999999999,5.454545454545455e-15,5e-11,100,1.8e-07,1,1.85205e-06
0.7999999999999999,5.454545454545455e-15,5e-11,100,3.6e-07,1,1.92278e-06
0.7999999999999999,5.454545454545455e-15,5e-11,125,1.8e-07,1,1.85355e-06
0.7999999999999999,5.454545454545455e-15,5e-11,125,3.6e-07,1,1.92525e-06
0.7999999999999999,5.454545454545455e-15,1e-10,-40,1.8e-07,1,1.83522e-06
0.7999999999999999,5.454545454545455e-15,1e-10,-40,3.6e-07,1,1.89216e-06
0.7999999999999999,5.454545454545455e-15,1e-10,-25,1.8e-07,1,1.83702e-06
0.7999999999999999,5.454545454545455e-15,1e-10,-25,3.6e-07,1,1.89489e-06
0.7999999999999999,5.454545454545455e-15,1e-10,0,1.8e-07,1,1.83998e-06
0.7999999999999999,5.454545454545455e-15,1e-10,0,3.6e-07,1,1.90009e-06
0.7999999999999999,5.454545454545455e-15,1e-10,25,1.8e-07,1,1.84275e-06
0.7999999999999999,5.454545454545455e-15,1e-10,25,3.6e-07,1,1.90454e-06
0.7999999999999999,5.454545454545455e-15,1e-10,75,1.8e-07,1,1.84723e-06
0.7999999999999999,5.454545454545455e-15,1e-10,75,3.6e-07,1,1.91316e-06
0.7999999999999999,5.454545454545455e-15,1e-10,100,1.8e-07,1,1.84924e-06
0.7999999999999999,5.454545454545455e-15,1e-10,100,3.6e-07,1,1.91653e-06
0.7999999999999999,5.454545454545455e-15,1e-10,125,1.8e-07,1,1.85102e-06
0.7999999999999999,5.454545454545455e-15,1e-10,125,3.6e-07,1,1.91967e-06
0.7999999999999999,5.454545454545455e-15,2e-10,-40,1.8e-07,1,1.83992e-06
0.7999999999999999,5.454545454545455e-15,2e-10,-40,3.6e-07,1,1.90267e-06
0.7999999999999999,5.454545454545455e-15,2e-10,-25,1.8e-07,1,1.83916e-06
0.7999999999999999,5.454545454545455e-15,2e-10,-25,3.6e-07,1,1.90113e-06
0.7999999999999999,5.454545454545455e-15,2e-10,0,1.8e-07,1,1.84051e-06
0.7999999999999999,5.454545454545455e-15,2e-10,0,3.6e-07,1,1.90233e-06
0.7999999999999999,5.454545454545455e-15,2e-10,25,1.8e-07,1,1.84261e-06
0.7999999999999999,5.454545454545455e-15,2e-10,25,3.6e-07,1,1.90508e-06
0.7999999999999999,5.454545454545455e-15,2e-10,75,1.8e-07,1,1.84682e-06
0.7999999999999999,5.454545454545455e-15,2e-10,75,3.6e-07,1,1.91225e-06
0.7999999999999999,5.454545454545455e-15,2e-10,100,1.8e-07,1,1.84887e-06
0.7999999999999999,5.454545454545455e-15,2e-10,100,3.6e-07,1,1.91554e-06
0.7999999999999999,5.454545454545455e-15,2e-10,125,1.8e-07,1,1.85078e-06
0.7999999999999999,5.454545454545455e-15,2e-10,125,3.6e-07,1,1.91891e-06
0.7999999999999999,5.454545454545455e-15,4e-10,-40,1.8e-07,1,1.86496e-06
0.7999999999999999,5.454545454545455e-15,4e-10,-40,3.6e-07,1,1.9438e-06
0.7999999999999999,5.454545454545455e-15,4e-10,-25,1.8e-07,1,1.85875e-06
0.7999999999999999,5.454545454545455e-15,4e-10,-25,3.6e-07,1,1.93464e-06
0.7999999999999999,5.454545454545455e-15,4e-10,0,1.8e-07,1,1.85608e-06
0.7999999999999999,5.454545454545455e-15,4e-10,0,3.6e-07,1,1.92997e-06
0.7999999999999999,5.454545454545455e-15,4e-10,25,1.8e-07,1,1.85606e-06
0.7999999999999999,5.454545454545455e-15,4e-10,25,3.6e-07,1,1.92981e-06
0.7999999999999999,5.454545454545455e-15,4e-10,75,1.8e-07,1,1.85839e-06
0.7999999999999999,5.454545454545455e-15,4e-10,75,3.6e-07,1,1.93348e-06
0.7999999999999999,5.454545454545455e-15,4e-10,100,1.8e-07,1,1.85994e-06
0.7999999999999999,5.454545454545455e-15,4e-10,100,3.6e-07,1,1.93602e-06
0.7999999999999999,5.454545454545455e-15,4e-10,125,1.8e-07,1,1.86128e-06
0.7999999999999999,5.454545454545455e-15,4e-10,125,3.6e-07,1,1.93839e-06
0.7999999999999999,9.909090909090907e-15,1e-11,-40,1.8e-07,1,3.2782e-06
0.7999999999999999,9.909090909090907e-15,1e-11,-40,3.6e-07,1,3.35184e-06
0.7999999999999999,9.909090909090907e-15,1e-11,-25,1.8e-07,1,3.27901e-06
0.7999999999999999,9.909090909090907e-15,1e-11,-25,3.6e-07,1,3.35322e-06
0.7999999999999999,9.909090909090907e-15,1e-11,0,1.8e-07,1,3.27979e-06
0.7999999999999999,9.909090909090907e-15,1e-11,0,3.6e-07,1,3.35599e-06
0.7999999999999999,9.909090909090907e-15,1e-11,25,1.8e-07,1,3.2806e-06
0.7999999999999999,9.909090909090907e-15,1e-11,25,3.6e-07,1,3.35769e-06
0.7999999999999999,9.909090909090907e-15,1e-11,75,1.8e-07,1,3.2826e-06
0.7999999999999999,9.909090909090907e-15,1e-11,75,3.6e-07,1,3.35988e-06
0.7999999999999999,9.909090909090907e-15,1e-11,100,1.8e-07,1,3.28346e-06
0.7999999999999999,9.909090909090907e-15,1e-11,100,3.6e-07,1,3.36095e-06
0.7999999999999999,9.909090909090907e-15,1e-11,125,1.8e-07,1,3.28408e-06
0.7999999999999999,9.909090909090907e-15,1e-11,125,3.6e-07,1,3.36194e-06
0.7999999999999999,9.909090909090907e-15,5e-11,-40,1.8e-07,1,3.26813e-06
0.7999999999999999,9.909090909090907e-15,5e-11,-40,3.6e-07,1,3.33078e-06
0.7999999999999999,9.909090909090907e-15,5e-11,-25,1.8e-07,1,3.2704e-06
0.7999999999999999,9.909090909090907e-15,5e-11,-25,3.6e-07,1,3.33455e-06
0.7999999999999999,9.909090909090907e-15,5e-11,0,1.8e-07,1,3.27314e-06
0.7999999999999999,9.909090909090907e-15,5e-11,0,3.6e-07,1,3.33968e-06
0.7999999999999999,9.909090909090907e-15,5e-11,25,1.8e-07,1,3.27492e-06
0.7999999999999999,9.909090909090907e-15,5e-11,25,3.6e-07,1,3.34442e-06
0.7999999999999999,9.909090909090907e-15,5e-11,75,1.8e-07,1,3.27811e-06
0.7999999999999999,9.909090909090907e-15,5e-11,75,3.6e-07,1,3.35007e-06
0.7999999999999999,9.909090909090907e-15,5e-11,100,1.8e-07,1,3.27938e-06
0.7999999999999999,9.909090909090907e-15,5e-11,100,3.6e-07,1,3.35236e-06
0.7999999999999999,9.909090909090907e-15,5e-11,125,1.8e-07,1,3.28041e-06
0.7999999999999999,9.909090909090907e-15,5e-11,125,3.6e-07,1,3.35436e-06
0.7999999999999999,9.909090909090907e-15,1e-10,-40,1.8e-07,1,3.26441e-06
0.7999999999999999,9.909090909090907e-15,1e-10,-40,3.6e-07,1,3.32379e-06
0.7999999999999999,9.909090909090907e-15,1e-10,-25,1.8e-07,1,3.26647e-06
0.7999999999999999,9.909090909090907e-15,1e-10,-25,3.6e-07,1,3.32727e-06
0.7999999999999999,9.909090909090907e-15,1e-10,0,1.8e-07,1,3.26919e-06
0.7999999999999999,9.909090909090907e-15,1e-10,0,3.6e-07,1,3.33275e-06
0.7999999999999999,9.909090909090907e-15,1e-10,25,1.8e-07,1,3.27164e-06
0.7999999999999999,9.909090909090907e-15,1e-10,25,3.6e-07,1,3.33753e-06
0.7999999999999999,9.909090909090907e-15,1e-10,75,1.8e-07,1,3.27557e-06
0.7999999999999999,9.909090909090907e-15,1e-10,75,3.6e-07,1,3.34463e-06
0.7999999999999999,9.909090909090907e-15,1e-10,100,1.8e-07,1,3.27718e-06
0.7999999999999999,9.909090909090907e-15,1e-10,100,3.6e-07,1,3.34749e-06
0.7999999999999999,9.909090909090907e-15,1e-10,125,1.8e-07,1,3.27846e-06
0.7999999999999999,9.909090909090907e-15,1e-10,125,3.6e-07,1,3.35001e-06
0.7999999999999999,9.909090909090907e-15,2e-10,-40,1.8e-07,1,3.26531e-06
0.7999999999999999,9.909090909090907e-15,2e-10,-40,3.6e-07,1,3.32592e-06
0.7999999999999999,9.909090909090907e-15,2e-10,-25,1.8e-07,1,3.26552e-06
0.7999999999999999,9.909090909090907e-15,2e-10,-25,3.6e-07,1,3.3262e-06
0.7999999999999999,9.909090909090907e-15,2e-10,0,1.8e-07,1,3.26771e-06
0.7999999999999999,9.909090909090907e-15,2e-10,0,3.6e-07,1,3.32971e-06
0.7999999999999999,9.909090909090907e-15,2e-10,25,1.8e-07,1,3.27029e-06
0.7999999999999999,9.909090909090907e-15,2e-10,25,3.6e-07,1,3.33378e-06
0.7999999999999999,9.909090909090907e-15,2e-10,75,1.8e-07,1,3.27438e-06
0.7999999999999999,9.909090909090907e-15,2e-10,75,3.6e-07,1,3.34138e-06
0.7999999999999999,9.909090909090907e-15,2e-10,100,1.8e-07,1,3.27612e-06
0.7999999999999999,9.909090909090907e-15,2e-10,100,3.6e-07,1,3.34464e-06
0.7999999999999999,9.909090909090907e-15,2e-10,125,1.8e-07,1,3.27724e-06
0.7999999999999999,9.909090909090907e-15,2e-10,125,3.6e-07,1,3.34747e-06
0.7999999999999999,9.909090909090907e-15,4e-10,-40,1.8e-07,1,3.28107e-06
0.7999999999999999,9.909090909090907e-15,4e-10,-40,3.6e-07,1,3.35462e-06
0.7999999999999999,9.909090909090907e-15,4e-10,-25,1.8e-07,1,3.27719e-06
0.7999999999999999,9.909090909090907e-15,4e-10,-25,3.6e-07,1,3.34781e-06
0.7999999999999999,9.909090909090907e-15,4e-10,0,1.8e-07,1,3.27605e-06
0.7999999999999999,9.909090909090907e-15,4e-10,0,3.6e-07,1,3.3457e-06
0.7999999999999999,9.909090909090907e-15,4e-10,25,1.8e-07,1,3.2767e-06
0.7999999999999999,9.909090909090907e-15,4e-10,25,3.6e-07,1,3.34717e-06
0.7999999999999999,9.909090909090907e-15,4e-10,75,1.8e-07,1,3.27595e-06
0.7999999999999999,9.909090909090907e-15,4e-10,75,3.6e-07,1,3.35212e-06
0.7999999999999999,9.909090909090907e-15,4e-10,100,1.8e-07,1,3.26764e-06
0.7999999999999999,9.909090909090907e-15,4e-10,100,3.6e-07,1,3.35488e-06
0.7999999999999999,9.909090909090907e-15,4e-10,125,1.8e-07,1,3.24757e-06
0.7999999999999999,9.909090909090907e-15,4e-10,125,3.6e-07,1,3.35767e-06
0.7999999999999999,1.436363636363636e-14,1e-11,-40,1.8e-07,1,4.70421e-06
0.7999999999999999,1.436363636363636e-14,1e-11,-40,3.6e-07,1,4.77903e-06
0.7999999999999999,1.436363636363636e-14,1e-11,-25,1.8e-07,1,4.70492e-06
0.7999999999999999,1.436363636363636e-14,1e-11,-25,3.6e-07,1,4.78061e-06
0.7999999999999999,1.436363636363636e-14,1e-11,0,1.8e-07,1,4.70549e-06
0.7999999999999999,1.436363636363636e-14,1e-11,0,3.6e-07,1,4.78247e-06
0.7999999999999999,1.436363636363636e-14,1e-11,25,1.8e-07,1,4.70627e-06
0.7999999999999999,1.436363636363636e-14,1e-11,25,3.6e-07,1,4.78353e-06
0.7999999999999999,1.436363636363636e-14,1e-11,75,1.8e-07,1,4.70802e-06
0.7999999999999999,1.436363636363636e-14,1e-11,75,3.6e-07,1,4.78559e-06
0.7999999999999999,1.436363636363636e-14,1e-11,100,1.8e-07,1,4.70846e-06
0.7999999999999999,1.436363636363636e-14,1e-11,100,3.6e-07,1,4.7871e-06
0.7999999999999999,1.436363636363636e-14,1e-11,125,1.8e-07,1,4.70824e-06
0.7999999999999999,1.436363636363636e-14,1e-11,125,3.6e-07,1,4.7877e-06
0.7999999999999999,1.436363636363636e-14,5e-11,-40,1.8e-07,1,4.69593e-06
0.7999999999999999,1.436363636363636e-14,5e-11,-40,3.6e-07,1,4.76109e-06
0.7999999999999999,1.436363636363636e-14,5e-11,-25,1.8e-07,1,4.69768e-06
0.7999999999999999,1.436363636363636e-14,5e-11,-25,3.6e-07,1,4.7649e-06
0.7999999999999999,1.436363636363636e-14,5e-11,0,1.8e-07,1,4.69991e-06
0.7999999999999999,1.436363636363636e-14,5e-11,0,3.6e-07,1,4.76962e-06
0.7999999999999999,1.436363636363636e-14,5e-11,25,1.8e-07,1,4.70202e-06
0.7999999999999999,1.436363636363636e-14,5e-11,25,3.6e-07,1,4.77269e-06
0.7999999999999999,1.436363636363636e-14,5e-11,75,1.8e-07,1,4.70449e-06
0.7999999999999999,1.436363636363636e-14,5e-11,75,3.6e-07,1,4.77776e-06
0.7999999999999999,1.436363636363636e-14,5e-11,100,1.8e-07,1,4.70522e-06
0.7999999999999999,1.436363636363636e-14,5e-11,100,3.6e-07,1,4.77984e-06
0.7999999999999999,1.436363636363636e-14,5e-11,125,1.8e-07,1,4.7047e-06
0.7999999999999999,1.436363636363636e-14,5e-11,125,3.6e-07,1,4.78136e-06
0.7999999999999999,1.436363636363636e-14,1e-10,-40,1.8e-07,1,4.69218e-06
0.7999999999999999,1.436363636363636e-14,1e-10,-40,3.6e-07,1,4.75316e-06
0.7999999999999999,1.436363636363636e-14,1e-10,-25,1.8e-07,1,4.69423e-06
0.7999999999999999,1.436363636363636e-14,1e-10,-25,3.6e-07,1,4.75683e-06
0.7999999999999999,1.436363636363636e-14,1e-10,0,1.8e-07,1,4.6967e-06
0.7999999999999999,1.436363636363636e-14,1e-10,0,3.6e-07,1,4.76263e-06
0.7999999999999999,1.436363636363636e-14,1e-10,25,1.8e-07,1,4.69895e-06
0.7999999999999999,1.436363636363636e-14,1e-10,25,3.6e-07,1,4.76652e-06
0.7999999999999999,1.436363636363636e-14,1e-10,75,1.8e-07,1,4.70229e-06
0.7999999999999999,1.436363636363636e-14,1e-10,75,3.6e-07,1,4.77306e-06
0.7999999999999999,1.436363636363636e-14,1e-10,100,1.8e-07,1,4.70298e-06
0.7999999999999999,1.436363636363636e-14,1e-10,100,3.6e-07,1,4.77572e-06
0.7999999999999999,1.436363636363636e-14,1e-10,125,1.8e-07,1,4.70152e-06
0.7999999999999999,1.436363636363636e-14,1e-10,125,3.6e-07,1,4.77776e-06
0.7999999999999999,1.436363636363636e-14,2e-10,-40,1.8e-07,1,4.69103e-06
0.7999999999999999,1.436363636363636e-14,2e-10,-40,3.6e-07,1,4.7524e-06
0.7999999999999999,1.436363636363636e-14,2e-10,-25,1.8e-07,1,4.69219e-06
0.7999999999999999,1.436363636363636e-14,2e-10,-25,3.6e-07,1,4.75429e-06
0.7999999999999999,1.436363636363636e-14,2e-10,0,1.8e-07,1,4.69452e-06
0.7999999999999999,1.436363636363636e-14,2e-10,0,3.6e-07,1,4.75841e-06
0.7999999999999999,1.436363636363636e-14,2e-10,25,1.8e-07,1,4.69693e-06
0.7999999999999999,1.436363636363636e-14,2e-10,25,3.6e-07,1,4.7623e-06
0.7999999999999999,1.436363636363636e-14,2e-10,75,1.8e-07,1,4.70018e-06
0.7999999999999999,1.436363636363636e-14,2e-10,75,3.6e-07,1,4.76976e-06
0.7999999999999999,1.436363636363636e-14,2e-10,100,1.8e-07,1,4.6985e-06
0.7999999999999999,1.436363636363636e-14,2e-10,100,3.6e-07,1,4.77307e-06
0.7999999999999999,1.436363636363636e-14,2e-10,125,1.8e-07,1,4.69008e-06
0.7999999999999999,1.436363636363636e-14,2e-10,125,3.6e-07,1,4.77576e-06
0.7999999999999999,1.436363636363636e-14,4e-10,-40,1.8e-07,1,4.70287e-06
0.7999999999999999,1.436363636363636e-14,4e-10,-40,3.6e-07,1,4.77338e-06
0.7999999999999999,1.436363636363636e-14,4e-10,-25,1.8e-07,1,4.69964e-06
0.7999999999999999,1.436363636363636e-14,4e-10,-25,3.6e-07,1,4.76799e-06
0.7999999999999999,1.436363636363636e-14,4e-10,0,1.8e-07,1,4.69901e-06
0.7999999999999999,1.436363636363636e-14,4e-10,0,3.6e-07,1,4.76791e-06
0.7999999999999999,1.436363636363636e-14,4e-10,25,1.8e-07,1,4.69689e-06
0.7999999999999999,1.436363636363636e-14,4e-10,25,3.6e-07,1,4.76997e-06
0.7999999999999999,1.436363636363636e-14,4e-10,75,1.8e-07,1,4.64049e-06
0.7999999999999999,1.436363636363636e-14,4e-10,75,3.6e-07,1,4.77545e-06
0.7999999999999999,1.436363636363636e-14,4e-10,100,1.8e-07,1,4.55959e-06
0.7999999999999999,1.436363636363636e-14,4e-10,100,3.6e-07,1,4.77733e-06
0.7999999999999999,1.436363636363636e-14,4e-10,125,1.8e-07,1,4.43714e-06
0.7999999999999999,1.436363636363636e-14,4e-10,125,3.6e-07,1,4.77592e-06
0.7999999999999999,1.8818181818181816e-14,1e-11,-40,1.8e-07,1,6.12991e-06
0.7999999999999999,1.8818181818181816e-14,1e-11,-40,3.6e-07,1,6.20576e-06
0.7999999999999999,1.8818181818181816e-14,1e-11,-25,1.8e-07,1,6.13038e-06
0.7999999999999999,1.8818181818181816e-14,1e-11,-25,3.6e-07,1,6.2072e-06
0.7999999999999999,1.8818181818181816e-14,1e-11,0,1.8e-07,1,6.13113e-06
0.7999999999999999,1.8818181818181816e-14,1e-11,0,3.6e-07,1,6.20819e-06
0.7999999999999999,1.8818181818181816e-14,1e-11,25,1.8e-07,1,6.13188e-06
0.7999999999999999,1.8818181818181816e-14,1e-11,25,3.6e-07,1,6.20901e-06
0.7999999999999999,1.8818181818181816e-14,1e-11,75,1.8e-07,1,6.13276e-06
0.7999999999999999,1.8818181818181816e-14,1e-11,75,3.6e-07,1,6.21127e-06
0.7999999999999999,1.8818181818181816e-14,1e-11,100,1.8e-07,1,6.13062e-06
0.7999999999999999,1.8818181818181816e-14,1e-11,100,3.6e-07,1,6.21214e-06
0.7999999999999999,1.8818181818181816e-14,1e-11,125,1.8e-07,1,6.12177e-06
0.7999999999999999,1.8818181818181816e-14,1e-11,125,3.6e-07,1,6.21089e-06
0.7999999999999999,1.8818181818181816e-14,5e-11,-40,1.8e-07,1,6.12263e-06
0.7999999999999999,1.8818181818181816e-14,5e-11,-40,3.6e-07,1,6.18915e-06
0.7999999999999999,1.8818181818181816e-14,5e-11,-25,1.8e-07,1,6.12414e-06
0.7999999999999999,1.8818181818181816e-14,5e-11,-25,3.6e-07,1,6.19295e-06
0.7999999999999999,1.8818181818181816e-14,5e-11,0,1.8e-07,1,6.1262e-06
0.7999999999999999,1.8818181818181816e-14,5e-11,0,3.6e-07,1,6.19715e-06
0.7999999999999999,1.8818181818181816e-14,5e-11,25,1.8e-07,1,6.12832e-06
0.7999999999999999,1.8818181818181816e-14,5e-11,25,3.6e-07,1,6.19995e-06
0.7999999999999999,1.8818181818181816e-14,5e-11,75,1.8e-07,1,6.12942e-06
0.7999999999999999,1.8818181818181816e-14,5e-11,75,3.6e-07,1,6.20455e-06
0.7999999999999999,1.8818181818181816e-14,5e-11,100,1.8e-07,1,6.12611e-06
0.7999999999999999,1.8818181818181816e-14,5e-11,100,3.6e-07,1,6.20591e-06
0.7999999999999999,1.8818181818181816e-14,5e-11,125,1.8e-07,1,6.11398e-06
0.7999999999999999,1.8818181818181816e-14,5e-11,125,3.6e-07,1,6.2056e-06
0.7999999999999999,1.8818181818181816e-14,1e-10,-40,1.8e-07,1,6.11931e-06
0.7999999999999999,1.8818181818181816e-14,1e-10,-40,3.6e-07,1,6.18247e-06
0.7999999999999999,1.8818181818181816e-14,1e-10,-25,1.8e-07,1,6.12111e-06
0.7999999999999999,1.8818181818181816e-14,1e-10,-25,3.6e-07,1,6.18601e-06
0.7999999999999999,1.8818181818181816e-14,1e-10,0,1.8e-07,1,6.12353e-06
0.7999999999999999,1.8818181818181816e-14,1e-10,0,3.6e-07,1,6.19059e-06
0.7999999999999999,1.8818181818181816e-14,1e-10,25,1.8e-07,1,6.12551e-06
0.7999999999999999,1.8818181818181816e-14,1e-10,25,3.6e-07,1,6.19428e-06
0.7999999999999999,1.8818181818181816e-14,1e-10,75,1.8e-07,1,6.12652e-06
0.7999999999999999,1.8818181818181816e-14,1e-10,75,3.6e-07,1,6.20035e-06
0.7999999999999999,1.8818181818181816e-14,1e-10,100,1.8e-07,1,6.12018e-06
0.7999999999999999,1.8818181818181816e-14,1e-10,100,3.6e-07,1,6.20235e-06
0.7999999999999999,1.8818181818181816e-14,1e-10,125,1.8e-07,1,6.10053e-06
0.7999999999999999,1.8818181818181816e-14,1e-10,125,3.6e-07,1,6.20288e-06
0.7999999999999999,1.8818181818181816e-14,2e-10,-40,1.8e-07,1,6.11757e-06
0.7999999999999999,1.8818181818181816e-14,2e-10,-40,3.6e-07,1,6.17981e-06
0.7999999999999999,1.8818181818181816e-14,2e-10,-25,1.8e-07,1,6.11873e-06
0.7999999999999999,1.8818181818181816e-14,2e-10,-25,3.6e-07,1,6.1819e-06
0.7999999999999999,1.8818181818181816e-14,2e-10,0,1.8e-07,1,6.12127e-06
0.7999999999999999,1.8818181818181816e-14,2e-10,0,3.6e-07,1,6.1862e-06
0.7999999999999999,1.8818181818181816e-14,2e-10,25,1.8e-07,1,6.12339e-06
0.7999999999999999,1.8818181818181816e-14,2e-10,25,3.6e-07,1,6.19034e-06
0.7999999999999999,1.8818181818181816e-14,2e-10,75,1.8e-07,1,6.11655e-06
0.7999999999999999,1.8818181818181816e-14,2e-10,75,3.6e-07,1,6.19795e-06
0.7999999999999999,1.8818181818181816e-14,2e-10,100,1.8e-07,1,6.09267e-06
0.7999999999999999,1.8818181818181816e-14,2e-10,100,3.6e-07,1,6.20002e-06
0.7999999999999999,1.8818181818181816e-14,2e-10,125,1.8e-07,1,6.04061e-06
0.7999999999999999,1.8818181818181816e-14,2e-10,125,3.6e-07,1,6.20104e-06
0.7999999999999999,1.8818181818181816e-14,4e-10,-40,1.8e-07,1,6.12592e-06
0.7999999999999999,1.8818181818181816e-14,4e-10,-40,3.6e-07,1,6.19526e-06
0.7999999999999999,1.8818181818181816e-14,4e-10,-25,1.8e-07,1,6.12341e-06
0.7999999999999999,1.8818181818181816e-14,4e-10,-25,3.6e-07,1,6.19156e-06
0.7999999999999999,1.8818181818181816e-14,4e-10,0,1.8e-07,1,6.11771e-06
0.7999999999999999,1.8818181818181816e-14,4e-10,0,3.6e-07,1,6.19202e-06
0.7999999999999999,1.8818181818181816e-14,4e-10,25,1.8e-07,1,6.08795e-06
0.7999999999999999,1.8818181818181816e-14,4e-10,25,3.6e-07,1,6.19432e-06
0.7999999999999999,1.8818181818181816e-14,4e-10,75,1.8e-07,1,5.83127e-06
0.7999999999999999,1.8818181818181816e-14,4e-10,75,3.6e-07,1,6.19636e-06
0.7999999999999999,1.8818181818181816e-14,4e-10,100,1.8e-07,1,5.58775e-06
0.7999999999999999,1.8818181818181816e-14,4e-10,100,3.6e-07,1,6.18821e-06
0.7999999999999999,1.8818181818181816e-14,4e-10,125,1.8e-07,1,5.29331e-06
0.7999999999999999,1.8818181818181816e-14,4e-10,125,3.6e-07,1,6.16357e-06
0.7999999999999999,2.3272727272727276e-14,1e-11,-40,1.8e-07,1,7.55551e-06
0.7999999999999999,2.3272727272727276e-14,1e-11,-40,3.6e-07,1,7.63232e-06
0.7999999999999999,2.3272727272727276e-14,1e-11,-25,1.8e-07,1,7.556e-06
0.7999999999999999,2.3272727272727276e-14,1e-11,-25,3.6e-07,1,7.63288e-06
0.7999999999999999,2.3272727272727276e-14,1e-11,0,1.8e-07,1,7.55669e-06
0.7999999999999999,2.3272727272727276e-14,1e-11,0,3.6e-07,1,7.63366e-06
0.7999999999999999,2.3272727272727276e-14,1e-11,25,1.8e-07,1,7.55748e-06
0.7999999999999999,2.3272727272727276e-14,1e-11,25,3.6e-07,1,7.63467e-06
0.7999999999999999,2.3272727272727276e-14,1e-11,75,1.8e-07,1,7.55274e-06
0.7999999999999999,2.3272727272727276e-14,1e-11,75,3.6e-07,1,7.63601e-06
0.7999999999999999,2.3272727272727276e-14,1e-11,100,1.8e-07,1,7.5356e-06
0.7999999999999999,2.3272727272727276e-14,1e-11,100,3.6e-07,1,7.6321e-06
0.7999999999999999,2.3272727272727276e-14,1e-11,125,1.8e-07,1,7.49158e-06
0.7999999999999999,2.3272727272727276e-14,1e-11,125,3.6e-07,1,7.62057e-06
0.7999999999999999,2.3272727272727276e-14,5e-11,-40,1.8e-07,1,7.54896e-06
0.7999999999999999,2.3272727272727276e-14,5e-11,-40,3.6e-07,1,7.6174e-06
0.7999999999999999,2.3272727272727276e-14,5e-11,-25,1.8e-07,1,7.55035e-06
0.7999999999999999,2.3272727272727276e-14,5e-11,-25,3.6e-07,1,7.62007e-06
0.7999999999999999,2.3272727272727276e-14,5e-11,0,1.8e-07,1,7.55222e-06
0.7999999999999999,2.3272727272727276e-14,5e-11,0,3.6e-07,1,7.62348e-06
0.7999999999999999,2.3272727272727276e-14,5e-11,25,1.8e-07,1,7.55419e-06
0.7999999999999999,2.3272727272727276e-14,5e-11,25,3.6e-07,1,7.627e-06
0.7999999999999999,2.3272727272727276e-14,5e-11,75,1.8e-07,1,7.5474e-06
0.7999999999999999,2.3272727272727276e-14,5e-11,75,3.6e-07,1,7.62967e-06
0.7999999999999999,2.3272727272727276e-14,5e-11,100,1.8e-07,1,7.52463e-06
0.7999999999999999,2.3272727272727276e-14,5e-11,100,3.6e-07,1,7.62723e-06
0.7999999999999999,2.3272727272727276e-14,5e-11,125,1.8e-07,1,7.46957e-06
0.7999999999999999,2.3272727272727276e-14,5e-11,125,3.6e-07,1,7.61787e-06
0.7999999999999999,2.3272727272727276e-14,1e-10,-40,1.8e-07,1,7.54608e-06
0.7999999999999999,2.3272727272727276e-14,1e-10,-40,3.6e-07,1,7.61048e-06
0.7999999999999999,2.3272727272727276e-14,1e-10,-25,1.8e-07,1,7.5477e-06
0.7999999999999999,2.3272727272727276e-14,1e-10,-25,3.6e-07,1,7.61362e-06
0.7999999999999999,2.3272727272727276e-14,1e-10,0,1.8e-07,1,7.54992e-06
0.7999999999999999,2.3272727272727276e-14,1e-10,0,3.6e-07,1,7.6178e-06
0.7999999999999999,2.3272727272727276e-14,1e-10,25,1.8e-07,1,7.55145e-06
0.7999999999999999,2.3272727272727276e-14,1e-10,25,3.6e-07,1,7.62148e-06
0.7999999999999999,2.3272727272727276e-14,1e-10,75,1.8e-07,1,7.53922e-06
0.7999999999999999,2.3272727272727276e-14,1e-10,75,3.6e-07,1,7.62603e-06
0.7999999999999999,2.3272727272727276e-14,1e-10,100,1.8e-07,1,7.50404e-06
0.7999999999999999,2.3272727272727276e-14,1e-10,100,3.6e-07,1,7.62494e-06
0.7999999999999999,2.3272727272727276e-14,1e-10,125,1.8e-07,1,7.42792e-06
0.7999999999999999,2.3272727272727276e-14,1e-10,125,3.6e-07,1,7.61761e-06
0.7999999999999999,2.3272727272727276e-14,2e-10,-40,1.8e-07,1,7.54398e-06
0.7999999999999999,2.3272727272727276e-14,2e-10,-40,3.6e-07,1,7.60662e-06
0.7999999999999999,2.3272727272727276e-14,2e-10,-25,1.8e-07,1,7.54524e-06
0.7999999999999999,2.3272727272727276e-14,2e-10,-25,3.6e-07,1,7.60903e-06
0.7999999999999999,2.3272727272727276e-14,2e-10,0,1.8e-07,1,7.54758e-06
0.7999999999999999,2.3272727272727276e-14,2e-10,0,3.6e-07,1,7.61294e-06
0.7999999999999999,2.3272727272727276e-14,2e-10,25,1.8e-07,1,7.54772e-06
0.7999999999999999,2.3272727272727276e-14,2e-10,25,3.6e-07,1,7.61732e-06
0.7999999999999999,2.3272727272727276e-14,2e-10,75,1.8e-07,1,7.49788e-06
0.7999999999999999,2.3272727272727276e-14,2e-10,75,3.6e-07,1,7.62342e-06
0.7999999999999999,2.3272727272727276e-14,2e-10,100,1.8e-07,1,7.40927e-06
0.7999999999999999,2.3272727272727276e-14,2e-10,100,3.6e-07,1,7.62337e-06
0.7999999999999999,2.3272727272727276e-14,2e-10,125,1.8e-07,1,7.25837e-06
0.7999999999999999,2.3272727272727276e-14,2e-10,125,3.6e-07,1,7.6168e-06
0.7999999999999999,2.3272727272727276e-14,4e-10,-40,1.8e-07,1,7.5497e-06
0.7999999999999999,2.3272727272727276e-14,4e-10,-40,3.6e-07,1,7.6182e-06
0.7999999999999999,2.3272727272727276e-14,4e-10,-25,1.8e-07,1,7.54442e-06
0.7999999999999999,2.3272727272727276e-14,4e-10,-25,3.6e-07,1,7.61573e-06
0.7999999999999999,2.3272727272727276e-14,4e-10,0,1.8e-07,1,7.50925e-06
0.7999999999999999,2.3272727272727276e-14,4e-10,0,3.6e-07,1,7.6166e-06
0.7999999999999999,2.3272727272727276e-14,4e-10,25,1.8e-07,1,7.38429e-06
0.7999999999999999,2.3272727272727276e-14,4e-10,25,3.6e-07,1,7.61904e-06
0.7999999999999999,2.3272727272727276e-14,4e-10,75,1.8e-07,1,6.75368e-06
0.7999999999999999,2.3272727272727276e-14,4e-10,75,3.6e-07,1,7.60173e-06
0.7999999999999999,2.3272727272727276e-14,4e-10,100,1.8e-07,1,6.31089e-06
0.7999999999999999,2.3272727272727276e-14,4e-10,100,3.6e-07,1,7.5571e-06
0.7999999999999999,2.3272727272727276e-14,4e-10,125,1.8e-07,1,5.851e-06
0.7999999999999999,2.3272727272727276e-14,4e-10,125,3.6e-07,1,7.46924e-06
0.7999999999999999,2.7727272727272724e-14,1e-11,-40,1.8e-07,1,8.9811e-06
0.7999999999999999,2.7727272727272724e-14,1e-11,-40,3.6e-07,1,9.05769e-06
0.7999999999999999,2.7727272727272724e-14,1e-11,-25,1.8e-07,1,8.98154e-06
0.7999999999999999,2.7727272727272724e-14,1e-11,-25,3.6e-07,1,9.05854e-06
0.7999999999999999,2.7727272727272724e-14,1e-11,0,1.8e-07,1,8.98208e-06
0.7999999999999999,2.7727272727272724e-14,1e-11,0,3.6e-07,1,9.05927e-06
0.7999999999999999,2.7727272727272724e-14,1e-11,25,1.8e-07,1,8.98198e-06
0.7999999999999999,2.7727272727272724e-14,1e-11,25,3.6e-07,1,9.05976e-06
0.7999999999999999,2.7727272727272724e-14,1e-11,75,1.8e-07,1,8.9538e-06
0.7999999999999999,2.7727272727272724e-14,1e-11,75,3.6e-07,1,9.0527e-06
0.7999999999999999,2.7727272727272724e-14,1e-11,100,1.8e-07,1,8.89057e-06
0.7999999999999999,2.7727272727272724e-14,1e-11,100,3.6e-07,1,9.03334e-06
0.7999999999999999,2.7727272727272724e-14,1e-11,125,1.8e-07,1,8.76246e-06
0.7999999999999999,2.7727272727272724e-14,1e-11,125,3.6e-07,1,8.99075e-06
0.7999999999999999,2.7727272727272724e-14,5e-11,-40,1.8e-07,1,8.97505e-06
0.7999999999999999,2.7727272727272724e-14,5e-11,-40,3.6e-07,1,9.04405e-06
0.7999999999999999,2.7727272727272724e-14,5e-11,-25,1.8e-07,1,8.97632e-06
0.7999999999999999,2.7727272727272724e-14,5e-11,-25,3.6e-07,1,9.04674e-06
0.7999999999999999,2.7727272727272724e-14,5e-11,0,1.8e-07,1,8.978e-06
0.7999999999999999,2.7727272727272724e-14,5e-11,0,3.6e-07,1,9.04978e-06
0.7999999999999999,2.7727272727272724e-14,5e-11,25,1.8e-07,1,8.97887e-06
0.7999999999999999,2.7727272727272724e-14,5e-11,25,3.6e-07,1,9.0525e-06
0.7999999999999999,2.7727272727272724e-14,5e-11,75,1.8e-07,1,8.94174e-06
0.7999999999999999,2.7727272727272724e-14,5e-11,75,3.6e-07,1,9.04837e-06
0.7999999999999999,2.7727272727272724e-14,5e-11,100,1.8e-07,1,8.86375e-06
0.7999999999999999,2.7727272727272724e-14,5e-11,100,3.6e-07,1,9.03224e-06
0.7999999999999999,2.7727272727272724e-14,5e-11,125,1.8e-07,1,8.71347e-06
0.7999999999999999,2.7727272727272724e-14,5e-11,125,3.6e-07,1,8.99566e-06
0.7999999999999999,2.7727272727272724e-14,1e-10,-40,1.8e-07,1,8.97259e-06
0.7999999999999999,2.7727272727272724e-14,1e-10,-40,3.6e-07,1,9.03741e-06
0.7999999999999999,2.7727272727272724e-14,1e-10,-25,1.8e-07,1,8.97406e-06
0.7999999999999999,2.7727272727272724e-14,1e-10,-25,3.6e-07,1,9.04084e-06
0.7999999999999999,2.7727272727272724e-14,1e-10,0,1.8e-07,1,8.97594e-06
0.7999999999999999,2.7727272727272724e-14,1e-10,0,3.6e-07,1,9.04483e-06
0.7999999999999999,2.7727272727272724e-14,1e-10,25,1.8e-07,1,8.97546e-06
0.7999999999999999,2.7727272727272724e-14,1e-10,25,3.6e-07,1,9.04797e-06
0.7999999999999999,2.7727272727272724e-14,1e-10,75,1.8e-07,1,8.91793e-06
0.7999999999999999,2.7727272727272724e-14,1e-10,75,3.6e-07,1,9.0464e-06
0.7999999999999999,2.7727272727272724e-14,1e-10,100,1.8e-07,1,8.81159e-06
0.7999999999999999,2.7727272727272724e-14,1e-10,100,3.6e-07,1,9.0335e-06
0.7999999999999999,2.7727272727272724e-14,1e-10,125,1.8e-07,1,8.6229e-06
0.7999999999999999,2.7727272727272724e-14,1e-10,125,3.6e-07,1,9.00126e-06
0.7999999999999999,2.7727272727272724e-14,2e-10,-40,1.8e-07,1,8.97032e-06
0.7999999999999999,2.7727272727272724e-14,2e-10,-40,3.6e-07,1,9.0322e-06
0.7999999999999999,2.7727272727272724e-14,2e-10,-25,1.8e-07,1,8.97159e-06
0.7999999999999999,2.7727272727272724e-14,2e-10,-25,3.6e-07,1,9.03575e-06
0.7999999999999999,2.7727272727272724e-14,2e-10,0,1.8e-07,1,8.9728e-06
0.7999999999999999,2.7727272727272724e-14,2e-10,0,3.6e-07,1,9.04009e-06
0.7999999999999999,2.7727272727272724e-14,2e-10,25,1.8e-07,1,8.96368e-06
0.7999999999999999,2.7727272727272724e-14,2e-10,25,3.6e-07,1,9.04404e-06
0.7999999999999999,2.7727272727272724e-14,2e-10,75,1.8e-07,1,8.80293e-06
0.7999999999999999,2.7727272727272724e-14,2e-10,75,3.6e-07,1,9.0455e-06
0.7999999999999999,2.7727272727272724e-14,2e-10,100,1.8e-07,1,8.59264e-06
0.7999999999999999,2.7727272727272724e-14,2e-10,100,3.6e-07,1,9.03432e-06
0.7999999999999999,2.7727272727272724e-14,2e-10,125,1.8e-07,1,8.28747e-06
0.7999999999999999,2.7727272727272724e-14,2e-10,125,3.6e-07,1,9.00138e-06
0.7999999999999999,2.7727272727272724e-14,4e-10,-40,1.8e-07,1,8.97027e-06
0.7999999999999999,2.7727272727272724e-14,4e-10,-40,3.6e-07,1,9.04314e-06
0.7999999999999999,2.7727272727272724e-14,4e-10,-25,1.8e-07,1,8.95044e-06
0.7999999999999999,2.7727272727272724e-14,4e-10,-25,3.6e-07,1,9.04059e-06
0.7999999999999999,2.7727272727272724e-14,4e-10,0,1.8e-07,1,8.82605e-06
0.7999999999999999,2.7727272727272724e-14,4e-10,0,3.6e-07,1,9.04159e-06
0.7999999999999999,2.7727272727272724e-14,4e-10,25,1.8e-07,1,8.51206e-06
0.7999999999999999,2.7727272727272724e-14,4e-10,25,3.6e-07,1,9.04093e-06
0.7999999999999999,2.7727272727272724e-14,4e-10,75,1.8e-07,1,7.41165e-06
0.7999999999999999,2.7727272727272724e-14,4e-10,75,3.6e-07,1,8.96401e-06
0.7999999999999999,2.7727272727272724e-14,4e-10,100,1.8e-07,1,6.79632e-06
0.7999999999999999,2.7727272727272724e-14,4e-10,100,3.6e-07,1,8.84002e-06
0.7999999999999999,2.7727272727272724e-14,4e-10,125,1.8e-07,1,6.21679e-06
0.7999999999999999,2.7727272727272724e-14,4e-10,125,3.6e-07,1,8.63537e-06
0.7999999999999999,3.2181818181818185e-14,1e-11,-40,1.8e-07,1,1.04066e-05
0.7999999999999999,3.2181818181818185e-14,1e-11,-40,3.6e-07,1,1.04837e-05
0.7999999999999999,3.2181818181818185e-14,1e-11,-25,1.8e-07,1,1.0407e-05
0.7999999999999999,3.2181818181818185e-14,1e-11,-25,3.6e-07,1,1.04839e-05
0.7999999999999999,3.2181818181818185e-14,1e-11,0,1.8e-07,1,1.04069e-05
0.7999999999999999,3.2181818181818185e-14,1e-11,0,3.6e-07,1,1.04843e-05
0.7999999999999999,3.2181818181818185e-14,1e-11,25,1.8e-07,1,1.04028e-05
0.7999999999999999,3.2181818181818185e-14,1e-11,25,3.6e-07,1,1.04825e-05
0.7999999999999999,3.2181818181818185e-14,1e-11,75,1.8e-07,1,1.03082e-05
0.7999999999999999,3.2181818181818185e-14,1e-11,75,3.6e-07,1,1.04491e-05
0.7999999999999999,3.2181818181818185e-14,1e-11,100,1.8e-07,1,1.01496e-05
0.7999999999999999,3.2181818181818185e-14,1e-11,100,3.6e-07,1,1.03914e-05
0.7999999999999999,3.2181818181818185e-14,1e-11,125,1.8e-07,1,9.87631e-06
0.7999999999999999,3.2181818181818185e-14,1e-11,125,3.6e-07,1,1.02909e-05
0.7999999999999999,3.2181818181818185e-14,5e-11,-40,1.8e-07,1,1.04009e-05
0.7999999999999999,3.2181818181818185e-14,5e-11,-40,3.6e-07,1,1.04708e-05
0.7999999999999999,3.2181818181818185e-14,5e-11,-25,1.8e-07,1,1.04021e-05
0.7999999999999999,3.2181818181818185e-14,5e-11,-25,3.6e-07,1,1.04728e-05
0.7999999999999999,3.2181818181818185e-14,5e-11,0,1.8e-07,1,1.04034e-05
0.7999999999999999,3.2181818181818185e-14,5e-11,0,3.6e-07,1,1.04755e-05
0.7999999999999999,3.2181818181818185e-14,5e-11,25,1.8e-07,1,1.0399e-05
0.7999999999999999,3.2181818181818185e-14,5e-11,25,3.6e-07,1,1.04761e-05
0.7999999999999999,3.2181818181818185e-14,5e-11,75,1.8e-07,1,1.02816e-05
0.7999999999999999,3.2181818181818185e-14,5e-11,75,3.6e-07,1,1.04492e-05
0.7999999999999999,3.2181818181818185e-14,5e-11,100,1.8e-07,1,1.00952e-05
0.7999999999999999,3.2181818181818185e-14,5e-11,100,3.6e-07,1,1.03994e-05
0.7999999999999999,3.2181818181818185e-14,5e-11,125,1.8e-07,1,9.78984e-06
0.7999999999999999,3.2181818181818185e-14,5e-11,125,3.6e-07,1,1.03057e-05
0.7999999999999999,3.2181818181818185e-14,1e-10,-40,1.8e-07,1,1.03989e-05
0.7999999999999999,3.2181818181818185e-14,1e-10,-40,3.6e-07,1,1.04646e-05
0.7999999999999999,3.2181818181818185e-14,1e-10,-25,1.8e-07,1,1.04003e-05
0.7999999999999999,3.2181818181818185e-14,1e-10,-25,3.6e-07,1,1.04674e-05
0.7999999999999999,3.2181818181818185e-14,1e-10,0,1.8e-07,1,1.0401e-05
0.7999999999999999,3.2181818181818185e-14,1e-10,0,3.6e-07,1,1.04712e-05
0.7999999999999999,3.2181818181818185e-14,1e-10,25,1.8e-07,1,1.03926e-05
0.7999999999999999,3.2181818181818185e-14,1e-10,25,3.6e-07,1,1.04727e-05
0.7999999999999999,3.2181818181818185e-14,1e-10,75,1.8e-07,1,1.02276e-05
0.7999999999999999,3.2181818181818185e-14,1e-10,75,3.6e-07,1,1.04517e-05
0.7999999999999999,3.2181818181818185e-14,1e-10,100,1.8e-07,1,9.99348e-06
0.7999999999999999,3.2181818181818185e-14,1e-10,100,3.6e-07,1,1.04081e-05
0.7999999999999999,3.2181818181818185e-14,1e-10,125,1.8e-07,1,9.63563e-06
0.7999999999999999,3.2181818181818185e-14,1e-10,125,3.6e-07,1,1.03211e-05
0.7999999999999999,3.2181818181818185e-14,2e-10,-40,1.8e-07,1,1.03965e-05
0.7999999999999999,3.2181818181818185e-14,2e-10,-40,3.6e-07,1,1.04599e-05
0.7999999999999999,3.2181818181818185e-14,2e-10,-25,1.8e-07,1,1.03976e-05
0.7999999999999999,3.2181818181818185e-14,2e-10,-25,3.6e-07,1,1.04624e-05
0.7999999999999999,3.2181818181818185e-14,2e-10,0,1.8e-07,1,1.03939e-05
0.7999999999999999,3.2181818181818185e-14,2e-10,0,3.6e-07,1,1.04667e-05
0.7999999999999999,3.2181818181818185e-14,2e-10,25,1.8e-07,1,1.03574e-05
0.7999999999999999,3.2181818181818185e-14,2e-10,25,3.6e-07,1,1.04697e-05
0.7999999999999999,3.2181818181818185e-14,2e-10,75,1.8e-07,1,9.98797e-06
0.7999999999999999,3.2181818181818185e-14,2e-10,75,3.6e-07,1,1.04547e-05
0.7999999999999999,3.2181818181818185e-14,2e-10,100,1.8e-07,1,9.60172e-06
0.7999999999999999,3.2181818181818185e-14,2e-10,100,3.6e-07,1,1.04125e-05
0.7999999999999999,3.2181818181818185e-14,2e-10,125,1.8e-07,1,9.10272e-06
0.7999999999999999,3.2181818181818185e-14,2e-10,125,3.6e-07,1,1.03191e-05
0.7999999999999999,3.2181818181818185e-14,4e-10,-40,1.8e-07,1,1.03792e-05
0.7999999999999999,3.2181818181818185e-14,4e-10,-40,3.6e-07,1,1.04669e-05
0.7999999999999999,3.2181818181818185e-14,4e-10,-25,1.8e-07,1,1.03135e-05
0.7999999999999999,3.2181818181818185e-14,4e-10,-25,3.6e-07,1,1.0465e-05
0.7999999999999999,3.2181818181818185e-14,4e-10,0,1.8e-07,1,1.00081e-05
0.7999999999999999,3.2181818181818185e-14,4e-10,0,3.6e-07,1,1.04658e-05
0.7999999999999999,3.2181818181818185e-14,4e-10,25,1.8e-07,1,9.42027e-06
0.7999999999999999,3.2181818181818185e-14,4e-10,25,3.6e-07,1,1.04532e-05
0.7999999999999999,3.2181818181818185e-14,4e-10,75,1.8e-07,1,7.87004e-06
0.7999999999999999,3.2181818181818185e-14,4e-10,75,3.6e-07,1,1.02492e-05
0.7999999999999999,3.2181818181818185e-14,4e-10,100,1.8e-07,1,7.13206e-06
0.7999999999999999,3.2181818181818185e-14,4e-10,100,3.6e-07,1,9.9919e-06
0.7999999999999999,3.2181818181818185e-14,4e-10,125,1.8e-07,1,6.46821e-06
0.7999999999999999,3.2181818181818185e-14,4e-10,125,3.6e-07,1,9.62093e-06
0.7999999999999999,3.663636363636364e-14,1e-11,-40,1.8e-07,1,1.1832e-05
0.7999999999999999,3.663636363636364e-14,1e-11,-40,3.6e-07,1,1.19089e-05
0.7999999999999999,3.663636363636364e-14,1e-11,-25,1.8e-07,1,1.1832e-05
0.7999999999999999,3.663636363636364e-14,1e-11,-25,3.6e-07,1,1.1909e-05
0.7999999999999999,3.663636363636364e-14,1e-11,0,1.8e-07,1,1.18293e-05
0.7999999999999999,3.663636363636364e-14,1e-11,0,3.6e-07,1,1.19073e-05
0.7999999999999999,3.663636363636364e-14,1e-11,25,1.8e-07,1,1.18123e-05
0.7999999999999999,3.663636363636364e-14,1e-11,25,3.6e-07,1,1.1898e-05
0.7999999999999999,3.663636363636364e-14,1e-11,75,1.8e-07,1,1.1579e-05
0.7999999999999999,3.663636363636364e-14,1e-11,75,3.6e-07,1,1.18031e-05
0.7999999999999999,3.663636363636364e-14,1e-11,100,1.8e-07,1,1.12634e-05
0.7999999999999999,3.663636363636364e-14,1e-11,100,3.6e-07,1,1.16809e-05
0.7999999999999999,3.663636363636364e-14,1e-11,125,1.8e-07,1,1.07931e-05
0.7999999999999999,3.663636363636364e-14,1e-11,125,3.6e-07,1,1.1483e-05
0.7999999999999999,3.663636363636364e-14,5e-11,-40,1.8e-07,1,1.18267e-05
0.7999999999999999,3.663636363636364e-14,5e-11,-40,3.6e-07,1,1.18968e-05
0.7999999999999999,3.663636363636364e-14,5e-11,-25,1.8e-07,1,1.18275e-05
0.7999999999999999,3.663636363636364e-14,5e-11,-25,3.6e-07,1,1.18986e-05
0.7999999999999999,3.663636363636364e-14,5e-11,0,1.8e-07,1,1.18271e-05
0.7999999999999999,3.663636363636364e-14,5e-11,0,3.6e-07,1,1.18996e-05
0.7999999999999999,3.663636363636364e-14,5e-11,25,1.8e-07,1,1.18059e-05
0.7999999999999999,3.663636363636364e-14,5e-11,25,3.6e-07,1,1.18938e-05
0.7999999999999999,3.663636363636364e-14,5e-11,75,1.8e-07,1,1.15277e-05
0.7999999999999999,3.663636363636364e-14,5e-11,75,3.6e-07,1,1.18132e-05
0.7999999999999999,3.663636363636364e-14,5e-11,100,1.8e-07,1,1.11735e-05
0.7999999999999999,3.663636363636364e-14,5e-11,100,3.6e-07,1,1.17001e-05
0.7999999999999999,3.663636363636364e-14,5e-11,125,1.8e-07,1,1.06639e-05
0.7999999999999999,3.663636363636364e-14,5e-11,125,3.6e-07,1,1.15125e-05
0.7999999999999999,3.663636363636364e-14,1e-10,-40,1.8e-07,1,1.18236e-05
0.7999999999999999,3.663636363636364e-14,1e-10,-40,3.6e-07,1,1.18911e-05
0.7999999999999999,3.663636363636364e-14,1e-10,-25,1.8e-07,1,1.18261e-05
0.7999999999999999,3.663636363636364e-14,1e-10,-25,3.6e-07,1,1.18938e-05
0.7999999999999999,3.663636363636364e-14,1e-10,0,1.8e-07,1,1.18228e-05
0.7999999999999999,3.663636363636364e-14,1e-10,0,3.6e-07,1,1.18961e-05
0.7999999999999999,3.663636363636364e-14,1e-10,25,1.8e-07,1,1.17919e-05
0.7999999999999999,3.663636363636364e-14,1e-10,25,3.6e-07,1,1.18927e-05
0.7999999999999999,3.663636363636364e-14,1e-10,75,1.8e-07,1,1.14278e-05
0.7999999999999999,3.663636363636364e-14,1e-10,75,3.6e-07,1,1.18245e-05
0.7999999999999999,3.663636363636364e-14,1e-10,100,1.8e-07,1,1.10088e-05
0.7999999999999999,3.663636363636364e-14,1e-10,100,3.6e-07,1,1.17208e-05
0.7999999999999999,3.663636363636364e-14,1e-10,125,1.8e-07,1,1.04404e-05
0.7999999999999999,3.663636363636364e-14,1e-10,125,3.6e-07,1,1.15401e-05
0.7999999999999999,3.663636363636364e-14,2e-10,-40,1.8e-07,1,1.18226e-05
0.7999999999999999,3.663636363636364e-14,2e-10,-40,3.6e-07,1,1.18866e-05
0.7999999999999999,3.663636363636364e-14,2e-10,-25,1.8e-07,1,1.18224e-05
0.7999999999999999,3.663636363636364e-14,2e-10,-25,3.6e-07,1,1.1889e-05
0.7999999999999999,3.663636363636364e-14,2e-10,0,1.8e-07,1,1.18039e-05
0.7999999999999999,3.663636363636364e-14,2e-10,0,3.6e-07,1,1.18926e-05
0.7999999999999999,3.663636363636364e-14,2e-10,25,1.8e-07,1,1.17072e-05
0.7999999999999999,3.663636363636364e-14,2e-10,25,3.6e-07,1,1.1892e-05
0.7999999999999999,3.663636363636364e-14,2e-10,75,1.8e-07,1,1.10181e-05
0.7999999999999999,3.663636363636364e-14,2e-10,75,3.6e-07,1,1.18345e-05
0.7999999999999999,3.663636363636364e-14,2e-10,100,1.8e-07,1,1.04166e-05
0.7999999999999999,3.663636363636364e-14,2e-10,100,3.6e-07,1,1.1728e-05
0.7999999999999999,3.663636363636364e-14,2e-10,125,1.8e-07,1,9.70984e-06
0.7999999999999999,3.663636363636364e-14,2e-10,125,3.6e-07,1,1.15288e-05
0.7999999999999999,3.663636363636364e-14,4e-10,-40,1.8e-07,1,1.17535e-05
0.7999999999999999,3.663636363636364e-14,4e-10,-40,3.6e-07,1,1.18919e-05
0.7999999999999999,3.663636363636364e-14,4e-10,-25,1.8e-07,1,1.15903e-05
0.7999999999999999,3.663636363636364e-14,4e-10,-25,3.6e-07,1,1.18906e-05
0.7999999999999999,3.663636363636364e-14,4e-10,0,1.8e-07,1,1.10031e-05
0.7999999999999999,3.663636363636364e-14,4e-10,0,3.6e-07,1,1.18861e-05
0.7999999999999999,3.663636363636364e-14,4e-10,25,1.8e-07,1,1.01074e-05
0.7999999999999999,3.663636363636364e-14,4e-10,25,3.6e-07,1,1.18435e-05
0.7999999999999999,3.663636363636364e-14,4e-10,75,1.8e-07,1,8.20028e-06
0.7999999999999999,3.663636363636364e-14,4e-10,75,3.6e-07,1,1.14201e-05
0.7999999999999999,3.663636363636364e-14,4e-10,100,1.8e-07,1,7.37367e-06
0.7999999999999999,3.663636363636364e-14,4e-10,100,3.6e-07,1,1.09775e-05
0.7999999999999999,3.663636363636364e-14,4e-10,125,1.8e-07,1,6.64266e-06
0.7999999999999999,3.663636363636364e-14,4e-10,125,3.6e-07,1,1.04014e-05
0.7999999999999999,4.109090909090909e-14,1e-11,-40,1.8e-07,1,1.32567e-05
0.7999999999999999,4.109090909090909e-14,1e-11,-40,3.6e-07,1,1.33334e-05
0.7999999999999999,4.109090909090909e-14,1e-11,-25,1.8e-07,1,1.32555e-05
0.7999999999999999,4.109090909090909e-14,1e-11,-25,3.6e-07,1,1.33325e-05
0.7999999999999999,4.109090909090909e-14,1e-11,0,1.8e-07,1,1.3245e-05
0.7999999999999999,4.109090909090909e-14,1e-11,0,3.6e-07,1,1.33244e-05
0.7999999999999999,4.109090909090909e-14,1e-11,25,1.8e-07,1,1.31962e-05
0.7999999999999999,4.109090909090909e-14,1e-11,25,3.6e-07,1,1.32969e-05
0.7999999999999999,4.109090909090909e-14,1e-11,75,1.8e-07,1,1.2724e-05
0.7999999999999999,4.109090909090909e-14,1e-11,75,3.6e-07,1,1.30946e-05
0.7999999999999999,4.109090909090909e-14,1e-11,100,1.8e-07,1,1.21997e-05
0.7999999999999999,4.109090909090909e-14,1e-11,100,3.6e-07,1,1.28691e-05
0.7999999999999999,4.109090909090909e-14,1e-11,125,1.8e-07,1,1.15011e-05
0.7999999999999999,4.109090909090909e-14,1e-11,125,3.6e-07,1,1.25412e-05
0.7999999999999999,4.109090909090909e-14,5e-11,-40,1.8e-07,1,1.32518e-05
0.7999999999999999,4.109090909090909e-14,5e-11,-40,3.6e-07,1,1.33221e-05
0.7999999999999999,4.109090909090909e-14,5e-11,-25,1.8e-07,1,1.32515e-05
0.7999999999999999,4.109090909090909e-14,5e-11,-25,3.6e-07,1,1.33231e-05
0.7999999999999999,4.109090909090909e-14,5e-11,0,1.8e-07,1,1.32424e-05
0.7999999999999999,4.109090909090909e-14,5e-11,0,3.6e-07,1,1.33187e-05
0.7999999999999999,4.109090909090909e-14,5e-11,25,1.8e-07,1,1.31842e-05
0.7999999999999999,4.109090909090909e-14,5e-11,25,3.6e-07,1,1.32973e-05
0.7999999999999999,4.109090909090909e-14,5e-11,75,1.8e-07,1,1.26416e-05
0.7999999999999999,4.109090909090909e-14,5e-11,75,3.6e-07,1,1.31168e-05
0.7999999999999999,4.109090909090909e-14,5e-11,100,1.8e-07,1,1.20691e-05
0.7999999999999999,4.109090909090909e-14,5e-11,100,3.6e-07,1,1.29051e-05
0.7999999999999999,4.109090909090909e-14,5e-11,125,1.8e-07,1,1.13298e-05
0.7999999999999999,4.109090909090909e-14,5e-11,125,3.6e-07,1,1.25863e-05
0.7999999999999999,4.109090909090909e-14,1e-10,-40,1.8e-07,1,1.3249e-05
0.7999999999999999,4.109090909090909e-14,1e-10,-40,3.6e-07,1,1.3317e-05
0.7999999999999999,4.109090909090909e-14,1e-10,-25,1.8e-07,1,1.32506e-05
0.7999999999999999,4.109090909090909e-14,1e-10,-25,3.6e-07,1,1.33193e-05
0.7999999999999999,4.109090909090909e-14,1e-10,0,1.8e-07,1,1.32357e-05
0.7999999999999999,4.109090909090909e-14,1e-10,0,3.6e-07,1,1.33176e-05
0.7999999999999999,4.109090909090909e-14,1e-10,25,1.8e-07,1,1.31554e-05
0.7999999999999999,4.109090909090909e-14,1e-10,25,3.6e-07,1,1.33011e-05
0.7999999999999999,4.109090909090909e-14,1e-10,75,1.8e-07,1,1.24832e-05
0.7999999999999999,4.109090909090909e-14,1e-10,75,3.6e-07,1,1.31417e-05
0.7999999999999999,4.109090909090909e-14,1e-10,100,1.8e-07,1,1.18353e-05
0.7999999999999999,4.109090909090909e-14,1e-10,100,3.6e-07,1,1.29409e-05
0.7999999999999999,4.109090909090909e-14,1e-10,125,1.8e-07,1,1.10388e-05
0.7999999999999999,4.109090909090909e-14,1e-10,125,3.6e-07,1,1.26259e-05
0.7999999999999999,4.109090909090909e-14,2e-10,-40,1.8e-07,1,1.3248e-05
0.7999999999999999,4.109090909090909e-14,2e-10,-40,3.6e-07,1,1.33128e-05
0.7999999999999999,4.109090909090909e-14,2e-10,-25,1.8e-07,1,1.32438e-05
0.7999999999999999,4.109090909090909e-14,2e-10,-25,3.6e-07,1,1.33149e-05
0.7999999999999999,4.109090909090909e-14,2e-10,0,1.8e-07,1,1.31904e-05
0.7999999999999999,4.109090909090909e-14,2e-10,0,3.6e-07,1,1.3316e-05
0.7999999999999999,4.109090909090909e-14,2e-10,25,1.8e-07,1,1.29862e-05
0.7999999999999999,4.109090909090909e-14,2e-10,25,3.6e-07,1,1.33061e-05
0.7999999999999999,4.109090909090909e-14,2e-10,75,1.8e-07,1,1.18746e-05
0.7999999999999999,4.109090909090909e-14,2e-10,75,3.6e-07,1,1.3161e-05
0.7999999999999999,4.109090909090909e-14,2e-10,100,1.8e-07,1,1.10411e-05
0.7999999999999999,4.109090909090909e-14,2e-10,100,3.6e-07,1,1.29472e-05
0.7999999999999999,4.109090909090909e-14,2e-10,125,1.8e-07,1,1.01339e-05
0.7999999999999999,4.109090909090909e-14,2e-10,125,3.6e-07,1,1.2594e-05
0.7999999999999999,4.109090909090909e-14,4e-10,-40,1.8e-07,1,1.30574e-05
0.7999999999999999,4.109090909090909e-14,4e-10,-40,3.6e-07,1,1.33169e-05
0.7999999999999999,4.109090909090909e-14,4e-10,-25,1.8e-07,1,1.27292e-05
0.7999999999999999,4.109090909090909e-14,4e-10,-25,3.6e-07,1,1.33153e-05
0.7999999999999999,4.109090909090909e-14,4e-10,0,1.8e-07,1,1.17887e-05
0.7999999999999999,4.109090909090909e-14,4e-10,0,3.6e-07,1,1.32959e-05
0.7999999999999999,4.109090909090909e-14,4e-10,25,1.8e-07,1,1.06134e-05
0.7999999999999999,4.109090909090909e-14,4e-10,25,3.6e-07,1,1.31916e-05
0.7999999999999999,4.109090909090909e-14,4e-10,75,1.8e-07,1,8.44653e-06
0.7999999999999999,4.109090909090909e-14,4e-10,75,3.6e-07,1,1.24434e-05
0.7999999999999999,4.109090909090909e-14,4e-10,100,1.8e-07,1,7.54784e-06
0.7999999999999999,4.109090909090909e-14,4e-10,100,3.6e-07,1,1.17762e-05
0.7999999999999999,4.109090909090909e-14,4e-10,125,1.8e-07,1,6.7564e-06
0.7999999999999999,4.109090909090909e-14,4e-10,125,3.6e-07,1,1.09857e-05
0.7999999999999999,4.5545454545454544e-14,1e-11,-40,1.8e-07,1,1.46792e-05
0.7999999999999999,4.5545454545454544e-14,1e-11,-40,3.6e-07,1,1.4756e-05
0.7999999999999999,4.5545454545454544e-14,1e-11,-25,1.8e-07,1,1.46745e-05
0.7999999999999999,4.5545454545454544e-14,1e-11,-25,3.6e-07,1,1.47517e-05
0.7999999999999999,4.5545454545454544e-14,1e-11,0,1.8e-07,1,1.4646e-05
0.7999999999999999,4.5545454545454544e-14,1e-11,0,3.6e-07,1,1.47285e-05
0.7999999999999999,4.5545454545454544e-14,1e-11,25,1.8e-07,1,1.45346e-05
0.7999999999999999,4.5545454545454544e-14,1e-11,25,3.6e-07,1,1.46653e-05
0.7999999999999999,4.5545454545454544e-14,1e-11,75,1.8e-07,1,1.37139e-05
0.7999999999999999,4.5545454545454544e-14,1e-11,75,3.6e-07,1,1.42942e-05
0.7999999999999999,4.5545454545454544e-14,1e-11,100,1.8e-07,1,1.29455e-05
0.7999999999999999,4.5545454545454544e-14,1e-11,100,3.6e-07,1,1.39348e-05
0.7999999999999999,4.5545454545454544e-14,1e-11,125,1.8e-07,1,1.20137e-05
0.7999999999999999,4.5545454545454544e-14,1e-11,125,3.6e-07,1,1.34493e-05
0.7999999999999999,4.5545454545454544e-14,5e-11,-40,1.8e-07,1,1.46753e-05
0.7999999999999999,4.5545454545454544e-14,5e-11,-40,3.6e-07,1,1.4746e-05
0.7999999999999999,4.5545454545454544e-14,5e-11,-25,1.8e-07,1,1.46717e-05
0.7999999999999999,4.5545454545454544e-14,5e-11,-25,3.6e-07,1,1.47441e-05
0.7999999999999999,4.5545454545454544e-14,5e-11,0,1.8e-07,1,1.46414e-05
0.7999999999999999,4.5545454545454544e-14,5e-11,0,3.6e-07,1,1.47269e-05
0.7999999999999999,4.5545454545454544e-14,5e-11,25,1.8e-07,1,1.45118e-05
0.7999999999999999,4.5545454545454544e-14,5e-11,25,3.6e-07,1,1.46741e-05
0.7999999999999999,4.5545454545454544e-14,5e-11,75,1.8e-07,1,1.35948e-05
0.7999999999999999,4.5545454545454544e-14,5e-11,75,3.6e-07,1,1.43349e-05
0.7999999999999999,4.5545454545454544e-14,5e-11,100,1.8e-07,1,1.27733e-05
0.7999999999999999,4.5545454545454544e-14,5e-11,100,3.6e-07,1,1.39893e-05
0.7999999999999999,4.5545454545454544e-14,5e-11,125,1.8e-07,1,1.18028e-05
0.7999999999999999,4.5545454545454544e-14,5e-11,125,3.6e-07,1,1.35093e-05
0.7999999999999999,4.5545454545454544e-14,1e-10,-40,1.8e-07,1,1.4673e-05
0.7999999999999999,4.5545454545454544e-14,1e-10,-40,3.6e-07,1,1.4742e-05
0.7999999999999999,4.5545454545454544e-14,1e-10,-25,1.8e-07,1,1.46712e-05
0.7999999999999999,4.5545454545454544e-14,1e-10,-25,3.6e-07,1,1.47423e-05
0.7999999999999999,4.5545454545454544e-14,1e-10,0,1.8e-07,1,1.46294e-05
0.7999999999999999,4.5545454545454544e-14,1e-10,0,3.6e-07,1,1.47304e-05
0.7999999999999999,4.5545454545454544e-14,1e-10,25,1.8e-07,1,1.44588e-05
0.7999999999999999,4.5545454545454544e-14,1e-10,25,3.6e-07,1,1.46869e-05
0.7999999999999999,4.5545454545454544e-14,1e-10,75,1.8e-07,1,1.33704e-05
0.7999999999999999,4.5545454545454544e-14,1e-10,75,3.6e-07,1,1.43779e-05
0.7999999999999999,4.5545454545454544e-14,1e-10,100,1.8e-07,1,1.24717e-05
0.7999999999999999,4.5545454545454544e-14,1e-10,100,3.6e-07,1,1.40414e-05
0.7999999999999999,4.5545454545454544e-14,1e-10,125,1.8e-07,1,1.14526e-05
0.7999999999999999,4.5545454545454544e-14,1e-10,125,3.6e-07,1,1.35575e-05
0.7999999999999999,4.5545454545454544e-14,2e-10,-40,1.8e-07,1,1.46715e-05
0.7999999999999999,4.5545454545454544e-14,2e-10,-40,3.6e-07,1,1.47385e-05
0.7999999999999999,4.5545454545454544e-14,2e-10,-25,1.8e-07,1,1.46569e-05
0.7999999999999999,4.5545454545454544e-14,2e-10,-25,3.6e-07,1,1.47395e-05
0.7999999999999999,4.5545454545454544e-14,2e-10,0,1.8e-07,1,1.45355e-05
0.7999999999999999,4.5545454545454544e-14,2e-10,0,3.6e-07,1,1.47337e-05
0.7999999999999999,4.5545454545454544e-14,2e-10,25,1.8e-07,1,1.41664e-05
0.7999999999999999,4.5545454545454544e-14,2e-10,25,3.6e-07,1,1.47031e-05
0.7999999999999999,4.5545454545454544e-14,2e-10,75,1.8e-07,1,1.2555e-05
0.7999999999999999,4.5545454545454544e-14,2e-10,75,3.6e-07,1,1.4407e-05
0.7999999999999999,4.5545454545454544e-14,2e-10,100,1.8e-07,1,1.14941e-05
0.7999999999999999,4.5545454545454544e-14,2e-10,100,3.6e-07,1,1.40392e-05
0.7999999999999999,4.5545454545454544e-14,2e-10,125,1.8e-07,1,1.04072e-05
0.7999999999999999,4.5545454545454544e-14,2e-10,125,3.6e-07,1,1.34914e-05
0.7999999999999999,4.5545454545454544e-14,4e-10,-40,1.8e-07,1,1.4242e-05
0.7999999999999999,4.5545454545454544e-14,4e-10,-40,3.6e-07,1,1.47425e-05
0.7999999999999999,4.5545454545454544e-14,4e-10,-25,1.8e-07,1,1.36838e-05
0.7999999999999999,4.5545454545454544e-14,4e-10,-25,3.6e-07,1,1.47373e-05
0.7999999999999999,4.5545454545454544e-14,4e-10,0,1.8e-07,1,1.23828e-05
0.7999999999999999,4.5545454545454544e-14,4e-10,0,3.6e-07,1,1.46843e-05
0.7999999999999999,4.5545454545454544e-14,4e-10,25,1.8e-07,1,1.09947e-05
0.7999999999999999,4.5545454545454544e-14,4e-10,25,3.6e-07,1,1.4478e-05
0.7999999999999999,4.5545454545454544e-14,4e-10,75,1.8e-07,1,8.63083e-06
0.7999999999999999,4.5545454545454544e-14,4e-10,75,3.6e-07,1,1.33026e-05
0.7999999999999999,4.5545454545454544e-14,4e-10,100,1.8e-07,1,7.66683e-06
0.7999999999999999,4.5545454545454544e-14,4e-10,100,3.6e-07,1,1.23942e-05
0.7999999999999999,4.5545454545454544e-14,4e-10,125,1.8e-07,1,6.81842e-06
0.7999999999999999,4.5545454545454544e-14,4e-10,125,3.6e-07,1,1.1396e-05
0.7999999999999999,5e-14,1e-11,-40,1.8e-07,1,1.60965e-05
0.7999999999999999,5e-14,1e-11,-40,3.6e-07,1,1.61732e-05
0.7999999999999999,5e-14,1e-11,-25,1.8e-07,1,1.60834e-05
0.7999999999999999,5e-14,1e-11,-25,3.6e-07,1,1.6161e-05
0.7999999999999999,5e-14,1e-11,0,1.8e-07,1,1.60149e-05
0.7999999999999999,5e-14,1e-11,0,3.6e-07,1,1.61086e-05
0.7999999999999999,5e-14,1e-11,25,1.8e-07,1,1.57974e-05
0.7999999999999999,5e-14,1e-11,25,3.6e-07,1,1.59874e-05
0.7999999999999999,5e-14,1e-11,75,1.8e-07,1,1.45318e-05
0.7999999999999999,5e-14,1e-11,75,3.6e-07,1,1.53833e-05
0.7999999999999999,5e-14,1e-11,100,1.8e-07,1,1.35077e-05
0.7999999999999999,5e-14,1e-11,100,3.6e-07,1,1.48636e-05
0.7999999999999999,5e-14,1e-11,125,1.8e-07,1,1.23562e-05
0.7999999999999999,5e-14,1e-11,125,3.6e-07,1,1.4205e-05
0.7999999999999999,5e-14,5e-11,-40,1.8e-07,1,1.60944e-05
0.7999999999999999,5e-14,5e-11,-40,3.6e-07,1,1.61655e-05
0.7999999999999999,5e-14,5e-11,-25,1.8e-07,1,1.60828e-05
0.7999999999999999,5e-14,5e-11,-25,3.6e-07,1,1.61571e-05
0.7999999999999999,5e-14,5e-11,0,1.8e-07,1,1.60095e-05
0.7999999999999999,5e-14,5e-11,0,3.6e-07,1,1.61144e-05
0.7999999999999999,5e-14,5e-11,25,1.8e-07,1,1.5762e-05
0.7999999999999999,5e-14,5e-11,25,3.6e-07,1,1.60081e-05
0.7999999999999999,5e-14,5e-11,75,1.8e-07,1,1.43739e-05
0.7999999999999999,5e-14,5e-11,75,3.6e-07,1,1.54457e-05
0.7999999999999999,5e-14,5e-11,100,1.8e-07,1,1.32959e-05
0.7999999999999999,5e-14,5e-11,100,3.6e-07,1,1.49366e-05
0.7999999999999999,5e-14,5e-11,125,1.8e-07,1,1.21112e-05
0.7999999999999999,5e-14,5e-11,125,3.6e-07,1,1.42762e-05
0.7999999999999999,5e-14,1e-10,-40,1.8e-07,1,1.60937e-05
0.7999999999999999,5e-14,1e-10,-40,3.6e-07,1,1.61631e-05
0.7999999999999999,5e-14,1e-10,-25,1.8e-07,1,1.60833e-05
0.7999999999999999,5e-14,1e-10,-25,3.6e-07,1,1.61581e-05
0.7999999999999999,5e-14,1e-10,0,1.8e-07,1,1.59881e-05
0.7999999999999999,5e-14,1e-10,0,3.6e-07,1,1.6126e-05
0.7999999999999999,5e-14,1e-10,25,1.8e-07,1,1.56749e-05
0.7999999999999999,5e-14,1e-10,25,3.6e-07,1,1.60349e-05
0.7999999999999999,5e-14,1e-10,75,1.8e-07,1,1.40818e-05
0.7999999999999999,5e-14,1e-10,75,3.6e-07,1,1.55097e-05
0.7999999999999999,5e-14,1e-10,100,1.8e-07,1,1.29324e-05
0.7999999999999999,5e-14,1e-10,100,3.6e-07,1,1.50036e-05
0.7999999999999999,5e-14,1e-10,125,1.8e-07,1,1.17141e-05
0.7999999999999999,5e-14,1e-10,125,3.6e-07,1,1.43273e-05
0.7999999999999999,5e-14,2e-10,-40,1.8e-07,1,1.60899e-05
0.7999999999999999,5e-14,2e-10,-40,3.6e-07,1,1.61625e-05
0.7999999999999999,5e-14,2e-10,-25,1.8e-07,1,1.60529e-05
0.7999999999999999,5e-14,2e-10,-25,3.6e-07,1,1.61602e-05
0.7999999999999999,5e-14,2e-10,0,1.8e-07,1,1.58172e-05
0.7999999999999999,5e-14,2e-10,0,3.6e-07,1,1.61397e-05
0.7999999999999999,5e-14,2e-10,25,1.8e-07,1,1.52228e-05
0.7999999999999999,5e-14,2e-10,25,3.6e-07,1,1.60698e-05
0.7999999999999999,5e-14,2e-10,75,1.8e-07,1,1.30713e-05
0.7999999999999999,5e-14,2e-10,75,3.6e-07,1,1.55456e-05
0.7999999999999999,5e-14,2e-10,100,1.8e-07,1,1.18013e-05
0.7999999999999999,5e-14,2e-10,100,3.6e-07,1,1.49818e-05
0.7999999999999999,5e-14,2e-10,125,1.8e-07,1,1.05611e-05
0.7999999999999999,5e-14,2e-10,125,3.6e-07,1,1.42134e-05
0.7999999999999999,5e-14,4e-10,-40,1.8e-07,1,1.52544e-05
0.7999999999999999,5e-14,4e-10,-40,3.6e-07,1,1.61653e-05
0.7999999999999999,5e-14,4e-10,-25,1.8e-07,1,1.44344e-05
0.7999999999999999,5e-14,4e-10,-25,3.6e-07,1,1.6151e-05
0.7999999999999999,5e-14,4e-10,0,1.8e-07,1,1.28273e-05
0.7999999999999999,5e-14,4e-10,0,3.6e-07,1,1.60383e-05
0.7999999999999999,5e-14,4e-10,25,1.8e-07,1,1.12895e-05
0.7999999999999999,5e-14,4e-10,25,3.6e-07,1,1.56765e-05
0.7999999999999999,5e-14,4e-10,75,1.8e-07,1,8.76362e-06
0.7999999999999999,5e-14,4e-10,75,3.6e-07,1,1.39929e-05
0.7999999999999999,5e-14,4e-10,100,1.8e-07,1,7.73763e-06
0.7999999999999999,5e-14,4e-10,100,3.6e-07,1,1.28478e-05
0.7999999999999999,5e-14,4e-10,125,1.8e-07,1,6.83579e-06
0.7999999999999999,5e-14,4e-10,125,3.6e-07,1,1.16638e-05
0.8999999999999999,1e-15,1e-11,-40,1.8e-07,1,5.23381e-07
0.8999999999999999,1e-15,1e-11,-40,3.6e-07,1,6.07665e-07
0.8999999999999999,1e-15,1e-11,-25,1.8e-07,1,5.25961e-07
0.8999999999999999,1e-15,1e-11,-25,3.6e-07,1,6.09619e-07
0.8999999999999999,1e-15,1e-11,0,1.8e-07,1,5.29583e-07
0.8999999999999999,1e-15,1e-11,0,3.6e-07,1,6.13248e-07
0.8999999999999999,1e-15,1e-11,25,1.8e-07,1,5.32709e-07
0.8999999999999999,1e-15,1e-11,25,3.6e-07,1,6.17059e-07
0.8999999999999999,1e-15,1e-11,75,1.8e-07,1,5.38127e-07
0.8999999999999999,1e-15,1e-11,75,3.6e-07,1,6.25492e-07
0.8999999999999999,1e-15,1e-11,100,1.8e-07,1,5.40545e-07
0.8999999999999999,1e-15,1e-11,100,3.6e-07,1,6.29462e-07
0.8999999999999999,1e-15,1e-11,125,1.8e-07,1,5.42722e-07
0.8999999999999999,1e-15,1e-11,125,3.6e-07,1,6.33129e-07
0.8999999999999999,1e-15,5e-11,-40,1.8e-07,1,5.24002e-07
0.8999999999999999,1e-15,5e-11,-40,3.6e-07,1,6.01197e-07
0.8999999999999999,1e-15,5e-11,-25,1.8e-07,1,5.2195e-07
0.8999999999999999,1e-15,5e-11,-25,3.6e-07,1,5.98841e-07
0.8999999999999999,1e-15,5e-11,0,1.8e-07,1,5.21589e-07
0.8999999999999999,1e-15,5e-11,0,3.6e-07,1,5.98277e-07
0.8999999999999999,1e-15,5e-11,25,1.8e-07,1,5.22958e-07
0.8999999999999999,1e-15,5e-11,25,3.6e-07,1,5.99589e-07
0.8999999999999999,1e-15,5e-11,75,1.8e-07,1,5.27211e-07
0.8999999999999999,1e-15,5e-11,75,3.6e-07,1,6.05007e-07
0.8999999999999999,1e-15,5e-11,100,1.8e-07,1,5.29664e-07
0.8999999999999999,1e-15,5e-11,100,3.6e-07,1,6.0856e-07
0.8999999999999999,1e-15,5e-11,125,1.8e-07,1,5.32067e-07
0.8999999999999999,1e-15,5e-11,125,3.6e-07,1,6.12082e-07
0.8999999999999999,1e-15,1e-10,-40,1.8e-07,1,5.58505e-07
0.8999999999999999,1e-15,1e-10,-40,3.6e-07,1,6.5287e-07
0.8999999999999999,1e-15,1e-10,-25,1.8e-07,1,5.50573e-07
0.8999999999999999,1e-15,1e-10,-25,3.6e-07,1,6.42308e-07
0.8999999999999999,1e-15,1e-10,0,1.8e-07,1,5.44156e-07
0.8999999999999999,1e-15,1e-10,0,3.6e-07,1,6.33276e-07
0.8999999999999999,1e-15,1e-10,25,1.8e-07,1,5.41161e-07
0.8999999999999999,1e-15,1e-10,25,3.6e-07,1,6.28892e-07
0.8999999999999999,1e-15,1e-10,75,1.8e-07,1,5.39824e-07
0.8999999999999999,1e-15,1e-10,75,3.6e-07,1,6.26374e-07
0.8999999999999999,1e-15,1e-10,100,1.8e-07,1,5.40252e-07
0.8999999999999999,1e-15,1e-10,100,3.6e-07,1,6.26843e-07
0.8999999999999999,1e-15,1e-10,125,1.8e-07,1,5.41123e-07
0.8999999999999999,1e-15,1e-10,125,3.6e-07,1,6.27798e-07
0.8999999999999999,1e-15,2e-10,-40,1.8e-07,1,6.53737e-07
0.8999999999999999,1e-15,2e-10,-40,3.6e-07,1,7.92448e-07
0.8999999999999999,1e-15,2e-10,-25,1.8e-07,1,6.33448e-07
0.8999999999999999,1e-15,2e-10,-25,3.6e-07,1,7.6574e-07
0.8999999999999999,1e-15,2e-10,0,1.8e-07,1,6.14062e-07
0.8999999999999999,1e-15,2e-10,0,3.6e-07,1,7.39216e-07
0.8999999999999999,1e-15,2e-10,25,1.8e-07,1,6.02592e-07
0.8999999999999999,1e-15,2e-10,25,3.6e-07,1,7.22983e-07
0.8999999999999999,1e-15,2e-10,75,1.8e-07,1,5.89867e-07
0.8999999999999999,1e-15,2e-10,75,3.6e-07,1,7.04428e-07
0.8999999999999999,1e-15,2e-10,100,1.8e-07,1,5.86243e-07
0.8999999999999999,1e-15,2e-10,100,3.6e-07,1,6.99018e-07
0.8999999999999999,1e-15,2e-10,125,1.8e-07,1,5.83761e-07
0.8999999999999999,1e-15,2e-10,125,3.6e-07,1,6.95153e-07
0.8999999999999999,1e-15,4e-10,-40,1.8e-07,1,9.02614e-07
0.8999999999999999,1e-15,4e-10,-40,3.6e-07,1,1.14643e-06
0.8999999999999999,1e-15,4e-10,-25,1.8e-07,1,8.54441e-07
0.8999999999999999,1e-15,4e-10,-25,3.6e-07,1,1.08553e-06
0.8999999999999999,1e-15,4e-10,0,1.8e-07,1,8.05075e-07
0.8999999999999999,1e-15,4e-10,0,3.6e-07,1,1.02034e-06
0.8999999999999999,1e-15,4e-10,25,1.8e-07,1,7.73381e-07
0.8999999999999999,1e-15,4e-10,25,3.6e-07,1,9.77078e-07
0.8999999999999999,1e-15,4e-10,75,1.8e-07,1,7.3394e-07
0.8999999999999999,1e-15,4e-10,75,3.6e-07,1,9.21542e-07
0.8999999999999999,1e-15,4e-10,100,1.8e-07,1,7.20978e-07
0.8999999999999999,1e-15,4e-10,100,3.6e-07,1,9.02943e-07
0.8999999999999999,1e-15,4e-10,125,1.8e-07,1,7.10847e-07
0.8999999999999999,1e-15,4e-10,125,3.6e-07,1,8.88254e-07
0.8999999999999999,5.454545454545455e-15,1e-11,-40,1.8e-07,1,2.34163e-06
0.8999999999999999,5.454545454545455e-15,1e-11,-40,3.6e-07,1,2.42982e-06
0.8999999999999999,5.454545454545455e-15,1e-11,-25,1.8e-07,1,2.34316e-06
0.8999999999999999,5.454545454545455e-15,1e-11,-25,3.6e-07,1,2.43344e-06
0.8999999999999999,5.454545454545455e-15,1e-11,0,1.8e-07,1,2.34515e-06
0.8999999999999999,5.454545454545455e-15,1e-11,0,3.6e-07,1,2.43763e-06
0.8999999999999999,5.454545454545455e-15,1e-11,25,1.8e-07,1,2.34748e-06
0.8999999999999999,5.454545454545455e-15,1e-11,25,3.6e-07,1,2.44077e-06
0.8999999999999999,5.454545454545455e-15,1e-11,75,1.8e-07,1,2.35014e-06
0.8999999999999999,5.454545454545455e-15,1e-11,75,3.6e-07,1,2.44625e-06
0.8999999999999999,5.454545454545455e-15,1e-11,100,1.8e-07,1,2.35154e-06
0.8999999999999999,5.454545454545455e-15,1e-11,100,3.6e-07,1,2.44945e-06
0.8999999999999999,5.454545454545455e-15,1e-11,125,1.8e-07,1,2.35274e-06
0.8999999999999999,5.454545454545455e-15,1e-11,125,3.6e-07,1,2.45143e-06
0.8999999999999999,5.454545454545455e-15,5e-11,-40,1.8e-07,1,2.32968e-06
0.8999999999999999,5.454545454545455e-15,5e-11,-40,3.6e-07,1,2.40725e-06
0.8999999999999999,5.454545454545455e-15,5e-11,-25,1.8e-07,1,2.33085e-06
0.8999999999999999,5.454545454545455e-15,5e-11,-25,3.6e-07,1,2.40924e-06
0.8999999999999999,5.454545454545455e-15,5e-11,0,1.8e-07,1,2.33386e-06
0.8999999999999999,5.454545454545455e-15,5e-11,0,3.6e-07,1,2.41356e-06
0.8999999999999999,5.454545454545455e-15,5e-11,25,1.8e-07,1,2.33738e-06
0.8999999999999999,5.454545454545455e-15,5e-11,25,3.6e-07,1,2.4183e-06
0.8999999999999999,5.454545454545455e-15,5e-11,75,1.8e-07,1,2.34225e-06
0.8999999999999999,5.454545454545455e-15,5e-11,75,3.6e-07,1,2.42822e-06
0.8999999999999999,5.454545454545455e-15,5e-11,100,1.8e-07,1,2.34454e-06
0.8999999999999999,5.454545454545455e-15,5e-11,100,3.6e-07,1,2.4328e-06
0.8999999999999999,5.454545454545455e-15,5e-11,125,1.8e-07,1,2.3465e-06
0.8999999999999999,5.454545454545455e-15,5e-11,125,3.6e-07,1,2.43644e-06
0.8999999999999999,5.454545454545455e-15,1e-10,-40,1.8e-07,1,2.34026e-06
0.8999999999999999,5.454545454545455e-15,1e-10,-40,3.6e-07,1,2.42347e-06
0.8999999999999999,5.454545454545455e-15,1e-10,-25,1.8e-07,1,2.3373e-06
0.8999999999999999,5.454545454545455e-15,1e-10,-25,3.6e-07,1,2.41899e-06
0.8999999999999999,5.454545454545455e-15,1e-10,0,1.8e-07,1,2.33684e-06
0.8999999999999999,5.454545454545455e-15,1e-10,0,3.6e-07,1,2.41805e-06
0.8999999999999999,5.454545454545455e-15,1e-10,25,1.8e-07,1,2.3386e-06
0.8999999999999999,5.454545454545455e-15,1e-10,25,3.6e-07,1,2.42035e-06
0.8999999999999999,5.454545454545455e-15,1e-10,75,1.8e-07,1,2.34229e-06
0.8999999999999999,5.454545454545455e-15,1e-10,75,3.6e-07,1,2.42679e-06
0.8999999999999999,5.454545454545455e-15,1e-10,100,1.8e-07,1,2.34444e-06
0.8999999999999999,5.454545454545455e-15,1e-10,100,3.6e-07,1,2.4307e-06
0.8999999999999999,5.454545454545455e-15,1e-10,125,1.8e-07,1,2.34638e-06
0.8999999999999999,5.454545454545455e-15,1e-10,125,3.6e-07,1,2.43419e-06
0.8999999999999999,5.454545454545455e-15,2e-10,-40,1.8e-07,1,2.38722e-06
0.8999999999999999,5.454545454545455e-15,2e-10,-40,3.6e-07,1,2.50006e-06
0.8999999999999999,5.454545454545455e-15,2e-10,-25,1.8e-07,1,2.37394e-06
0.8999999999999999,5.454545454545455e-15,2e-10,-25,3.6e-07,1,2.48138e-06
0.8999999999999999,5.454545454545455e-15,2e-10,0,1.8e-07,1,2.36391e-06
0.8999999999999999,5.454545454545455e-15,2e-10,0,3.6e-07,1,2.46638e-06
0.8999999999999999,5.454545454545455e-15,2e-10,25,1.8e-07,1,2.35988e-06
0.8999999999999999,5.454545454545455e-15,2e-10,25,3.6e-07,1,2.45884e-06
0.8999999999999999,5.454545454545455e-15,2e-10,75,1.8e-07,1,2.3575e-06
0.8999999999999999,5.454545454545455e-15,2e-10,75,3.6e-07,1,2.4538e-06
0.8999999999999999,5.454545454545455e-15,2e-10,100,1.8e-07,1,2.3576e-06
0.8999999999999999,5.454545454545455e-15,2e-10,100,3.6e-07,1,2.45381e-06
0.8999999999999999,5.454545454545455e-15,2e-10,125,1.8e-07,1,2.35811e-06
0.8999999999999999,5.454545454545455e-15,2e-10,125,3.6e-07,1,2.45504e-06
0.8999999999999999,5.454545454545455e-15,4e-10,-40,1.8e-07,1,2.524e-06
0.8999999999999999,5.454545454545455e-15,4e-10,-40,3.6e-07,1,2.714e-06
0.8999999999999999,5.454545454545455e-15,4e-10,-25,1.8e-07,1,2.48955e-06
0.8999999999999999,5.454545454545455e-15,4e-10,-25,3.6e-07,1,2.66596e-06
0.8999999999999999,5.454545454545455e-15,4e-10,0,1.8e-07,1,2.45847e-06
0.8999999999999999,5.454545454545455e-15,4e-10,0,3.6e-07,1,2.62041e-06
0.8999999999999999,5.454545454545455e-15,4e-10,25,1.8e-07,1,2.44084e-06
0.8999999999999999,5.454545454545455e-15,4e-10,25,3.6e-07,1,2.59352e-06
0.8999999999999999,5.454545454545455e-15,4e-10,75,1.8e-07,1,2.42142e-06
0.8999999999999999,5.454545454545455e-15,4e-10,75,3.6e-07,1,2.56299e-06
0.8999999999999999,5.454545454545455e-15,4e-10,100,1.8e-07,1,2.4157e-06
0.8999999999999999,5.454545454545455e-15,4e-10,100,3.6e-07,1,2.55387e-06
0.8999999999999999,5.454545454545455e-15,4e-10,125,1.8e-07,1,2.41155e-06
0.8999999999999999,5.454545454545455e-15,4e-10,125,3.6e-07,1,2.54711e-06
0.8999999999999999,9.909090909090907e-15,1e-11,-40,1.8e-07,1,4.14813e-06
0.8999999999999999,9.909090909090907e-15,1e-11,-40,3.6e-07,1,4.24035e-06
0.8999999999999999,9.909090909090907e-15,1e-11,-25,1.8e-07,1,4.15021e-06
0.8999999999999999,9.909090909090907e-15,1e-11,-25,3.6e-07,1,4.24363e-06
0.8999999999999999,9.909090909090907e-15,1e-11,0,1.8e-07,1,4.15147e-06
0.8999999999999999,9.909090909090907e-15,1e-11,0,3.6e-07,1,4.2467e-06
0.8999999999999999,9.909090909090907e-15,1e-11,25,1.8e-07,1,4.15253e-06
0.8999999999999999,9.909090909090907e-15,1e-11,25,3.6e-07,1,4.24924e-06
0.8999999999999999,9.909090909090907e-15,1e-11,75,1.8e-07,1,4.15543e-06
0.8999999999999999,9.909090909090907e-15,1e-11,75,3.6e-07,1,4.25394e-06
0.8999999999999999,9.909090909090907e-15,1e-11,100,1.8e-07,1,4.15651e-06
0.8999999999999999,9.909090909090907e-15,1e-11,100,3.6e-07,1,4.25522e-06
0.8999999999999999,9.909090909090907e-15,1e-11,125,1.8e-07,1,4.15738e-06
0.8999999999999999,9.909090909090907e-15,1e-11,125,3.6e-07,1,4.25658e-06
0.8999999999999999,9.909090909090907e-15,5e-11,-40,1.8e-07,1,4.13812e-06
0.8999999999999999,9.909090909090907e-15,5e-11,-40,3.6e-07,1,4.21656e-06
0.8999999999999999,9.909090909090907e-15,5e-11,-25,1.8e-07,1,4.13984e-06
0.8999999999999999,9.909090909090907e-15,5e-11,-25,3.6e-07,1,4.21995e-06
0.8999999999999999,9.909090909090907e-15,5e-11,0,1.8e-07,1,4.14263e-06
0.8999999999999999,9.909090909090907e-15,5e-11,0,3.6e-07,1,4.22573e-06
0.8999999999999999,9.909090909090907e-15,5e-11,25,1.8e-07,1,4.14493e-06
0.8999999999999999,9.909090909090907e-15,5e-11,25,3.6e-07,1,4.23115e-06
0.8999999999999999,9.909090909090907e-15,5e-11,75,1.8e-07,1,4.14923e-06
0.8999999999999999,9.909090909090907e-15,5e-11,75,3.6e-07,1,4.2399e-06
0.8999999999999999,9.909090909090907e-15,5e-11,100,1.8e-07,1,4.1511e-06
0.8999999999999999,9.909090909090907e-15,5e-11,100,3.6e-07,1,4.24283e-06
0.8999999999999999,9.909090909090907e-15,5e-11,125,1.8e-07,1,4.15266e-06
0.8999999999999999,9.909090909090907e-15,5e-11,125,3.6e-07,1,4.2458e-06
0.8999999999999999,9.909090909090907e-15,1e-10,-40,1.8e-07,1,4.14202e-06
0.8999999999999999,9.909090909090907e-15,1e-10,-40,3.6e-07,1,4.22436e-06
0.8999999999999999,9.909090909090907e-15,1e-10,-25,1.8e-07,1,4.14128e-06
0.8999999999999999,9.909090909090907e-15,1e-10,-25,3.6e-07,1,4.22285e-06
0.8999999999999999,9.909090909090907e-15,1e-10,0,1.8e-07,1,4.14238e-06
0.8999999999999999,9.909090909090907e-15,1e-10,0,3.6e-07,1,4.22453e-06
0.8999999999999999,9.909090909090907e-15,1e-10,25,1.8e-07,1,4.1441e-06
0.8999999999999999,9.909090909090907e-15,1e-10,25,3.6e-07,1,4.22857e-06
0.8999999999999999,9.909090909090907e-15,1e-10,75,1.8e-07,1,4.14838e-06
0.8999999999999999,9.909090909090907e-15,1e-10,75,3.6e-07,1,4.23664e-06
0.8999999999999999,9.909090909090907e-15,1e-10,100,1.8e-07,1,4.15024e-06
0.8999999999999999,9.909090909090907e-15,1e-10,100,3.6e-07,1,4.23994e-06
0.8999999999999999,9.909090909090907e-15,1e-10,125,1.8e-07,1,4.15188e-06
0.8999999999999999,9.909090909090907e-15,1e-10,125,3.6e-07,1,4.24291e-06
0.8999999999999999,9.909090909090907e-15,2e-10,-40,1.8e-07,1,4.17404e-06
0.8999999999999999,9.909090909090907e-15,2e-10,-40,3.6e-07,1,4.27797e-06
0.8999999999999999,9.909090909090907e-15,2e-10,-25,1.8e-07,1,4.16459e-06
0.8999999999999999,9.909090909090907e-15,2e-10,-25,3.6e-07,1,4.26342e-06
0.8999999999999999,9.909090909090907e-15,2e-10,0,1.8e-07,1,4.15887e-06
0.8999999999999999,9.909090909090907e-15,2e-10,0,3.6e-07,1,4.25309e-06
0.8999999999999999,9.909090909090907e-15,2e-10,25,1.8e-07,1,4.15647e-06
0.8999999999999999,9.909090909090907e-15,2e-10,25,3.6e-07,1,4.24947e-06
0.8999999999999999,9.909090909090907e-15,2e-10,75,1.8e-07,1,4.15677e-06
0.8999999999999999,9.909090909090907e-15,2e-10,75,3.6e-07,1,4.25098e-06
0.8999999999999999,9.909090909090907e-15,2e-10,100,1.8e-07,1,4.15774e-06
0.8999999999999999,9.909090909090907e-15,2e-10,100,3.6e-07,1,4.252e-06
0.8999999999999999,9.909090909090907e-15,2e-10,125,1.8e-07,1,4.15864e-06
0.8999999999999999,9.909090909090907e-15,2e-10,125,3.6e-07,1,4.25359e-06
0.8999999999999999,9.909090909090907e-15,4e-10,-40,1.8e-07,1,4.27952e-06
0.8999999999999999,9.909090909090907e-15,4e-10,-40,3.6e-07,1,4.44601e-06
0.8999999999999999,9.909090909090907e-15,4e-10,-25,1.8e-07,1,4.25049e-06
0.8999999999999999,9.909090909090907e-15,4e-10,-25,3.6e-07,1,4.40421e-06
0.8999999999999999,9.909090909090907e-15,4e-10,0,1.8e-07,1,4.22571e-06
0.8999999999999999,9.909090909090907e-15,4e-10,0,3.6e-07,1,4.3667e-06
0.8999999999999999,9.909090909090907e-15,4e-10,25,1.8e-07,1,4.21235e-06
0.8999999999999999,9.909090909090907e-15,4e-10,25,3.6e-07,1,4.34633e-06
0.8999999999999999,9.909090909090907e-15,4e-10,75,1.8e-07,1,4.19891e-06
0.8999999999999999,9.909090909090907e-15,4e-10,75,3.6e-07,1,4.32473e-06
0.8999999999999999,9.909090909090907e-15,4e-10,100,1.8e-07,1,4.19282e-06
0.8999999999999999,9.909090909090907e-15,4e-10,100,3.6e-07,1,4.31891e-06
0.8999999999999999,9.909090909090907e-15,4e-10,125,1.8e-07,1,4.18355e-06
0.8999999999999999,9.909090909090907e-15,4e-10,125,3.6e-07,1,4.31478e-06
0.8999999999999999,1.436363636363636e-14,1e-11,-40,1.8e-07,1,5.95409e-06
0.8999999999999999,1.436363636363636e-14,1e-11,-40,3.6e-07,1,6.0473e-06
0.8999999999999999,1.436363636363636e-14,1e-11,-25,1.8e-07,1,5.95515e-06
0.8999999999999999,1.436363636363636e-14,1e-11,-25,3.6e-07,1,6.04927e-06
0.8999999999999999,1.436363636363636e-14,1e-11,0,1.8e-07,1,5.95616e-06
0.8999999999999999,1.436363636363636e-14,1e-11,0,3.6e-07,1,6.05364e-06
0.8999999999999999,1.436363636363636e-14,1e-11,25,1.8e-07,1,5.95719e-06
0.8999999999999999,1.436363636363636e-14,1e-11,25,3.6e-07,1,6.05554e-06
0.8999999999999999,1.436363636363636e-14,1e-11,75,1.8e-07,1,5.95996e-06
0.8999999999999999,1.436363636363636e-14,1e-11,75,3.6e-07,1,6.05879e-06
0.8999999999999999,1.436363636363636e-14,1e-11,100,1.8e-07,1,5.9607e-06
0.8999999999999999,1.436363636363636e-14,1e-11,100,3.6e-07,1,6.06021e-06
0.8999999999999999,1.436363636363636e-14,1e-11,125,1.8e-07,1,5.96118e-06
0.8999999999999999,1.436363636363636e-14,1e-11,125,3.6e-07,1,6.06138e-06
0.8999999999999999,1.436363636363636e-14,5e-11,-40,1.8e-07,1,5.94483e-06
0.8999999999999999,1.436363636363636e-14,5e-11,-40,3.6e-07,1,6.02538e-06
0.8999999999999999,1.436363636363636e-14,5e-11,-25,1.8e-07,1,5.94658e-06
0.8999999999999999,1.436363636363636e-14,5e-11,-25,3.6e-07,1,6.02866e-06
0.8999999999999999,1.436363636363636e-14,5e-11,0,1.8e-07,1,5.94886e-06
0.8999999999999999,1.436363636363636e-14,5e-11,0,3.6e-07,1,6.03561e-06
0.8999999999999999,1.436363636363636e-14,5e-11,25,1.8e-07,1,5.95098e-06
0.8999999999999999,1.436363636363636e-14,5e-11,25,3.6e-07,1,6.04007e-06
0.8999999999999999,1.436363636363636e-14,5e-11,75,1.8e-07,1,5.95473e-06
0.8999999999999999,1.436363636363636e-14,5e-11,75,3.6e-07,1,6.04668e-06
0.8999999999999999,1.436363636363636e-14,5e-11,100,1.8e-07,1,5.95618e-06
0.8999999999999999,1.436363636363636e-14,5e-11,100,3.6e-07,1,6.04971e-06
0.8999999999999999,1.436363636363636e-14,5e-11,125,1.8e-07,1,5.95706e-06
0.8999999999999999,1.436363636363636e-14,5e-11,125,3.6e-07,1,6.05217e-06
0.8999999999999999,1.436363636363636e-14,1e-10,-40,1.8e-07,1,5.94658e-06
0.8999999999999999,1.436363636363636e-14,1e-10,-40,3.6e-07,1,6.02831e-06
0.8999999999999999,1.436363636363636e-14,1e-10,-25,1.8e-07,1,5.94637e-06
0.8999999999999999,1.436363636363636e-14,1e-10,-25,3.6e-07,1,6.02898e-06
0.8999999999999999,1.436363636363636e-14,1e-10,0,1.8e-07,1,5.94763e-06
0.8999999999999999,1.436363636363636e-14,1e-10,0,3.6e-07,1,6.03262e-06
0.8999999999999999,1.436363636363636e-14,1e-10,25,1.8e-07,1,5.94961e-06
0.8999999999999999,1.436363636363636e-14,1e-10,25,3.6e-07,1,6.0365e-06
0.8999999999999999,1.436363636363636e-14,1e-10,75,1.8e-07,1,5.95351e-06
0.8999999999999999,1.436363636363636e-14,1e-10,75,3.6e-07,1,6.04396e-06
0.8999999999999999,1.436363636363636e-14,1e-10,100,1.8e-07,1,5.95508e-06
0.8999999999999999,1.436363636363636e-14,1e-10,100,3.6e-07,1,6.04703e-06
0.8999999999999999,1.436363636363636e-14,1e-10,125,1.8e-07,1,5.95581e-06
0.8999999999999999,1.436363636363636e-14,1e-10,125,3.6e-07,1,6.0496e-06
0.8999999999999999,1.436363636363636e-14,2e-10,-40,1.8e-07,1,5.97052e-06
0.8999999999999999,1.436363636363636e-14,2e-10,-40,3.6e-07,1,6.06863e-06
0.8999999999999999,1.436363636363636e-14,2e-10,-25,1.8e-07,1,5.9634e-06
0.8999999999999999,1.436363636363636e-14,2e-10,-25,3.6e-07,1,6.0572e-06
0.8999999999999999,1.436363636363636e-14,2e-10,0,1.8e-07,1,5.95915e-06
0.8999999999999999,1.436363636363636e-14,2e-10,0,3.6e-07,1,6.05133e-06
0.8999999999999999,1.436363636363636e-14,2e-10,25,1.8e-07,1,5.95799e-06
0.8999999999999999,1.436363636363636e-14,2e-10,25,3.6e-07,1,6.05058e-06
0.8999999999999999,1.436363636363636e-14,2e-10,75,1.8e-07,1,5.95988e-06
0.8999999999999999,1.436363636363636e-14,2e-10,75,3.6e-07,1,6.05237e-06
0.8999999999999999,1.436363636363636e-14,2e-10,100,1.8e-07,1,5.96001e-06
0.8999999999999999,1.436363636363636e-14,2e-10,100,3.6e-07,1,6.0544e-06
0.8999999999999999,1.436363636363636e-14,2e-10,125,1.8e-07,1,5.95787e-06
0.8999999999999999,1.436363636363636e-14,2e-10,125,3.6e-07,1,6.05638e-06
0.8999999999999999,1.436363636363636e-14,4e-10,-40,1.8e-07,1,6.05776e-06
0.8999999999999999,1.436363636363636e-14,4e-10,-40,3.6e-07,1,6.21041e-06
0.8999999999999999,1.436363636363636e-14,4e-10,-25,1.8e-07,1,6.03212e-06
0.8999999999999999,1.436363636363636e-14,4e-10,-25,3.6e-07,1,6.17334e-06
0.8999999999999999,1.436363636363636e-14,4e-10,0,1.8e-07,1,6.01102e-06
0.8999999999999999,1.436363636363636e-14,4e-10,0,3.6e-07,1,6.14183e-06
0.8999999999999999,1.436363636363636e-14,4e-10,25,1.8e-07,1,6.0002e-06
0.8999999999999999,1.436363636363636e-14,4e-10,25,3.6e-07,1,6.12497e-06
0.8999999999999999,1.436363636363636e-14,4e-10,75,1.8e-07,1,5.97465e-06
0.8999999999999999,1.436363636363636e-14,4e-10,75,3.6e-07,1,6.10852e-06
0.8999999999999999,1.436363636363636e-14,4e-10,100,1.8e-07,1,5.93901e-06
0.8999999999999999,1.436363636363636e-14,4e-10,100,3.6e-07,1,6.10465e-06
0.8999999999999999,1.436363636363636e-14,4e-10,125,1.8e-07,1,5.87297e-06
0.8999999999999999,1.436363636363636e-14,4e-10,125,3.6e-07,1,6.10141e-06
0.8999999999999999,1.8818181818181816e-14,1e-11,-40,1.8e-07,1,7.75895e-06
0.8999999999999999,1.8818181818181816e-14,1e-11,-40,3.6e-07,1,7.85283e-06
0.8999999999999999,1.8818181818181816e-14,1e-11,-25,1.8e-07,1,7.75937e-06
0.8999999999999999,1.8818181818181816e-14,1e-11,-25,3.6e-07,1,7.8552e-06
0.8999999999999999,1.8818181818181816e-14,1e-11,0,1.8e-07,1,7.76057e-06
0.8999999999999999,1.8818181818181816e-14,1e-11,0,3.6e-07,1,7.85873e-06
0.8999999999999999,1.8818181818181816e-14,1e-11,25,1.8e-07,1,7.76162e-06
0.8999999999999999,1.8818181818181816e-14,1e-11,25,3.6e-07,1,7.8598e-06
0.8999999999999999,1.8818181818181816e-14,1e-11,75,1.8e-07,1,7.76401e-06
0.8999999999999999,1.8818181818181816e-14,1e-11,75,3.6e-07,1,7.8635e-06
0.8999999999999999,1.8818181818181816e-14,1e-11,100,1.8e-07,1,7.76389e-06
0.8999999999999999,1.8818181818181816e-14,1e-11,100,3.6e-07,1,7.86448e-06
0.8999999999999999,1.8818181818181816e-14,1e-11,125,1.8e-07,1,7.76128e-06
0.8999999999999999,1.8818181818181816e-14,1e-11,125,3.6e-07,1,7.86461e-06
0.8999999999999999,1.8818181818181816e-14,5e-11,-40,1.8e-07,1,7.75023e-06
0.8999999999999999,1.8818181818181816e-14,5e-11,-40,3.6e-07,1,7.83254e-06
0.8999999999999999,1.8818181818181816e-14,5e-11,-25,1.8e-07,1,7.75146e-06
0.8999999999999999,1.8818181818181816e-14,5e-11,-25,3.6e-07,1,7.83787e-06
0.8999999999999999,1.8818181818181816e-14,5e-11,0,1.8e-07,1,7.75476e-06
0.8999999999999999,1.8818181818181816e-14,5e-11,0,3.6e-07,1,7.84254e-06
0.8999999999999999,1.8818181818181816e-14,5e-11,25,1.8e-07,1,7.75645e-06
0.8999999999999999,1.8818181818181816e-14,5e-11,25,3.6e-07,1,7.84642e-06
0.8999999999999999,1.8818181818181816e-14,5e-11,75,1.8e-07,1,7.75936e-06
0.8999999999999999,1.8818181818181816e-14,5e-11,75,3.6e-07,1,7.85271e-06
0.8999999999999999,1.8818181818181816e-14,5e-11,100,1.8e-07,1,7.75951e-06
0.8999999999999999,1.8818181818181816e-14,5e-11,100,3.6e-07,1,7.8553e-06
0.8999999999999999,1.8818181818181816e-14,5e-11,125,1.8e-07,1,7.75585e-06
0.8999999999999999,1.8818181818181816e-14,5e-11,125,3.6e-07,1,7.85673e-06
0.8999999999999999,1.8818181818181816e-14,1e-10,-40,1.8e-07,1,7.75139e-06
0.8999999999999999,1.8818181818181816e-14,1e-10,-40,3.6e-07,1,7.83408e-06
0.8999999999999999,1.8818181818181816e-14,1e-10,-25,1.8e-07,1,7.75101e-06
0.8999999999999999,1.8818181818181816e-14,1e-10,-25,3.6e-07,1,7.83501e-06
0.8999999999999999,1.8818181818181816e-14,1e-10,0,1.8e-07,1,7.75274e-06
0.8999999999999999,1.8818181818181816e-14,1e-10,0,3.6e-07,1,7.83913e-06
0.8999999999999999,1.8818181818181816e-14,1e-10,25,1.8e-07,1,7.75468e-06
0.8999999999999999,1.8818181818181816e-14,1e-10,25,3.6e-07,1,7.84254e-06
0.8999999999999999,1.8818181818181816e-14,1e-10,75,1.8e-07,1,7.75785e-06
0.8999999999999999,1.8818181818181816e-14,1e-10,75,3.6e-07,1,7.84956e-06
0.8999999999999999,1.8818181818181816e-14,1e-10,100,1.8e-07,1,7.7572e-06
0.8999999999999999,1.8818181818181816e-14,1e-10,100,3.6e-07,1,7.8525e-06
0.8999999999999999,1.8818181818181816e-14,1e-10,125,1.8e-07,1,7.75061e-06
0.8999999999999999,1.8818181818181816e-14,1e-10,125,3.6e-07,1,7.85442e-06
0.8999999999999999,1.8818181818181816e-14,2e-10,-40,1.8e-07,1,7.7694e-06
0.8999999999999999,1.8818181818181816e-14,2e-10,-40,3.6e-07,1,7.86602e-06
0.8999999999999999,1.8818181818181816e-14,2e-10,-25,1.8e-07,1,7.7638e-06
0.8999999999999999,1.8818181818181816e-14,2e-10,-25,3.6e-07,1,7.85767e-06
0.8999999999999999,1.8818181818181816e-14,2e-10,0,1.8e-07,1,7.7609e-06
0.8999999999999999,1.8818181818181816e-14,2e-10,0,3.6e-07,1,7.85289e-06
0.8999999999999999,1.8818181818181816e-14,2e-10,25,1.8e-07,1,7.76079e-06
0.8999999999999999,1.8818181818181816e-14,2e-10,25,3.6e-07,1,7.85252e-06
0.8999999999999999,1.8818181818181816e-14,2e-10,75,1.8e-07,1,7.76018e-06
0.8999999999999999,1.8818181818181816e-14,2e-10,75,3.6e-07,1,7.85527e-06
0.8999999999999999,1.8818181818181816e-14,2e-10,100,1.8e-07,1,7.75242e-06
0.8999999999999999,1.8818181818181816e-14,2e-10,100,3.6e-07,1,7.85806e-06
0.8999999999999999,1.8818181818181816e-14,2e-10,125,1.8e-07,1,7.72936e-06
0.8999999999999999,1.8818181818181816e-14,2e-10,125,3.6e-07,1,7.85984e-06
0.8999999999999999,1.8818181818181816e-14,4e-10,-40,1.8e-07,1,7.84462e-06
0.8999999999999999,1.8818181818181816e-14,4e-10,-40,3.6e-07,1,7.98786e-06
0.8999999999999999,1.8818181818181816e-14,4e-10,-25,1.8e-07,1,7.82158e-06
0.8999999999999999,1.8818181818181816e-14,4e-10,-25,3.6e-07,1,7.95456e-06
0.8999999999999999,1.8818181818181816e-14,4e-10,0,1.8e-07,1,7.80318e-06
0.8999999999999999,1.8818181818181816e-14,4e-10,0,3.6e-07,1,7.92765e-06
0.8999999999999999,1.8818181818181816e-14,4e-10,25,1.8e-07,1,7.78846e-06
0.8999999999999999,1.8818181818181816e-14,4e-10,25,3.6e-07,1,7.91352e-06
0.8999999999999999,1.8818181818181816e-14,4e-10,75,1.8e-07,1,7.6798e-06
0.8999999999999999,1.8818181818181816e-14,4e-10,75,3.6e-07,1,7.90047e-06
0.8999999999999999,1.8818181818181816e-14,4e-10,100,1.8e-07,1,7.53945e-06
0.8999999999999999,1.8818181818181816e-14,4e-10,100,3.6e-07,1,7.89582e-06
0.8999999999999999,1.8818181818181816e-14,4e-10,125,1.8e-07,1,7.32841e-06
0.8999999999999999,1.8818181818181816e-14,4e-10,125,3.6e-07,1,7.88629e-06
0.8999999999999999,2.3272727272727276e-14,1e-11,-40,1.8e-07,1,9.56308e-06
0.8999999999999999,2.3272727272727276e-14,1e-11,-40,3.6e-07,1,9.65967e-06
0.8999999999999999,2.3272727272727276e-14,1e-11,-25,1.8e-07,1,9.56382e-06
0.8999999999999999,2.3272727272727276e-14,1e-11,-25,3.6e-07,1,9.66169e-06
0.8999999999999999,2.3272727272727276e-14,1e-11,0,1.8e-07,1,9.56484e-06
0.8999999999999999,2.3272727272727276e-14,1e-11,0,3.6e-07,1,9.66286e-06
0.8999999999999999,2.3272727272727276e-14,1e-11,25,1.8e-07,1,9.56602e-06
0.8999999999999999,2.3272727272727276e-14,1e-11,25,3.6e-07,1,9.66407e-06
0.8999999999999999,2.3272727272727276e-14,1e-11,75,1.8e-07,1,9.56661e-06
0.8999999999999999,2.3272727272727276e-14,1e-11,75,3.6e-07,1,9.66743e-06
0.8999999999999999,2.3272727272727276e-14,1e-11,100,1.8e-07,1,9.56072e-06
0.8999999999999999,2.3272727272727276e-14,1e-11,100,3.6e-07,1,9.66629e-06
0.8999999999999999,2.3272727272727276e-14,1e-11,125,1.8e-07,1,9.54113e-06
0.8999999999999999,2.3272727272727276e-14,1e-11,125,3.6e-07,1,9.66081e-06
0.8999999999999999,2.3272727272727276e-14,5e-11,-40,1.8e-07,1,9.55513e-06
0.8999999999999999,2.3272727272727276e-14,5e-11,-40,3.6e-07,1,9.64061e-06
0.8999999999999999,2.3272727272727276e-14,5e-11,-25,1.8e-07,1,9.55656e-06
0.8999999999999999,2.3272727272727276e-14,5e-11,-25,3.6e-07,1,9.64441e-06
0.8999999999999999,2.3272727272727276e-14,5e-11,0,1.8e-07,1,9.55912e-06
0.8999999999999999,2.3272727272727276e-14,5e-11,0,3.6e-07,1,9.64865e-06
0.8999999999999999,2.3272727272727276e-14,5e-11,25,1.8e-07,1,9.56144e-06
0.8999999999999999,2.3272727272727276e-14,5e-11,25,3.6e-07,1,9.65217e-06
0.8999999999999999,2.3272727272727276e-14,5e-11,75,1.8e-07,1,9.56184e-06
0.8999999999999999,2.3272727272727276e-14,5e-11,75,3.6e-07,1,9.65775e-06
0.8999999999999999,2.3272727272727276e-14,5e-11,100,1.8e-07,1,9.55416e-06
0.8999999999999999,2.3272727272727276e-14,5e-11,100,3.6e-07,1,9.65843e-06
0.8999999999999999,2.3272727272727276e-14,5e-11,125,1.8e-07,1,9.52893e-06
0.8999999999999999,2.3272727272727276e-14,5e-11,125,3.6e-07,1,9.65512e-06
0.8999999999999999,2.3272727272727276e-14,1e-10,-40,1.8e-07,1,9.55586e-06
0.8999999999999999,2.3272727272727276e-14,1e-10,-40,3.6e-07,1,9.63881e-06
0.8999999999999999,2.3272727272727276e-14,1e-10,-25,1.8e-07,1,9.5559e-06
0.8999999999999999,2.3272727272727276e-14,1e-10,-25,3.6e-07,1,9.64142e-06
0.8999999999999999,2.3272727272727276e-14,1e-10,0,1.8e-07,1,9.5576e-06
0.8999999999999999,2.3272727272727276e-14,1e-10,0,3.6e-07,1,9.6447e-06
0.8999999999999999,2.3272727272727276e-14,1e-10,25,1.8e-07,1,9.55942e-06
0.8999999999999999,2.3272727272727276e-14,1e-10,25,3.6e-07,1,9.6481e-06
0.8999999999999999,2.3272727272727276e-14,1e-10,75,1.8e-07,1,9.55869e-06
0.8999999999999999,2.3272727272727276e-14,1e-10,75,3.6e-07,1,9.65467e-06
0.8999999999999999,2.3272727272727276e-14,1e-10,100,1.8e-07,1,9.54602e-06
0.8999999999999999,2.3272727272727276e-14,1e-10,100,3.6e-07,1,9.65618e-06
0.8999999999999999,2.3272727272727276e-14,1e-10,125,1.8e-07,1,9.50959e-06
0.8999999999999999,2.3272727272727276e-14,1e-10,125,3.6e-07,1,9.6543e-06
0.8999999999999999,2.3272727272727276e-14,2e-10,-40,1.8e-07,1,9.57112e-06
0.8999999999999999,2.3272727272727276e-14,2e-10,-40,3.6e-07,1,9.66634e-06
0.8999999999999999,2.3272727272727276e-14,2e-10,-25,1.8e-07,1,9.56607e-06
0.8999999999999999,2.3272727272727276e-14,2e-10,-25,3.6e-07,1,9.65877e-06
0.8999999999999999,2.3272727272727276e-14,2e-10,0,1.8e-07,1,9.56409e-06
0.8999999999999999,2.3272727272727276e-14,2e-10,0,3.6e-07,1,9.65544e-06
0.8999999999999999,2.3272727272727276e-14,2e-10,25,1.8e-07,1,9.56398e-06
0.8999999999999999,2.3272727272727276e-14,2e-10,25,3.6e-07,1,9.65575e-06
0.8999999999999999,2.3272727272727276e-14,2e-10,75,1.8e-07,1,9.54895e-06
0.8999999999999999,2.3272727272727276e-14,2e-10,75,3.6e-07,1,9.66e-06
0.8999999999999999,2.3272727272727276e-14,2e-10,100,1.8e-07,1,9.50919e-06
0.8999999999999999,2.3272727272727276e-14,2e-10,100,3.6e-07,1,9.66167e-06
0.8999999999999999,2.3272727272727276e-14,2e-10,125,1.8e-07,1,9.42375e-06
0.8999999999999999,2.3272727272727276e-14,2e-10,125,3.6e-07,1,9.66059e-06
0.8999999999999999,2.3272727272727276e-14,4e-10,-40,1.8e-07,1,9.63623e-06
0.8999999999999999,2.3272727272727276e-14,4e-10,-40,3.6e-07,1,9.774e-06
0.8999999999999999,2.3272727272727276e-14,4e-10,-25,1.8e-07,1,9.61535e-06
0.8999999999999999,2.3272727272727276e-14,4e-10,-25,3.6e-07,1,9.74372e-06
0.8999999999999999,2.3272727272727276e-14,4e-10,0,1.8e-07,1,9.59397e-06
0.8999999999999999,2.3272727272727276e-14,4e-10,0,3.6e-07,1,9.71885e-06
0.8999999999999999,2.3272727272727276e-14,4e-10,25,1.8e-07,1,9.55169e-06
0.8999999999999999,2.3272727272727276e-14,4e-10,25,3.6e-07,1,9.70699e-06
0.8999999999999999,2.3272727272727276e-14,4e-10,75,1.8e-07,1,9.22176e-06
0.8999999999999999,2.3272727272727276e-14,4e-10,75,3.6e-07,1,9.69311e-06
0.8999999999999999,2.3272727272727276e-14,4e-10,100,1.8e-07,1,8.88956e-06
0.8999999999999999,2.3272727272727276e-14,4e-10,100,3.6e-07,1,9.67777e-06
0.8999999999999999,2.3272727272727276e-14,4e-10,125,1.8e-07,1,8.46702e-06
0.8999999999999999,2.3272727272727276e-14,4e-10,125,3.6e-07,1,9.6424e-06
0.8999999999999999,2.7727272727272724e-14,1e-11,-40,1.8e-07,1,1.13674e-05
0.8999999999999999,2.7727272727272724e-14,1e-11,-40,3.6e-07,1,1.14648e-05
0.8999999999999999,2.7727272727272724e-14,1e-11,-25,1.8e-07,1,1.13681e-05
0.8999999999999999,2.7727272727272724e-14,1e-11,-25,3.6e-07,1,1.14661e-05
0.8999999999999999,2.7727272727272724e-14,1e-11,0,1.8e-07,1,1.1369e-05
0.8999999999999999,2.7727272727272724e-14,1e-11,0,3.6e-07,1,1.14669e-05
0.8999999999999999,2.7727272727272724e-14,1e-11,25,1.8e-07,1,1.13702e-05
0.8999999999999999,2.7727272727272724e-14,1e-11,25,3.6e-07,1,1.14683e-05
0.8999999999999999,2.7727272727272724e-14,1e-11,75,1.8e-07,1,1.13619e-05
0.8999999999999999,2.7727272727272724e-14,1e-11,75,3.6e-07,1,1.14677e-05
0.8999999999999999,2.7727272727272724e-14,1e-11,100,1.8e-07,1,1.13337e-05
0.8999999999999999,2.7727272727272724e-14,1e-11,100,3.6e-07,1,1.1458e-05
0.8999999999999999,2.7727272727272724e-14,1e-11,125,1.8e-07,1,1.12632e-05
0.8999999999999999,2.7727272727272724e-14,1e-11,125,3.6e-07,1,1.1434e-05
0.8999999999999999,2.7727272727272724e-14,5e-11,-40,1.8e-07,1,1.136e-05
0.8999999999999999,2.7727272727272724e-14,5e-11,-40,3.6e-07,1,1.1447e-05
0.8999999999999999,2.7727272727272724e-14,5e-11,-25,1.8e-07,1,1.13614e-05
0.8999999999999999,2.7727272727272724e-14,5e-11,-25,3.6e-07,1,1.14506e-05
0.8999999999999999,2.7727272727272724e-14,5e-11,0,1.8e-07,1,1.13638e-05
0.8999999999999999,2.7727272727272724e-14,5e-11,0,3.6e-07,1,1.14542e-05
0.8999999999999999,2.7727272727272724e-14,5e-11,25,1.8e-07,1,1.1366e-05
0.8999999999999999,2.7727272727272724e-14,5e-11,25,3.6e-07,1,1.14578e-05
0.8999999999999999,2.7727272727272724e-14,5e-11,75,1.8e-07,1,1.13551e-05
0.8999999999999999,2.7727272727272724e-14,5e-11,75,3.6e-07,1,1.14597e-05
0.8999999999999999,2.7727272727272724e-14,5e-11,100,1.8e-07,1,1.132e-05
0.8999999999999999,2.7727272727272724e-14,5e-11,100,3.6e-07,1,1.14531e-05
0.8999999999999999,2.7727272727272724e-14,5e-11,125,1.8e-07,1,1.12357e-05
0.8999999999999999,2.7727272727272724e-14,5e-11,125,3.6e-07,1,1.14335e-05
0.8999999999999999,2.7727272727272724e-14,1e-10,-40,1.8e-07,1,1.13605e-05
0.8999999999999999,2.7727272727272724e-14,1e-10,-40,3.6e-07,1,1.14456e-05
0.8999999999999999,2.7727272727272724e-14,1e-10,-25,1.8e-07,1,1.13607e-05
0.8999999999999999,2.7727272727272724e-14,1e-10,-25,3.6e-07,1,1.14468e-05
0.8999999999999999,2.7727272727272724e-14,1e-10,0,1.8e-07,1,1.13622e-05
0.8999999999999999,2.7727272727272724e-14,1e-10,0,3.6e-07,1,1.14497e-05
0.8999999999999999,2.7727272727272724e-14,1e-10,25,1.8e-07,1,1.13637e-05
0.8999999999999999,2.7727272727272724e-14,1e-10,25,3.6e-07,1,1.14535e-05
0.8999999999999999,2.7727272727272724e-14,1e-10,75,1.8e-07,1,1.13461e-05
0.8999999999999999,2.7727272727272724e-14,1e-10,75,3.6e-07,1,1.14573e-05
0.8999999999999999,2.7727272727272724e-14,1e-10,100,1.8e-07,1,1.12961e-05
0.8999999999999999,2.7727272727272724e-14,1e-10,100,3.6e-07,1,1.1453e-05
0.8999999999999999,2.7727272727272724e-14,1e-10,125,1.8e-07,1,1.1186e-05
0.8999999999999999,2.7727272727272724e-14,1e-10,125,3.6e-07,1,1.14374e-05
0.8999999999999999,2.7727272727272724e-14,2e-10,-40,1.8e-07,1,1.13734e-05
0.8999999999999999,2.7727272727272724e-14,2e-10,-40,3.6e-07,1,1.14678e-05
0.8999999999999999,2.7727272727272724e-14,2e-10,-25,1.8e-07,1,1.1369e-05
0.8999999999999999,2.7727272727272724e-14,2e-10,-25,3.6e-07,1,1.14609e-05
0.8999999999999999,2.7727272727272724e-14,2e-10,0,1.8e-07,1,1.13674e-05
0.8999999999999999,2.7727272727272724e-14,2e-10,0,3.6e-07,1,1.14586e-05
0.8999999999999999,2.7727272727272724e-14,2e-10,25,1.8e-07,1,1.13655e-05
0.8999999999999999,2.7727272727272724e-14,2e-10,25,3.6e-07,1,1.14601e-05
0.8999999999999999,2.7727272727272724e-14,2e-10,75,1.8e-07,1,1.13024e-05
0.8999999999999999,2.7727272727272724e-14,2e-10,75,3.6e-07,1,1.14635e-05
0.8999999999999999,2.7727272727272724e-14,2e-10,100,1.8e-07,1,1.11865e-05
0.8999999999999999,2.7727272727272724e-14,2e-10,100,3.6e-07,1,1.146e-05
0.8999999999999999,2.7727272727272724e-14,2e-10,125,1.8e-07,1,1.09801e-05
0.8999999999999999,2.7727272727272724e-14,2e-10,125,3.6e-07,1,1.14477e-05
0.8999999999999999,2.7727272727272724e-14,4e-10,-40,1.8e-07,1,1.14301e-05
0.8999999999999999,2.7727272727272724e-14,4e-10,-40,3.6e-07,1,1.1564e-05
0.8999999999999999,2.7727272727272724e-14,4e-10,-25,1.8e-07,1,1.14099e-05
0.8999999999999999,2.7727272727272724e-14,4e-10,-25,3.6e-07,1,1.15357e-05
0.8999999999999999,2.7727272727272724e-14,4e-10,0,1.8e-07,1,1.13678e-05
0.8999999999999999,2.7727272727272724e-14,4e-10,0,3.6e-07,1,1.15135e-05
0.8999999999999999,2.7727272727272724e-14,4e-10,25,1.8e-07,1,1.12459e-05
0.8999999999999999,2.7727272727272724e-14,4e-10,25,3.6e-07,1,1.15032e-05
0.8999999999999999,2.7727272727272724e-14,4e-10,75,1.8e-07,1,1.0528e-05
0.8999999999999999,2.7727272727272724e-14,4e-10,75,3.6e-07,1,1.14758e-05
0.8999999999999999,2.7727272727272724e-14,4e-10,100,1.8e-07,1,9.94908e-06
0.8999999999999999,2.7727272727272724e-14,4e-10,100,3.6e-07,1,1.14276e-05
0.8999999999999999,2.7727272727272724e-14,4e-10,125,1.8e-07,1,9.29997e-06
0.8999999999999999,2.7727272727272724e-14,4e-10,125,3.6e-07,1,1.13288e-05
0.8999999999999999,3.2181818181818185e-14,1e-11,-40,1.8e-07,1,1.31717e-05
0.8999999999999999,3.2181818181818185e-14,1e-11,-40,3.6e-07,1,1.32693e-05
0.8999999999999999,3.2181818181818185e-14,1e-11,-25,1.8e-07,1,1.31723e-05
0.8999999999999999,3.2181818181818185e-14,1e-11,-25,3.6e-07,1,1.32703e-05
0.8999999999999999,3.2181818181818185e-14,1e-11,0,1.8e-07,1,1.3173e-05
0.8999999999999999,3.2181818181818185e-14,1e-11,0,3.6e-07,1,1.32711e-05
0.8999999999999999,3.2181818181818185e-14,1e-11,25,1.8e-07,1,1.31742e-05
0.8999999999999999,3.2181818181818185e-14,1e-11,25,3.6e-07,1,1.32714e-05
0.8999999999999999,3.2181818181818185e-14,1e-11,75,1.8e-07,1,1.31348e-05
0.8999999999999999,3.2181818181818185e-14,1e-11,75,3.6e-07,1,1.32569e-05
0.8999999999999999,3.2181818181818185e-14,1e-11,100,1.8e-07,1,1.30501e-05
0.8999999999999999,3.2181818181818185e-14,1e-11,100,3.6e-07,1,1.3224e-05
0.8999999999999999,3.2181818181818185e-14,1e-11,125,1.8e-07,1,1.28753e-05
0.8999999999999999,3.2181818181818185e-14,1e-11,125,3.6e-07,1,1.31581e-05
0.8999999999999999,3.2181818181818185e-14,5e-11,-40,1.8e-07,1,1.31647e-05
0.8999999999999999,3.2181818181818185e-14,5e-11,-40,3.6e-07,1,1.32532e-05
0.8999999999999999,3.2181818181818185e-14,5e-11,-25,1.8e-07,1,1.31661e-05
0.8999999999999999,3.2181818181818185e-14,5e-11,-25,3.6e-07,1,1.32554e-05
0.8999999999999999,3.2181818181818185e-14,5e-11,0,1.8e-07,1,1.31681e-05
0.8999999999999999,3.2181818181818185e-14,5e-11,0,3.6e-07,1,1.32596e-05
0.8999999999999999,3.2181818181818185e-14,5e-11,25,1.8e-07,1,1.31689e-05
0.8999999999999999,3.2181818181818185e-14,5e-11,25,3.6e-07,1,1.32624e-05
0.8999999999999999,3.2181818181818185e-14,5e-11,75,1.8e-07,1,1.31225e-05
0.8999999999999999,3.2181818181818185e-14,5e-11,75,3.6e-07,1,1.32521e-05
0.8999999999999999,3.2181818181818185e-14,5e-11,100,1.8e-07,1,1.30222e-05
0.8999999999999999,3.2181818181818185e-14,5e-11,100,3.6e-07,1,1.32253e-05
0.8999999999999999,3.2181818181818185e-14,5e-11,125,1.8e-07,1,1.28227e-05
0.8999999999999999,3.2181818181818185e-14,5e-11,125,3.6e-07,1,1.31678e-05
0.8999999999999999,3.2181818181818185e-14,1e-10,-40,1.8e-07,1,1.31651e-05
0.8999999999999999,3.2181818181818185e-14,1e-10,-40,3.6e-07,1,1.32505e-05
0.8999999999999999,3.2181818181818185e-14,1e-10,-25,1.8e-07,1,1.31654e-05
0.8999999999999999,3.2181818181818185e-14,1e-10,-25,3.6e-07,1,1.32516e-05
0.8999999999999999,3.2181818181818185e-14,1e-10,0,1.8e-07,1,1.31666e-05
0.8999999999999999,3.2181818181818185e-14,1e-10,0,3.6e-07,1,1.32549e-05
0.8999999999999999,3.2181818181818185e-14,1e-10,25,1.8e-07,1,1.3166e-05
0.8999999999999999,3.2181818181818185e-14,1e-10,25,3.6e-07,1,1.32581e-05
0.8999999999999999,3.2181818181818185e-14,1e-10,75,1.8e-07,1,1.30997e-05
0.8999999999999999,3.2181818181818185e-14,1e-10,75,3.6e-07,1,1.32523e-05
0.8999999999999999,3.2181818181818185e-14,1e-10,100,1.8e-07,1,1.29685e-05
0.8999999999999999,3.2181818181818185e-14,1e-10,100,3.6e-07,1,1.32309e-05
0.8999999999999999,3.2181818181818185e-14,1e-10,125,1.8e-07,1,1.27251e-05
0.8999999999999999,3.2181818181818185e-14,1e-10,125,3.6e-07,1,1.31814e-05
0.8999999999999999,3.2181818181818185e-14,2e-10,-40,1.8e-07,1,1.31762e-05
0.8999999999999999,3.2181818181818185e-14,2e-10,-40,3.6e-07,1,1.32685e-05
0.8999999999999999,3.2181818181818185e-14,2e-10,-25,1.8e-07,1,1.31723e-05
0.8999999999999999,3.2181818181818185e-14,2e-10,-25,3.6e-07,1,1.32637e-05
0.8999999999999999,3.2181818181818185e-14,2e-10,0,1.8e-07,1,1.31703e-05
0.8999999999999999,3.2181818181818185e-14,2e-10,0,3.6e-07,1,1.32616e-05
0.8999999999999999,3.2181818181818185e-14,2e-10,25,1.8e-07,1,1.31607e-05
0.8999999999999999,3.2181818181818185e-14,2e-10,25,3.6e-07,1,1.32647e-05
0.8999999999999999,3.2181818181818185e-14,2e-10,75,1.8e-07,1,1.29868e-05
0.8999999999999999,3.2181818181818185e-14,2e-10,75,3.6e-07,1,1.3262e-05
0.8999999999999999,3.2181818181818185e-14,2e-10,100,1.8e-07,1,1.27367e-05
0.8999999999999999,3.2181818181818185e-14,2e-10,100,3.6e-07,1,1.32439e-05
0.8999999999999999,3.2181818181818185e-14,2e-10,125,1.8e-07,1,1.23484e-05
0.8999999999999999,3.2181818181818185e-14,2e-10,125,3.6e-07,1,1.31976e-05
0.8999999999999999,3.2181818181818185e-14,4e-10,-40,1.8e-07,1,1.32267e-05
0.8999999999999999,3.2181818181818185e-14,4e-10,-40,3.6e-07,1,1.3357e-05
0.8999999999999999,3.2181818181818185e-14,4e-10,-25,1.8e-07,1,1.31974e-05
0.8999999999999999,3.2181818181818185e-14,4e-10,-25,3.6e-07,1,1.33308e-05
0.8999999999999999,3.2181818181818185e-14,4e-10,0,1.8e-07,1,1.30966e-05
0.8999999999999999,3.2181818181818185e-14,4e-10,0,3.6e-07,1,1.33106e-05
0.8999999999999999,3.2181818181818185e-14,4e-10,25,1.8e-07,1,1.28172e-05
0.8999999999999999,3.2181818181818185e-14,4e-10,25,3.6e-07,1,1.32999e-05
0.8999999999999999,3.2181818181818185e-14,4e-10,75,1.8e-07,1,1.1574e-05
0.8999999999999999,3.2181818181818185e-14,4e-10,75,3.6e-07,1,1.32303e-05
0.8999999999999999,3.2181818181818185e-14,4e-10,100,1.8e-07,1,1.07417e-05
0.8999999999999999,3.2181818181818185e-14,4e-10,100,3.6e-07,1,1.31117e-05
0.8999999999999999,3.2181818181818185e-14,4e-10,125,1.8e-07,1,9.89448e-06
0.8999999999999999,3.2181818181818185e-14,4e-10,125,3.6e-07,1,1.28996e-05
0.8999999999999999,3.663636363636364e-14,1e-11,-40,1.8e-07,1,1.49758e-05
0.8999999999999999,3.663636363636364e-14,1e-11,-40,3.6e-07,1,1.50734e-05
0.8999999999999999,3.663636363636364e-14,1e-11,-25,1.8e-07,1,1.49763e-05
0.8999999999999999,3.663636363636364e-14,1e-11,-25,3.6e-07,1,1.50741e-05
0.8999999999999999,3.663636363636364e-14,1e-11,0,1.8e-07,1,1.4976e-05
0.8999999999999999,3.663636363636364e-14,1e-11,0,3.6e-07,1,1.50742e-05
0.8999999999999999,3.663636363636364e-14,1e-11,25,1.8e-07,1,1.49724e-05
0.8999999999999999,3.663636363636364e-14,1e-11,25,3.6e-07,1,1.50709e-05
0.8999999999999999,3.663636363636364e-14,1e-11,75,1.8e-07,1,1.48601e-05
0.8999999999999999,3.663636363636364e-14,1e-11,75,3.6e-07,1,1.50208e-05
0.8999999999999999,3.663636363636364e-14,1e-11,100,1.8e-07,1,1.46676e-05
0.8999999999999999,3.663636363636364e-14,1e-11,100,3.6e-07,1,1.49409e-05
0.8999999999999999,3.663636363636364e-14,1e-11,125,1.8e-07,1,1.4325e-05
0.8999999999999999,3.663636363636364e-14,1e-11,125,3.6e-07,1,1.48012e-05
0.8999999999999999,3.663636363636364e-14,5e-11,-40,1.8e-07,1,1.49693e-05
0.8999999999999999,3.663636363636364e-14,5e-11,-40,3.6e-07,1,1.50578e-05
0.8999999999999999,3.663636363636364e-14,5e-11,-25,1.8e-07,1,1.49704e-05
0.8999999999999999,3.663636363636364e-14,5e-11,-25,3.6e-07,1,1.50599e-05
0.8999999999999999,3.663636363636364e-14,5e-11,0,1.8e-07,1,1.49716e-05
0.8999999999999999,3.663636363636364e-14,5e-11,0,3.6e-07,1,1.50631e-05
0.8999999999999999,3.663636363636364e-14,5e-11,25,1.8e-07,1,1.49672e-05
0.8999999999999999,3.663636363636364e-14,5e-11,25,3.6e-07,1,1.5064e-05
0.8999999999999999,3.663636363636364e-14,5e-11,75,1.8e-07,1,1.4837e-05
0.8999999999999999,3.663636363636364e-14,5e-11,75,3.6e-07,1,1.50228e-05
0.8999999999999999,3.663636363636364e-14,5e-11,100,1.8e-07,1,1.46176e-05
0.8999999999999999,3.663636363636364e-14,5e-11,100,3.6e-07,1,1.4954e-05
0.8999999999999999,3.663636363636364e-14,5e-11,125,1.8e-07,1,1.42393e-05
0.8999999999999999,3.663636363636364e-14,5e-11,125,3.6e-07,1,1.48272e-05
0.8999999999999999,3.663636363636364e-14,1e-10,-40,1.8e-07,1,1.49697e-05
0.8999999999999999,3.663636363636364e-14,1e-10,-40,3.6e-07,1,1.50553e-05
0.8999999999999999,3.663636363636364e-14,1e-10,-25,1.8e-07,1,1.49698e-05
0.8999999999999999,3.663636363636364e-14,1e-10,-25,3.6e-07,1,1.50565e-05
0.8999999999999999,3.663636363636364e-14,1e-10,0,1.8e-07,1,1.49701e-05
0.8999999999999999,3.663636363636364e-14,1e-10,0,3.6e-07,1,1.50595e-05
0.8999999999999999,3.663636363636364e-14,1e-10,25,1.8e-07,1,1.49623e-05
0.8999999999999999,3.663636363636364e-14,1e-10,25,3.6e-07,1,1.50603e-05
0.8999999999999999,3.663636363636364e-14,1e-10,75,1.8e-07,1,1.47892e-05
0.8999999999999999,3.663636363636364e-14,1e-10,75,3.6e-07,1,1.50293e-05
0.8999999999999999,3.663636363636364e-14,1e-10,100,1.8e-07,1,1.45189e-05
0.8999999999999999,3.663636363636364e-14,1e-10,100,3.6e-07,1,1.49708e-05
0.8999999999999999,3.663636363636364e-14,1e-10,125,1.8e-07,1,1.40797e-05
0.8999999999999999,3.663636363636364e-14,1e-10,125,3.6e-07,1,1.48565e-05
0.8999999999999999,3.663636363636364e-14,2e-10,-40,1.8e-07,1,1.49793e-05
0.8999999999999999,3.663636363636364e-14,2e-10,-40,3.6e-07,1,1.50709e-05
0.8999999999999999,3.663636363636364e-14,2e-10,-25,1.8e-07,1,1.49758e-05
0.8999999999999999,3.663636363636364e-14,2e-10,-25,3.6e-07,1,1.50649e-05
0.8999999999999999,3.663636363636364e-14,2e-10,0,1.8e-07,1,1.49706e-05
0.8999999999999999,3.663636363636364e-14,2e-10,0,3.6e-07,1,1.50656e-05
0.8999999999999999,3.663636363636364e-14,2e-10,25,1.8e-07,1,1.49395e-05
0.8999999999999999,3.663636363636364e-14,2e-10,25,3.6e-07,1,1.50661e-05
0.8999999999999999,3.663636363636364e-14,2e-10,75,1.8e-07,1,1.45645e-05
0.8999999999999999,3.663636363636364e-14,2e-10,75,3.6e-07,1,1.50444e-05
0.8999999999999999,3.663636363636364e-14,2e-10,100,1.8e-07,1,1.41192e-05
0.8999999999999999,3.663636363636364e-14,2e-10,100,3.6e-07,1,1.49936e-05
0.8999999999999999,3.663636363636364e-14,2e-10,125,1.8e-07,1,1.34996e-05
0.8999999999999999,3.663636363636364e-14,2e-10,125,3.6e-07,1,1.48823e-05
0.8999999999999999,3.663636363636364e-14,4e-10,-40,1.8e-07,1,1.50164e-05
0.8999999999999999,3.663636363636364e-14,4e-10,-40,3.6e-07,1,1.51522e-05
0.8999999999999999,3.663636363636364e-14,4e-10,-25,1.8e-07,1,1.49638e-05
0.8999999999999999,3.663636363636364e-14,4e-10,-25,3.6e-07,1,1.51273e-05
0.8999999999999999,3.663636363636364e-14,4e-10,0,1.8e-07,1,1.47382e-05
0.8999999999999999,3.663636363636364e-14,4e-10,0,3.6e-07,1,1.51085e-05
0.8999999999999999,3.663636363636364e-14,4e-10,25,1.8e-07,1,1.42142e-05
0.8999999999999999,3.663636363636364e-14,4e-10,25,3.6e-07,1,1.5093e-05
0.8999999999999999,3.663636363636364e-14,4e-10,75,1.8e-07,1,1.23749e-05
0.8999999999999999,3.663636363636364e-14,4e-10,75,3.6e-07,1,1.49318e-05
0.8999999999999999,3.663636363636364e-14,4e-10,100,1.8e-07,1,1.13254e-05
0.8999999999999999,3.663636363636364e-14,4e-10,100,3.6e-07,1,1.46946e-05
0.8999999999999999,3.663636363636364e-14,4e-10,125,1.8e-07,1,1.03211e-05
0.8999999999999999,3.663636363636364e-14,4e-10,125,3.6e-07,1,1.43112e-05
0.8999999999999999,4.109090909090909e-14,1e-11,-40,1.8e-07,1,1.67796e-05
0.8999999999999999,4.109090909090909e-14,1e-11,-40,3.6e-07,1,1.68772e-05
0.8999999999999999,4.109090909090909e-14,1e-11,-25,1.8e-07,1,1.67795e-05
0.8999999999999999,4.109090909090909e-14,1e-11,-25,3.6e-07,1,1.68772e-05
0.8999999999999999,4.109090909090909e-14,1e-11,0,1.8e-07,1,1.67759e-05
0.8999999999999999,4.109090909090909e-14,1e-11,0,3.6e-07,1,1.68744e-05
0.8999999999999999,4.109090909090909e-14,1e-11,25,1.8e-07,1,1.67587e-05
0.8999999999999999,4.109090909090909e-14,1e-11,25,3.6e-07,1,1.68613e-05
0.8999999999999999,4.109090909090909e-14,1e-11,75,1.8e-07,1,1.65043e-05
0.8999999999999999,4.109090909090909e-14,1e-11,75,3.6e-07,1,1.67396e-05
0.8999999999999999,4.109090909090909e-14,1e-11,100,1.8e-07,1,1.61435e-05
0.8999999999999999,4.109090909090909e-14,1e-11,100,3.6e-07,1,1.65836e-05
0.8999999999999999,4.109090909090909e-14,1e-11,125,1.8e-07,1,1.55754e-05
0.8999999999999999,4.109090909090909e-14,1e-11,125,3.6e-07,1,1.63331e-05
0.8999999999999999,4.109090909090909e-14,5e-11,-40,1.8e-07,1,1.67735e-05
0.8999999999999999,4.109090909090909e-14,5e-11,-40,3.6e-07,1,1.68622e-05
0.8999999999999999,4.109090909090909e-14,5e-11,-25,1.8e-07,1,1.67741e-05
0.8999999999999999,4.109090909090909e-14,5e-11,-25,3.6e-07,1,1.6864e-05
0.8999999999999999,4.109090909090909e-14,5e-11,0,1.8e-07,1,1.67742e-05
0.8999999999999999,4.109090909090909e-14,5e-11,0,3.6e-07,1,1.68647e-05
0.8999999999999999,4.109090909090909e-14,5e-11,25,1.8e-07,1,1.67532e-05
0.8999999999999999,4.109090909090909e-14,5e-11,25,3.6e-07,1,1.6858e-05
0.8999999999999999,4.109090909090909e-14,5e-11,75,1.8e-07,1,1.64643e-05
0.8999999999999999,4.109090909090909e-14,5e-11,75,3.6e-07,1,1.67541e-05
0.8999999999999999,4.109090909090909e-14,5e-11,100,1.8e-07,1,1.60641e-05
0.8999999999999999,4.109090909090909e-14,5e-11,100,3.6e-07,1,1.66136e-05
0.8999999999999999,4.109090909090909e-14,5e-11,125,1.8e-07,1,1.54503e-05
0.8999999999999999,4.109090909090909e-14,5e-11,125,3.6e-07,1,1.63804e-05
0.8999999999999999,4.109090909090909e-14,1e-10,-40,1.8e-07,1,1.67741e-05
0.8999999999999999,4.109090909090909e-14,1e-10,-40,3.6e-07,1,1.68597e-05
0.8999999999999999,4.109090909090909e-14,1e-10,-25,1.8e-07,1,1.67738e-05
0.8999999999999999,4.109090909090909e-14,1e-10,-25,3.6e-07,1,1.6861e-05
0.8999999999999999,4.109090909090909e-14,1e-10,0,1.8e-07,1,1.67707e-05
0.8999999999999999,4.109090909090909e-14,1e-10,0,3.6e-07,1,1.68622e-05
0.8999999999999999,4.109090909090909e-14,1e-10,25,1.8e-07,1,1.67441e-05
0.8999999999999999,4.109090909090909e-14,1e-10,25,3.6e-07,1,1.68567e-05
0.8999999999999999,4.109090909090909e-14,1e-10,75,1.8e-07,1,1.63792e-05
0.8999999999999999,4.109090909090909e-14,1e-10,75,3.6e-07,1,1.67724e-05
0.8999999999999999,4.109090909090909e-14,1e-10,100,1.8e-07,1,1.59078e-05
0.8999999999999999,4.109090909090909e-14,1e-10,100,3.6e-07,1,1.66479e-05
0.8999999999999999,4.109090909090909e-14,1e-10,125,1.8e-07,1,1.52212e-05
0.8999999999999999,4.109090909090909e-14,1e-10,125,3.6e-07,1,1.64303e-05
0.8999999999999999,4.109090909090909e-14,2e-10,-40,1.8e-07,1,1.67827e-05
0.8999999999999999,4.109090909090909e-14,2e-10,-40,3.6e-07,1,1.68743e-05
0.8999999999999999,4.109090909090909e-14,2e-10,-25,1.8e-07,1,1.67787e-05
0.8999999999999999,4.109090909090909e-14,2e-10,-25,3.6e-07,1,1.68698e-05
0.8999999999999999,4.109090909090909e-14,2e-10,0,1.8e-07,1,1.67638e-05
0.8999999999999999,4.109090909090909e-14,2e-10,0,3.6e-07,1,1.6868e-05
0.8999999999999999,4.109090909090909e-14,2e-10,25,1.8e-07,1,1.66865e-05
0.8999999999999999,4.109090909090909e-14,2e-10,25,3.6e-07,1,1.68651e-05
0.8999999999999999,4.109090909090909e-14,2e-10,75,1.8e-07,1,1.6001e-05
0.8999999999999999,4.109090909090909e-14,2e-10,75,3.6e-07,1,1.68005e-05
0.8999999999999999,4.109090909090909e-14,2e-10,100,1.8e-07,1,1.53087e-05
0.8999999999999999,4.109090909090909e-14,2e-10,100,3.6e-07,1,1.66856e-05
0.8999999999999999,4.109090909090909e-14,2e-10,125,1.8e-07,1,1.44268e-05
0.8999999999999999,4.109090909090909e-14,2e-10,125,3.6e-07,1,1.64649e-05
0.8999999999999999,4.109090909090909e-14,4e-10,-40,1.8e-07,1,1.67926e-05
0.8999999999999999,4.109090909090909e-14,4e-10,-40,3.6e-07,1,1.69483e-05
0.8999999999999999,4.109090909090909e-14,4e-10,-25,1.8e-07,1,1.66869e-05
0.8999999999999999,4.109090909090909e-14,4e-10,-25,3.6e-07,1,1.69254e-05
0.8999999999999999,4.109090909090909e-14,4e-10,0,1.8e-07,1,1.62551e-05
0.8999999999999999,4.109090909090909e-14,4e-10,0,3.6e-07,1,1.69061e-05
0.8999999999999999,4.109090909090909e-14,4e-10,25,1.8e-07,1,1.54075e-05
0.8999999999999999,4.109090909090909e-14,4e-10,25,3.6e-07,1,1.68752e-05
0.8999999999999999,4.109090909090909e-14,4e-10,75,1.8e-07,1,1.29848e-05
0.8999999999999999,4.109090909090909e-14,4e-10,75,3.6e-07,1,1.65514e-05
0.8999999999999999,4.109090909090909e-14,4e-10,100,1.8e-07,1,1.17578e-05
0.8999999999999999,4.109090909090909e-14,4e-10,100,3.6e-07,1,1.61392e-05
0.8999999999999999,4.109090909090909e-14,4e-10,125,1.8e-07,1,1.06293e-05
0.8999999999999999,4.109090909090909e-14,4e-10,125,3.6e-07,1,1.55325e-05
0.8999999999999999,4.5545454545454544e-14,1e-11,-40,1.8e-07,1,1.85822e-05
0.8999999999999999,4.5545454545454544e-14,1e-11,-40,3.6e-07,1,1.86795e-05
0.8999999999999999,4.5545454545454544e-14,1e-11,-25,1.8e-07,1,1.85805e-05
0.8999999999999999,4.5545454545454544e-14,1e-11,-25,3.6e-07,1,1.86783e-05
0.8999999999999999,4.5545454545454544e-14,1e-11,0,1.8e-07,1,1.85682e-05
0.8999999999999999,4.5545454545454544e-14,1e-11,0,3.6e-07,1,1.86675e-05
0.8999999999999999,4.5545454545454544e-14,1e-11,25,1.8e-07,1,1.85209e-05
0.8999999999999999,4.5545454545454544e-14,1e-11,25,3.6e-07,1,1.86338e-05
0.8999999999999999,4.5545454545454544e-14,1e-11,75,1.8e-07,1,1.80323e-05
0.8999999999999999,4.5545454545454544e-14,1e-11,75,3.6e-07,1,1.83937e-05
0.8999999999999999,4.5545454545454544e-14,1e-11,100,1.8e-07,1,1.74449e-05
0.8999999999999999,4.5545454545454544e-14,1e-11,100,3.6e-07,1,1.81248e-05
0.8999999999999999,4.5545454545454544e-14,1e-11,125,1.8e-07,1,1.66086e-05
0.8999999999999999,4.5545454545454544e-14,1e-11,125,3.6e-07,1,1.77285e-05
0.8999999999999999,4.5545454545454544e-14,5e-11,-40,1.8e-07,1,1.85767e-05
0.8999999999999999,4.5545454545454544e-14,5e-11,-40,3.6e-07,1,1.86657e-05
0.8999999999999999,4.5545454545454544e-14,5e-11,-25,1.8e-07,1,1.8576e-05
0.8999999999999999,4.5545454545454544e-14,5e-11,-25,3.6e-07,1,1.86665e-05
0.8999999999999999,4.5545454545454544e-14,5e-11,0,1.8e-07,1,1.85679e-05
0.8999999999999999,4.5545454545454544e-14,5e-11,0,3.6e-07,1,1.86607e-05
0.8999999999999999,4.5545454545454544e-14,5e-11,25,1.8e-07,1,1.85145e-05
0.8999999999999999,4.5545454545454544e-14,5e-11,25,3.6e-07,1,1.86368e-05
0.8999999999999999,4.5545454545454544e-14,5e-11,75,1.8e-07,1,1.79695e-05
0.8999999999999999,4.5545454545454544e-14,5e-11,75,3.6e-07,1,1.8425e-05
0.8999999999999999,4.5545454545454544e-14,5e-11,100,1.8e-07,1,1.733e-05
0.8999999999999999,4.5545454545454544e-14,5e-11,100,3.6e-07,1,1.81781e-05
0.8999999999999999,4.5545454545454544e-14,5e-11,125,1.8e-07,1,1.64419e-05
0.8999999999999999,4.5545454545454544e-14,5e-11,125,3.6e-07,1,1.78009e-05
0.8999999999999999,4.5545454545454544e-14,1e-10,-40,1.8e-07,1,1.85781e-05
0.8999999999999999,4.5545454545454544e-14,1e-10,-40,3.6e-07,1,1.86634e-05
0.8999999999999999,4.5545454545454544e-14,1e-10,-25,1.8e-07,1,1.85767e-05
0.8999999999999999,4.5545454545454544e-14,1e-10,-25,3.6e-07,1,1.86643e-05
0.8999999999999999,4.5545454545454544e-14,1e-10,0,1.8e-07,1,1.8564e-05
0.8999999999999999,4.5545454545454544e-14,1e-10,0,3.6e-07,1,1.86606e-05
0.8999999999999999,4.5545454545454544e-14,1e-10,25,1.8e-07,1,1.84974e-05
0.8999999999999999,4.5545454545454544e-14,1e-10,25,3.6e-07,1,1.86408e-05
0.8999999999999999,4.5545454545454544e-14,1e-10,75,1.8e-07,1,1.78354e-05
0.8999999999999999,4.5545454545454544e-14,1e-10,75,3.6e-07,1,1.84616e-05
0.8999999999999999,4.5545454545454544e-14,1e-10,100,1.8e-07,1,1.71082e-05
0.8999999999999999,4.5545454545454544e-14,1e-10,100,3.6e-07,1,1.82356e-05
0.8999999999999999,4.5545454545454544e-14,1e-10,125,1.8e-07,1,1.61422e-05
0.8999999999999999,4.5545454545454544e-14,1e-10,125,3.6e-07,1,1.78742e-05
0.8999999999999999,4.5545454545454544e-14,2e-10,-40,1.8e-07,1,1.85858e-05
0.8999999999999999,4.5545454545454544e-14,2e-10,-40,3.6e-07,1,1.86771e-05
0.8999999999999999,4.5545454545454544e-14,2e-10,-25,1.8e-07,1,1.85796e-05
0.8999999999999999,4.5545454545454544e-14,2e-10,-25,3.6e-07,1,1.86728e-05
0.8999999999999999,4.5545454545454544e-14,2e-10,0,1.8e-07,1,1.8542e-05
0.8999999999999999,4.5545454545454544e-14,2e-10,0,3.6e-07,1,1.8669e-05
0.8999999999999999,4.5545454545454544e-14,2e-10,25,1.8e-07,1,1.83812e-05
0.8999999999999999,4.5545454545454544e-14,2e-10,25,3.6e-07,1,1.86557e-05
0.8999999999999999,4.5545454545454544e-14,2e-10,75,1.8e-07,1,1.72703e-05
0.8999999999999999,4.5545454545454544e-14,2e-10,75,3.6e-07,1,1.85098e-05
0.8999999999999999,4.5545454545454544e-14,2e-10,100,1.8e-07,1,1.62947e-05
0.8999999999999999,4.5545454545454544e-14,2e-10,100,3.6e-07,1,1.8291e-05
0.8999999999999999,4.5545454545454544e-14,2e-10,125,1.8e-07,1,1.5142e-05
0.8999999999999999,4.5545454545454544e-14,2e-10,125,3.6e-07,1,1.7912e-05
0.8999999999999999,4.5545454545454544e-14,4e-10,-40,1.8e-07,1,1.8538e-05
0.8999999999999999,4.5545454545454544e-14,4e-10,-40,3.6e-07,1,1.87457e-05
0.8999999999999999,4.5545454545454544e-14,4e-10,-25,1.8e-07,1,1.83361e-05
0.8999999999999999,4.5545454545454544e-14,4e-10,-25,3.6e-07,1,1.8724e-05
0.8999999999999999,4.5545454545454544e-14,4e-10,0,1.8e-07,1,1.76082e-05
0.8999999999999999,4.5545454545454544e-14,4e-10,0,3.6e-07,1,1.87e-05
0.8999999999999999,4.5545454545454544e-14,4e-10,25,1.8e-07,1,1.63914e-05
0.8999999999999999,4.5545454545454544e-14,4e-10,25,3.6e-07,1,1.86384e-05
0.8999999999999999,4.5545454545454544e-14,4e-10,75,1.8e-07,1,1.34478e-05
0.8999999999999999,4.5545454545454544e-14,4e-10,75,3.6e-07,1,1.80599e-05
0.8999999999999999,4.5545454545454544e-14,4e-10,100,1.8e-07,1,1.20797e-05
0.8999999999999999,4.5545454545454544e-14,4e-10,100,3.6e-07,1,1.74175e-05
0.8999999999999999,4.5545454545454544e-14,4e-10,125,1.8e-07,1,1.08485e-05
0.8999999999999999,4.5545454545454544e-14,4e-10,125,3.6e-07,1,1.65481e-05
0.8999999999999999,5e-14,1e-11,-40,1.8e-07,1,2.03816e-05
0.8999999999999999,5e-14,1e-11,-40,3.6e-07,1,2.04789e-05
0.8999999999999999,5e-14,1e-11,-25,1.8e-07,1,2.03762e-05
0.8999999999999999,5e-14,1e-11,-25,3.6e-07,1,2.04739e-05
0.8999999999999999,5e-14,1e-11,0,1.8e-07,1,2.03449e-05
0.8999999999999999,5e-14,1e-11,0,3.6e-07,1,2.04467e-05
0.8999999999999999,5e-14,1e-11,25,1.8e-07,1,2.02415e-05
0.8999999999999999,5e-14,1e-11,25,3.6e-07,1,2.03756e-05
0.8999999999999999,5e-14,1e-11,75,1.8e-07,1,1.94134e-05
0.8999999999999999,5e-14,1e-11,75,3.6e-07,1,1.99583e-05
0.8999999999999999,5e-14,1e-11,100,1.8e-07,1,1.85518e-05
0.8999999999999999,5e-14,1e-11,100,3.6e-07,1,1.95446e-05
0.8999999999999999,5e-14,1e-11,125,1.8e-07,1,1.74265e-05
0.8999999999999999,5e-14,1e-11,125,3.6e-07,1,1.8972e-05
0.8999999999999999,5e-14,5e-11,-40,1.8e-07,1,2.03775e-05
0.8999999999999999,5e-14,5e-11,-40,3.6e-07,1,2.04669e-05
0.8999999999999999,5e-14,5e-11,-25,1.8e-07,1,2.03737e-05
0.8999999999999999,5e-14,5e-11,-25,3.6e-07,1,2.04646e-05
0.8999999999999999,5e-14,5e-11,0,1.8e-07,1,2.03471e-05
0.8999999999999999,5e-14,5e-11,0,3.6e-07,1,2.0445e-05
0.8999999999999999,5e-14,5e-11,25,1.8e-07,1,2.02333e-05
0.8999999999999999,5e-14,5e-11,25,3.6e-07,1,2.0389e-05
0.8999999999999999,5e-14,5e-11,75,1.8e-07,1,1.93224e-05
0.8999999999999999,5e-14,5e-11,75,3.6e-07,1,2.00137e-05
0.8999999999999999,5e-14,5e-11,100,1.8e-07,1,1.83981e-05
0.8999999999999999,5e-14,5e-11,100,3.6e-07,1,1.96249e-05
0.8999999999999999,5e-14,5e-11,125,1.8e-07,1,1.7219e-05
0.8999999999999999,5e-14,5e-11,125,3.6e-07,1,1.90705e-05
0.8999999999999999,5e-14,1e-10,-40,1.8e-07,1,2.03778e-05
0.8999999999999999,5e-14,1e-10,-40,3.6e-07,1,2.04657e-05
0.8999999999999999,5e-14,1e-10,-25,1.8e-07,1,2.03761e-05
0.8999999999999999,5e-14,1e-10,-25,3.6e-07,1,2.04644e-05
0.8999999999999999,5e-14,1e-10,0,1.8e-07,1,2.03425e-05
0.8999999999999999,5e-14,1e-10,0,3.6e-07,1,2.04499e-05
0.8999999999999999,5e-14,1e-10,25,1.8e-07,1,2.02031e-05
0.8999999999999999,5e-14,1e-10,25,3.6e-07,1,2.0403e-05
0.8999999999999999,5e-14,1e-10,75,1.8e-07,1,1.91304e-05
0.8999999999999999,5e-14,1e-10,75,3.6e-07,1,2.0075e-05
0.8999999999999999,5e-14,1e-10,100,1.8e-07,1,1.81079e-05
0.8999999999999999,5e-14,1e-10,100,3.6e-07,1,1.97098e-05
0.8999999999999999,5e-14,1e-10,125,1.8e-07,1,1.68518e-05
0.8999999999999999,5e-14,1e-10,125,3.6e-07,1,1.91665e-05
0.8999999999999999,5e-14,2e-10,-40,1.8e-07,1,2.03873e-05
0.8999999999999999,5e-14,2e-10,-40,3.6e-07,1,2.0479e-05
0.8999999999999999,5e-14,2e-10,-25,1.8e-07,1,2.03755e-05
0.8999999999999999,5e-14,2e-10,-25,3.6e-07,1,2.04743e-05
0.8999999999999999,5e-14,2e-10,0,1.8e-07,1,2.0293e-05
0.8999999999999999,5e-14,2e-10,0,3.6e-07,1,2.04637e-05
0.8999999999999999,5e-14,2e-10,25,1.8e-07,1,1.99998e-05
0.8999999999999999,5e-14,2e-10,25,3.6e-07,1,2.04323e-05
0.8999999999999999,5e-14,2e-10,75,1.8e-07,1,1.8358e-05
0.8999999999999999,5e-14,2e-10,75,3.6e-07,1,2.01495e-05
0.8999999999999999,5e-14,2e-10,100,1.8e-07,1,1.70827e-05
0.8999999999999999,5e-14,2e-10,100,3.6e-07,1,1.97819e-05
0.8999999999999999,5e-14,2e-10,125,1.8e-07,1,1.56691e-05
0.8999999999999999,5e-14,2e-10,125,3.6e-07,1,1.91993e-05
0.8999999999999999,5e-14,4e-10,-40,1.8e-07,1,2.02286e-05
0.8999999999999999,5e-14,4e-10,-40,3.6e-07,1,2.05441e-05
0.8999999999999999,5e-14,4e-10,-25,1.8e-07,1,1.98756e-05
0.8999999999999999,5e-14,4e-10,-25,3.6e-07,1,2.05223e-05
0.8999999999999999,5e-14,4e-10,0,1.8e-07,1,1.87706e-05
0.8999999999999999,5e-14,4e-10,0,3.6e-07,1,2.04856e-05
0.8999999999999999,5e-14,4e-10,25,1.8e-07,1,1.71788e-05
0.8999999999999999,5e-14,4e-10,25,3.6e-07,1,2.03664e-05
0.8999999999999999,5e-14,4e-10,75,1.8e-07,1,1.38015e-05
0.8999999999999999,5e-14,4e-10,75,3.6e-07,1,1.94292e-05
0.8999999999999999,5e-14,4e-10,100,1.8e-07,1,1.23176e-05
0.8999999999999999,5e-14,4e-10,100,3.6e-07,1,1.85112e-05
0.8999999999999999,5e-14,4e-10,125,1.8e-07,1,1.09963e-05
0.8999999999999999,5e-14,4e-10,125,3.6e-07,1,1.73605e-05
1.0,1e-15,1e-11,-40,1.8e-07,1,6.49025e-07
1.0,1e-15,1e-11,-40,3.6e-07,1,7.50858e-07
1.0,1e-15,1e-11,-25,1.8e-07,1,6.50768e-07
1.0,1e-15,1e-11,-25,3.6e-07,1,7.54147e-07
1.0,1e-15,1e-11,0,1.8e-07,1,6.541e-07
1.0,1e-15,1e-11,0,3.6e-07,1,7.58311e-07
1.0,1e-15,1e-11,25,1.8e-07,1,6.57538e-07
1.0,1e-15,1e-11,25,3.6e-07,1,7.62288e-07
1.0,1e-15,1e-11,75,1.8e-07,1,6.64387e-07
1.0,1e-15,1e-11,75,3.6e-07,1,7.71333e-07
1.0,1e-15,1e-11,100,1.8e-07,1,6.67627e-07
1.0,1e-15,1e-11,100,3.6e-07,1,7.76166e-07
1.0,1e-15,1e-11,125,1.8e-07,1,6.70615e-07
1.0,1e-15,1e-11,125,3.6e-07,1,7.80891e-07
1.0,1e-15,5e-11,-40,1.8e-07,1,6.95417e-07
1.0,1e-15,5e-11,-40,3.6e-07,1,8.13001e-07
1.0,1e-15,5e-11,-25,1.8e-07,1,6.85427e-07
1.0,1e-15,5e-11,-25,3.6e-07,1,7.99919e-07
1.0,1e-15,5e-11,0,1.8e-07,1,6.75532e-07
1.0,1e-15,5e-11,0,3.6e-07,1,7.86807e-07
1.0,1e-15,5e-11,25,1.8e-07,1,6.70232e-07
1.0,1e-15,5e-11,25,3.6e-07,1,7.78866e-07
1.0,1e-15,5e-11,75,1.8e-07,1,6.67259e-07
1.0,1e-15,5e-11,75,3.6e-07,1,7.73129e-07
1.0,1e-15,5e-11,100,1.8e-07,1,6.67441e-07
1.0,1e-15,5e-11,100,3.6e-07,1,7.73092e-07
1.0,1e-15,5e-11,125,1.8e-07,1,6.68626e-07
1.0,1e-15,5e-11,125,3.6e-07,1,7.74227e-07
1.0,1e-15,1e-10,-40,1.8e-07,1,8.19428e-07
1.0,1e-15,1e-10,-40,3.6e-07,1,9.91631e-07
1.0,1e-15,1e-10,-25,1.8e-07,1,7.93138e-07
1.0,1e-15,1e-10,-25,3.6e-07,1,9.58655e-07
1.0,1e-15,1e-10,0,1.8e-07,1,7.63542e-07
1.0,1e-15,1e-10,0,3.6e-07,1,9.19321e-07
1.0,1e-15,1e-10,25,1.8e-07,1,7.43899e-07
1.0,1e-15,1e-10,25,3.6e-07,1,8.91423e-07
1.0,1e-15,1e-10,75,1.8e-07,1,7.20223e-07
1.0,1e-15,1e-10,75,3.6e-07,1,8.56583e-07
1.0,1e-15,1e-10,100,1.8e-07,1,7.13197e-07
1.0,1e-15,1e-10,100,3.6e-07,1,8.45879e-07
1.0,1e-15,1e-10,125,1.8e-07,1,7.08396e-07
1.0,1e-15,1e-10,125,3.6e-07,1,8.38082e-07
1.0,1e-15,2e-10,-40,1.8e-07,1,1.14545e-06
1.0,1e-15,2e-10,-40,3.6e-07,1,1.43909e-06
1.0,1e-15,2e-10,-25,1.8e-07,1,1.08423e-06
1.0,1e-15,2e-10,-25,3.6e-07,1,1.36625e-06
1.0,1e-15,2e-10,0,1.8e-07,1,1.00968e-06
1.0,1e-15,2e-10,0,3.6e-07,1,1.27266e-06
1.0,1e-15,2e-10,25,1.8e-07,1,9.55589e-07
1.0,1e-15,2e-10,25,3.6e-07,1,1.20135e-06
1.0,1e-15,2e-10,75,1.8e-07,1,8.83194e-07
1.0,1e-15,2e-10,75,3.6e-07,1,1.10126e-06
1.0,1e-15,2e-10,100,1.8e-07,1,8.58581e-07
1.0,1e-15,2e-10,100,3.6e-07,1,1.06597e-06
1.0,1e-15,2e-10,125,1.8e-07,1,8.39037e-07
1.0,1e-15,2e-10,125,3.6e-07,1,1.03772e-06
1.0,1e-15,4e-10,-40,1.8e-07,1,1.93334e-06
1.0,1e-15,4e-10,-40,3.6e-07,1,2.49503e-06
1.0,1e-15,4e-10,-25,1.8e-07,1,1.80034e-06
1.0,1e-15,4e-10,-25,3.6e-07,1,2.34102e-06
1.0,1e-15,4e-10,0,1.8e-07,1,1.6299e-06
1.0,1e-15,4e-10,0,3.6e-07,1,2.13397e-06
1.0,1e-15,4e-10,25,1.8e-07,1,1.50017e-06
1.0,1e-15,4e-10,25,3.6e-07,1,1.96962e-06
1.0,1e-15,4e-10,75,1.8e-07,1,1.31609e-06
1.0,1e-15,4e-10,75,3.6e-07,1,1.72622e-06
1.0,1e-15,4e-10,100,1.8e-07,1,1.24977e-06
1.0,1e-15,4e-10,100,3.6e-07,1,1.63579e-06
1.0,1e-15,4e-10,125,1.8e-07,1,1.19584e-06
1.0,1e-15,4e-10,125,3.6e-07,1,1.56118e-06
1.0,5.454545454545455e-15,1e-11,-40,1.8e-07,1,2.89087e-06
1.0,5.454545454545455e-15,1e-11,-40,3.6e-07,1,2.999e-06
1.0,5.454545454545455e-15,1e-11,-25,1.8e-07,1,2.89276e-06
1.0,5.454545454545455e-15,1e-11,-25,3.6e-07,1,3.00345e-06
1.0,5.454545454545455e-15,1e-11,0,1.8e-07,1,2.89586e-06
1.0,5.454545454545455e-15,1e-11,0,3.6e-07,1,3.00929e-06
1.0,5.454545454545455e-15,1e-11,25,1.8e-07,1,2.89858e-06
1.0,5.454545454545455e-15,1e-11,25,3.6e-07,1,3.01366e-06
1.0,5.454545454545455e-15,1e-11,75,1.8e-07,1,2.90275e-06
1.0,5.454545454545455e-15,1e-11,75,3.6e-07,1,3.02102e-06
1.0,5.454545454545455e-15,1e-11,100,1.8e-07,1,2.90447e-06
1.0,5.454545454545455e-15,1e-11,100,3.6e-07,1,3.02457e-06
1.0,5.454545454545455e-15,1e-11,125,1.8e-07,1,2.90626e-06
1.0,5.454545454545455e-15,1e-11,125,3.6e-07,1,3.02831e-06
1.0,5.454545454545455e-15,5e-11,-40,1.8e-07,1,2.8967e-06
1.0,5.454545454545455e-15,5e-11,-40,3.6e-07,1,3.00143e-06
1.0,5.454545454545455e-15,5e-11,-25,1.8e-07,1,2.89346e-06
1.0,5.454545454545455e-15,5e-11,-25,3.6e-07,1,2.99766e-06
1.0,5.454545454545455e-15,5e-11,0,1.8e-07,1,2.89212e-06
1.0,5.454545454545455e-15,5e-11,0,3.6e-07,1,2.99652e-06
1.0,5.454545454545455e-15,5e-11,25,1.8e-07,1,2.89337e-06
1.0,5.454545454545455e-15,5e-11,25,3.6e-07,1,2.99813e-06
1.0,5.454545454545455e-15,5e-11,75,1.8e-07,1,2.89696e-06
1.0,5.454545454545455e-15,5e-11,75,3.6e-07,1,3.00501e-06
1.0,5.454545454545455e-15,5e-11,100,1.8e-07,1,2.89884e-06
1.0,5.454545454545455e-15,5e-11,100,3.6e-07,1,3.00886e-06
1.0,5.454545454545455e-15,5e-11,125,1.8e-07,1,2.9009e-06
1.0,5.454545454545455e-15,5e-11,125,3.6e-07,1,3.01335e-06
1.0,5.454545454545455e-15,1e-10,-40,1.8e-07,1,2.95548e-06
1.0,5.454545454545455e-15,1e-10,-40,3.6e-07,1,3.0962e-06
1.0,5.454545454545455e-15,1e-10,-25,1.8e-07,1,2.93933e-06
1.0,5.454545454545455e-15,1e-10,-25,3.6e-07,1,3.07348e-06
1.0,5.454545454545455e-15,1e-10,0,1.8e-07,1,2.92469e-06
1.0,5.454545454545455e-15,1e-10,0,3.6e-07,1,3.05141e-06
1.0,5.454545454545455e-15,1e-10,25,1.8e-07,1,2.91738e-06
1.0,5.454545454545455e-15,1e-10,25,3.6e-07,1,3.03912e-06
1.0,5.454545454545455e-15,1e-10,75,1.8e-07,1,2.91184e-06
1.0,5.454545454545455e-15,1e-10,75,3.6e-07,1,3.02963e-06
1.0,5.454545454545455e-15,1e-10,100,1.8e-07,1,2.91107e-06
1.0,5.454545454545455e-15,1e-10,100,3.6e-07,1,3.02858e-06
1.0,5.454545454545455e-15,1e-10,125,1.8e-07,1,2.91107e-06
1.0,5.454545454545455e-15,1e-10,125,3.6e-07,1,3.02934e-06
1.0,5.454545454545455e-15,2e-10,-40,1.8e-07,1,3.13383e-06
1.0,5.454545454545455e-15,2e-10,-40,3.6e-07,1,3.37141e-06
1.0,5.454545454545455e-15,2e-10,-25,1.8e-07,1,3.08934e-06
1.0,5.454545454545455e-15,2e-10,-25,3.6e-07,1,3.31093e-06
1.0,5.454545454545455e-15,2e-10,0,1.8e-07,1,3.0423e-06
1.0,5.454545454545455e-15,2e-10,0,3.6e-07,1,3.24382e-06
1.0,5.454545454545455e-15,2e-10,25,1.8e-07,1,3.01278e-06
1.0,5.454545454545455e-15,2e-10,25,3.6e-07,1,3.19848e-06
1.0,5.454545454545455e-15,2e-10,75,1.8e-07,1,2.97904e-06
1.0,5.454545454545455e-15,2e-10,75,3.6e-07,1,3.14371e-06
1.0,5.454545454545455e-15,2e-10,100,1.8e-07,1,2.96867e-06
1.0,5.454545454545455e-15,2e-10,100,3.6e-07,1,3.12667e-06
1.0,5.454545454545455e-15,2e-10,125,1.8e-07,1,2.96114e-06
1.0,5.454545454545455e-15,2e-10,125,3.6e-07,1,3.11515e-06
1.0,5.454545454545455e-15,4e-10,-40,1.8e-07,1,3.6119e-06
1.0,5.454545454545455e-15,4e-10,-40,3.6e-07,1,4.08821e-06
1.0,5.454545454545455e-15,4e-10,-25,1.8e-07,1,3.50548e-06
1.0,5.454545454545455e-15,4e-10,-25,3.6e-07,1,3.95039e-06
1.0,5.454545454545455e-15,4e-10,0,1.8e-07,1,3.38508e-06
1.0,5.454545454545455e-15,4e-10,0,3.6e-07,1,3.78336e-06
1.0,5.454545454545455e-15,4e-10,25,1.8e-07,1,3.30236e-06
1.0,5.454545454545455e-15,4e-10,25,3.6e-07,1,3.66253e-06
1.0,5.454545454545455e-15,4e-10,75,1.8e-07,1,3.19554e-06
1.0,5.454545454545455e-15,4e-10,75,3.6e-07,1,3.50041e-06
1.0,5.454545454545455e-15,4e-10,100,1.8e-07,1,3.15985e-06
1.0,5.454545454545455e-15,4e-10,100,3.6e-07,1,3.44465e-06
1.0,5.454545454545455e-15,4e-10,125,1.8e-07,1,3.13177e-06
1.0,5.454545454545455e-15,4e-10,125,3.6e-07,1,3.40024e-06
1.0,9.909090909090907e-15,1e-11,-40,1.8e-07,1,5.12185e-06
1.0,9.909090909090907e-15,1e-11,-40,3.6e-07,1,5.23472e-06
1.0,9.909090909090907e-15,1e-11,-25,1.8e-07,1,5.12371e-06
1.0,9.909090909090907e-15,1e-11,-25,3.6e-07,1,5.23813e-06
1.0,9.909090909090907e-15,1e-11,0,1.8e-07,1,5.12661e-06
1.0,9.909090909090907e-15,1e-11,0,3.6e-07,1,5.24252e-06
1.0,9.909090909090907e-15,1e-11,25,1.8e-07,1,5.1279e-06
1.0,9.909090909090907e-15,1e-11,25,3.6e-07,1,5.24715e-06
1.0,9.909090909090907e-15,1e-11,75,1.8e-07,1,5.13147e-06
1.0,9.909090909090907e-15,1e-11,75,3.6e-07,1,5.25369e-06
1.0,9.909090909090907e-15,1e-11,100,1.8e-07,1,5.13304e-06
1.0,9.909090909090907e-15,1e-11,100,3.6e-07,1,5.25598e-06
1.0,9.909090909090907e-15,1e-11,125,1.8e-07,1,5.1345e-06
1.0,9.909090909090907e-15,1e-11,125,3.6e-07,1,5.2576e-06
1.0,9.909090909090907e-15,5e-11,-40,1.8e-07,1,5.12157e-06
1.0,9.909090909090907e-15,5e-11,-40,3.6e-07,1,5.22696e-06
1.0,9.909090909090907e-15,5e-11,-25,1.8e-07,1,5.12012e-06
1.0,9.909090909090907e-15,5e-11,-25,3.6e-07,1,5.22527e-06
1.0,9.909090909090907e-15,5e-11,0,1.8e-07,1,5.12129e-06
1.0,9.909090909090907e-15,5e-11,0,3.6e-07,1,5.22719e-06
1.0,9.909090909090907e-15,5e-11,25,1.8e-07,1,5.12225e-06
1.0,9.909090909090907e-15,5e-11,25,3.6e-07,1,5.23054e-06
1.0,9.909090909090907e-15,5e-11,75,1.8e-07,1,5.12582e-06
1.0,9.909090909090907e-15,5e-11,75,3.6e-07,1,5.23935e-06
1.0,9.909090909090907e-15,5e-11,100,1.8e-07,1,5.12787e-06
1.0,9.909090909090907e-15,5e-11,100,3.6e-07,1,5.24295e-06
1.0,9.909090909090907e-15,5e-11,125,1.8e-07,1,5.12982e-06
1.0,9.909090909090907e-15,5e-11,125,3.6e-07,1,5.24564e-06
1.0,9.909090909090907e-15,1e-10,-40,1.8e-07,1,5.16239e-06
1.0,9.909090909090907e-15,1e-10,-40,3.6e-07,1,5.29132e-06
1.0,9.909090909090907e-15,1e-10,-25,1.8e-07,1,5.15089e-06
1.0,9.909090909090907e-15,1e-10,-25,3.6e-07,1,5.27415e-06
1.0,9.909090909090907e-15,1e-10,0,1.8e-07,1,5.14165e-06
1.0,9.909090909090907e-15,1e-10,0,3.6e-07,1,5.26025e-06
1.0,9.909090909090907e-15,1e-10,25,1.8e-07,1,5.13706e-06
1.0,9.909090909090907e-15,1e-10,25,3.6e-07,1,5.2534e-06
1.0,9.909090909090907e-15,1e-10,75,1.8e-07,1,5.13497e-06
1.0,9.909090909090907e-15,1e-10,75,3.6e-07,1,5.25182e-06
1.0,9.909090909090907e-15,1e-10,100,1.8e-07,1,5.13503e-06
1.0,9.909090909090907e-15,1e-10,100,3.6e-07,1,5.25322e-06
1.0,9.909090909090907e-15,1e-10,125,1.8e-07,1,5.13555e-06
1.0,9.909090909090907e-15,1e-10,125,3.6e-07,1,5.25385e-06
1.0,9.909090909090907e-15,2e-10,-40,1.8e-07,1,5.29678e-06
1.0,9.909090909090907e-15,2e-10,-40,3.6e-07,1,5.50447e-06
1.0,9.909090909090907e-15,2e-10,-25,1.8e-07,1,5.25977e-06
1.0,9.909090909090907e-15,2e-10,-25,3.6e-07,1,5.4534e-06
1.0,9.909090909090907e-15,2e-10,0,1.8e-07,1,5.22324e-06
1.0,9.909090909090907e-15,2e-10,0,3.6e-07,1,5.39873e-06
1.0,9.909090909090907e-15,2e-10,25,1.8e-07,1,5.20198e-06
1.0,9.909090909090907e-15,2e-10,25,3.6e-07,1,5.36462e-06
1.0,9.909090909090907e-15,2e-10,75,1.8e-07,1,5.17843e-06
1.0,9.909090909090907e-15,2e-10,75,3.6e-07,1,5.32722e-06
1.0,9.909090909090907e-15,2e-10,100,1.8e-07,1,5.17175e-06
1.0,9.909090909090907e-15,2e-10,100,3.6e-07,1,5.3173e-06
1.0,9.909090909090907e-15,2e-10,125,1.8e-07,1,5.16728e-06
1.0,9.909090909090907e-15,2e-10,125,3.6e-07,1,5.30928e-06
1.0,9.909090909090907e-15,4e-10,-40,1.8e-07,1,5.67713e-06
1.0,9.909090909090907e-15,4e-10,-40,3.6e-07,1,6.09179e-06
1.0,9.909090909090907e-15,4e-10,-25,1.8e-07,1,5.58398e-06
1.0,9.909090909090907e-15,4e-10,-25,3.6e-07,1,5.9646e-06
1.0,9.909090909090907e-15,4e-10,0,1.8e-07,1,5.48285e-06
1.0,9.909090909090907e-15,4e-10,0,3.6e-07,1,5.81932e-06
1.0,9.909090909090907e-15,4e-10,25,1.8e-07,1,5.41586e-06
1.0,9.909090909090907e-15,4e-10,25,3.6e-07,1,5.71899e-06
1.0,9.909090909090907e-15,4e-10,75,1.8e-07,1,5.33366e-06
1.0,9.909090909090907e-15,4e-10,75,3.6e-07,1,5.59032e-06
1.0,9.909090909090907e-15,4e-10,100,1.8e-07,1,5.3067e-06
1.0,9.909090909090907e-15,4e-10,100,3.6e-07,1,5.54746e-06
1.0,9.909090909090907e-15,4e-10,125,1.8e-07,1,5.28383e-06
1.0,9.909090909090907e-15,4e-10,125,3.6e-07,1,5.51413e-06
1.0,1.436363636363636e-14,1e-11,-40,1.8e-07,1,7.35203e-06
1.0,1.436363636363636e-14,1e-11,-40,3.6e-07,1,7.46684e-06
1.0,1.436363636363636e-14,1e-11,-25,1.8e-07,1,7.35295e-06
1.0,1.436363636363636e-14,1e-11,-25,3.6e-07,1,7.46958e-06
1.0,1.436363636363636e-14,1e-11,0,1.8e-07,1,7.35437e-06
1.0,1.436363636363636e-14,1e-11,0,3.6e-07,1,7.47327e-06
1.0,1.436363636363636e-14,1e-11,25,1.8e-07,1,7.35576e-06
1.0,1.436363636363636e-14,1e-11,25,3.6e-07,1,7.47798e-06
1.0,1.436363636363636e-14,1e-11,75,1.8e-07,1,7.3594e-06
1.0,1.436363636363636e-14,1e-11,75,3.6e-07,1,7.48195e-06
1.0,1.436363636363636e-14,1e-11,100,1.8e-07,1,7.36059e-06
1.0,1.436363636363636e-14,1e-11,100,3.6e-07,1,7.48407e-06
1.0,1.436363636363636e-14,1e-11,125,1.8e-07,1,7.36153e-06
1.0,1.436363636363636e-14,1e-11,125,3.6e-07,1,7.48585e-06
1.0,1.436363636363636e-14,5e-11,-40,1.8e-07,1,7.3499e-06
1.0,1.436363636363636e-14,5e-11,-40,3.6e-07,1,7.45546e-06
1.0,1.436363636363636e-14,5e-11,-25,1.8e-07,1,7.34906e-06
1.0,1.436363636363636e-14,5e-11,-25,3.6e-07,1,7.45485e-06
1.0,1.436363636363636e-14,5e-11,0,1.8e-07,1,7.34933e-06
1.0,1.436363636363636e-14,5e-11,0,3.6e-07,1,7.45761e-06
1.0,1.436363636363636e-14,5e-11,25,1.8e-07,1,7.35059e-06
1.0,1.436363636363636e-14,5e-11,25,3.6e-07,1,7.46233e-06
1.0,1.436363636363636e-14,5e-11,75,1.8e-07,1,7.35411e-06
1.0,1.436363636363636e-14,5e-11,75,3.6e-07,1,7.46881e-06
1.0,1.436363636363636e-14,5e-11,100,1.8e-07,1,7.35594e-06
1.0,1.436363636363636e-14,5e-11,100,3.6e-07,1,7.47231e-06
1.0,1.436363636363636e-14,5e-11,125,1.8e-07,1,7.35733e-06
1.0,1.436363636363636e-14,5e-11,125,3.6e-07,1,7.47532e-06
1.0,1.436363636363636e-14,1e-10,-40,1.8e-07,1,7.38008e-06
1.0,1.436363636363636e-14,1e-10,-40,3.6e-07,1,7.50407e-06
1.0,1.436363636363636e-14,1e-10,-25,1.8e-07,1,7.37043e-06
1.0,1.436363636363636e-14,1e-10,-25,3.6e-07,1,7.49041e-06
1.0,1.436363636363636e-14,1e-10,0,1.8e-07,1,7.36301e-06
1.0,1.436363636363636e-14,1e-10,0,3.6e-07,1,7.48058e-06
1.0,1.436363636363636e-14,1e-10,25,1.8e-07,1,7.36047e-06
1.0,1.436363636363636e-14,1e-10,25,3.6e-07,1,7.47778e-06
1.0,1.436363636363636e-14,1e-10,75,1.8e-07,1,7.35986e-06
1.0,1.436363636363636e-14,1e-10,75,3.6e-07,1,7.47735e-06
1.0,1.436363636363636e-14,1e-10,100,1.8e-07,1,7.36048e-06
1.0,1.436363636363636e-14,1e-10,100,3.6e-07,1,7.47881e-06
1.0,1.436363636363636e-14,1e-10,125,1.8e-07,1,7.36103e-06
1.0,1.436363636363636e-14,1e-10,125,3.6e-07,1,7.48089e-06
1.0,1.436363636363636e-14,2e-10,-40,1.8e-07,1,7.491e-06
1.0,1.436363636363636e-14,2e-10,-40,3.6e-07,1,7.68111e-06
1.0,1.436363636363636e-14,2e-10,-25,1.8e-07,1,7.45894e-06
1.0,1.436363636363636e-14,2e-10,-25,3.6e-07,1,7.63507e-06
1.0,1.436363636363636e-14,2e-10,0,1.8e-07,1,7.42788e-06
1.0,1.436363636363636e-14,2e-10,0,3.6e-07,1,7.58992e-06
1.0,1.436363636363636e-14,2e-10,25,1.8e-07,1,7.41056e-06
1.0,1.436363636363636e-14,2e-10,25,3.6e-07,1,7.56257e-06
1.0,1.436363636363636e-14,2e-10,75,1.8e-07,1,7.39327e-06
1.0,1.436363636363636e-14,2e-10,75,3.6e-07,1,7.53441e-06
1.0,1.436363636363636e-14,2e-10,100,1.8e-07,1,7.38858e-06
1.0,1.436363636363636e-14,2e-10,100,3.6e-07,1,7.52688e-06
1.0,1.436363636363636e-14,2e-10,125,1.8e-07,1,7.38424e-06
1.0,1.436363636363636e-14,2e-10,125,3.6e-07,1,7.52179e-06
1.0,1.436363636363636e-14,4e-10,-40,1.8e-07,1,7.81644e-06
1.0,1.436363636363636e-14,4e-10,-40,3.6e-07,1,8.18898e-06
1.0,1.436363636363636e-14,4e-10,-25,1.8e-07,1,7.73099e-06
1.0,1.436363636363636e-14,4e-10,-25,3.6e-07,1,8.07167e-06
1.0,1.436363636363636e-14,4e-10,0,1.8e-07,1,7.64171e-06
1.0,1.436363636363636e-14,4e-10,0,3.6e-07,1,7.94118e-06
1.0,1.436363636363636e-14,4e-10,25,1.8e-07,1,7.58426e-06
1.0,1.436363636363636e-14,4e-10,25,3.6e-07,1,7.85463e-06
1.0,1.436363636363636e-14,4e-10,75,1.8e-07,1,7.51146e-06
1.0,1.436363636363636e-14,4e-10,75,3.6e-07,1,7.7458e-06
1.0,1.436363636363636e-14,4e-10,100,1.8e-07,1,7.47528e-06
1.0,1.436363636363636e-14,4e-10,100,3.6e-07,1,7.711e-06
1.0,1.436363636363636e-14,4e-10,125,1.8e-07,1,7.42359e-06
1.0,1.436363636363636e-14,4e-10,125,3.6e-07,1,7.68425e-06
1.0,1.8818181818181816e-14,1e-11,-40,1.8e-07,1,9.58005e-06
1.0,1.8818181818181816e-14,1e-11,-40,3.6e-07,1,9.69569e-06
1.0,1.8818181818181816e-14,1e-11,-25,1.8e-07,1,9.58074e-06
1.0,1.8818181818181816e-14,1e-11,-25,3.6e-07,1,9.69901e-06
1.0,1.8818181818181816e-14,1e-11,0,1.8e-07,1,9.58202e-06
1.0,1.8818181818181816e-14,1e-11,0,3.6e-07,1,9.70385e-06
1.0,1.8818181818181816e-14,1e-11,25,1.8e-07,1,9.58352e-06
1.0,1.8818181818181816e-14,1e-11,25,3.6e-07,1,9.70625e-06
1.0,1.8818181818181816e-14,1e-11,75,1.8e-07,1,9.58691e-06
1.0,1.8818181818181816e-14,1e-11,75,3.6e-07,1,9.71005e-06
1.0,1.8818181818181816e-14,1e-11,100,1.8e-07,1,9.58749e-06
1.0,1.8818181818181816e-14,1e-11,100,3.6e-07,1,9.71183e-06
1.0,1.8818181818181816e-14,1e-11,125,1.8e-07,1,9.58676e-06
1.0,1.8818181818181816e-14,1e-11,125,3.6e-07,1,9.71283e-06
1.0,1.8818181818181816e-14,5e-11,-40,1.8e-07,1,9.57707e-06
1.0,1.8818181818181816e-14,5e-11,-40,3.6e-07,1,9.6831e-06
1.0,1.8818181818181816e-14,5e-11,-25,1.8e-07,1,9.57627e-06
1.0,1.8818181818181816e-14,5e-11,-25,3.6e-07,1,9.68353e-06
1.0,1.8818181818181816e-14,5e-11,0,1.8e-07,1,9.57751e-06
1.0,1.8818181818181816e-14,5e-11,0,3.6e-07,1,9.68859e-06
1.0,1.8818181818181816e-14,5e-11,25,1.8e-07,1,9.57875e-06
1.0,1.8818181818181816e-14,5e-11,25,3.6e-07,1,9.69167e-06
1.0,1.8818181818181816e-14,5e-11,75,1.8e-07,1,9.582e-06
1.0,1.8818181818181816e-14,5e-11,75,3.6e-07,1,9.69798e-06
1.0,1.8818181818181816e-14,5e-11,100,1.8e-07,1,9.58309e-06
1.0,1.8818181818181816e-14,5e-11,100,3.6e-07,1,9.70106e-06
1.0,1.8818181818181816e-14,5e-11,125,1.8e-07,1,9.58214e-06
1.0,1.8818181818181816e-14,5e-11,125,3.6e-07,1,9.70334e-06
1.0,1.8818181818181816e-14,1e-10,-40,1.8e-07,1,9.60143e-06
1.0,1.8818181818181816e-14,1e-10,-40,3.6e-07,1,9.72305e-06
1.0,1.8818181818181816e-14,1e-10,-25,1.8e-07,1,9.59335e-06
1.0,1.8818181818181816e-14,1e-10,-25,3.6e-07,1,9.71332e-06
1.0,1.8818181818181816e-14,1e-10,0,1.8e-07,1,9.58781e-06
1.0,1.8818181818181816e-14,1e-10,0,3.6e-07,1,9.70641e-06
1.0,1.8818181818181816e-14,1e-10,25,1.8e-07,1,9.58609e-06
1.0,1.8818181818181816e-14,1e-10,25,3.6e-07,1,9.70407e-06
1.0,1.8818181818181816e-14,1e-10,75,1.8e-07,1,9.5861e-06
1.0,1.8818181818181816e-14,1e-10,75,3.6e-07,1,9.70473e-06
1.0,1.8818181818181816e-14,1e-10,100,1.8e-07,1,9.58597e-06
1.0,1.8818181818181816e-14,1e-10,100,3.6e-07,1,9.70655e-06
1.0,1.8818181818181816e-14,1e-10,125,1.8e-07,1,9.58289e-06
1.0,1.8818181818181816e-14,1e-10,125,3.6e-07,1,9.70778e-06
1.0,1.8818181818181816e-14,2e-10,-40,1.8e-07,1,9.69579e-06
1.0,1.8818181818181816e-14,2e-10,-40,3.6e-07,1,9.87548e-06
1.0,1.8818181818181816e-14,2e-10,-25,1.8e-07,1,9.66724e-06
1.0,1.8818181818181816e-14,2e-10,-25,3.6e-07,1,9.83459e-06
1.0,1.8818181818181816e-14,2e-10,0,1.8e-07,1,9.64146e-06
1.0,1.8818181818181816e-14,2e-10,0,3.6e-07,1,9.79464e-06
1.0,1.8818181818181816e-14,2e-10,25,1.8e-07,1,9.62751e-06
1.0,1.8818181818181816e-14,2e-10,25,3.6e-07,1,9.7734e-06
1.0,1.8818181818181816e-14,2e-10,75,1.8e-07,1,9.6132e-06
1.0,1.8818181818181816e-14,2e-10,75,3.6e-07,1,9.74992e-06
1.0,1.8818181818181816e-14,2e-10,100,1.8e-07,1,9.60611e-06
1.0,1.8818181818181816e-14,2e-10,100,3.6e-07,1,9.74429e-06
1.0,1.8818181818181816e-14,2e-10,125,1.8e-07,1,9.59123e-06
1.0,1.8818181818181816e-14,2e-10,125,3.6e-07,1,9.74036e-06
1.0,1.8818181818181816e-14,4e-10,-40,1.8e-07,1,9.98392e-06
1.0,1.8818181818181816e-14,4e-10,-40,3.6e-07,1,1.03282e-05
1.0,1.8818181818181816e-14,4e-10,-25,1.8e-07,1,9.90522e-06
1.0,1.8818181818181816e-14,4e-10,-25,3.6e-07,1,1.02193e-05
1.0,1.8818181818181816e-14,4e-10,0,1.8e-07,1,9.82469e-06
1.0,1.8818181818181816e-14,4e-10,0,3.6e-07,1,1.01006e-05
1.0,1.8818181818181816e-14,4e-10,25,1.8e-07,1,9.7727e-06
1.0,1.8818181818181816e-14,4e-10,25,3.6e-07,1,1.00225e-05
1.0,1.8818181818181816e-14,4e-10,75,1.8e-07,1,9.67074e-06
1.0,1.8818181818181816e-14,4e-10,75,3.6e-07,1,9.92796e-06
1.0,1.8818181818181816e-14,4e-10,100,1.8e-07,1,9.57235e-06
1.0,1.8818181818181816e-14,4e-10,100,3.6e-07,1,9.89788e-06
1.0,1.8818181818181816e-14,4e-10,125,1.8e-07,1,9.4159e-06
1.0,1.8818181818181816e-14,4e-10,125,3.6e-07,1,9.87285e-06
1.0,2.3272727272727276e-14,1e-11,-40,1.8e-07,1,1.18075e-05
1.0,2.3272727272727276e-14,1e-11,-40,3.6e-07,1,1.19244e-05
1.0,2.3272727272727276e-14,1e-11,-25,1.8e-07,1,1.18084e-05
1.0,2.3272727272727276e-14,1e-11,-25,3.6e-07,1,1.19275e-05
1.0,2.3272727272727276e-14,1e-11,0,1.8e-07,1,1.18096e-05
1.0,2.3272727272727276e-14,1e-11,0,3.6e-07,1,1.19324e-05
1.0,2.3272727272727276e-14,1e-11,25,1.8e-07,1,1.18112e-05
1.0,2.3272727272727276e-14,1e-11,25,3.6e-07,1,1.1933e-05
1.0,2.3272727272727276e-14,1e-11,75,1.8e-07,1,1.18136e-05
1.0,2.3272727272727276e-14,1e-11,75,3.6e-07,1,1.19376e-05
1.0,2.3272727272727276e-14,1e-11,100,1.8e-07,1,1.18112e-05
1.0,2.3272727272727276e-14,1e-11,100,3.6e-07,1,1.19378e-05
1.0,2.3272727272727276e-14,1e-11,125,1.8e-07,1,1.18003e-05
1.0,2.3272727272727276e-14,1e-11,125,3.6e-07,1,1.1935e-05
1.0,2.3272727272727276e-14,5e-11,-40,1.8e-07,1,1.18041e-05
1.0,2.3272727272727276e-14,5e-11,-40,3.6e-07,1,1.19129e-05
1.0,2.3272727272727276e-14,5e-11,-25,1.8e-07,1,1.18037e-05
1.0,2.3272727272727276e-14,5e-11,-25,3.6e-07,1,1.19142e-05
1.0,2.3272727272727276e-14,5e-11,0,1.8e-07,1,1.18058e-05
1.0,2.3272727272727276e-14,5e-11,0,3.6e-07,1,1.19178e-05
1.0,2.3272727272727276e-14,5e-11,25,1.8e-07,1,1.18069e-05
1.0,2.3272727272727276e-14,5e-11,25,3.6e-07,1,1.192e-05
1.0,2.3272727272727276e-14,5e-11,75,1.8e-07,1,1.18088e-05
1.0,2.3272727272727276e-14,5e-11,75,3.6e-07,1,1.19263e-05
1.0,2.3272727272727276e-14,5e-11,100,1.8e-07,1,1.1806e-05
1.0,2.3272727272727276e-14,5e-11,100,3.6e-07,1,1.19282e-05
1.0,2.3272727272727276e-14,5e-11,125,1.8e-07,1,1.17924e-05
1.0,2.3272727272727276e-14,5e-11,125,3.6e-07,1,1.19274e-05
1.0,2.3272727272727276e-14,1e-10,-40,1.8e-07,1,1.18247e-05
1.0,2.3272727272727276e-14,1e-10,-40,3.6e-07,1,1.19454e-05
1.0,2.3272727272727276e-14,1e-10,-25,1.8e-07,1,1.18179e-05
1.0,2.3272727272727276e-14,1e-10,-25,3.6e-07,1,1.19367e-05
1.0,2.3272727272727276e-14,1e-10,0,1.8e-07,1,1.18135e-05
1.0,2.3272727272727276e-14,1e-10,0,3.6e-07,1,1.19321e-05
1.0,2.3272727272727276e-14,1e-10,25,1.8e-07,1,1.18121e-05
1.0,2.3272727272727276e-14,1e-10,25,3.6e-07,1,1.19298e-05
1.0,2.3272727272727276e-14,1e-10,75,1.8e-07,1,1.18112e-05
1.0,2.3272727272727276e-14,1e-10,75,3.6e-07,1,1.19313e-05
1.0,2.3272727272727276e-14,1e-10,100,1.8e-07,1,1.18053e-05
1.0,2.3272727272727276e-14,1e-10,100,3.6e-07,1,1.19323e-05
1.0,2.3272727272727276e-14,1e-10,125,1.8e-07,1,1.17844e-05
1.0,2.3272727272727276e-14,1e-10,125,3.6e-07,1,1.19315e-05
1.0,2.3272727272727276e-14,2e-10,-40,1.8e-07,1,1.19071e-05
1.0,2.3272727272727276e-14,2e-10,-40,3.6e-07,1,1.20787e-05
1.0,2.3272727272727276e-14,2e-10,-25,1.8e-07,1,1.18816e-05
1.0,2.3272727272727276e-14,2e-10,-25,3.6e-07,1,1.20413e-05
1.0,2.3272727272727276e-14,2e-10,0,1.8e-07,1,1.18593e-05
1.0,2.3272727272727276e-14,2e-10,0,3.6e-07,1,1.20088e-05
1.0,2.3272727272727276e-14,2e-10,25,1.8e-07,1,1.18474e-05
1.0,2.3272727272727276e-14,2e-10,25,3.6e-07,1,1.19882e-05
1.0,2.3272727272727276e-14,2e-10,75,1.8e-07,1,1.18307e-05
1.0,2.3272727272727276e-14,2e-10,75,3.6e-07,1,1.19692e-05
1.0,2.3272727272727276e-14,2e-10,100,1.8e-07,1,1.18056e-05
1.0,2.3272727272727276e-14,2e-10,100,3.6e-07,1,1.19646e-05
1.0,2.3272727272727276e-14,2e-10,125,1.8e-07,1,1.17493e-05
1.0,2.3272727272727276e-14,2e-10,125,3.6e-07,1,1.196e-05
1.0,2.3272727272727276e-14,4e-10,-40,1.8e-07,1,1.21671e-05
1.0,2.3272727272727276e-14,4e-10,-40,3.6e-07,1,1.24907e-05
1.0,2.3272727272727276e-14,4e-10,-25,1.8e-07,1,1.20936e-05
1.0,2.3272727272727276e-14,4e-10,-25,3.6e-07,1,1.23875e-05
1.0,2.3272727272727276e-14,4e-10,0,1.8e-07,1,1.20189e-05
1.0,2.3272727272727276e-14,4e-10,0,3.6e-07,1,1.22781e-05
1.0,2.3272727272727276e-14,4e-10,25,1.8e-07,1,1.19623e-05
1.0,2.3272727272727276e-14,4e-10,25,3.6e-07,1,1.22077e-05
1.0,2.3272727272727276e-14,4e-10,75,1.8e-07,1,1.17395e-05
1.0,2.3272727272727276e-14,4e-10,75,3.6e-07,1,1.21233e-05
1.0,2.3272727272727276e-14,4e-10,100,1.8e-07,1,1.14951e-05
1.0,2.3272727272727276e-14,4e-10,100,3.6e-07,1,1.2093e-05
1.0,2.3272727272727276e-14,4e-10,125,1.8e-07,1,1.11425e-05
1.0,2.3272727272727276e-14,4e-10,125,3.6e-07,1,1.2059e-05
1.0,2.7727272727272724e-14,1e-11,-40,1.8e-07,1,1.4035e-05
1.0,2.7727272727272724e-14,1e-11,-40,3.6e-07,1,1.41554e-05
1.0,2.7727272727272724e-14,1e-11,-25,1.8e-07,1,1.40359e-05
1.0,2.7727272727272724e-14,1e-11,-25,3.6e-07,1,1.41576e-05
1.0,2.7727272727272724e-14,1e-11,0,1.8e-07,1,1.40371e-05
1.0,2.7727272727272724e-14,1e-11,0,3.6e-07,1,1.41592e-05
1.0,2.7727272727272724e-14,1e-11,25,1.8e-07,1,1.40386e-05
1.0,2.7727272727272724e-14,1e-11,25,3.6e-07,1,1.41605e-05
1.0,2.7727272727272724e-14,1e-11,75,1.8e-07,1,1.40366e-05
1.0,2.7727272727272724e-14,1e-11,75,3.6e-07,1,1.41629e-05
1.0,2.7727272727272724e-14,1e-11,100,1.8e-07,1,1.40209e-05
1.0,2.7727272727272724e-14,1e-11,100,3.6e-07,1,1.41572e-05
1.0,2.7727272727272724e-14,1e-11,125,1.8e-07,1,1.39753e-05
1.0,2.7727272727272724e-14,1e-11,125,3.6e-07,1,1.41406e-05
1.0,2.7727272727272724e-14,5e-11,-40,1.8e-07,1,1.40313e-05
1.0,2.7727272727272724e-14,5e-11,-40,3.6e-07,1,1.41418e-05
1.0,2.7727272727272724e-14,5e-11,-25,1.8e-07,1,1.40312e-05
1.0,2.7727272727272724e-14,5e-11,-25,3.6e-07,1,1.41433e-05
1.0,2.7727272727272724e-14,5e-11,0,1.8e-07,1,1.4034e-05
1.0,2.7727272727272724e-14,5e-11,0,3.6e-07,1,1.41459e-05
1.0,2.7727272727272724e-14,5e-11,25,1.8e-07,1,1.40347e-05
1.0,2.7727272727272724e-14,5e-11,25,3.6e-07,1,1.41486e-05
1.0,2.7727272727272724e-14,5e-11,75,1.8e-07,1,1.40312e-05
1.0,2.7727272727272724e-14,5e-11,75,3.6e-07,1,1.41527e-05
1.0,2.7727272727272724e-14,5e-11,100,1.8e-07,1,1.40124e-05
1.0,2.7727272727272724e-14,5e-11,100,3.6e-07,1,1.41498e-05
1.0,2.7727272727272724e-14,5e-11,125,1.8e-07,1,1.39584e-05
1.0,2.7727272727272724e-14,5e-11,125,3.6e-07,1,1.41374e-05
1.0,2.7727272727272724e-14,1e-10,-40,1.8e-07,1,1.40493e-05
1.0,2.7727272727272724e-14,1e-10,-40,3.6e-07,1,1.41682e-05
1.0,2.7727272727272724e-14,1e-10,-25,1.8e-07,1,1.40434e-05
1.0,2.7727272727272724e-14,1e-10,-25,3.6e-07,1,1.41623e-05
1.0,2.7727272727272724e-14,1e-10,0,1.8e-07,1,1.40397e-05
1.0,2.7727272727272724e-14,1e-10,0,3.6e-07,1,1.41568e-05
1.0,2.7727272727272724e-14,1e-10,25,1.8e-07,1,1.40386e-05
1.0,2.7727272727272724e-14,1e-10,25,3.6e-07,1,1.41555e-05
1.0,2.7727272727272724e-14,1e-10,75,1.8e-07,1,1.40303e-05
1.0,2.7727272727272724e-14,1e-10,75,3.6e-07,1,1.41571e-05
1.0,2.7727272727272724e-14,1e-10,100,1.8e-07,1,1.40023e-05
1.0,2.7727272727272724e-14,1e-10,100,3.6e-07,1,1.41546e-05
1.0,2.7727272727272724e-14,1e-10,125,1.8e-07,1,1.393e-05
1.0,2.7727272727272724e-14,1e-10,125,3.6e-07,1,1.41444e-05
1.0,2.7727272727272724e-14,2e-10,-40,1.8e-07,1,1.41225e-05
1.0,2.7727272727272724e-14,2e-10,-40,3.6e-07,1,1.42882e-05
1.0,2.7727272727272724e-14,2e-10,-25,1.8e-07,1,1.40994e-05
1.0,2.7727272727272724e-14,2e-10,-25,3.6e-07,1,1.42543e-05
1.0,2.7727272727272724e-14,2e-10,0,1.8e-07,1,1.40793e-05
1.0,2.7727272727272724e-14,2e-10,0,3.6e-07,1,1.42241e-05
1.0,2.7727272727272724e-14,2e-10,25,1.8e-07,1,1.40682e-05
1.0,2.7727272727272724e-14,2e-10,25,3.6e-07,1,1.42071e-05
1.0,2.7727272727272724e-14,2e-10,75,1.8e-07,1,1.40278e-05
1.0,2.7727272727272724e-14,2e-10,75,3.6e-07,1,1.41908e-05
1.0,2.7727272727272724e-14,2e-10,100,1.8e-07,1,1.39544e-05
1.0,2.7727272727272724e-14,2e-10,100,3.6e-07,1,1.41847e-05
1.0,2.7727272727272724e-14,2e-10,125,1.8e-07,1,1.38056e-05
1.0,2.7727272727272724e-14,2e-10,125,3.6e-07,1,1.41735e-05
1.0,2.7727272727272724e-14,4e-10,-40,1.8e-07,1,1.43599e-05
1.0,2.7727272727272724e-14,4e-10,-40,3.6e-07,1,1.46677e-05
1.0,2.7727272727272724e-14,4e-10,-25,1.8e-07,1,1.42905e-05
1.0,2.7727272727272724e-14,4e-10,-25,3.6e-07,1,1.45702e-05
1.0,2.7727272727272724e-14,4e-10,0,1.8e-07,1,1.42148e-05
1.0,2.7727272727272724e-14,4e-10,0,3.6e-07,1,1.44679e-05
1.0,2.7727272727272724e-14,4e-10,25,1.8e-07,1,1.41269e-05
1.0,2.7727272727272724e-14,4e-10,25,3.6e-07,1,1.44031e-05
1.0,2.7727272727272724e-14,4e-10,75,1.8e-07,1,1.36405e-05
1.0,2.7727272727272724e-14,4e-10,75,3.6e-07,1,1.43227e-05
1.0,2.7727272727272724e-14,4e-10,100,1.8e-07,1,1.3164e-05
1.0,2.7727272727272724e-14,4e-10,100,3.6e-07,1,1.42805e-05
1.0,2.7727272727272724e-14,4e-10,125,1.8e-07,1,1.25514e-05
1.0,2.7727272727272724e-14,4e-10,125,3.6e-07,1,1.42137e-05
1.0,3.2181818181818185e-14,1e-11,-40,1.8e-07,1,1.62626e-05
1.0,3.2181818181818185e-14,1e-11,-40,3.6e-07,1,1.63833e-05
1.0,3.2181818181818185e-14,1e-11,-25,1.8e-07,1,1.62633e-05
1.0,3.2181818181818185e-14,1e-11,-25,3.6e-07,1,1.63859e-05
1.0,3.2181818181818185e-14,1e-11,0,1.8e-07,1,1.62644e-05
1.0,3.2181818181818185e-14,1e-11,0,3.6e-07,1,1.63862e-05
1.0,3.2181818181818185e-14,1e-11,25,1.8e-07,1,1.62656e-05
1.0,3.2181818181818185e-14,1e-11,25,3.6e-07,1,1.63875e-05
1.0,3.2181818181818185e-14,1e-11,75,1.8e-07,1,1.62464e-05
1.0,3.2181818181818185e-14,1e-11,75,3.6e-07,1,1.63805e-05
1.0,3.2181818181818185e-14,1e-11,100,1.8e-07,1,1.61929e-05
1.0,3.2181818181818185e-14,1e-11,100,3.6e-07,1,1.63577e-05
1.0,3.2181818181818185e-14,1e-11,125,1.8e-07,1,1.60672e-05
1.0,3.2181818181818185e-14,1e-11,125,3.6e-07,1,1.6307e-05
1.0,3.2181818181818185e-14,5e-11,-40,1.8e-07,1,1.62588e-05
1.0,3.2181818181818185e-14,5e-11,-40,3.6e-07,1,1.637e-05
1.0,3.2181818181818185e-14,5e-11,-25,1.8e-07,1,1.62587e-05
1.0,3.2181818181818185e-14,5e-11,-25,3.6e-07,1,1.63723e-05
1.0,3.2181818181818185e-14,5e-11,0,1.8e-07,1,1.62603e-05
1.0,3.2181818181818185e-14,5e-11,0,3.6e-07,1,1.63738e-05
1.0,3.2181818181818185e-14,5e-11,25,1.8e-07,1,1.62619e-05
1.0,3.2181818181818185e-14,5e-11,25,3.6e-07,1,1.63765e-05
1.0,3.2181818181818185e-14,5e-11,75,1.8e-07,1,1.62389e-05
1.0,3.2181818181818185e-14,5e-11,75,3.6e-07,1,1.63729e-05
1.0,3.2181818181818185e-14,5e-11,100,1.8e-07,1,1.61766e-05
1.0,3.2181818181818185e-14,5e-11,100,3.6e-07,1,1.63556e-05
1.0,3.2181818181818185e-14,5e-11,125,1.8e-07,1,1.60333e-05
1.0,3.2181818181818185e-14,5e-11,125,3.6e-07,1,1.63138e-05
1.0,3.2181818181818185e-14,1e-10,-40,1.8e-07,1,1.62746e-05
1.0,3.2181818181818185e-14,1e-10,-40,3.6e-07,1,1.63945e-05
1.0,3.2181818181818185e-14,1e-10,-25,1.8e-07,1,1.62694e-05
1.0,3.2181818181818185e-14,1e-10,-25,3.6e-07,1,1.63883e-05
1.0,3.2181818181818185e-14,1e-10,0,1.8e-07,1,1.62661e-05
1.0,3.2181818181818185e-14,1e-10,0,3.6e-07,1,1.63826e-05
1.0,3.2181818181818185e-14,1e-10,25,1.8e-07,1,1.62646e-05
1.0,3.2181818181818185e-14,1e-10,25,3.6e-07,1,1.63822e-05
1.0,3.2181818181818185e-14,1e-10,75,1.8e-07,1,1.62302e-05
1.0,3.2181818181818185e-14,1e-10,75,3.6e-07,1,1.63781e-05
1.0,3.2181818181818185e-14,1e-10,100,1.8e-07,1,1.61473e-05
1.0,3.2181818181818185e-14,1e-10,100,3.6e-07,1,1.63642e-05
1.0,3.2181818181818185e-14,1e-10,125,1.8e-07,1,1.59693e-05
1.0,3.2181818181818185e-14,1e-10,125,3.6e-07,1,1.63292e-05
1.0,3.2181818181818185e-14,2e-10,-40,1.8e-07,1,1.63408e-05
1.0,3.2181818181818185e-14,2e-10,-40,3.6e-07,1,1.65039e-05
1.0,3.2181818181818185e-14,2e-10,-25,1.8e-07,1,1.63195e-05
1.0,3.2181818181818185e-14,2e-10,-25,3.6e-07,1,1.64727e-05
1.0,3.2181818181818185e-14,2e-10,0,1.8e-07,1,1.63011e-05
1.0,3.2181818181818185e-14,2e-10,0,3.6e-07,1,1.64415e-05
1.0,3.2181818181818185e-14,2e-10,25,1.8e-07,1,1.62883e-05
1.0,3.2181818181818185e-14,2e-10,25,3.6e-07,1,1.6428e-05
1.0,3.2181818181818185e-14,2e-10,75,1.8e-07,1,1.6185e-05
1.0,3.2181818181818185e-14,2e-10,75,3.6e-07,1,1.64111e-05
1.0,3.2181818181818185e-14,2e-10,100,1.8e-07,1,1.60117e-05
1.0,3.2181818181818185e-14,2e-10,100,3.6e-07,1,1.63975e-05
1.0,3.2181818181818185e-14,2e-10,125,1.8e-07,1,1.57046e-05
1.0,3.2181818181818185e-14,2e-10,125,3.6e-07,1,1.63665e-05
1.0,3.2181818181818185e-14,4e-10,-40,1.8e-07,1,1.65593e-05
1.0,3.2181818181818185e-14,4e-10,-40,3.6e-07,1,1.68545e-05
1.0,3.2181818181818185e-14,4e-10,-25,1.8e-07,1,1.64917e-05
1.0,3.2181818181818185e-14,4e-10,-25,3.6e-07,1,1.6761e-05
1.0,3.2181818181818185e-14,4e-10,0,1.8e-07,1,1.63973e-05
1.0,3.2181818181818185e-14,4e-10,0,3.6e-07,1,1.66649e-05
1.0,3.2181818181818185e-14,4e-10,25,1.8e-07,1,1.62305e-05
1.0,3.2181818181818185e-14,4e-10,25,3.6e-07,1,1.66053e-05
1.0,3.2181818181818185e-14,4e-10,75,1.8e-07,1,1.53155e-05
1.0,3.2181818181818185e-14,4e-10,75,3.6e-07,1,1.65153e-05
1.0,3.2181818181818185e-14,4e-10,100,1.8e-07,1,1.45479e-05
1.0,3.2181818181818185e-14,4e-10,100,3.6e-07,1,1.64382e-05
1.0,3.2181818181818185e-14,4e-10,125,1.8e-07,1,1.3651e-05
1.0,3.2181818181818185e-14,4e-10,125,3.6e-07,1,1.62991e-05
1.0,3.663636363636364e-14,1e-11,-40,1.8e-07,1,1.84899e-05
1.0,3.663636363636364e-14,1e-11,-40,3.6e-07,1,1.86119e-05
1.0,3.663636363636364e-14,1e-11,-25,1.8e-07,1,1.84906e-05
1.0,3.663636363636364e-14,1e-11,-25,3.6e-07,1,1.86122e-05
1.0,3.663636363636364e-14,1e-11,0,1.8e-07,1,1.84912e-05
1.0,3.663636363636364e-14,1e-11,0,3.6e-07,1,1.86131e-05
1.0,3.663636363636364e-14,1e-11,25,1.8e-07,1,1.84917e-05
1.0,3.663636363636364e-14,1e-11,25,3.6e-07,1,1.86121e-05
1.0,3.663636363636364e-14,1e-11,75,1.8e-07,1,1.84248e-05
1.0,3.663636363636364e-14,1e-11,75,3.6e-07,1,1.85797e-05
1.0,3.663636363636364e-14,1e-11,100,1.8e-07,1,1.82912e-05
1.0,3.663636363636364e-14,1e-11,100,3.6e-07,1,1.85194e-05
1.0,3.663636363636364e-14,1e-11,125,1.8e-07,1,1.80232e-05
1.0,3.663636363636364e-14,1e-11,125,3.6e-07,1,1.84064e-05
1.0,3.663636363636364e-14,5e-11,-40,1.8e-07,1,1.84862e-05
1.0,3.663636363636364e-14,5e-11,-40,3.6e-07,1,1.85994e-05
1.0,3.663636363636364e-14,5e-11,-25,1.8e-07,1,1.8486e-05
1.0,3.663636363636364e-14,5e-11,-25,3.6e-07,1,1.85996e-05
1.0,3.663636363636364e-14,5e-11,0,1.8e-07,1,1.84871e-05
1.0,3.663636363636364e-14,5e-11,0,3.6e-07,1,1.86016e-05
1.0,3.663636363636364e-14,5e-11,25,1.8e-07,1,1.84865e-05
1.0,3.663636363636364e-14,5e-11,25,3.6e-07,1,1.86027e-05
1.0,3.663636363636364e-14,5e-11,75,1.8e-07,1,1.84124e-05
1.0,3.663636363636364e-14,5e-11,75,3.6e-07,1,1.85778e-05
1.0,3.663636363636364e-14,5e-11,100,1.8e-07,1,1.82612e-05
1.0,3.663636363636364e-14,5e-11,100,3.6e-07,1,1.85282e-05
1.0,3.663636363636364e-14,5e-11,125,1.8e-07,1,1.79644e-05
1.0,3.663636363636364e-14,5e-11,125,3.6e-07,1,1.84292e-05
1.0,3.663636363636364e-14,1e-10,-40,1.8e-07,1,1.85008e-05
1.0,3.663636363636364e-14,1e-10,-40,3.6e-07,1,1.86206e-05
1.0,3.663636363636364e-14,1e-10,-25,1.8e-07,1,1.84956e-05
1.0,3.663636363636364e-14,1e-10,-25,3.6e-07,1,1.86129e-05
1.0,3.663636363636364e-14,1e-10,0,1.8e-07,1,1.84923e-05
1.0,3.663636363636364e-14,1e-10,0,3.6e-07,1,1.86091e-05
1.0,3.663636363636364e-14,1e-10,25,1.8e-07,1,1.84879e-05
1.0,3.663636363636364e-14,1e-10,25,3.6e-07,1,1.86075e-05
1.0,3.663636363636364e-14,1e-10,75,1.8e-07,1,1.83889e-05
1.0,3.663636363636364e-14,1e-10,75,3.6e-07,1,1.85872e-05
1.0,3.663636363636364e-14,1e-10,100,1.8e-07,1,1.82004e-05
1.0,3.663636363636364e-14,1e-10,100,3.6e-07,1,1.85461e-05
1.0,3.663636363636364e-14,1e-10,125,1.8e-07,1,1.78496e-05
1.0,3.663636363636364e-14,1e-10,125,3.6e-07,1,1.84607e-05
1.0,3.663636363636364e-14,2e-10,-40,1.8e-07,1,1.85607e-05
1.0,3.663636363636364e-14,2e-10,-40,3.6e-07,1,1.87207e-05
1.0,3.663636363636364e-14,2e-10,-25,1.8e-07,1,1.8541e-05
1.0,3.663636363636364e-14,2e-10,-25,3.6e-07,1,1.86899e-05
1.0,3.663636363636364e-14,2e-10,0,1.8e-07,1,1.85231e-05
1.0,3.663636363636364e-14,2e-10,0,3.6e-07,1,1.86639e-05
1.0,3.663636363636364e-14,2e-10,25,1.8e-07,1,1.8502e-05
1.0,3.663636363636364e-14,2e-10,25,3.6e-07,1,1.86502e-05
1.0,3.663636363636364e-14,2e-10,75,1.8e-07,1,1.82684e-05
1.0,3.663636363636364e-14,2e-10,75,3.6e-07,1,1.86243e-05
1.0,3.663636363636364e-14,2e-10,100,1.8e-07,1,1.79321e-05
1.0,3.663636363636364e-14,2e-10,100,3.6e-07,1,1.85894e-05
1.0,3.663636363636364e-14,2e-10,125,1.8e-07,1,1.73998e-05
1.0,3.663636363636364e-14,2e-10,125,3.6e-07,1,1.85128e-05
1.0,3.663636363636364e-14,4e-10,-40,1.8e-07,1,1.87623e-05
1.0,3.663636363636364e-14,4e-10,-40,3.6e-07,1,1.90475e-05
1.0,3.663636363636364e-14,4e-10,-25,1.8e-07,1,1.86904e-05
1.0,3.663636363636364e-14,4e-10,-25,3.6e-07,1,1.89584e-05
1.0,3.663636363636364e-14,4e-10,0,1.8e-07,1,1.85462e-05
1.0,3.663636363636364e-14,4e-10,0,3.6e-07,1,1.8868e-05
1.0,3.663636363636364e-14,4e-10,25,1.8e-07,1,1.8229e-05
1.0,3.663636363636364e-14,4e-10,25,3.6e-07,1,1.8811e-05
1.0,3.663636363636364e-14,4e-10,75,1.8e-07,1,1.67362e-05
1.0,3.663636363636364e-14,4e-10,75,3.6e-07,1,1.86848e-05
1.0,3.663636363636364e-14,4e-10,100,1.8e-07,1,1.56519e-05
1.0,3.663636363636364e-14,4e-10,100,3.6e-07,1,1.85366e-05
1.0,3.663636363636364e-14,4e-10,125,1.8e-07,1,1.44879e-05
1.0,3.663636363636364e-14,4e-10,125,3.6e-07,1,1.82724e-05
1.0,4.109090909090909e-14,1e-11,-40,1.8e-07,1,2.07172e-05
1.0,4.109090909090909e-14,1e-11,-40,3.6e-07,1,2.08382e-05
1.0,4.109090909090909e-14,1e-11,-25,1.8e-07,1,2.07175e-05
1.0,4.109090909090909e-14,1e-11,-25,3.6e-07,1,2.08387e-05
1.0,4.109090909090909e-14,1e-11,0,1.8e-07,1,2.07159e-05
1.0,4.109090909090909e-14,1e-11,0,3.6e-07,1,2.0838e-05
1.0,4.109090909090909e-14,1e-11,25,1.8e-07,1,2.07088e-05
1.0,4.109090909090909e-14,1e-11,25,3.6e-07,1,2.08305e-05
1.0,4.109090909090909e-14,1e-11,75,1.8e-07,1,2.05448e-05
1.0,4.109090909090909e-14,1e-11,75,3.6e-07,1,2.07434e-05
1.0,4.109090909090909e-14,1e-11,100,1.8e-07,1,2.0274e-05
1.0,4.109090909090909e-14,1e-11,100,3.6e-07,1,2.06195e-05
1.0,4.109090909090909e-14,1e-11,125,1.8e-07,1,1.9795e-05
1.0,4.109090909090909e-14,1e-11,125,3.6e-07,1,2.04065e-05
1.0,4.109090909090909e-14,5e-11,-40,1.8e-07,1,2.07133e-05
1.0,4.109090909090909e-14,5e-11,-40,3.6e-07,1,2.0826e-05
1.0,4.109090909090909e-14,5e-11,-25,1.8e-07,1,2.0713e-05
1.0,4.109090909090909e-14,5e-11,-25,3.6e-07,1,2.08261e-05
1.0,4.109090909090909e-14,5e-11,0,1.8e-07,1,2.07126e-05
1.0,4.109090909090909e-14,5e-11,0,3.6e-07,1,2.08282e-05
1.0,4.109090909090909e-14,5e-11,25,1.8e-07,1,2.07043e-05
1.0,4.109090909090909e-14,5e-11,25,3.6e-07,1,2.0824e-05
1.0,4.109090909090909e-14,5e-11,75,1.8e-07,1,2.05237e-05
1.0,4.109090909090909e-14,5e-11,75,3.6e-07,1,2.07528e-05
1.0,4.109090909090909e-14,5e-11,100,1.8e-07,1,2.02239e-05
1.0,4.109090909090909e-14,5e-11,100,3.6e-07,1,2.06448e-05
1.0,4.109090909090909e-14,5e-11,125,1.8e-07,1,1.97044e-05
1.0,4.109090909090909e-14,5e-11,125,3.6e-07,1,2.0453e-05
1.0,4.109090909090909e-14,1e-10,-40,1.8e-07,1,2.07267e-05
1.0,4.109090909090909e-14,1e-10,-40,3.6e-07,1,2.08448e-05
1.0,4.109090909090909e-14,1e-10,-25,1.8e-07,1,2.07219e-05
1.0,4.109090909090909e-14,1e-10,-25,3.6e-07,1,2.08386e-05
1.0,4.109090909090909e-14,1e-10,0,1.8e-07,1,2.07173e-05
1.0,4.109090909090909e-14,1e-10,0,3.6e-07,1,2.08344e-05
1.0,4.109090909090909e-14,1e-10,25,1.8e-07,1,2.0704e-05
1.0,4.109090909090909e-14,1e-10,25,3.6e-07,1,2.08296e-05
1.0,4.109090909090909e-14,1e-10,75,1.8e-07,1,2.04764e-05
1.0,4.109090909090909e-14,1e-10,75,3.6e-07,1,2.07716e-05
1.0,4.109090909090909e-14,1e-10,100,1.8e-07,1,2.01189e-05
1.0,4.109090909090909e-14,1e-10,100,3.6e-07,1,2.06798e-05
1.0,4.109090909090909e-14,1e-10,125,1.8e-07,1,1.95275e-05
1.0,4.109090909090909e-14,1e-10,125,3.6e-07,1,2.05084e-05
1.0,4.109090909090909e-14,2e-10,-40,1.8e-07,1,2.07821e-05
1.0,4.109090909090909e-14,2e-10,-40,3.6e-07,1,2.09373e-05
1.0,4.109090909090909e-14,2e-10,-25,1.8e-07,1,2.07633e-05
1.0,4.109090909090909e-14,2e-10,-25,3.6e-07,1,2.09095e-05
1.0,4.109090909090909e-14,2e-10,0,1.8e-07,1,2.07431e-05
1.0,4.109090909090909e-14,2e-10,0,3.6e-07,1,2.0886e-05
1.0,4.109090909090909e-14,2e-10,25,1.8e-07,1,2.07001e-05
1.0,4.109090909090909e-14,2e-10,25,3.6e-07,1,2.08719e-05
1.0,4.109090909090909e-14,2e-10,75,1.8e-07,1,2.02425e-05
1.0,4.109090909090909e-14,2e-10,75,3.6e-07,1,2.08205e-05
1.0,4.109090909090909e-14,2e-10,100,1.8e-07,1,1.96769e-05
1.0,4.109090909090909e-14,2e-10,100,3.6e-07,1,2.07419e-05
1.0,4.109090909090909e-14,2e-10,125,1.8e-07,1,1.88635e-05
1.0,4.109090909090909e-14,2e-10,125,3.6e-07,1,2.05819e-05
1.0,4.109090909090909e-14,4e-10,-40,1.8e-07,1,2.09653e-05
1.0,4.109090909090909e-14,4e-10,-40,3.6e-07,1,2.12458e-05
1.0,4.109090909090909e-14,4e-10,-25,1.8e-07,1,2.0877e-05
1.0,4.109090909090909e-14,4e-10,-25,3.6e-07,1,2.11604e-05
1.0,4.109090909090909e-14,4e-10,0,1.8e-07,1,2.06305e-05
1.0,4.109090909090909e-14,4e-10,0,3.6e-07,1,2.10746e-05
1.0,4.109090909090909e-14,4e-10,25,1.8e-07,1,2.00802e-05
1.0,4.109090909090909e-14,4e-10,25,3.6e-07,1,2.10163e-05
1.0,4.109090909090909e-14,4e-10,75,1.8e-07,1,1.79035e-05
1.0,4.109090909090909e-14,4e-10,75,3.6e-07,1,2.08104e-05
1.0,4.109090909090909e-14,4e-10,100,1.8e-07,1,1.65148e-05
1.0,4.109090909090909e-14,4e-10,100,3.6e-07,1,2.05415e-05
1.0,4.109090909090909e-14,4e-10,125,1.8e-07,1,1.51172e-05
1.0,4.109090909090909e-14,4e-10,125,3.6e-07,1,2.00925e-05
1.0,4.5545454545454544e-14,1e-11,-40,1.8e-07,1,2.29434e-05
1.0,4.5545454545454544e-14,1e-11,-40,3.6e-07,1,2.30641e-05
1.0,4.5545454545454544e-14,1e-11,-25,1.8e-07,1,2.29427e-05
1.0,4.5545454545454544e-14,1e-11,-25,3.6e-07,1,2.3064e-05
1.0,4.5545454545454544e-14,1e-11,0,1.8e-07,1,2.29357e-05
1.0,4.5545454545454544e-14,1e-11,0,3.6e-07,1,2.3058e-05
1.0,4.5545454545454544e-14,1e-11,25,1.8e-07,1,2.29101e-05
1.0,4.5545454545454544e-14,1e-11,25,3.6e-07,1,2.30359e-05
1.0,4.5545454545454544e-14,1e-11,75,1.8e-07,1,2.25734e-05
1.0,4.5545454545454544e-14,1e-11,75,3.6e-07,1,2.28546e-05
1.0,4.5545454545454544e-14,1e-11,100,1.8e-07,1,2.21007e-05
1.0,4.5545454545454544e-14,1e-11,100,3.6e-07,1,2.26308e-05
1.0,4.5545454545454544e-14,1e-11,125,1.8e-07,1,2.13485e-05
1.0,4.5545454545454544e-14,1e-11,125,3.6e-07,1,2.22787e-05
1.0,4.5545454545454544e-14,5e-11,-40,1.8e-07,1,2.29398e-05
1.0,4.5545454545454544e-14,5e-11,-40,3.6e-07,1,2.30524e-05
1.0,4.5545454545454544e-14,5e-11,-25,1.8e-07,1,2.29389e-05
1.0,4.5545454545454544e-14,5e-11,-25,3.6e-07,1,2.30521e-05
1.0,4.5545454545454544e-14,5e-11,0,1.8e-07,1,2.29339e-05
1.0,4.5545454545454544e-14,5e-11,0,3.6e-07,1,2.30509e-05
1.0,4.5545454545454544e-14,5e-11,25,1.8e-07,1,2.2907e-05
1.0,4.5545454545454544e-14,5e-11,25,3.6e-07,1,2.30348e-05
1.0,4.5545454545454544e-14,5e-11,75,1.8e-07,1,2.25395e-05
1.0,4.5545454545454544e-14,5e-11,75,3.6e-07,1,2.28797e-05
1.0,4.5545454545454544e-14,5e-11,100,1.8e-07,1,2.20244e-05
1.0,4.5545454545454544e-14,5e-11,100,3.6e-07,1,2.26804e-05
1.0,4.5545454545454544e-14,5e-11,125,1.8e-07,1,2.12214e-05
1.0,4.5545454545454544e-14,5e-11,125,3.6e-07,1,2.23561e-05
1.0,4.5545454545454544e-14,1e-10,-40,1.8e-07,1,2.29528e-05
1.0,4.5545454545454544e-14,1e-10,-40,3.6e-07,1,2.30699e-05
1.0,4.5545454545454544e-14,1e-10,-25,1.8e-07,1,2.29476e-05
1.0,4.5545454545454544e-14,1e-10,-25,3.6e-07,1,2.30641e-05
1.0,4.5545454545454544e-14,1e-10,0,1.8e-07,1,2.29388e-05
1.0,4.5545454545454544e-14,1e-10,0,3.6e-07,1,2.30575e-05
1.0,4.5545454545454544e-14,1e-10,25,1.8e-07,1,2.29039e-05
1.0,4.5545454545454544e-14,1e-10,25,3.6e-07,1,2.30434e-05
1.0,4.5545454545454544e-14,1e-10,75,1.8e-07,1,2.24583e-05
1.0,4.5545454545454544e-14,1e-10,75,3.6e-07,1,2.29153e-05
1.0,4.5545454545454544e-14,1e-10,100,1.8e-07,1,2.18648e-05
1.0,4.5545454545454544e-14,1e-10,100,3.6e-07,1,2.27402e-05
1.0,4.5545454545454544e-14,1e-10,125,1.8e-07,1,2.09752e-05
1.0,4.5545454545454544e-14,1e-10,125,3.6e-07,1,2.24421e-05
1.0,4.5545454545454544e-14,2e-10,-40,1.8e-07,1,2.30041e-05
1.0,4.5545454545454544e-14,2e-10,-40,3.6e-07,1,2.31564e-05
1.0,4.5545454545454544e-14,2e-10,-25,1.8e-07,1,2.29856e-05
1.0,4.5545454545454544e-14,2e-10,-25,3.6e-07,1,2.31301e-05
1.0,4.5545454545454544e-14,2e-10,0,1.8e-07,1,2.29569e-05
1.0,4.5545454545454544e-14,2e-10,0,3.6e-07,1,2.31077e-05
1.0,4.5545454545454544e-14,2e-10,25,1.8e-07,1,2.28686e-05
1.0,4.5545454545454544e-14,2e-10,25,3.6e-07,1,2.30893e-05
1.0,4.5545454545454544e-14,2e-10,75,1.8e-07,1,2.20736e-05
1.0,4.5545454545454544e-14,2e-10,75,3.6e-07,1,2.29848e-05
1.0,4.5545454545454544e-14,2e-10,100,1.8e-07,1,2.12188e-05
1.0,4.5545454545454544e-14,2e-10,100,3.6e-07,1,2.28297e-05
1.0,4.5545454545454544e-14,2e-10,125,1.8e-07,1,2.00853e-05
1.0,4.5545454545454544e-14,2e-10,125,3.6e-07,1,2.25405e-05
1.0,4.5545454545454544e-14,4e-10,-40,1.8e-07,1,2.31581e-05
1.0,4.5545454545454544e-14,4e-10,-40,3.6e-07,1,2.34474e-05
1.0,4.5545454545454544e-14,4e-10,-25,1.8e-07,1,2.30323e-05
1.0,4.5545454545454544e-14,4e-10,-25,3.6e-07,1,2.33657e-05
1.0,4.5545454545454544e-14,4e-10,0,1.8e-07,1,2.26146e-05
1.0,4.5545454545454544e-14,4e-10,0,3.6e-07,1,2.32831e-05
1.0,4.5545454545454544e-14,4e-10,25,1.8e-07,1,2.17491e-05
1.0,4.5545454545454544e-14,4e-10,25,3.6e-07,1,2.32163e-05
1.0,4.5545454545454544e-14,4e-10,75,1.8e-07,1,1.88408e-05
1.0,4.5545454545454544e-14,4e-10,75,3.6e-07,1,2.28667e-05
1.0,4.5545454545454544e-14,4e-10,100,1.8e-07,1,1.71816e-05
1.0,4.5545454545454544e-14,4e-10,100,3.6e-07,1,2.24197e-05
1.0,4.5545454545454544e-14,4e-10,125,1.8e-07,1,1.5587e-05
1.0,4.5545454545454544e-14,4e-10,125,3.6e-07,1,2.17264e-05
1.0,5e-14,1e-11,-40,1.8e-07,1,2.51671e-05
1.0,5e-14,1e-11,-40,3.6e-07,1,2.52877e-05
1.0,5e-14,1e-11,-25,1.8e-07,1,2.51643e-05
1.0,5e-14,1e-11,-25,3.6e-07,1,2.52855e-05
1.0,5e-14,1e-11,0,1.8e-07,1,2.51451e-05
1.0,5e-14,1e-11,0,3.6e-07,1,2.52681e-05
1.0,5e-14,1e-11,25,1.8e-07,1,2.50827e-05
1.0,5e-14,1e-11,25,3.6e-07,1,2.52181e-05
1.0,5e-14,1e-11,75,1.8e-07,1,2.44772e-05
1.0,5e-14,1e-11,75,3.6e-07,1,2.48881e-05
1.0,5e-14,1e-11,100,1.8e-07,1,2.37392e-05
1.0,5e-14,1e-11,100,3.6e-07,1,2.45288e-05
1.0,5e-14,1e-11,125,1.8e-07,1,2.26669e-05
1.0,5e-14,1e-11,125,3.6e-07,1,2.40013e-05
1.0,5e-14,5e-11,-40,1.8e-07,1,2.51646e-05
1.0,5e-14,5e-11,-40,3.6e-07,1,2.52771e-05
1.0,5e-14,5e-11,-25,1.8e-07,1,2.5162e-05
1.0,5e-14,5e-11,-25,3.6e-07,1,2.52755e-05
1.0,5e-14,5e-11,0,1.8e-07,1,2.51462e-05
1.0,5e-14,5e-11,0,3.6e-07,1,2.52637e-05
1.0,5e-14,5e-11,25,1.8e-07,1,2.5082e-05
1.0,5e-14,5e-11,25,3.6e-07,1,2.52262e-05
1.0,5e-14,5e-11,75,1.8e-07,1,2.44259e-05
1.0,5e-14,5e-11,75,3.6e-07,1,2.49375e-05
1.0,5e-14,5e-11,100,1.8e-07,1,2.36329e-05
1.0,5e-14,5e-11,100,3.6e-07,1,2.46104e-05
1.0,5e-14,5e-11,125,1.8e-07,1,2.25007e-05
1.0,5e-14,5e-11,125,3.6e-07,1,2.41146e-05
1.0,5e-14,1e-10,-40,1.8e-07,1,2.51778e-05
1.0,5e-14,1e-10,-40,3.6e-07,1,2.52938e-05
1.0,5e-14,1e-10,-25,1.8e-07,1,2.51712e-05
1.0,5e-14,1e-10,-25,3.6e-07,1,2.52875e-05
1.0,5e-14,1e-10,0,1.8e-07,1,2.51518e-05
1.0,5e-14,1e-10,0,3.6e-07,1,2.52746e-05
1.0,5e-14,1e-10,25,1.8e-07,1,2.50742e-05
1.0,5e-14,1e-10,25,3.6e-07,1,2.5242e-05
1.0,5e-14,1e-10,75,1.8e-07,1,2.43015e-05
1.0,5e-14,1e-10,75,3.6e-07,1,2.4998e-05
1.0,5e-14,1e-10,100,1.8e-07,1,2.34106e-05
1.0,5e-14,1e-10,100,3.6e-07,1,2.47032e-05
1.0,5e-14,1e-10,125,1.8e-07,1,2.21835e-05
1.0,5e-14,1e-10,125,3.6e-07,1,2.42353e-05
1.0,5e-14,2e-10,-40,1.8e-07,1,2.52261e-05
1.0,5e-14,2e-10,-40,3.6e-07,1,2.53756e-05
1.0,5e-14,2e-10,-25,1.8e-07,1,2.52065e-05
1.0,5e-14,2e-10,-25,3.6e-07,1,2.53503e-05
1.0,5e-14,2e-10,0,1.8e-07,1,2.51575e-05
1.0,5e-14,2e-10,0,3.6e-07,1,2.53241e-05
1.0,5e-14,2e-10,25,1.8e-07,1,2.4989e-05
1.0,5e-14,2e-10,25,3.6e-07,1,2.52942e-05
1.0,5e-14,2e-10,75,1.8e-07,1,2.37345e-05
1.0,5e-14,2e-10,75,3.6e-07,1,2.50986e-05
1.0,5e-14,2e-10,100,1.8e-07,1,2.25442e-05
1.0,5e-14,2e-10,100,3.6e-07,1,2.48265e-05
1.0,5e-14,2e-10,125,1.8e-07,1,2.10722e-05
1.0,5e-14,2e-10,125,3.6e-07,1,2.43576e-05
1.0,5e-14,4e-10,-40,1.8e-07,1,2.53336e-05
1.0,5e-14,4e-10,-40,3.6e-07,1,2.56523e-05
1.0,5e-14,4e-10,-25,1.8e-07,1,2.51382e-05
1.0,5e-14,4e-10,-25,3.6e-07,1,2.55739e-05
1.0,5e-14,4e-10,0,1.8e-07,1,2.44669e-05
1.0,5e-14,4e-10,0,3.6e-07,1,2.54907e-05
1.0,5e-14,4e-10,25,1.8e-07,1,2.3214e-05
1.0,5e-14,4e-10,25,3.6e-07,1,2.54021e-05
1.0,5e-14,4e-10,75,1.8e-07,1,1.95837e-05
1.0,5e-14,4e-10,75,3.6e-07,1,2.48263e-05
1.0,5e-14,4e-10,100,1.8e-07,1,1.76943e-05
1.0,5e-14,4e-10,100,3.6e-07,1,2.41424e-05
1.0,5e-14,4e-10,125,1.8e-07,1,1.59347e-05
1.0,5e-14,4e-10,125,3.6e-07,1,2.31515e-05
1.1,1e-15,1e-11,-40,1.8e-07,1,7.97113e-07
1.1,1e-15,1e-11,-40,3.6e-07,1,9.10252e-07
1.1,1e-15,1e-11,-25,1.8e-07,1,7.96183e-07
1.1,1e-15,1e-11,-25,3.6e-07,1,9.15647e-07
1.1,1e-15,1e-11,0,1.8e-07,1,7.96824e-07
1.1,1e-15,1e-11,0,3.6e-07,1,9.22131e-07
1.1,1e-15,1e-11,25,1.8e-07,1,7.99197e-07
1.1,1e-15,1e-11,25,3.6e-07,1,9.26684e-07
1.1,1e-15,1e-11,75,1.8e-07,1,8.0599e-07
1.1,1e-15,1e-11,75,3.6e-07,1,9.36002e-07
1.1,1e-15,1e-11,100,1.8e-07,1,8.09896e-07
1.1,1e-15,1e-11,100,3.6e-07,1,9.41561e-07
1.1,1e-15,1e-11,125,1.8e-07,1,8.13884e-07
1.1,1e-15,1e-11,125,3.6e-07,1,9.4757e-07
1.1,1e-15,5e-11,-40,1.8e-07,1,9.4863e-07
1.1,1e-15,5e-11,-40,3.6e-07,1,1.13459e-06
1.1,1e-15,5e-11,-25,1.8e-07,1,9.23789e-07
1.1,1e-15,5e-11,-25,3.6e-07,1,1.10393e-06
1.1,1e-15,5e-11,0,1.8e-07,1,8.93806e-07
1.1,1e-15,5e-11,0,3.6e-07,1,1.06477e-06
1.1,1e-15,5e-11,25,1.8e-07,1,8.73023e-07
1.1,1e-15,5e-11,25,3.6e-07,1,1.03631e-06
1.1,1e-15,5e-11,75,1.8e-07,1,8.49412e-07
1.1,1e-15,5e-11,75,3.6e-07,1,1.00076e-06
1.1,1e-15,5e-11,100,1.8e-07,1,8.43254e-07
1.1,1e-15,5e-11,100,3.6e-07,1,9.9119e-07
1.1,1e-15,5e-11,125,1.8e-07,1,8.39574e-07
1.1,1e-15,5e-11,125,3.6e-07,1,9.84912e-07
1.1,1e-15,1e-10,-40,1.8e-07,1,1.26768e-06
1.1,1e-15,1e-10,-40,3.6e-07,1,1.5655e-06
1.1,1e-15,1e-10,-25,1.8e-07,1,1.20941e-06
1.1,1e-15,1e-10,-25,3.6e-07,1,1.49885e-06
1.1,1e-15,1e-10,0,1.8e-07,1,1.13239e-06
1.1,1e-15,1e-10,0,3.6e-07,1,1.4052e-06
1.1,1e-15,1e-10,25,1.8e-07,1,1.07387e-06
1.1,1e-15,1e-10,25,3.6e-07,1,1.32955e-06
1.1,1e-15,1e-10,75,1.8e-07,1,9.94444e-07
1.1,1e-15,1e-10,75,3.6e-07,1,1.2205e-06
1.1,1e-15,1e-10,100,1.8e-07,1,9.67973e-07
1.1,1e-15,1e-10,100,3.6e-07,1,1.18235e-06
1.1,1e-15,1e-10,125,1.8e-07,1,9.4767e-07
1.1,1e-15,1e-10,125,3.6e-07,1,1.15241e-06
1.1,1e-15,2e-10,-40,1.8e-07,1,2.05813e-06
1.1,1e-15,2e-10,-40,3.6e-07,1,2.59197e-06
1.1,1e-15,2e-10,-25,1.8e-07,1,1.93231e-06
1.1,1e-15,2e-10,-25,3.6e-07,1,2.45314e-06
1.1,1e-15,2e-10,0,1.8e-07,1,1.75552e-06
1.1,1e-15,2e-10,0,3.6e-07,1,2.24862e-06
1.1,1e-15,2e-10,25,1.8e-07,1,1.61246e-06
1.1,1e-15,2e-10,25,3.6e-07,1,2.07463e-06
1.1,1e-15,2e-10,75,1.8e-07,1,1.40304e-06
1.1,1e-15,2e-10,75,3.6e-07,1,1.80594e-06
1.1,1e-15,2e-10,100,1.8e-07,1,1.32733e-06
1.1,1e-15,2e-10,100,3.6e-07,1,1.70447e-06
1.1,1e-15,2e-10,125,1.8e-07,1,1.26607e-06
1.1,1e-15,2e-10,125,3.6e-07,1,1.62064e-06
1.1,1e-15,4e-10,-40,1.8e-07,1,3.82181e-06
1.1,1e-15,4e-10,-40,3.6e-07,1,4.86918e-06
1.1,1e-15,4e-10,-25,1.8e-07,1,3.56174e-06
1.1,1e-15,4e-10,-25,3.6e-07,1,4.58424e-06
1.1,1e-15,4e-10,0,1.8e-07,1,3.18676e-06
1.1,1e-15,4e-10,0,3.6e-07,1,4.15564e-06
1.1,1e-15,4e-10,25,1.8e-07,1,2.87487e-06
1.1,1e-15,4e-10,25,3.6e-07,1,3.78312e-06
1.1,1e-15,4e-10,75,1.8e-07,1,2.39989e-06
1.1,1e-15,4e-10,75,3.6e-07,1,3.18899e-06
1.1,1e-15,4e-10,100,1.8e-07,1,2.22055e-06
1.1,1e-15,4e-10,100,3.6e-07,1,2.95665e-06
1.1,1e-15,4e-10,125,1.8e-07,1,2.07123e-06
1.1,1e-15,4e-10,125,3.6e-07,1,2.75993e-06
1.1,5.454545454545455e-15,1e-11,-40,1.8e-07,1,3.50106e-06
1.1,5.454545454545455e-15,1e-11,-40,3.6e-07,1,3.63266e-06
1.1,5.454545454545455e-15,1e-11,-25,1.8e-07,1,3.50266e-06
1.1,5.454545454545455e-15,1e-11,-25,3.6e-07,1,3.63697e-06
1.1,5.454545454545455e-15,1e-11,0,1.8e-07,1,3.50513e-06
1.1,5.454545454545455e-15,1e-11,0,3.6e-07,1,3.64333e-06
1.1,5.454545454545455e-15,1e-11,25,1.8e-07,1,3.50842e-06
1.1,5.454545454545455e-15,1e-11,25,3.6e-07,1,3.64822e-06
1.1,5.454545454545455e-15,1e-11,75,1.8e-07,1,3.51446e-06
1.1,5.454545454545455e-15,1e-11,75,3.6e-07,1,3.65759e-06
1.1,5.454545454545455e-15,1e-11,100,1.8e-07,1,3.51689e-06
1.1,5.454545454545455e-15,1e-11,100,3.6e-07,1,3.662e-06
1.1,5.454545454545455e-15,1e-11,125,1.8e-07,1,3.5192e-06
1.1,5.454545454545455e-15,1e-11,125,3.6e-07,1,3.66705e-06
1.1,5.454545454545455e-15,5e-11,-40,1.8e-07,1,3.55858e-06
1.1,5.454545454545455e-15,5e-11,-40,3.6e-07,1,3.71332e-06
1.1,5.454545454545455e-15,5e-11,-25,1.8e-07,1,3.54445e-06
1.1,5.454545454545455e-15,5e-11,-25,3.6e-07,1,3.69517e-06
1.1,5.454545454545455e-15,5e-11,0,1.8e-07,1,3.53099e-06
1.1,5.454545454545455e-15,5e-11,0,3.6e-07,1,3.67733e-06
1.1,5.454545454545455e-15,5e-11,25,1.8e-07,1,3.52493e-06
1.1,5.454545454545455e-15,5e-11,25,3.6e-07,1,3.66726e-06
1.1,5.454545454545455e-15,5e-11,75,1.8e-07,1,3.5213e-06
1.1,5.454545454545455e-15,5e-11,75,3.6e-07,1,3.66164e-06
1.1,5.454545454545455e-15,5e-11,100,1.8e-07,1,3.5209e-06
1.1,5.454545454545455e-15,5e-11,100,3.6e-07,1,3.66199e-06
1.1,5.454545454545455e-15,5e-11,125,1.8e-07,1,3.52164e-06
1.1,5.454545454545455e-15,5e-11,125,3.6e-07,1,3.66464e-06
1.1,5.454545454545455e-15,1e-10,-40,1.8e-07,1,3.72923e-06
1.1,5.454545454545455e-15,1e-10,-40,3.6e-07,1,3.97822e-06
1.1,5.454545454545455e-15,1e-10,-25,1.8e-07,1,3.68762e-06
1.1,5.454545454545455e-15,1e-10,-25,3.6e-07,1,3.92271e-06
1.1,5.454545454545455e-15,1e-10,0,1.8e-07,1,3.64126e-06
1.1,5.454545454545455e-15,1e-10,0,3.6e-07,1,3.8555e-06
1.1,5.454545454545455e-15,1e-10,25,1.8e-07,1,3.60968e-06
1.1,5.454545454545455e-15,1e-10,25,3.6e-07,1,3.80905e-06
1.1,5.454545454545455e-15,1e-10,75,1.8e-07,1,3.57595e-06
1.1,5.454545454545455e-15,1e-10,75,3.6e-07,1,3.75325e-06
1.1,5.454545454545455e-15,1e-10,100,1.8e-07,1,3.56595e-06
1.1,5.454545454545455e-15,1e-10,100,3.6e-07,1,3.73742e-06
1.1,5.454545454545455e-15,1e-10,125,1.8e-07,1,3.55921e-06
1.1,5.454545454545455e-15,1e-10,125,3.6e-07,1,3.72677e-06
1.1,5.454545454545455e-15,2e-10,-40,1.8e-07,1,4.20057e-06
1.1,5.454545454545455e-15,2e-10,-40,3.6e-07,1,4.68058e-06
1.1,5.454545454545455e-15,2e-10,-25,1.8e-07,1,4.0982e-06
1.1,5.454545454545455e-15,2e-10,-25,3.6e-07,1,4.54959e-06
1.1,5.454545454545455e-15,2e-10,0,1.8e-07,1,3.97223e-06
1.1,5.454545454545455e-15,2e-10,0,3.6e-07,1,4.37698e-06
1.1,5.454545454545455e-15,2e-10,25,1.8e-07,1,3.88205e-06
1.1,5.454545454545455e-15,2e-10,25,3.6e-07,1,4.246e-06
1.1,5.454545454545455e-15,2e-10,75,1.8e-07,1,3.76606e-06
1.1,5.454545454545455e-15,2e-10,75,3.6e-07,1,4.06736e-06
1.1,5.454545454545455e-15,2e-10,100,1.8e-07,1,3.72796e-06
1.1,5.454545454545455e-15,2e-10,100,3.6e-07,1,4.00781e-06
1.1,5.454545454545455e-15,2e-10,125,1.8e-07,1,3.69841e-06
1.1,5.454545454545455e-15,2e-10,125,3.6e-07,1,3.96014e-06
1.1,5.454545454545455e-15,4e-10,-40,1.8e-07,1,5.42534e-06
1.1,5.454545454545455e-15,4e-10,-40,3.6e-07,1,6.39902e-06
1.1,5.454545454545455e-15,4e-10,-25,1.8e-07,1,5.19267e-06
1.1,5.454545454545455e-15,4e-10,-25,3.6e-07,1,6.12571e-06
1.1,5.454545454545455e-15,4e-10,0,1.8e-07,1,4.88631e-06
1.1,5.454545454545455e-15,4e-10,0,3.6e-07,1,5.74052e-06
1.1,5.454545454545455e-15,4e-10,25,1.8e-07,1,4.65365e-06
1.1,5.454545454545455e-15,4e-10,25,3.6e-07,1,5.42765e-06
1.1,5.454545454545455e-15,4e-10,75,1.8e-07,1,4.33038e-06
1.1,5.454545454545455e-15,4e-10,75,3.6e-07,1,4.96504e-06
1.1,5.454545454545455e-15,4e-10,100,1.8e-07,1,4.21794e-06
1.1,5.454545454545455e-15,4e-10,100,3.6e-07,1,4.79634e-06
1.1,5.454545454545455e-15,4e-10,125,1.8e-07,1,4.12794e-06
1.1,5.454545454545455e-15,4e-10,125,3.6e-07,1,4.65913e-06
1.1,9.909090909090907e-15,1e-11,-40,1.8e-07,1,6.20016e-06
1.1,9.909090909090907e-15,1e-11,-40,3.6e-07,1,6.33785e-06
1.1,9.909090909090907e-15,1e-11,-25,1.8e-07,1,6.20151e-06
1.1,9.909090909090907e-15,1e-11,-25,3.6e-07,1,6.34056e-06
1.1,9.909090909090907e-15,1e-11,0,1.8e-07,1,6.20521e-06
1.1,9.909090909090907e-15,1e-11,0,3.6e-07,1,6.34552e-06
1.1,9.909090909090907e-15,1e-11,25,1.8e-07,1,6.20678e-06
1.1,9.909090909090907e-15,1e-11,25,3.6e-07,1,6.34914e-06
1.1,9.909090909090907e-15,1e-11,75,1.8e-07,1,6.21098e-06
1.1,9.909090909090907e-15,1e-11,75,3.6e-07,1,6.3594e-06
1.1,9.909090909090907e-15,1e-11,100,1.8e-07,1,6.21312e-06
1.1,9.909090909090907e-15,1e-11,100,3.6e-07,1,6.36331e-06
1.1,9.909090909090907e-15,1e-11,125,1.8e-07,1,6.21526e-06
1.1,9.909090909090907e-15,1e-11,125,3.6e-07,1,6.36614e-06
1.1,9.909090909090907e-15,5e-11,-40,1.8e-07,1,6.23494e-06
1.1,9.909090909090907e-15,5e-11,-40,3.6e-07,1,6.38587e-06
1.1,9.909090909090907e-15,5e-11,-25,1.8e-07,1,6.2252e-06
1.1,9.909090909090907e-15,5e-11,-25,3.6e-07,1,6.37187e-06
1.1,9.909090909090907e-15,5e-11,0,1.8e-07,1,6.21817e-06
1.1,9.909090909090907e-15,5e-11,0,3.6e-07,1,6.35967e-06
1.1,9.909090909090907e-15,5e-11,25,1.8e-07,1,6.21429e-06
1.1,9.909090909090907e-15,5e-11,25,3.6e-07,1,6.35397e-06
1.1,9.909090909090907e-15,5e-11,75,1.8e-07,1,6.21256e-06
1.1,9.909090909090907e-15,5e-11,75,3.6e-07,1,6.35642e-06
1.1,9.909090909090907e-15,5e-11,100,1.8e-07,1,6.21357e-06
1.1,9.909090909090907e-15,5e-11,100,3.6e-07,1,6.35864e-06
1.1,9.909090909090907e-15,5e-11,125,1.8e-07,1,6.215e-06
1.1,9.909090909090907e-15,5e-11,125,3.6e-07,1,6.36121e-06
1.1,9.909090909090907e-15,1e-10,-40,1.8e-07,1,6.36171e-06
1.1,9.909090909090907e-15,1e-10,-40,3.6e-07,1,6.58204e-06
1.1,9.909090909090907e-15,1e-10,-25,1.8e-07,1,6.32863e-06
1.1,9.909090909090907e-15,1e-10,-25,3.6e-07,1,6.53565e-06
1.1,9.909090909090907e-15,1e-10,0,1.8e-07,1,6.29361e-06
1.1,9.909090909090907e-15,1e-10,0,3.6e-07,1,6.4836e-06
1.1,9.909090909090907e-15,1e-10,25,1.8e-07,1,6.27163e-06
1.1,9.909090909090907e-15,1e-10,25,3.6e-07,1,6.44938e-06
1.1,9.909090909090907e-15,1e-10,75,1.8e-07,1,6.24839e-06
1.1,9.909090909090907e-15,1e-10,75,3.6e-07,1,6.41521e-06
1.1,9.909090909090907e-15,1e-10,100,1.8e-07,1,6.24276e-06
1.1,9.909090909090907e-15,1e-10,100,3.6e-07,1,6.40609e-06
1.1,9.909090909090907e-15,1e-10,125,1.8e-07,1,6.23913e-06
1.1,9.909090909090907e-15,1e-10,125,3.6e-07,1,6.40003e-06
1.1,9.909090909090907e-15,2e-10,-40,1.8e-07,1,6.73356e-06
1.1,9.909090909090907e-15,2e-10,-40,3.6e-07,1,7.15084e-06
1.1,9.909090909090907e-15,2e-10,-25,1.8e-07,1,6.64455e-06
1.1,9.909090909090907e-15,2e-10,-25,3.6e-07,1,7.03153e-06
1.1,9.909090909090907e-15,2e-10,0,1.8e-07,1,6.54014e-06
1.1,9.909090909090907e-15,2e-10,0,3.6e-07,1,6.8832e-06
1.1,9.909090909090907e-15,2e-10,25,1.8e-07,1,6.47007e-06
1.1,9.909090909090907e-15,2e-10,25,3.6e-07,1,6.77653e-06
1.1,9.909090909090907e-15,2e-10,75,1.8e-07,1,6.38159e-06
1.1,9.909090909090907e-15,2e-10,75,3.6e-07,1,6.64035e-06
1.1,9.909090909090907e-15,2e-10,100,1.8e-07,1,6.35427e-06
1.1,9.909090909090907e-15,2e-10,100,3.6e-07,1,6.5965e-06
1.1,9.909090909090907e-15,2e-10,125,1.8e-07,1,6.3335e-06
1.1,9.909090909090907e-15,2e-10,125,3.6e-07,1,6.56249e-06
1.1,9.909090909090907e-15,4e-10,-40,1.8e-07,1,7.72462e-06
1.1,9.909090909090907e-15,4e-10,-40,3.6e-07,1,8.62186e-06
1.1,9.909090909090907e-15,4e-10,-25,1.8e-07,1,7.51311e-06
1.1,9.909090909090907e-15,4e-10,-25,3.6e-07,1,8.35429e-06
1.1,9.909090909090907e-15,4e-10,0,1.8e-07,1,7.24991e-06
1.1,9.909090909090907e-15,4e-10,0,3.6e-07,1,7.99595e-06
1.1,9.909090909090907e-15,4e-10,25,1.8e-07,1,7.05664e-06
1.1,9.909090909090907e-15,4e-10,25,3.6e-07,1,7.71855e-06
1.1,9.909090909090907e-15,4e-10,75,1.8e-07,1,6.8e-06
1.1,9.909090909090907e-15,4e-10,75,3.6e-07,1,7.33021e-06
1.1,9.909090909090907e-15,4e-10,100,1.8e-07,1,6.71316e-06
1.1,9.909090909090907e-15,4e-10,100,3.6e-07,1,7.19415e-06
1.1,9.909090909090907e-15,4e-10,125,1.8e-07,1,6.64391e-06
1.1,9.909090909090907e-15,4e-10,125,3.6e-07,1,7.08543e-06
1.1,1.436363636363636e-14,1e-11,-40,1.8e-07,1,8.89663e-06
1.1,1.436363636363636e-14,1e-11,-40,3.6e-07,1,9.03799e-06
1.1,1.436363636363636e-14,1e-11,-25,1.8e-07,1,8.89977e-06
1.1,1.436363636363636e-14,1e-11,-25,3.6e-07,1,9.04096e-06
1.1,1.436363636363636e-14,1e-11,0,1.8e-07,1,8.90087e-06
1.1,1.436363636363636e-14,1e-11,0,3.6e-07,1,9.04446e-06
1.1,1.436363636363636e-14,1e-11,25,1.8e-07,1,8.90221e-06
1.1,1.436363636363636e-14,1e-11,25,3.6e-07,1,9.05022e-06
1.1,1.436363636363636e-14,1e-11,75,1.8e-07,1,8.90683e-06
1.1,1.436363636363636e-14,1e-11,75,3.6e-07,1,9.05663e-06
1.1,1.436363636363636e-14,1e-11,100,1.8e-07,1,8.90851e-06
1.1,1.436363636363636e-14,1e-11,100,3.6e-07,1,9.05885e-06
1.1,1.436363636363636e-14,1e-11,125,1.8e-07,1,8.91005e-06
1.1,1.436363636363636e-14,1e-11,125,3.6e-07,1,9.06151e-06
1.1,1.436363636363636e-14,5e-11,-40,1.8e-07,1,8.9227e-06
1.1,1.436363636363636e-14,5e-11,-40,3.6e-07,1,9.06751e-06
1.1,1.436363636363636e-14,5e-11,-25,1.8e-07,1,8.91579e-06
1.1,1.436363636363636e-14,5e-11,-25,3.6e-07,1,9.05873e-06
1.1,1.436363636363636e-14,5e-11,0,1.8e-07,1,8.9092e-06
1.1,1.436363636363636e-14,5e-11,0,3.6e-07,1,9.05129e-06
1.1,1.436363636363636e-14,5e-11,25,1.8e-07,1,8.90637e-06
1.1,1.436363636363636e-14,5e-11,25,3.6e-07,1,9.04974e-06
1.1,1.436363636363636e-14,5e-11,75,1.8e-07,1,8.90645e-06
1.1,1.436363636363636e-14,5e-11,75,3.6e-07,1,9.05163e-06
1.1,1.436363636363636e-14,5e-11,100,1.8e-07,1,8.90755e-06
1.1,1.436363636363636e-14,5e-11,100,3.6e-07,1,9.05316e-06
1.1,1.436363636363636e-14,5e-11,125,1.8e-07,1,8.9088e-06
1.1,1.436363636363636e-14,5e-11,125,3.6e-07,1,9.05534e-06
1.1,1.436363636363636e-14,1e-10,-40,1.8e-07,1,9.02391e-06
1.1,1.436363636363636e-14,1e-10,-40,3.6e-07,1,9.22859e-06
1.1,1.436363636363636e-14,1e-10,-25,1.8e-07,1,8.99673e-06
1.1,1.436363636363636e-14,1e-10,-25,3.6e-07,1,9.18979e-06
1.1,1.436363636363636e-14,1e-10,0,1.8e-07,1,8.96756e-06
1.1,1.436363636363636e-14,1e-10,0,3.6e-07,1,9.1464e-06
1.1,1.436363636363636e-14,1e-10,25,1.8e-07,1,8.95114e-06
1.1,1.436363636363636e-14,1e-10,25,3.6e-07,1,9.12153e-06
1.1,1.436363636363636e-14,1e-10,75,1.8e-07,1,8.93354e-06
1.1,1.436363636363636e-14,1e-10,75,3.6e-07,1,9.09543e-06
1.1,1.436363636363636e-14,1e-10,100,1.8e-07,1,8.92919e-06
1.1,1.436363636363636e-14,1e-10,100,3.6e-07,1,9.08838e-06
1.1,1.436363636363636e-14,1e-10,125,1.8e-07,1,8.92634e-06
1.1,1.436363636363636e-14,1e-10,125,3.6e-07,1,9.08463e-06
1.1,1.436363636363636e-14,2e-10,-40,1.8e-07,1,9.33888e-06
1.1,1.436363636363636e-14,2e-10,-40,3.6e-07,1,9.71605e-06
1.1,1.436363636363636e-14,2e-10,-25,1.8e-07,1,9.25894e-06
1.1,1.436363636363636e-14,2e-10,-25,3.6e-07,1,9.60681e-06
1.1,1.436363636363636e-14,2e-10,0,1.8e-07,1,9.16887e-06
1.1,1.436363636363636e-14,2e-10,0,3.6e-07,1,9.47735e-06
1.1,1.436363636363636e-14,2e-10,25,1.8e-07,1,9.10847e-06
1.1,1.436363636363636e-14,2e-10,25,3.6e-07,1,9.38577e-06
1.1,1.436363636363636e-14,2e-10,75,1.8e-07,1,9.03719e-06
1.1,1.436363636363636e-14,2e-10,75,3.6e-07,1,9.27348e-06
1.1,1.436363636363636e-14,2e-10,100,1.8e-07,1,9.01548e-06
1.1,1.436363636363636e-14,2e-10,100,3.6e-07,1,9.23753e-06
1.1,1.436363636363636e-14,2e-10,125,1.8e-07,1,8.99877e-06
1.1,1.436363636363636e-14,2e-10,125,3.6e-07,1,9.211e-06
1.1,1.436363636363636e-14,4e-10,-40,1.8e-07,1,1.02012e-05
1.1,1.436363636363636e-14,4e-10,-40,3.6e-07,1,1.10227e-05
1.1,1.436363636363636e-14,4e-10,-25,1.8e-07,1,1.00056e-05
1.1,1.436363636363636e-14,4e-10,-25,3.6e-07,1,1.07651e-05
1.1,1.436363636363636e-14,4e-10,0,1.8e-07,1,9.76745e-06
1.1,1.436363636363636e-14,4e-10,0,3.6e-07,1,1.04325e-05
1.1,1.436363636363636e-14,4e-10,25,1.8e-07,1,9.59793e-06
1.1,1.436363636363636e-14,4e-10,25,3.6e-07,1,1.01831e-05
1.1,1.436363636363636e-14,4e-10,75,1.8e-07,1,9.37675e-06
1.1,1.436363636363636e-14,4e-10,75,3.6e-07,1,9.84392e-06
1.1,1.436363636363636e-14,4e-10,100,1.8e-07,1,9.29713e-06
1.1,1.436363636363636e-14,4e-10,100,3.6e-07,1,9.72842e-06
1.1,1.436363636363636e-14,4e-10,125,1.8e-07,1,9.21964e-06
1.1,1.436363636363636e-14,4e-10,125,3.6e-07,1,9.63704e-06
1.1,1.8818181818181816e-14,1e-11,-40,1.8e-07,1,1.15948e-05
1.1,1.8818181818181816e-14,1e-11,-40,3.6e-07,1,1.1736e-05
1.1,1.8818181818181816e-14,1e-11,-25,1.8e-07,1,1.1595e-05
1.1,1.8818181818181816e-14,1e-11,-25,3.6e-07,1,1.17378e-05
1.1,1.8818181818181816e-14,1e-11,0,1.8e-07,1,1.1596e-05
1.1,1.8818181818181816e-14,1e-11,0,3.6e-07,1,1.17429e-05
1.1,1.8818181818181816e-14,1e-11,25,1.8e-07,1,1.15977e-05
1.1,1.8818181818181816e-14,1e-11,25,3.6e-07,1,1.17473e-05
1.1,1.8818181818181816e-14,1e-11,75,1.8e-07,1,1.1602e-05
1.1,1.8818181818181816e-14,1e-11,75,3.6e-07,1,1.17517e-05
1.1,1.8818181818181816e-14,1e-11,100,1.8e-07,1,1.16032e-05
1.1,1.8818181818181816e-14,1e-11,100,3.6e-07,1,1.17545e-05
1.1,1.8818181818181816e-14,1e-11,125,1.8e-07,1,1.16036e-05
1.1,1.8818181818181816e-14,1e-11,125,3.6e-07,1,1.17563e-05
1.1,1.8818181818181816e-14,5e-11,-40,1.8e-07,1,1.16136e-05
1.1,1.8818181818181816e-14,5e-11,-40,3.6e-07,1,1.17567e-05
1.1,1.8818181818181816e-14,5e-11,-25,1.8e-07,1,1.16072e-05
1.1,1.8818181818181816e-14,5e-11,-25,3.6e-07,1,1.17493e-05
1.1,1.8818181818181816e-14,5e-11,0,1.8e-07,1,1.1602e-05
1.1,1.8818181818181816e-14,5e-11,0,3.6e-07,1,1.17444e-05
1.1,1.8818181818181816e-14,5e-11,25,1.8e-07,1,1.16003e-05
1.1,1.8818181818181816e-14,5e-11,25,3.6e-07,1,1.17443e-05
1.1,1.8818181818181816e-14,5e-11,75,1.8e-07,1,1.16007e-05
1.1,1.8818181818181816e-14,5e-11,75,3.6e-07,1,1.17455e-05
1.1,1.8818181818181816e-14,5e-11,100,1.8e-07,1,1.16016e-05
1.1,1.8818181818181816e-14,5e-11,100,3.6e-07,1,1.17479e-05
1.1,1.8818181818181816e-14,5e-11,125,1.8e-07,1,1.16015e-05
1.1,1.8818181818181816e-14,5e-11,125,3.6e-07,1,1.175e-05
1.1,1.8818181818181816e-14,1e-10,-40,1.8e-07,1,1.16993e-05
1.1,1.8818181818181816e-14,1e-10,-40,3.6e-07,1,1.18947e-05
1.1,1.8818181818181816e-14,1e-10,-25,1.8e-07,1,1.1674e-05
1.1,1.8818181818181816e-14,1e-10,-25,3.6e-07,1,1.18595e-05
1.1,1.8818181818181816e-14,1e-10,0,1.8e-07,1,1.1649e-05
1.1,1.8818181818181816e-14,1e-10,0,3.6e-07,1,1.1824e-05
1.1,1.8818181818181816e-14,1e-10,25,1.8e-07,1,1.16351e-05
1.1,1.8818181818181816e-14,1e-10,25,3.6e-07,1,1.18032e-05
1.1,1.8818181818181816e-14,1e-10,75,1.8e-07,1,1.16218e-05
1.1,1.8818181818181816e-14,1e-10,75,3.6e-07,1,1.1781e-05
1.1,1.8818181818181816e-14,1e-10,100,1.8e-07,1,1.16183e-05
1.1,1.8818181818181816e-14,1e-10,100,3.6e-07,1,1.17766e-05
1.1,1.8818181818181816e-14,1e-10,125,1.8e-07,1,1.16142e-05
1.1,1.8818181818181816e-14,1e-10,125,3.6e-07,1,1.17737e-05
1.1,1.8818181818181816e-14,2e-10,-40,1.8e-07,1,1.19742e-05
1.1,1.8818181818181816e-14,2e-10,-40,3.6e-07,1,1.23248e-05
1.1,1.8818181818181816e-14,2e-10,-25,1.8e-07,1,1.19012e-05
1.1,1.8818181818181816e-14,2e-10,-25,3.6e-07,1,1.22237e-05
1.1,1.8818181818181816e-14,2e-10,0,1.8e-07,1,1.18202e-05
1.1,1.8818181818181816e-14,2e-10,0,3.6e-07,1,1.21055e-05
1.1,1.8818181818181816e-14,2e-10,25,1.8e-07,1,1.17684e-05
1.1,1.8818181818181816e-14,2e-10,25,3.6e-07,1,1.20274e-05
1.1,1.8818181818181816e-14,2e-10,75,1.8e-07,1,1.1708e-05
1.1,1.8818181818181816e-14,2e-10,75,3.6e-07,1,1.19293e-05
1.1,1.8818181818181816e-14,2e-10,100,1.8e-07,1,1.16882e-05
1.1,1.8818181818181816e-14,2e-10,100,3.6e-07,1,1.18999e-05
1.1,1.8818181818181816e-14,2e-10,125,1.8e-07,1,1.16675e-05
1.1,1.8818181818181816e-14,2e-10,125,3.6e-07,1,1.1877e-05
1.1,1.8818181818181816e-14,4e-10,-40,1.8e-07,1,1.27491e-05
1.1,1.8818181818181816e-14,4e-10,-40,3.6e-07,1,1.35076e-05
1.1,1.8818181818181816e-14,4e-10,-25,1.8e-07,1,1.25641e-05
1.1,1.8818181818181816e-14,4e-10,-25,3.6e-07,1,1.32616e-05
1.1,1.8818181818181816e-14,4e-10,0,1.8e-07,1,1.23455e-05
1.1,1.8818181818181816e-14,4e-10,0,3.6e-07,1,1.29521e-05
1.1,1.8818181818181816e-14,4e-10,25,1.8e-07,1,1.21925e-05
1.1,1.8818181818181816e-14,4e-10,25,3.6e-07,1,1.27245e-05
1.1,1.8818181818181816e-14,4e-10,75,1.8e-07,1,1.1977e-05
1.1,1.8818181818181816e-14,4e-10,75,3.6e-07,1,1.24215e-05
1.1,1.8818181818181816e-14,4e-10,100,1.8e-07,1,1.18643e-05
1.1,1.8818181818181816e-14,4e-10,100,3.6e-07,1,1.23199e-05
1.1,1.8818181818181816e-14,4e-10,125,1.8e-07,1,1.17149e-05
1.1,1.8818181818181816e-14,4e-10,125,3.6e-07,1,1.22395e-05
1.1,2.3272727272727276e-14,1e-11,-40,1.8e-07,1,1.42893e-05
1.1,2.3272727272727276e-14,1e-11,-40,3.6e-07,1,1.44318e-05
1.1,2.3272727272727276e-14,1e-11,-25,1.8e-07,1,1.42899e-05
1.1,2.3272727272727276e-14,1e-11,-25,3.6e-07,1,1.44353e-05
1.1,2.3272727272727276e-14,1e-11,0,1.8e-07,1,1.42915e-05
1.1,2.3272727272727276e-14,1e-11,0,3.6e-07,1,1.44404e-05
1.1,2.3272727272727276e-14,1e-11,25,1.8e-07,1,1.42931e-05
1.1,2.3272727272727276e-14,1e-11,25,3.6e-07,1,1.44427e-05
1.1,2.3272727272727276e-14,1e-11,75,1.8e-07,1,1.42969e-05
1.1,2.3272727272727276e-14,1e-11,75,3.6e-07,1,1.44474e-05
1.1,2.3272727272727276e-14,1e-11,100,1.8e-07,1,1.4296e-05
1.1,2.3272727272727276e-14,1e-11,100,3.6e-07,1,1.44487e-05
1.1,2.3272727272727276e-14,1e-11,125,1.8e-07,1,1.42893e-05
1.1,2.3272727272727276e-14,1e-11,125,3.6e-07,1,1.44474e-05
1.1,2.3272727272727276e-14,5e-11,-40,1.8e-07,1,1.43043e-05
1.1,2.3272727272727276e-14,5e-11,-40,3.6e-07,1,1.44473e-05
1.1,2.3272727272727276e-14,5e-11,-25,1.8e-07,1,1.4299e-05
1.1,2.3272727272727276e-14,5e-11,-25,3.6e-07,1,1.44416e-05
1.1,2.3272727272727276e-14,5e-11,0,1.8e-07,1,1.42961e-05
1.1,2.3272727272727276e-14,5e-11,0,3.6e-07,1,1.44396e-05
1.1,2.3272727272727276e-14,5e-11,25,1.8e-07,1,1.42945e-05
1.1,2.3272727272727276e-14,5e-11,25,3.6e-07,1,1.4438e-05
1.1,2.3272727272727276e-14,5e-11,75,1.8e-07,1,1.42949e-05
1.1,2.3272727272727276e-14,5e-11,75,3.6e-07,1,1.44404e-05
1.1,2.3272727272727276e-14,5e-11,100,1.8e-07,1,1.42935e-05
1.1,2.3272727272727276e-14,5e-11,100,3.6e-07,1,1.44421e-05
1.1,2.3272727272727276e-14,5e-11,125,1.8e-07,1,1.42848e-05
1.1,2.3272727272727276e-14,5e-11,125,3.6e-07,1,1.44418e-05
1.1,2.3272727272727276e-14,1e-10,-40,1.8e-07,1,1.43786e-05
1.1,2.3272727272727276e-14,1e-10,-40,3.6e-07,1,1.45686e-05
1.1,2.3272727272727276e-14,1e-10,-25,1.8e-07,1,1.43565e-05
1.1,2.3272727272727276e-14,1e-10,-25,3.6e-07,1,1.45383e-05
1.1,2.3272727272727276e-14,1e-10,0,1.8e-07,1,1.43354e-05
1.1,2.3272727272727276e-14,1e-10,0,3.6e-07,1,1.4507e-05
1.1,2.3272727272727276e-14,1e-10,25,1.8e-07,1,1.43235e-05
1.1,2.3272727272727276e-14,1e-10,25,3.6e-07,1,1.44886e-05
1.1,2.3272727272727276e-14,1e-10,75,1.8e-07,1,1.43119e-05
1.1,2.3272727272727276e-14,1e-10,75,3.6e-07,1,1.44708e-05
1.1,2.3272727272727276e-14,1e-10,100,1.8e-07,1,1.43057e-05
1.1,2.3272727272727276e-14,1e-10,100,3.6e-07,1,1.44669e-05
1.1,2.3272727272727276e-14,1e-10,125,1.8e-07,1,1.429e-05
1.1,2.3272727272727276e-14,1e-10,125,3.6e-07,1,1.44629e-05
1.1,2.3272727272727276e-14,2e-10,-40,1.8e-07,1,1.46248e-05
1.1,2.3272727272727276e-14,2e-10,-40,3.6e-07,1,1.4955e-05
1.1,2.3272727272727276e-14,2e-10,-25,1.8e-07,1,1.45577e-05
1.1,2.3272727272727276e-14,2e-10,-25,3.6e-07,1,1.4861e-05
1.1,2.3272727272727276e-14,2e-10,0,1.8e-07,1,1.44855e-05
1.1,2.3272727272727276e-14,2e-10,0,3.6e-07,1,1.47558e-05
1.1,2.3272727272727276e-14,2e-10,25,1.8e-07,1,1.44397e-05
1.1,2.3272727272727276e-14,2e-10,25,3.6e-07,1,1.46835e-05
1.1,2.3272727272727276e-14,2e-10,75,1.8e-07,1,1.43842e-05
1.1,2.3272727272727276e-14,2e-10,75,3.6e-07,1,1.45978e-05
1.1,2.3272727272727276e-14,2e-10,100,1.8e-07,1,1.43563e-05
1.1,2.3272727272727276e-14,2e-10,100,3.6e-07,1,1.4572e-05
1.1,2.3272727272727276e-14,2e-10,125,1.8e-07,1,1.43081e-05
1.1,2.3272727272727276e-14,2e-10,125,3.6e-07,1,1.45519e-05
1.1,2.3272727272727276e-14,4e-10,-40,1.8e-07,1,1.53335e-05
1.1,2.3272727272727276e-14,4e-10,-40,3.6e-07,1,1.6045e-05
1.1,2.3272727272727276e-14,4e-10,-25,1.8e-07,1,1.51584e-05
1.1,2.3272727272727276e-14,4e-10,-25,3.6e-07,1,1.58095e-05
1.1,2.3272727272727276e-14,4e-10,0,1.8e-07,1,1.49551e-05
1.1,2.3272727272727276e-14,4e-10,0,3.6e-07,1,1.55186e-05
1.1,2.3272727272727276e-14,4e-10,25,1.8e-07,1,1.48107e-05
1.1,2.3272727272727276e-14,4e-10,25,3.6e-07,1,1.53073e-05
1.1,2.3272727272727276e-14,4e-10,75,1.8e-07,1,1.45373e-05
1.1,2.3272727272727276e-14,4e-10,75,3.6e-07,1,1.50323e-05
1.1,2.3272727272727276e-14,4e-10,100,1.8e-07,1,1.4319e-05
1.1,2.3272727272727276e-14,4e-10,100,3.6e-07,1,1.494e-05
1.1,2.3272727272727276e-14,4e-10,125,1.8e-07,1,1.40022e-05
1.1,2.3272727272727276e-14,4e-10,125,3.6e-07,1,1.48624e-05
1.1,2.7727272727272724e-14,1e-11,-40,1.8e-07,1,1.69844e-05
1.1,2.7727272727272724e-14,1e-11,-40,3.6e-07,1,1.71285e-05
1.1,2.7727272727272724e-14,1e-11,-25,1.8e-07,1,1.69853e-05
1.1,2.7727272727272724e-14,1e-11,-25,3.6e-07,1,1.71332e-05
1.1,2.7727272727272724e-14,1e-11,0,1.8e-07,1,1.69867e-05
1.1,2.7727272727272724e-14,1e-11,0,3.6e-07,1,1.71367e-05
1.1,2.7727272727272724e-14,1e-11,25,1.8e-07,1,1.69883e-05
1.1,2.7727272727272724e-14,1e-11,25,3.6e-07,1,1.7137e-05
1.1,2.7727272727272724e-14,1e-11,75,1.8e-07,1,1.69892e-05
1.1,2.7727272727272724e-14,1e-11,75,3.6e-07,1,1.71412e-05
1.1,2.7727272727272724e-14,1e-11,100,1.8e-07,1,1.69792e-05
1.1,2.7727272727272724e-14,1e-11,100,3.6e-07,1,1.71377e-05
1.1,2.7727272727272724e-14,1e-11,125,1.8e-07,1,1.6946e-05
1.1,2.7727272727272724e-14,1e-11,125,3.6e-07,1,1.71249e-05
1.1,2.7727272727272724e-14,5e-11,-40,1.8e-07,1,1.69966e-05
1.1,2.7727272727272724e-14,5e-11,-40,3.6e-07,1,1.71418e-05
1.1,2.7727272727272724e-14,5e-11,-25,1.8e-07,1,1.69922e-05
1.1,2.7727272727272724e-14,5e-11,-25,3.6e-07,1,1.71371e-05
1.1,2.7727272727272724e-14,5e-11,0,1.8e-07,1,1.69907e-05
1.1,2.7727272727272724e-14,5e-11,0,3.6e-07,1,1.71342e-05
1.1,2.7727272727272724e-14,5e-11,25,1.8e-07,1,1.69893e-05
1.1,2.7727272727272724e-14,5e-11,25,3.6e-07,1,1.71322e-05
1.1,2.7727272727272724e-14,5e-11,75,1.8e-07,1,1.69866e-05
1.1,2.7727272727272724e-14,5e-11,75,3.6e-07,1,1.71341e-05
1.1,2.7727272727272724e-14,5e-11,100,1.8e-07,1,1.69746e-05
1.1,2.7727272727272724e-14,5e-11,100,3.6e-07,1,1.71322e-05
1.1,2.7727272727272724e-14,5e-11,125,1.8e-07,1,1.69355e-05
1.1,2.7727272727272724e-14,5e-11,125,3.6e-07,1,1.71227e-05
1.1,2.7727272727272724e-14,1e-10,-40,1.8e-07,1,1.70625e-05
1.1,2.7727272727272724e-14,1e-10,-40,3.6e-07,1,1.72483e-05
1.1,2.7727272727272724e-14,1e-10,-25,1.8e-07,1,1.70428e-05
1.1,2.7727272727272724e-14,1e-10,-25,3.6e-07,1,1.72201e-05
1.1,2.7727272727272724e-14,1e-10,0,1.8e-07,1,1.7024e-05
1.1,2.7727272727272724e-14,1e-10,0,3.6e-07,1,1.71934e-05
1.1,2.7727272727272724e-14,1e-10,25,1.8e-07,1,1.70137e-05
1.1,2.7727272727272724e-14,1e-10,25,3.6e-07,1,1.71762e-05
1.1,2.7727272727272724e-14,1e-10,75,1.8e-07,1,1.69995e-05
1.1,2.7727272727272724e-14,1e-10,75,3.6e-07,1,1.71615e-05
1.1,2.7727272727272724e-14,1e-10,100,1.8e-07,1,1.69792e-05
1.1,2.7727272727272724e-14,1e-10,100,3.6e-07,1,1.71549e-05
1.1,2.7727272727272724e-14,1e-10,125,1.8e-07,1,1.69248e-05
1.1,2.7727272727272724e-14,1e-10,125,3.6e-07,1,1.71437e-05
1.1,2.7727272727272724e-14,2e-10,-40,1.8e-07,1,1.72855e-05
1.1,2.7727272727272724e-14,2e-10,-40,3.6e-07,1,1.76032e-05
1.1,2.7727272727272724e-14,2e-10,-25,1.8e-07,1,1.72235e-05
1.1,2.7727272727272724e-14,2e-10,-25,3.6e-07,1,1.75137e-05
1.1,2.7727272727272724e-14,2e-10,0,1.8e-07,1,1.71594e-05
1.1,2.7727272727272724e-14,2e-10,0,3.6e-07,1,1.74152e-05
1.1,2.7727272727272724e-14,2e-10,25,1.8e-07,1,1.71177e-05
1.1,2.7727272727272724e-14,2e-10,25,3.6e-07,1,1.7349e-05
1.1,2.7727272727272724e-14,2e-10,75,1.8e-07,1,1.70543e-05
1.1,2.7727272727272724e-14,2e-10,75,3.6e-07,1,1.72727e-05
1.1,2.7727272727272724e-14,2e-10,100,1.8e-07,1,1.69934e-05
1.1,2.7727272727272724e-14,2e-10,100,3.6e-07,1,1.72484e-05
1.1,2.7727272727272724e-14,2e-10,125,1.8e-07,1,1.68712e-05
1.1,2.7727272727272724e-14,2e-10,125,3.6e-07,1,1.72259e-05
1.1,2.7727272727272724e-14,4e-10,-40,1.8e-07,1,1.7941e-05
1.1,2.7727272727272724e-14,4e-10,-40,3.6e-07,1,1.86139e-05
1.1,2.7727272727272724e-14,4e-10,-25,1.8e-07,1,1.77749e-05
1.1,2.7727272727272724e-14,4e-10,-25,3.6e-07,1,1.83889e-05
1.1,2.7727272727272724e-14,4e-10,0,1.8e-07,1,1.75822e-05
1.1,2.7727272727272724e-14,4e-10,0,3.6e-07,1,1.8113e-05
1.1,2.7727272727272724e-14,4e-10,25,1.8e-07,1,1.74307e-05
1.1,2.7727272727272724e-14,4e-10,25,3.6e-07,1,1.79167e-05
1.1,2.7727272727272724e-14,4e-10,75,1.8e-07,1,1.69848e-05
1.1,2.7727272727272724e-14,4e-10,75,3.6e-07,1,1.76624e-05
1.1,2.7727272727272724e-14,4e-10,100,1.8e-07,1,1.65684e-05
1.1,2.7727272727272724e-14,4e-10,100,3.6e-07,1,1.75714e-05
1.1,2.7727272727272724e-14,4e-10,125,1.8e-07,1,1.59961e-05
1.1,2.7727272727272724e-14,4e-10,125,3.6e-07,1,1.74795e-05
1.1,3.2181818181818185e-14,1e-11,-40,1.8e-07,1,1.96798e-05
1.1,3.2181818181818185e-14,1e-11,-40,3.6e-07,1,1.9827e-05
1.1,3.2181818181818185e-14,1e-11,-25,1.8e-07,1,1.96806e-05
1.1,3.2181818181818185e-14,1e-11,-25,3.6e-07,1,1.983e-05
1.1,3.2181818181818185e-14,1e-11,0,1.8e-07,1,1.96818e-05
1.1,3.2181818181818185e-14,1e-11,0,3.6e-07,1,1.98305e-05
1.1,3.2181818181818185e-14,1e-11,25,1.8e-07,1,1.96831e-05
1.1,3.2181818181818185e-14,1e-11,25,3.6e-07,1,1.9832e-05
1.1,3.2181818181818185e-14,1e-11,75,1.8e-07,1,1.96725e-05
1.1,3.2181818181818185e-14,1e-11,75,3.6e-07,1,1.98291e-05
1.1,3.2181818181818185e-14,1e-11,100,1.8e-07,1,1.9634e-05
1.1,3.2181818181818185e-14,1e-11,100,3.6e-07,1,1.98112e-05
1.1,3.2181818181818185e-14,1e-11,125,1.8e-07,1,1.95346e-05
1.1,3.2181818181818185e-14,1e-11,125,3.6e-07,1,1.97677e-05
1.1,3.2181818181818185e-14,5e-11,-40,1.8e-07,1,1.96898e-05
1.1,3.2181818181818185e-14,5e-11,-40,3.6e-07,1,1.98354e-05
1.1,3.2181818181818185e-14,5e-11,-25,1.8e-07,1,1.96859e-05
1.1,3.2181818181818185e-14,5e-11,-25,3.6e-07,1,1.98318e-05
1.1,3.2181818181818185e-14,5e-11,0,1.8e-07,1,1.96859e-05
1.1,3.2181818181818185e-14,5e-11,0,3.6e-07,1,1.98277e-05
1.1,3.2181818181818185e-14,5e-11,25,1.8e-07,1,1.9684e-05
1.1,3.2181818181818185e-14,5e-11,25,3.6e-07,1,1.98268e-05
1.1,3.2181818181818185e-14,5e-11,75,1.8e-07,1,1.96688e-05
1.1,3.2181818181818185e-14,5e-11,75,3.6e-07,1,1.98232e-05
1.1,3.2181818181818185e-14,5e-11,100,1.8e-07,1,1.96247e-05
1.1,3.2181818181818185e-14,5e-11,100,3.6e-07,1,1.98098e-05
1.1,3.2181818181818185e-14,5e-11,125,1.8e-07,1,1.95122e-05
1.1,3.2181818181818185e-14,5e-11,125,3.6e-07,1,1.97753e-05
1.1,3.2181818181818185e-14,1e-10,-40,1.8e-07,1,1.97492e-05
1.1,3.2181818181818185e-14,1e-10,-40,3.6e-07,1,1.993e-05
1.1,3.2181818181818185e-14,1e-10,-25,1.8e-07,1,1.97312e-05
1.1,3.2181818181818185e-14,1e-10,-25,3.6e-07,1,1.99064e-05
1.1,3.2181818181818185e-14,1e-10,0,1.8e-07,1,1.97141e-05
1.1,3.2181818181818185e-14,1e-10,0,3.6e-07,1,1.9879e-05
1.1,3.2181818181818185e-14,1e-10,25,1.8e-07,1,1.97046e-05
1.1,3.2181818181818185e-14,1e-10,25,3.6e-07,1,1.98651e-05
1.1,3.2181818181818185e-14,1e-10,75,1.8e-07,1,1.96755e-05
1.1,3.2181818181818185e-14,1e-10,75,3.6e-07,1,1.98483e-05
1.1,3.2181818181818185e-14,1e-10,100,1.8e-07,1,1.9615e-05
1.1,3.2181818181818185e-14,1e-10,100,3.6e-07,1,1.98335e-05
1.1,3.2181818181818185e-14,1e-10,125,1.8e-07,1,1.94733e-05
1.1,3.2181818181818185e-14,1e-10,125,3.6e-07,1,1.98025e-05
1.1,3.2181818181818185e-14,2e-10,-40,1.8e-07,1,1.99533e-05
1.1,3.2181818181818185e-14,2e-10,-40,3.6e-07,1,2.02574e-05
1.1,3.2181818181818185e-14,2e-10,-25,1.8e-07,1,1.98952e-05
1.1,3.2181818181818185e-14,2e-10,-25,3.6e-07,1,2.01741e-05
1.1,3.2181818181818185e-14,2e-10,0,1.8e-07,1,1.98343e-05
1.1,3.2181818181818185e-14,2e-10,0,3.6e-07,1,2.00818e-05
1.1,3.2181818181818185e-14,2e-10,25,1.8e-07,1,1.97956e-05
1.1,3.2181818181818185e-14,2e-10,25,3.6e-07,1,2.00215e-05
1.1,3.2181818181818185e-14,2e-10,75,1.8e-07,1,1.96984e-05
1.1,3.2181818181818185e-14,2e-10,75,3.6e-07,1,1.99504e-05
1.1,3.2181818181818185e-14,2e-10,100,1.8e-07,1,1.95598e-05
1.1,3.2181818181818185e-14,2e-10,100,3.6e-07,1,1.99227e-05
1.1,3.2181818181818185e-14,2e-10,125,1.8e-07,1,1.93001e-05
1.1,3.2181818181818185e-14,2e-10,125,3.6e-07,1,1.98867e-05
1.1,3.2181818181818185e-14,4e-10,-40,1.8e-07,1,2.05645e-05
1.1,3.2181818181818185e-14,4e-10,-40,3.6e-07,1,2.12074e-05
1.1,3.2181818181818185e-14,4e-10,-25,1.8e-07,1,2.04054e-05
1.1,3.2181818181818185e-14,4e-10,-25,3.6e-07,1,2.09897e-05
1.1,3.2181818181818185e-14,4e-10,0,1.8e-07,1,2.02131e-05
1.1,3.2181818181818185e-14,4e-10,0,3.6e-07,1,2.07271e-05
1.1,3.2181818181818185e-14,4e-10,25,1.8e-07,1,2.00238e-05
1.1,3.2181818181818185e-14,4e-10,25,3.6e-07,1,2.05429e-05
1.1,3.2181818181818185e-14,4e-10,75,1.8e-07,1,1.92523e-05
1.1,3.2181818181818185e-14,4e-10,75,3.6e-07,1,2.02995e-05
1.1,3.2181818181818185e-14,4e-10,100,1.8e-07,1,1.85523e-05
1.1,3.2181818181818185e-14,4e-10,100,3.6e-07,1,2.01943e-05
1.1,3.2181818181818185e-14,4e-10,125,1.8e-07,1,1.76616e-05
1.1,3.2181818181818185e-14,4e-10,125,3.6e-07,1,2.00587e-05
1.1,3.663636363636364e-14,1e-11,-40,1.8e-07,1,2.2375e-05
1.1,3.663636363636364e-14,1e-11,-40,3.6e-07,1,2.2523e-05
1.1,3.663636363636364e-14,1e-11,-25,1.8e-07,1,2.23757e-05
1.1,3.663636363636364e-14,1e-11,-25,3.6e-07,1,2.25255e-05
1.1,3.663636363636364e-14,1e-11,0,1.8e-07,1,2.23764e-05
1.1,3.663636363636364e-14,1e-11,0,3.6e-07,1,2.2525e-05
1.1,3.663636363636364e-14,1e-11,25,1.8e-07,1,2.23762e-05
1.1,3.663636363636364e-14,1e-11,25,3.6e-07,1,2.25251e-05
1.1,3.663636363636364e-14,1e-11,75,1.8e-07,1,2.23322e-05
1.1,3.663636363636364e-14,1e-11,75,3.6e-07,1,2.25017e-05
1.1,3.663636363636364e-14,1e-11,100,1.8e-07,1,2.22292e-05
1.1,3.663636363636364e-14,1e-11,100,3.6e-07,1,2.24501e-05
1.1,3.663636363636364e-14,1e-11,125,1.8e-07,1,2.20035e-05
1.1,3.663636363636364e-14,1e-11,125,3.6e-07,1,2.23513e-05
1.1,3.663636363636364e-14,5e-11,-40,1.8e-07,1,2.23835e-05
1.1,3.663636363636364e-14,5e-11,-40,3.6e-07,1,2.25292e-05
1.1,3.663636363636364e-14,5e-11,-25,1.8e-07,1,2.23799e-05
1.1,3.663636363636364e-14,5e-11,-25,3.6e-07,1,2.25262e-05
1.1,3.663636363636364e-14,5e-11,0,1.8e-07,1,2.23782e-05
1.1,3.663636363636364e-14,5e-11,0,3.6e-07,1,2.25216e-05
1.1,3.663636363636364e-14,5e-11,25,1.8e-07,1,2.2377e-05
1.1,3.663636363636364e-14,5e-11,25,3.6e-07,1,2.25204e-05
1.1,3.663636363636364e-14,5e-11,75,1.8e-07,1,2.23263e-05
1.1,3.663636363636364e-14,5e-11,75,3.6e-07,1,2.25004e-05
1.1,3.663636363636364e-14,5e-11,100,1.8e-07,1,2.22114e-05
1.1,3.663636363636364e-14,5e-11,100,3.6e-07,1,2.24598e-05
1.1,3.663636363636364e-14,5e-11,125,1.8e-07,1,2.19626e-05
1.1,3.663636363636364e-14,5e-11,125,3.6e-07,1,2.23742e-05
1.1,3.663636363636364e-14,1e-10,-40,1.8e-07,1,2.24378e-05
1.1,3.663636363636364e-14,1e-10,-40,3.6e-07,1,2.26171e-05
1.1,3.663636363636364e-14,1e-10,-25,1.8e-07,1,2.24209e-05
1.1,3.663636363636364e-14,1e-10,-25,3.6e-07,1,2.25933e-05
1.1,3.663636363636364e-14,1e-10,0,1.8e-07,1,2.24051e-05
1.1,3.663636363636364e-14,1e-10,0,3.6e-07,1,2.25677e-05
1.1,3.663636363636364e-14,1e-10,25,1.8e-07,1,2.23949e-05
1.1,3.663636363636364e-14,1e-10,25,3.6e-07,1,2.25544e-05
1.1,3.663636363636364e-14,1e-10,75,1.8e-07,1,2.23227e-05
1.1,3.663636363636364e-14,1e-10,75,3.6e-07,1,2.25266e-05
1.1,3.663636363636364e-14,1e-10,100,1.8e-07,1,2.21778e-05
1.1,3.663636363636364e-14,1e-10,100,3.6e-07,1,2.24904e-05
1.1,3.663636363636364e-14,1e-10,125,1.8e-07,1,2.18817e-05
1.1,3.663636363636364e-14,1e-10,125,3.6e-07,1,2.24161e-05
1.1,3.663636363636364e-14,2e-10,-40,1.8e-07,1,2.26261e-05
1.1,3.663636363636364e-14,2e-10,-40,3.6e-07,1,2.29194e-05
1.1,3.663636363636364e-14,2e-10,-25,1.8e-07,1,2.25714e-05
1.1,3.663636363636364e-14,2e-10,-25,3.6e-07,1,2.28426e-05
1.1,3.663636363636364e-14,2e-10,0,1.8e-07,1,2.25144e-05
1.1,3.663636363636364e-14,2e-10,0,3.6e-07,1,2.27524e-05
1.1,3.663636363636364e-14,2e-10,25,1.8e-07,1,2.24738e-05
1.1,3.663636363636364e-14,2e-10,25,3.6e-07,1,2.2698e-05
1.1,3.663636363636364e-14,2e-10,75,1.8e-07,1,2.22864e-05
1.1,3.663636363636364e-14,2e-10,75,3.6e-07,1,2.26255e-05
1.1,3.663636363636364e-14,2e-10,100,1.8e-07,1,2.20129e-05
1.1,3.663636363636364e-14,2e-10,100,3.6e-07,1,2.25839e-05
1.1,3.663636363636364e-14,2e-10,125,1.8e-07,1,2.15419e-05
1.1,3.663636363636364e-14,2e-10,125,3.6e-07,1,2.25132e-05
1.1,3.663636363636364e-14,4e-10,-40,1.8e-07,1,2.31991e-05
1.1,3.663636363636364e-14,4e-10,-40,3.6e-07,1,2.38163e-05
1.1,3.663636363636364e-14,4e-10,-25,1.8e-07,1,2.30436e-05
1.1,3.663636363636364e-14,4e-10,-25,3.6e-07,1,2.36054e-05
1.1,3.663636363636364e-14,4e-10,0,1.8e-07,1,2.28343e-05
1.1,3.663636363636364e-14,4e-10,0,3.6e-07,1,2.33551e-05
1.1,3.663636363636364e-14,4e-10,25,1.8e-07,1,2.25566e-05
1.1,3.663636363636364e-14,4e-10,25,3.6e-07,1,2.31808e-05
1.1,3.663636363636364e-14,4e-10,75,1.8e-07,1,2.12912e-05
1.1,3.663636363636364e-14,4e-10,75,3.6e-07,1,2.29323e-05
1.1,3.663636363636364e-14,4e-10,100,1.8e-07,1,2.02444e-05
1.1,3.663636363636364e-14,4e-10,100,3.6e-07,1,2.2786e-05
1.1,3.663636363636364e-14,4e-10,125,1.8e-07,1,1.90139e-05
1.1,3.663636363636364e-14,4e-10,125,3.6e-07,1,2.25614e-05
1.1,4.109090909090909e-14,1e-11,-40,1.8e-07,1,2.50699e-05
1.1,4.109090909090909e-14,1e-11,-40,3.6e-07,1,2.5219e-05
1.1,4.109090909090909e-14,1e-11,-25,1.8e-07,1,2.50704e-05
1.1,4.109090909090909e-14,1e-11,-25,3.6e-07,1,2.52186e-05
1.1,4.109090909090909e-14,1e-11,0,1.8e-07,1,2.50696e-05
1.1,4.109090909090909e-14,1e-11,0,3.6e-07,1,2.52185e-05
1.1,4.109090909090909e-14,1e-11,25,1.8e-07,1,2.50641e-05
1.1,4.109090909090909e-14,1e-11,25,3.6e-07,1,2.52134e-05
1.1,4.109090909090909e-14,1e-11,75,1.8e-07,1,2.49455e-05
1.1,4.109090909090909e-14,1e-11,75,3.6e-07,1,2.51421e-05
1.1,4.109090909090909e-14,1e-11,100,1.8e-07,1,2.47245e-05
1.1,4.109090909090909e-14,1e-11,100,3.6e-07,1,2.50357e-05
1.1,4.109090909090909e-14,1e-11,125,1.8e-07,1,2.42997e-05
1.1,4.109090909090909e-14,1e-11,125,3.6e-07,1,2.48402e-05
1.1,4.109090909090909e-14,5e-11,-40,1.8e-07,1,2.50772e-05
1.1,4.109090909090909e-14,5e-11,-40,3.6e-07,1,2.52243e-05
1.1,4.109090909090909e-14,5e-11,-25,1.8e-07,1,2.50737e-05
1.1,4.109090909090909e-14,5e-11,-25,3.6e-07,1,2.52186e-05
1.1,4.109090909090909e-14,5e-11,0,1.8e-07,1,2.50711e-05
1.1,4.109090909090909e-14,5e-11,0,3.6e-07,1,2.52153e-05
1.1,4.109090909090909e-14,5e-11,25,1.8e-07,1,2.50657e-05
1.1,4.109090909090909e-14,5e-11,25,3.6e-07,1,2.52103e-05
1.1,4.109090909090909e-14,5e-11,75,1.8e-07,1,2.49355e-05
1.1,4.109090909090909e-14,5e-11,75,3.6e-07,1,2.51528e-05
1.1,4.109090909090909e-14,5e-11,100,1.8e-07,1,2.46934e-05
1.1,4.109090909090909e-14,5e-11,100,3.6e-07,1,2.50606e-05
1.1,4.109090909090909e-14,5e-11,125,1.8e-07,1,2.42341e-05
1.1,4.109090909090909e-14,5e-11,125,3.6e-07,1,2.4889e-05
1.1,4.109090909090909e-14,1e-10,-40,1.8e-07,1,2.51274e-05
1.1,4.109090909090909e-14,1e-10,-40,3.6e-07,1,2.53042e-05
1.1,4.109090909090909e-14,1e-10,-25,1.8e-07,1,2.51114e-05
1.1,4.109090909090909e-14,1e-10,-25,3.6e-07,1,2.52796e-05
1.1,4.109090909090909e-14,1e-10,0,1.8e-07,1,2.50959e-05
1.1,4.109090909090909e-14,1e-10,0,3.6e-07,1,2.52571e-05
1.1,4.109090909090909e-14,1e-10,25,1.8e-07,1,2.5081e-05
1.1,4.109090909090909e-14,1e-10,25,3.6e-07,1,2.52422e-05
1.1,4.109090909090909e-14,1e-10,75,1.8e-07,1,2.49151e-05
1.1,4.109090909090909e-14,1e-10,75,3.6e-07,1,2.51858e-05
1.1,4.109090909090909e-14,1e-10,100,1.8e-07,1,2.46252e-05
1.1,4.109090909090909e-14,1e-10,100,3.6e-07,1,2.51065e-05
1.1,4.109090909090909e-14,1e-10,125,1.8e-07,1,2.40986e-05
1.1,4.109090909090909e-14,1e-10,125,3.6e-07,1,2.49556e-05
1.1,4.109090909090909e-14,2e-10,-40,1.8e-07,1,2.53025e-05
1.1,4.109090909090909e-14,2e-10,-40,3.6e-07,1,2.55893e-05
1.1,4.109090909090909e-14,2e-10,-25,1.8e-07,1,2.52507e-05
1.1,4.109090909090909e-14,2e-10,-25,3.6e-07,1,2.55109e-05
1.1,4.109090909090909e-14,2e-10,0,1.8e-07,1,2.51957e-05
1.1,4.109090909090909e-14,2e-10,0,3.6e-07,1,2.54294e-05
1.1,4.109090909090909e-14,2e-10,25,1.8e-07,1,2.51448e-05
1.1,4.109090909090909e-14,2e-10,25,3.6e-07,1,2.53766e-05
1.1,4.109090909090909e-14,2e-10,75,1.8e-07,1,2.47901e-05
1.1,4.109090909090909e-14,2e-10,75,3.6e-07,1,2.52896e-05
1.1,4.109090909090909e-14,2e-10,100,1.8e-07,1,2.43094e-05
1.1,4.109090909090909e-14,2e-10,100,3.6e-07,1,2.52154e-05
1.1,4.109090909090909e-14,2e-10,125,1.8e-07,1,2.35539e-05
1.1,4.109090909090909e-14,2e-10,125,3.6e-07,1,2.50771e-05
1.1,4.109090909090909e-14,4e-10,-40,1.8e-07,1,2.58407e-05
1.1,4.109090909090909e-14,4e-10,-40,3.6e-07,1,2.64363e-05
1.1,4.109090909090909e-14,4e-10,-25,1.8e-07,1,2.56832e-05
1.1,4.109090909090909e-14,4e-10,-25,3.6e-07,1,2.62334e-05
1.1,4.109090909090909e-14,4e-10,0,1.8e-07,1,2.54244e-05
1.1,4.109090909090909e-14,4e-10,0,3.6e-07,1,2.59938e-05
1.1,4.109090909090909e-14,4e-10,25,1.8e-07,1,2.49893e-05
1.1,4.109090909090909e-14,4e-10,25,3.6e-07,1,2.58267e-05
1.1,4.109090909090909e-14,4e-10,75,1.8e-07,1,2.30741e-05
1.1,4.109090909090909e-14,4e-10,75,3.6e-07,1,2.55441e-05
1.1,4.109090909090909e-14,4e-10,100,1.8e-07,1,2.16501e-05
1.1,4.109090909090909e-14,4e-10,100,3.6e-07,1,2.53166e-05
1.1,4.109090909090909e-14,4e-10,125,1.8e-07,1,2.00842e-05
1.1,4.109090909090909e-14,4e-10,125,3.6e-07,1,2.49447e-05
1.1,4.5545454545454544e-14,1e-11,-40,1.8e-07,1,2.77641e-05
1.1,4.5545454545454544e-14,1e-11,-40,3.6e-07,1,2.79124e-05
1.1,4.5545454545454544e-14,1e-11,-25,1.8e-07,1,2.77639e-05
1.1,4.5545454545454544e-14,1e-11,-25,3.6e-07,1,2.79117e-05
1.1,4.5545454545454544e-14,1e-11,0,1.8e-07,1,2.7759e-05
1.1,4.5545454545454544e-14,1e-11,0,3.6e-07,1,2.79079e-05
1.1,4.5545454545454544e-14,1e-11,25,1.8e-07,1,2.77432e-05
1.1,4.5545454545454544e-14,1e-11,25,3.6e-07,1,2.78911e-05
1.1,4.5545454545454544e-14,1e-11,75,1.8e-07,1,2.7482e-05
1.1,4.5545454545454544e-14,1e-11,75,3.6e-07,1,2.77392e-05
1.1,4.5545454545454544e-14,1e-11,100,1.8e-07,1,2.70771e-05
1.1,4.5545454545454544e-14,1e-11,100,3.6e-07,1,2.75368e-05
1.1,4.5545454545454544e-14,1e-11,125,1.8e-07,1,2.63785e-05
1.1,4.5545454545454544e-14,1e-11,125,3.6e-07,1,2.72054e-05
1.1,4.5545454545454544e-14,5e-11,-40,1.8e-07,1,2.77705e-05
1.1,4.5545454545454544e-14,5e-11,-40,3.6e-07,1,2.79166e-05
1.1,4.5545454545454544e-14,5e-11,-25,1.8e-07,1,2.7767e-05
1.1,4.5545454545454544e-14,5e-11,-25,3.6e-07,1,2.79113e-05
1.1,4.5545454545454544e-14,5e-11,0,1.8e-07,1,2.77612e-05
1.1,4.5545454545454544e-14,5e-11,0,3.6e-07,1,2.79063e-05
1.1,4.5545454545454544e-14,5e-11,25,1.8e-07,1,2.77434e-05
1.1,4.5545454545454544e-14,5e-11,25,3.6e-07,1,2.78923e-05
1.1,4.5545454545454544e-14,5e-11,75,1.8e-07,1,2.74655e-05
1.1,4.5545454545454544e-14,5e-11,75,3.6e-07,1,2.77634e-05
1.1,4.5545454545454544e-14,5e-11,100,1.8e-07,1,2.7028e-05
1.1,4.5545454545454544e-14,5e-11,100,3.6e-07,1,2.75876e-05
1.1,4.5545454545454544e-14,5e-11,125,1.8e-07,1,2.62831e-05
1.1,4.5545454545454544e-14,5e-11,125,3.6e-07,1,2.72891e-05
1.1,4.5545454545454544e-14,1e-10,-40,1.8e-07,1,2.78178e-05
1.1,4.5545454545454544e-14,1e-10,-40,3.6e-07,1,2.79898e-05
1.1,4.5545454545454544e-14,1e-10,-25,1.8e-07,1,2.78022e-05
1.1,4.5545454545454544e-14,1e-10,-25,3.6e-07,1,2.79677e-05
1.1,4.5545454545454544e-14,1e-10,0,1.8e-07,1,2.77849e-05
1.1,4.5545454545454544e-14,1e-10,0,3.6e-07,1,2.79454e-05
1.1,4.5545454545454544e-14,1e-10,25,1.8e-07,1,2.77568e-05
1.1,4.5545454545454544e-14,1e-10,25,3.6e-07,1,2.79244e-05
1.1,4.5545454545454544e-14,1e-10,75,1.8e-07,1,2.74209e-05
1.1,4.5545454545454544e-14,1e-10,75,3.6e-07,1,2.78107e-05
1.1,4.5545454545454544e-14,1e-10,100,1.8e-07,1,2.69146e-05
1.1,4.5545454545454544e-14,1e-10,100,3.6e-07,1,2.76584e-05
1.1,4.5545454545454544e-14,1e-10,125,1.8e-07,1,2.60841e-05
1.1,4.5545454545454544e-14,1e-10,125,3.6e-07,1,2.739e-05
1.1,4.5545454545454544e-14,2e-10,-40,1.8e-07,1,2.79815e-05
1.1,4.5545454545454544e-14,2e-10,-40,3.6e-07,1,2.82592e-05
1.1,4.5545454545454544e-14,2e-10,-25,1.8e-07,1,2.7932e-05
1.1,4.5545454545454544e-14,2e-10,-25,3.6e-07,1,2.81854e-05
1.1,4.5545454545454544e-14,2e-10,0,1.8e-07,1,2.78752e-05
1.1,4.5545454545454544e-14,2e-10,0,3.6e-07,1,2.81078e-05
1.1,4.5545454545454544e-14,2e-10,25,1.8e-07,1,2.77983e-05
1.1,4.5545454545454544e-14,2e-10,25,3.6e-07,1,2.80544e-05
1.1,4.5545454545454544e-14,2e-10,75,1.8e-07,1,2.71727e-05
1.1,4.5545454545454544e-14,2e-10,75,3.6e-07,1,2.79304e-05
1.1,4.5545454545454544e-14,2e-10,100,1.8e-07,1,2.6412e-05
1.1,4.5545454545454544e-14,2e-10,100,3.6e-07,1,2.77954e-05
1.1,4.5545454545454544e-14,2e-10,125,1.8e-07,1,2.53107e-05
1.1,4.5545454545454544e-14,2e-10,125,3.6e-07,1,2.7546e-05
1.1,4.5545454545454544e-14,4e-10,-40,1.8e-07,1,2.84852e-05
1.1,4.5545454545454544e-14,4e-10,-40,3.6e-07,1,2.90675e-05
1.1,4.5545454545454544e-14,4e-10,-25,1.8e-07,1,2.83119e-05
1.1,4.5545454545454544e-14,4e-10,-25,3.6e-07,1,2.88696e-05
1.1,4.5545454545454544e-14,4e-10,0,1.8e-07,1,2.79582e-05
1.1,4.5545454545454544e-14,4e-10,0,3.6e-07,1,2.86401e-05
1.1,4.5545454545454544e-14,4e-10,25,1.8e-07,1,2.72847e-05
1.1,4.5545454545454544e-14,4e-10,25,3.6e-07,1,2.84757e-05
1.1,4.5545454545454544e-14,4e-10,75,1.8e-07,1,2.45953e-05
1.1,4.5545454545454544e-14,4e-10,75,3.6e-07,1,2.81135e-05
1.1,4.5545454545454544e-14,4e-10,100,1.8e-07,1,2.27929e-05
1.1,4.5545454545454544e-14,4e-10,100,3.6e-07,1,2.77535e-05
1.1,4.5545454545454544e-14,4e-10,125,1.8e-07,1,2.09182e-05
1.1,4.5545454545454544e-14,4e-10,125,3.6e-07,1,2.7169e-05
1.1,5e-14,1e-11,-40,1.8e-07,1,3.04562e-05
1.1,5e-14,1e-11,-40,3.6e-07,1,3.06036e-05
1.1,5e-14,1e-11,-25,1.8e-07,1,3.04544e-05
1.1,5e-14,1e-11,-25,3.6e-07,1,3.06022e-05
1.1,5e-14,1e-11,0,1.8e-07,1,3.044e-05
1.1,5e-14,1e-11,0,3.6e-07,1,3.05891e-05
1.1,5e-14,1e-11,25,1.8e-07,1,3.03964e-05
1.1,5e-14,1e-11,25,3.6e-07,1,3.05493e-05
1.1,5e-14,1e-11,75,1.8e-07,1,2.99079e-05
1.1,5e-14,1e-11,75,3.6e-07,1,3.02634e-05
1.1,5e-14,1e-11,100,1.8e-07,1,2.92485e-05
1.1,5e-14,1e-11,100,3.6e-07,1,2.99303e-05
1.1,5e-14,1e-11,125,1.8e-07,1,2.8211e-05
1.1,5e-14,1e-11,125,3.6e-07,1,2.942e-05
1.1,5e-14,5e-11,-40,1.8e-07,1,3.04627e-05
1.1,5e-14,5e-11,-40,3.6e-07,1,3.06071e-05
1.1,5e-14,5e-11,-25,1.8e-07,1,3.04581e-05
1.1,5e-14,5e-11,-25,3.6e-07,1,3.06021e-05
1.1,5e-14,5e-11,0,1.8e-07,1,3.04447e-05
1.1,5e-14,5e-11,0,3.6e-07,1,3.05912e-05
1.1,5e-14,5e-11,25,1.8e-07,1,3.04005e-05
1.1,5e-14,5e-11,25,3.6e-07,1,3.05585e-05
1.1,5e-14,5e-11,75,1.8e-07,1,2.98822e-05
1.1,5e-14,5e-11,75,3.6e-07,1,3.0312e-05
1.1,5e-14,5e-11,100,1.8e-07,1,2.91768e-05
1.1,5e-14,5e-11,100,3.6e-07,1,3.00154e-05
1.1,5e-14,5e-11,125,1.8e-07,1,2.8082e-05
1.1,5e-14,5e-11,125,3.6e-07,1,2.95466e-05
1.1,5e-14,1e-10,-40,1.8e-07,1,3.05079e-05
1.1,5e-14,1e-10,-40,3.6e-07,1,3.06774e-05
1.1,5e-14,1e-10,-25,1.8e-07,1,3.04922e-05
1.1,5e-14,1e-10,-25,3.6e-07,1,3.06558e-05
1.1,5e-14,1e-10,0,1.8e-07,1,3.04683e-05
1.1,5e-14,1e-10,0,3.6e-07,1,3.06295e-05
1.1,5e-14,1e-10,25,1.8e-07,1,3.04119e-05
1.1,5e-14,1e-10,25,3.6e-07,1,3.05947e-05
1.1,5e-14,1e-10,75,1.8e-07,1,2.98053e-05
1.1,5e-14,1e-10,75,3.6e-07,1,3.03829e-05
1.1,5e-14,1e-10,100,1.8e-07,1,2.90098e-05
1.1,5e-14,1e-10,100,3.6e-07,1,3.01213e-05
1.1,5e-14,1e-10,125,1.8e-07,1,2.78141e-05
1.1,5e-14,1e-10,125,3.6e-07,1,2.96903e-05
1.1,5e-14,2e-10,-40,1.8e-07,1,3.06621e-05
1.1,5e-14,2e-10,-40,3.6e-07,1,3.0932e-05
1.1,5e-14,2e-10,-25,1.8e-07,1,3.06139e-05
1.1,5e-14,2e-10,-25,3.6e-07,1,3.08623e-05
1.1,5e-14,2e-10,0,1.8e-07,1,3.05481e-05
1.1,5e-14,2e-10,0,3.6e-07,1,3.07862e-05
1.1,5e-14,2e-10,25,1.8e-07,1,3.04197e-05
1.1,5e-14,2e-10,25,3.6e-07,1,3.07268e-05
1.1,5e-14,2e-10,75,1.8e-07,1,2.94006e-05
1.1,5e-14,2e-10,75,3.6e-07,1,3.05315e-05
1.1,5e-14,2e-10,100,1.8e-07,1,2.82943e-05
1.1,5e-14,2e-10,100,3.6e-07,1,3.02984e-05
1.1,5e-14,2e-10,125,1.8e-07,1,2.68036e-05
1.1,5e-14,2e-10,125,3.6e-07,1,2.98875e-05
1.1,5e-14,4e-10,-40,1.8e-07,1,3.11268e-05
1.1,5e-14,4e-10,-40,3.6e-07,1,3.17058e-05
1.1,5e-14,4e-10,-25,1.8e-07,1,3.09227e-05
1.1,5e-14,4e-10,-25,3.6e-07,1,3.15134e-05
1.1,5e-14,4e-10,0,1.8e-07,1,3.04067e-05
1.1,5e-14,4e-10,0,3.6e-07,1,3.12911e-05
1.1,5e-14,4e-10,25,1.8e-07,1,2.94099e-05
1.1,5e-14,4e-10,25,3.6e-07,1,3.1122e-05
1.1,5e-14,4e-10,75,1.8e-07,1,2.58679e-05
1.1,5e-14,4e-10,75,3.6e-07,1,3.06166e-05
1.1,5e-14,4e-10,100,1.8e-07,1,2.37058e-05
1.1,5e-14,4e-10,100,3.6e-07,1,3.00628e-05
1.1,5e-14,4e-10,125,1.8e-07,1,2.15606e-05
1.1,5e-14,4e-10,125,3.6e-07,1,2.92005e-05
1.1999999999999995,1e-15,1e-11,-40,1.8e-07,1,9.6872e-07
1.1999999999999995,1e-15,1e-11,-40,3.6e-07,1,1.09685e-06
1.1999999999999995,1e-15,1e-11,-25,1.8e-07,1,9.64295e-07
1.1999999999999995,1e-15,1e-11,-25,3.6e-07,1,1.10029e-06
1.1999999999999995,1e-15,1e-11,0,1.8e-07,1,9.60284e-07
1.1999999999999995,1e-15,1e-11,0,3.6e-07,1,1.10768e-06
1.1999999999999995,1e-15,1e-11,25,1.8e-07,1,9.59951e-07
1.1999999999999995,1e-15,1e-11,25,3.6e-07,1,1.11259e-06
1.1999999999999995,1e-15,1e-11,75,1.8e-07,1,9.65595e-07
1.1999999999999995,1e-15,1e-11,75,3.6e-07,1,1.12263e-06
1.1999999999999995,1e-15,1e-11,100,1.8e-07,1,9.70059e-07
1.1999999999999995,1e-15,1e-11,100,3.6e-07,1,1.12926e-06
1.1999999999999995,1e-15,1e-11,125,1.8e-07,1,9.75071e-07
1.1999999999999995,1e-15,1e-11,125,3.6e-07,1,1.13697e-06
1.1999999999999995,1e-15,5e-11,-40,1.8e-07,1,1.31118e-06
1.1999999999999995,1e-15,5e-11,-40,3.6e-07,1,1.59191e-06
1.1999999999999995,1e-15,5e-11,-25,1.8e-07,1,1.2653e-06
1.1999999999999995,1e-15,5e-11,-25,3.6e-07,1,1.53951e-06
1.1999999999999995,1e-15,5e-11,0,1.8e-07,1,1.20267e-06
1.1999999999999995,1e-15,5e-11,0,3.6e-07,1,1.46334e-06
1.1999999999999995,1e-15,5e-11,25,1.8e-07,1,1.15465e-06
1.1999999999999995,1e-15,5e-11,25,3.6e-07,1,1.40085e-06
1.1999999999999995,1e-15,5e-11,75,1.8e-07,1,1.09205e-06
1.1999999999999995,1e-15,5e-11,75,3.6e-07,1,1.3132e-06
1.1999999999999995,1e-15,5e-11,100,1.8e-07,1,1.07265e-06
1.1999999999999995,1e-15,5e-11,100,3.6e-07,1,1.28497e-06
1.1999999999999995,1e-15,5e-11,125,1.8e-07,1,1.05862e-06
1.1999999999999995,1e-15,5e-11,125,3.6e-07,1,1.26413e-06
1.1999999999999995,1e-15,1e-10,-40,1.8e-07,1,1.9562e-06
1.1999999999999995,1e-15,1e-10,-40,3.6e-07,1,2.41579e-06
1.1999999999999995,1e-15,1e-10,-25,1.8e-07,1,1.85574e-06
1.1999999999999995,1e-15,1e-10,-25,3.6e-07,1,2.30824e-06
1.1999999999999995,1e-15,1e-10,0,1.8e-07,1,1.70825e-06
1.1999999999999995,1e-15,1e-10,0,3.6e-07,1,2.14256e-06
1.1999999999999995,1e-15,1e-10,25,1.8e-07,1,1.58592e-06
1.1999999999999995,1e-15,1e-10,25,3.6e-07,1,1.99688e-06
1.1999999999999995,1e-15,1e-10,75,1.8e-07,1,1.40649e-06
1.1999999999999995,1e-15,1e-10,75,3.6e-07,1,1.76927e-06
1.1999999999999995,1e-15,1e-10,100,1.8e-07,1,1.34302e-06
1.1999999999999995,1e-15,1e-10,100,3.6e-07,1,1.68398e-06
1.1999999999999995,1e-15,1e-10,125,1.8e-07,1,1.29264e-06
1.1999999999999995,1e-15,1e-10,125,3.6e-07,1,1.61445e-06
1.1999999999999995,1e-15,2e-10,-40,1.8e-07,1,3.46391e-06
1.1999999999999995,1e-15,2e-10,-40,3.6e-07,1,4.31252e-06
1.1999999999999995,1e-15,2e-10,-25,1.8e-07,1,3.25558e-06
1.1999999999999995,1e-15,2e-10,-25,3.6e-07,1,4.09319e-06
1.1999999999999995,1e-15,2e-10,0,1.8e-07,1,2.93796e-06
1.1999999999999995,1e-15,2e-10,0,3.6e-07,1,3.7436e-06
1.1999999999999995,1e-15,2e-10,25,1.8e-07,1,2.66287e-06
1.1999999999999995,1e-15,2e-10,25,3.6e-07,1,3.42678e-06
1.1999999999999995,1e-15,2e-10,75,1.8e-07,1,2.23413e-06
1.1999999999999995,1e-15,2e-10,75,3.6e-07,1,2.9061e-06
1.1999999999999995,1e-15,2e-10,100,1.8e-07,1,2.0717e-06
1.1999999999999995,1e-15,2e-10,100,3.6e-07,1,2.69995e-06
1.1999999999999995,1e-15,2e-10,125,1.8e-07,1,1.93701e-06
1.1999999999999995,1e-15,2e-10,125,3.6e-07,1,2.5256e-06
1.1999999999999995,1e-15,4e-10,-40,1.8e-07,1,6.6723e-06
1.1999999999999995,1e-15,4e-10,-40,3.6e-07,1,8.35848e-06
1.1999999999999995,1e-15,4e-10,-25,1.8e-07,1,6.24938e-06
1.1999999999999995,1e-15,4e-10,-25,3.6e-07,1,7.91282e-06
1.1999999999999995,1e-15,4e-10,0,1.8e-07,1,5.59727e-06
1.1999999999999995,1e-15,4e-10,0,3.6e-07,1,7.19574e-06
1.1999999999999995,1e-15,4e-10,25,1.8e-07,1,5.02474e-06
1.1999999999999995,1e-15,4e-10,25,3.6e-07,1,6.53864e-06
1.1999999999999995,1e-15,4e-10,75,1.8e-07,1,4.11096e-06
1.1999999999999995,1e-15,4e-10,75,3.6e-07,1,5.43952e-06
1.1999999999999995,1e-15,4e-10,100,1.8e-07,1,3.75439e-06
1.1999999999999995,1e-15,4e-10,100,3.6e-07,1,4.99426e-06
1.1999999999999995,1e-15,4e-10,125,1.8e-07,1,3.45259e-06
1.1999999999999995,1e-15,4e-10,125,3.6e-07,1,4.61087e-06
1.1999999999999995,5.454545454545455e-15,1e-11,-40,1.8e-07,1,4.17278e-06
1.1999999999999995,5.454545454545455e-15,1e-11,-40,3.6e-07,1,4.33199e-06
1.1999999999999995,5.454545454545455e-15,1e-11,-25,1.8e-07,1,4.17355e-06
1.1999999999999995,5.454545454545455e-15,1e-11,-25,3.6e-07,1,4.33523e-06
1.1999999999999995,5.454545454545455e-15,1e-11,0,1.8e-07,1,4.17544e-06
1.1999999999999995,5.454545454545455e-15,1e-11,0,3.6e-07,1,4.34073e-06
1.1999999999999995,5.454545454545455e-15,1e-11,25,1.8e-07,1,4.17755e-06
1.1999999999999995,5.454545454545455e-15,1e-11,25,3.6e-07,1,4.34599e-06
1.1999999999999995,5.454545454545455e-15,1e-11,75,1.8e-07,1,4.18586e-06
1.1999999999999995,5.454545454545455e-15,1e-11,75,3.6e-07,1,4.35729e-06
1.1999999999999995,5.454545454545455e-15,1e-11,100,1.8e-07,1,4.18961e-06
1.1999999999999995,5.454545454545455e-15,1e-11,100,3.6e-07,1,4.36382e-06
1.1999999999999995,5.454545454545455e-15,1e-11,125,1.8e-07,1,4.19309e-06
1.1999999999999995,5.454545454545455e-15,1e-11,125,3.6e-07,1,4.37091e-06
1.1999999999999995,5.454545454545455e-15,5e-11,-40,1.8e-07,1,4.33533e-06
1.1999999999999995,5.454545454545455e-15,5e-11,-40,3.6e-07,1,4.56918e-06
1.1999999999999995,5.454545454545455e-15,5e-11,-25,1.8e-07,1,4.30471e-06
1.1999999999999995,5.454545454545455e-15,5e-11,-25,3.6e-07,1,4.52899e-06
1.1999999999999995,5.454545454545455e-15,5e-11,0,1.8e-07,1,4.26885e-06
1.1999999999999995,5.454545454545455e-15,5e-11,0,3.6e-07,1,4.48096e-06
1.1999999999999995,5.454545454545455e-15,5e-11,25,1.8e-07,1,4.24601e-06
1.1999999999999995,5.454545454545455e-15,5e-11,25,3.6e-07,1,4.44855e-06
1.1999999999999995,5.454545454545455e-15,5e-11,75,1.8e-07,1,4.22389e-06
1.1999999999999995,5.454545454545455e-15,5e-11,75,3.6e-07,1,4.41338e-06
1.1999999999999995,5.454545454545455e-15,5e-11,100,1.8e-07,1,4.21885e-06
1.1999999999999995,5.454545454545455e-15,5e-11,100,3.6e-07,1,4.40562e-06
1.1999999999999995,5.454545454545455e-15,5e-11,125,1.8e-07,1,4.21582e-06
1.1999999999999995,5.454545454545455e-15,5e-11,125,3.6e-07,1,4.40184e-06
1.1999999999999995,5.454545454545455e-15,1e-10,-40,1.8e-07,1,4.71006e-06
1.1999999999999995,5.454545454545455e-15,1e-10,-40,3.6e-07,1,5.12999e-06
1.1999999999999995,5.454545454545455e-15,1e-10,-25,1.8e-07,1,4.62959e-06
1.1999999999999995,5.454545454545455e-15,1e-10,-25,3.6e-07,1,5.02739e-06
1.1999999999999995,5.454545454545455e-15,1e-10,0,1.8e-07,1,4.52752e-06
1.1999999999999995,5.454545454545455e-15,1e-10,0,3.6e-07,1,4.8879e-06
1.1999999999999995,5.454545454545455e-15,1e-10,25,1.8e-07,1,4.45292e-06
1.1999999999999995,5.454545454545455e-15,1e-10,25,3.6e-07,1,4.78106e-06
1.1999999999999995,5.454545454545455e-15,1e-10,75,1.8e-07,1,4.35935e-06
1.1999999999999995,5.454545454545455e-15,1e-10,75,3.6e-07,1,4.63809e-06
1.1999999999999995,5.454545454545455e-15,1e-10,100,1.8e-07,1,4.33074e-06
1.1999999999999995,5.454545454545455e-15,1e-10,100,3.6e-07,1,4.59191e-06
1.1999999999999995,5.454545454545455e-15,1e-10,125,1.8e-07,1,4.30965e-06
1.1999999999999995,5.454545454545455e-15,1e-10,125,3.6e-07,1,4.55822e-06
1.1999999999999995,5.454545454545455e-15,2e-10,-40,1.8e-07,1,5.69727e-06
1.1999999999999995,5.454545454545455e-15,2e-10,-40,3.6e-07,1,6.53129e-06
1.1999999999999995,5.454545454545455e-15,2e-10,-25,1.8e-07,1,5.51032e-06
1.1999999999999995,5.454545454545455e-15,2e-10,-25,3.6e-07,1,6.31063e-06
1.1999999999999995,5.454545454545455e-15,2e-10,0,1.8e-07,1,5.25543e-06
1.1999999999999995,5.454545454545455e-15,2e-10,0,3.6e-07,1,5.98776e-06
1.1999999999999995,5.454545454545455e-15,2e-10,25,1.8e-07,1,5.05784e-06
1.1999999999999995,5.454545454545455e-15,2e-10,25,3.6e-07,1,5.71886e-06
1.1999999999999995,5.454545454545455e-15,2e-10,75,1.8e-07,1,4.78477e-06
1.1999999999999995,5.454545454545455e-15,2e-10,75,3.6e-07,1,5.32156e-06
1.1999999999999995,5.454545454545455e-15,2e-10,100,1.8e-07,1,4.69171e-06
1.1999999999999995,5.454545454545455e-15,2e-10,100,3.6e-07,1,5.17921e-06
1.1999999999999995,5.454545454545455e-15,2e-10,125,1.8e-07,1,4.61827e-06
1.1999999999999995,5.454545454545455e-15,2e-10,125,3.6e-07,1,5.06513e-06
1.1999999999999995,5.454545454545455e-15,4e-10,-40,1.8e-07,1,8.18381e-06
1.1999999999999995,5.454545454545455e-15,4e-10,-40,3.6e-07,1,9.8106e-06
1.1999999999999995,5.454545454545455e-15,4e-10,-25,1.8e-07,1,7.781e-06
1.1999999999999995,5.454545454545455e-15,4e-10,-25,3.6e-07,1,9.37273e-06
1.1999999999999995,5.454545454545455e-15,4e-10,0,1.8e-07,1,7.19364e-06
1.1999999999999995,5.454545454545455e-15,4e-10,0,3.6e-07,1,8.69692e-06
1.1999999999999995,5.454545454545455e-15,4e-10,25,1.8e-07,1,6.70833e-06
1.1999999999999995,5.454545454545455e-15,4e-10,25,3.6e-07,1,8.10217e-06
1.1999999999999995,5.454545454545455e-15,4e-10,75,1.8e-07,1,5.99307e-06
1.1999999999999995,5.454545454545455e-15,4e-10,75,3.6e-07,1,7.15664e-06
1.1999999999999995,5.454545454545455e-15,4e-10,100,1.8e-07,1,5.73416e-06
1.1999999999999995,5.454545454545455e-15,4e-10,100,3.6e-07,1,6.79391e-06
1.1999999999999995,5.454545454545455e-15,4e-10,125,1.8e-07,1,5.52481e-06
1.1999999999999995,5.454545454545455e-15,4e-10,125,3.6e-07,1,6.49147e-06
1.1999999999999995,9.909090909090907e-15,1e-11,-40,1.8e-07,1,7.38282e-06
1.1999999999999995,9.909090909090907e-15,1e-11,-40,3.6e-07,1,7.54834e-06
1.1999999999999995,9.909090909090907e-15,1e-11,-25,1.8e-07,1,7.38388e-06
1.1999999999999995,9.909090909090907e-15,1e-11,-25,3.6e-07,1,7.55116e-06
1.1999999999999995,9.909090909090907e-15,1e-11,0,1.8e-07,1,7.38715e-06
1.1999999999999995,9.909090909090907e-15,1e-11,0,3.6e-07,1,7.55509e-06
1.1999999999999995,9.909090909090907e-15,1e-11,25,1.8e-07,1,7.38979e-06
1.1999999999999995,9.909090909090907e-15,1e-11,25,3.6e-07,1,7.56011e-06
1.1999999999999995,9.909090909090907e-15,1e-11,75,1.8e-07,1,7.39435e-06
1.1999999999999995,9.909090909090907e-15,1e-11,75,3.6e-07,1,7.57235e-06
1.1999999999999995,9.909090909090907e-15,1e-11,100,1.8e-07,1,7.39772e-06
1.1999999999999995,9.909090909090907e-15,1e-11,100,3.6e-07,1,7.57816e-06
1.1999999999999995,9.909090909090907e-15,1e-11,125,1.8e-07,1,7.40108e-06
1.1999999999999995,9.909090909090907e-15,1e-11,125,3.6e-07,1,7.58322e-06
1.1999999999999995,9.909090909090907e-15,5e-11,-40,1.8e-07,1,7.49362e-06
1.1999999999999995,9.909090909090907e-15,5e-11,-40,3.6e-07,1,7.71321e-06
1.1999999999999995,9.909090909090907e-15,5e-11,-25,1.8e-07,1,7.47034e-06
1.1999999999999995,9.909090909090907e-15,5e-11,-25,3.6e-07,1,7.68158e-06
1.1999999999999995,9.909090909090907e-15,5e-11,0,1.8e-07,1,7.44638e-06
1.1999999999999995,9.909090909090907e-15,5e-11,0,3.6e-07,1,7.64471e-06
1.1999999999999995,9.909090909090907e-15,5e-11,25,1.8e-07,1,7.43177e-06
1.1999999999999995,9.909090909090907e-15,5e-11,25,3.6e-07,1,7.62181e-06
1.1999999999999995,9.909090909090907e-15,5e-11,75,1.8e-07,1,7.41634e-06
1.1999999999999995,9.909090909090907e-15,5e-11,75,3.6e-07,1,7.60238e-06
1.1999999999999995,9.909090909090907e-15,5e-11,100,1.8e-07,1,7.41399e-06
1.1999999999999995,9.909090909090907e-15,5e-11,100,3.6e-07,1,7.60012e-06
1.1999999999999995,9.909090909090907e-15,5e-11,125,1.8e-07,1,7.41336e-06
1.1999999999999995,9.909090909090907e-15,5e-11,125,3.6e-07,1,7.5991e-06
1.1999999999999995,9.909090909090907e-15,1e-10,-40,1.8e-07,1,7.78396e-06
1.1999999999999995,9.909090909090907e-15,1e-10,-40,3.6e-07,1,8.15288e-06
1.1999999999999995,9.909090909090907e-15,1e-10,-25,1.8e-07,1,7.71542e-06
1.1999999999999995,9.909090909090907e-15,1e-10,-25,3.6e-07,1,8.06196e-06
1.1999999999999995,9.909090909090907e-15,1e-10,0,1.8e-07,1,7.63434e-06
1.1999999999999995,9.909090909090907e-15,1e-10,0,3.6e-07,1,7.9457e-06
1.1999999999999995,9.909090909090907e-15,1e-10,25,1.8e-07,1,7.57799e-06
1.1999999999999995,9.909090909090907e-15,1e-10,25,3.6e-07,1,7.86159e-06
1.1999999999999995,9.909090909090907e-15,1e-10,75,1.8e-07,1,7.5093e-06
1.1999999999999995,9.909090909090907e-15,1e-10,75,3.6e-07,1,7.75658e-06
1.1999999999999995,9.909090909090907e-15,1e-10,100,1.8e-07,1,7.48969e-06
1.1999999999999995,9.909090909090907e-15,1e-10,100,3.6e-07,1,7.7252e-06
1.1999999999999995,9.909090909090907e-15,1e-10,125,1.8e-07,1,7.47569e-06
1.1999999999999995,9.909090909090907e-15,1e-10,125,3.6e-07,1,7.70278e-06
1.1999999999999995,9.909090909090907e-15,2e-10,-40,1.8e-07,1,8.58186e-06
1.1999999999999995,9.909090909090907e-15,2e-10,-40,3.6e-07,1,9.33844e-06
1.1999999999999995,9.909090909090907e-15,2e-10,-25,1.8e-07,1,8.41354e-06
1.1999999999999995,9.909090909090907e-15,2e-10,-25,3.6e-07,1,9.12332e-06
1.1999999999999995,9.909090909090907e-15,2e-10,0,1.8e-07,1,8.19473e-06
1.1999999999999995,9.909090909090907e-15,2e-10,0,3.6e-07,1,8.82579e-06
1.1999999999999995,9.909090909090907e-15,2e-10,25,1.8e-07,1,8.03413e-06
1.1999999999999995,9.909090909090907e-15,2e-10,25,3.6e-07,1,8.5925e-06
1.1999999999999995,9.909090909090907e-15,2e-10,75,1.8e-07,1,7.81889e-06
1.1999999999999995,9.909090909090907e-15,2e-10,75,3.6e-07,1,8.26799e-06
1.1999999999999995,9.909090909090907e-15,2e-10,100,1.8e-07,1,7.74844e-06
1.1999999999999995,9.909090909090907e-15,2e-10,100,3.6e-07,1,8.15777e-06
1.1999999999999995,9.909090909090907e-15,2e-10,125,1.8e-07,1,7.69412e-06
1.1999999999999995,9.909090909090907e-15,2e-10,125,3.6e-07,1,8.07178e-06
1.1999999999999995,9.909090909090907e-15,4e-10,-40,1.8e-07,1,1.06456e-05
1.1999999999999995,9.909090909090907e-15,4e-10,-40,3.6e-07,1,1.22371e-05
1.1999999999999995,9.909090909090907e-15,4e-10,-25,1.8e-07,1,1.02636e-05
1.1999999999999995,9.909090909090907e-15,4e-10,-25,3.6e-07,1,1.17937e-05
1.1999999999999995,9.909090909090907e-15,4e-10,0,1.8e-07,1,9.73574e-06
1.1999999999999995,9.909090909090907e-15,4e-10,0,3.6e-07,1,1.11345e-05
1.1999999999999995,9.909090909090907e-15,4e-10,25,1.8e-07,1,9.32025e-06
1.1999999999999995,9.909090909090907e-15,4e-10,25,3.6e-07,1,1.05782e-05
1.1999999999999995,9.909090909090907e-15,4e-10,75,1.8e-07,1,8.73532e-06
1.1999999999999995,9.909090909090907e-15,4e-10,75,3.6e-07,1,9.7383e-06
1.1999999999999995,9.909090909090907e-15,4e-10,100,1.8e-07,1,8.53089e-06
1.1999999999999995,9.909090909090907e-15,4e-10,100,3.6e-07,1,9.42949e-06
1.1999999999999995,9.909090909090907e-15,4e-10,125,1.8e-07,1,8.36736e-06
1.1999999999999995,9.909090909090907e-15,4e-10,125,3.6e-07,1,9.17852e-06
1.1999999999999995,1.436363636363636e-14,1e-11,-40,1.8e-07,1,1.05912e-05
1.1999999999999995,1.436363636363636e-14,1e-11,-40,3.6e-07,1,1.076e-05
1.1999999999999995,1.436363636363636e-14,1e-11,-25,1.8e-07,1,1.05942e-05
1.1999999999999995,1.436363636363636e-14,1e-11,-25,3.6e-07,1,1.0764e-05
1.1999999999999995,1.436363636363636e-14,1e-11,0,1.8e-07,1,1.05956e-05
1.1999999999999995,1.436363636363636e-14,1e-11,0,3.6e-07,1,1.07677e-05
1.1999999999999995,1.436363636363636e-14,1e-11,25,1.8e-07,1,1.05967e-05
1.1999999999999995,1.436363636363636e-14,1e-11,25,3.6e-07,1,1.07722e-05
1.1999999999999995,1.436363636363636e-14,1e-11,75,1.8e-07,1,1.06026e-05
1.1999999999999995,1.436363636363636e-14,1e-11,75,3.6e-07,1,1.07824e-05
1.1999999999999995,1.436363636363636e-14,1e-11,100,1.8e-07,1,1.06052e-05
1.1999999999999995,1.436363636363636e-14,1e-11,100,3.6e-07,1,1.07857e-05
1.1999999999999995,1.436363636363636e-14,1e-11,125,1.8e-07,1,1.06078e-05
1.1999999999999995,1.436363636363636e-14,1e-11,125,3.6e-07,1,1.07902e-05
1.1999999999999995,1.436363636363636e-14,5e-11,-40,1.8e-07,1,1.06761e-05
1.1999999999999995,1.436363636363636e-14,5e-11,-40,3.6e-07,1,1.08849e-05
1.1999999999999995,1.436363636363636e-14,5e-11,-25,1.8e-07,1,1.06588e-05
1.1999999999999995,1.436363636363636e-14,5e-11,-25,3.6e-07,1,1.08583e-05
1.1999999999999995,1.436363636363636e-14,5e-11,0,1.8e-07,1,1.06387e-05
1.1999999999999995,1.436363636363636e-14,5e-11,0,3.6e-07,1,1.08313e-05
1.1999999999999995,1.436363636363636e-14,5e-11,25,1.8e-07,1,1.06266e-05
1.1999999999999995,1.436363636363636e-14,5e-11,25,3.6e-07,1,1.08168e-05
1.1999999999999995,1.436363636363636e-14,5e-11,75,1.8e-07,1,1.0617e-05
1.1999999999999995,1.436363636363636e-14,5e-11,75,3.6e-07,1,1.08027e-05
1.1999999999999995,1.436363636363636e-14,5e-11,100,1.8e-07,1,1.06157e-05
1.1999999999999995,1.436363636363636e-14,5e-11,100,3.6e-07,1,1.07999e-05
1.1999999999999995,1.436363636363636e-14,5e-11,125,1.8e-07,1,1.06156e-05
1.1999999999999995,1.436363636363636e-14,5e-11,125,3.6e-07,1,1.08e-05
1.1999999999999995,1.436363636363636e-14,1e-10,-40,1.8e-07,1,1.09177e-05
1.1999999999999995,1.436363636363636e-14,1e-10,-40,3.6e-07,1,1.12557e-05
1.1999999999999995,1.436363636363636e-14,1e-10,-25,1.8e-07,1,1.08587e-05
1.1999999999999995,1.436363636363636e-14,1e-10,-25,3.6e-07,1,1.11741e-05
1.1999999999999995,1.436363636363636e-14,1e-10,0,1.8e-07,1,1.07891e-05
1.1999999999999995,1.436363636363636e-14,1e-10,0,3.6e-07,1,1.10733e-05
1.1999999999999995,1.436363636363636e-14,1e-10,25,1.8e-07,1,1.07422e-05
1.1999999999999995,1.436363636363636e-14,1e-10,25,3.6e-07,1,1.10043e-05
1.1999999999999995,1.436363636363636e-14,1e-10,75,1.8e-07,1,1.0689e-05
1.1999999999999995,1.436363636363636e-14,1e-10,75,3.6e-07,1,1.09229e-05
1.1999999999999995,1.436363636363636e-14,1e-10,100,1.8e-07,1,1.0674e-05
1.1999999999999995,1.436363636363636e-14,1e-10,100,3.6e-07,1,1.08972e-05
1.1999999999999995,1.436363636363636e-14,1e-10,125,1.8e-07,1,1.0663e-05
1.1999999999999995,1.436363636363636e-14,1e-10,125,3.6e-07,1,1.08799e-05
1.1999999999999995,1.436363636363636e-14,2e-10,-40,1.8e-07,1,1.16068e-05
1.1999999999999995,1.436363636363636e-14,2e-10,-40,3.6e-07,1,1.22935e-05
1.1999999999999995,1.436363636363636e-14,2e-10,-25,1.8e-07,1,1.14514e-05
1.1999999999999995,1.436363636363636e-14,2e-10,-25,3.6e-07,1,1.20908e-05
1.1999999999999995,1.436363636363636e-14,2e-10,0,1.8e-07,1,1.12578e-05
1.1999999999999995,1.436363636363636e-14,2e-10,0,3.6e-07,1,1.18206e-05
1.1999999999999995,1.436363636363636e-14,2e-10,25,1.8e-07,1,1.11167e-05
1.1999999999999995,1.436363636363636e-14,2e-10,25,3.6e-07,1,1.16139e-05
1.1999999999999995,1.436363636363636e-14,2e-10,75,1.8e-07,1,1.09365e-05
1.1999999999999995,1.436363636363636e-14,2e-10,75,3.6e-07,1,1.13386e-05
1.1999999999999995,1.436363636363636e-14,2e-10,100,1.8e-07,1,1.08786e-05
1.1999999999999995,1.436363636363636e-14,2e-10,100,3.6e-07,1,1.12455e-05
1.1999999999999995,1.436363636363636e-14,2e-10,125,1.8e-07,1,1.08343e-05
1.1999999999999995,1.436363636363636e-14,2e-10,125,3.6e-07,1,1.11742e-05
1.1999999999999995,1.436363636363636e-14,4e-10,-40,1.8e-07,1,1.34243e-05
1.1999999999999995,1.436363636363636e-14,4e-10,-40,3.6e-07,1,1.49417e-05
1.1999999999999995,1.436363636363636e-14,4e-10,-25,1.8e-07,1,1.30626e-05
1.1999999999999995,1.436363636363636e-14,4e-10,-25,3.6e-07,1,1.4498e-05
1.1999999999999995,1.436363636363636e-14,4e-10,0,1.8e-07,1,1.25779e-05
1.1999999999999995,1.436363636363636e-14,4e-10,0,3.6e-07,1,1.38597e-05
1.1999999999999995,1.436363636363636e-14,4e-10,25,1.8e-07,1,1.22067e-05
1.1999999999999995,1.436363636363636e-14,4e-10,25,3.6e-07,1,1.33393e-05
1.1999999999999995,1.436363636363636e-14,4e-10,75,1.8e-07,1,1.1697e-05
1.1999999999999995,1.436363636363636e-14,4e-10,75,3.6e-07,1,1.25818e-05
1.1999999999999995,1.436363636363636e-14,4e-10,100,1.8e-07,1,1.15184e-05
1.1999999999999995,1.436363636363636e-14,4e-10,100,3.6e-07,1,1.23117e-05
1.1999999999999995,1.436363636363636e-14,4e-10,125,1.8e-07,1,1.13672e-05
1.1999999999999995,1.436363636363636e-14,4e-10,125,3.6e-07,1,1.20949e-05
1.1999999999999995,1.8818181818181816e-14,1e-11,-40,1.8e-07,1,1.38015e-05
1.1999999999999995,1.8818181818181816e-14,1e-11,-40,3.6e-07,1,1.39708e-05
1.1999999999999995,1.8818181818181816e-14,1e-11,-25,1.8e-07,1,1.38021e-05
1.1999999999999995,1.8818181818181816e-14,1e-11,-25,3.6e-07,1,1.39732e-05
1.1999999999999995,1.8818181818181816e-14,1e-11,0,1.8e-07,1,1.38024e-05
1.1999999999999995,1.8818181818181816e-14,1e-11,0,3.6e-07,1,1.39773e-05
1.1999999999999995,1.8818181818181816e-14,1e-11,25,1.8e-07,1,1.38045e-05
1.1999999999999995,1.8818181818181816e-14,1e-11,25,3.6e-07,1,1.39836e-05
1.1999999999999995,1.8818181818181816e-14,1e-11,75,1.8e-07,1,1.38101e-05
1.1999999999999995,1.8818181818181816e-14,1e-11,75,3.6e-07,1,1.39892e-05
1.1999999999999995,1.8818181818181816e-14,1e-11,100,1.8e-07,1,1.38121e-05
1.1999999999999995,1.8818181818181816e-14,1e-11,100,3.6e-07,1,1.39935e-05
1.1999999999999995,1.8818181818181816e-14,1e-11,125,1.8e-07,1,1.38135e-05
1.1999999999999995,1.8818181818181816e-14,1e-11,125,3.6e-07,1,1.39969e-05
1.1999999999999995,1.8818181818181816e-14,5e-11,-40,1.8e-07,1,1.38702e-05
1.1999999999999995,1.8818181818181816e-14,5e-11,-40,3.6e-07,1,1.40714e-05
1.1999999999999995,1.8818181818181816e-14,5e-11,-25,1.8e-07,1,1.38544e-05
1.1999999999999995,1.8818181818181816e-14,5e-11,-25,3.6e-07,1,1.4049e-05
1.1999999999999995,1.8818181818181816e-14,5e-11,0,1.8e-07,1,1.38368e-05
1.1999999999999995,1.8818181818181816e-14,5e-11,0,3.6e-07,1,1.40269e-05
1.1999999999999995,1.8818181818181816e-14,5e-11,25,1.8e-07,1,1.38277e-05
1.1999999999999995,1.8818181818181816e-14,5e-11,25,3.6e-07,1,1.40154e-05
1.1999999999999995,1.8818181818181816e-14,5e-11,75,1.8e-07,1,1.38202e-05
1.1999999999999995,1.8818181818181816e-14,5e-11,75,3.6e-07,1,1.40033e-05
1.1999999999999995,1.8818181818181816e-14,5e-11,100,1.8e-07,1,1.38194e-05
1.1999999999999995,1.8818181818181816e-14,5e-11,100,3.6e-07,1,1.40026e-05
1.1999999999999995,1.8818181818181816e-14,5e-11,125,1.8e-07,1,1.38186e-05
1.1999999999999995,1.8818181818181816e-14,5e-11,125,3.6e-07,1,1.40029e-05
1.1999999999999995,1.8818181818181816e-14,1e-10,-40,1.8e-07,1,1.40769e-05
1.1999999999999995,1.8818181818181816e-14,1e-10,-40,3.6e-07,1,1.43958e-05
1.1999999999999995,1.8818181818181816e-14,1e-10,-25,1.8e-07,1,1.40234e-05
1.1999999999999995,1.8818181818181816e-14,1e-10,-25,3.6e-07,1,1.432e-05
1.1999999999999995,1.8818181818181816e-14,1e-10,0,1.8e-07,1,1.39619e-05
1.1999999999999995,1.8818181818181816e-14,1e-10,0,3.6e-07,1,1.42336e-05
1.1999999999999995,1.8818181818181816e-14,1e-10,25,1.8e-07,1,1.39232e-05
1.1999999999999995,1.8818181818181816e-14,1e-10,25,3.6e-07,1,1.41733e-05
1.1999999999999995,1.8818181818181816e-14,1e-10,75,1.8e-07,1,1.38789e-05
1.1999999999999995,1.8818181818181816e-14,1e-10,75,3.6e-07,1,1.41022e-05
1.1999999999999995,1.8818181818181816e-14,1e-10,100,1.8e-07,1,1.38661e-05
1.1999999999999995,1.8818181818181816e-14,1e-10,100,3.6e-07,1,1.40825e-05
1.1999999999999995,1.8818181818181816e-14,1e-10,125,1.8e-07,1,1.38559e-05
1.1999999999999995,1.8818181818181816e-14,1e-10,125,3.6e-07,1,1.40686e-05
1.1999999999999995,1.8818181818181816e-14,2e-10,-40,1.8e-07,1,1.46898e-05
1.1999999999999995,1.8818181818181816e-14,2e-10,-40,3.6e-07,1,1.53258e-05
1.1999999999999995,1.8818181818181816e-14,2e-10,-25,1.8e-07,1,1.45459e-05
1.1999999999999995,1.8818181818181816e-14,2e-10,-25,3.6e-07,1,1.51345e-05
1.1999999999999995,1.8818181818181816e-14,2e-10,0,1.8e-07,1,1.43683e-05
1.1999999999999995,1.8818181818181816e-14,2e-10,0,3.6e-07,1,1.48846e-05
1.1999999999999995,1.8818181818181816e-14,2e-10,25,1.8e-07,1,1.42436e-05
1.1999999999999995,1.8818181818181816e-14,2e-10,25,3.6e-07,1,1.47005e-05
1.1999999999999995,1.8818181818181816e-14,2e-10,75,1.8e-07,1,1.40868e-05
1.1999999999999995,1.8818181818181816e-14,2e-10,75,3.6e-07,1,1.44561e-05
1.1999999999999995,1.8818181818181816e-14,2e-10,100,1.8e-07,1,1.40364e-05
1.1999999999999995,1.8818181818181816e-14,2e-10,100,3.6e-07,1,1.43767e-05
1.1999999999999995,1.8818181818181816e-14,2e-10,125,1.8e-07,1,1.39942e-05
1.1999999999999995,1.8818181818181816e-14,2e-10,125,3.6e-07,1,1.43156e-05
1.1999999999999995,1.8818181818181816e-14,4e-10,-40,1.8e-07,1,1.63384e-05
1.1999999999999995,1.8818181818181816e-14,4e-10,-40,3.6e-07,1,1.77698e-05
1.1999999999999995,1.8818181818181816e-14,4e-10,-25,1.8e-07,1,1.5993e-05
1.1999999999999995,1.8818181818181816e-14,4e-10,-25,3.6e-07,1,1.73331e-05
1.1999999999999995,1.8818181818181816e-14,4e-10,0,1.8e-07,1,1.55415e-05
1.1999999999999995,1.8818181818181816e-14,4e-10,0,3.6e-07,1,1.67227e-05
1.1999999999999995,1.8818181818181816e-14,4e-10,25,1.8e-07,1,1.52022e-05
1.1999999999999995,1.8818181818181816e-14,4e-10,25,3.6e-07,1,1.62366e-05
1.1999999999999995,1.8818181818181816e-14,4e-10,75,1.8e-07,1,1.47335e-05
1.1999999999999995,1.8818181818181816e-14,4e-10,75,3.6e-07,1,1.55452e-05
1.1999999999999995,1.8818181818181816e-14,4e-10,100,1.8e-07,1,1.45465e-05
1.1999999999999995,1.8818181818181816e-14,4e-10,100,3.6e-07,1,1.53036e-05
1.1999999999999995,1.8818181818181816e-14,4e-10,125,1.8e-07,1,1.43497e-05
1.1999999999999995,1.8818181818181816e-14,4e-10,125,3.6e-07,1,1.51109e-05
1.1999999999999995,2.3272727272727276e-14,1e-11,-40,1.8e-07,1,1.70086e-05
1.1999999999999995,2.3272727272727276e-14,1e-11,-40,3.6e-07,1,1.71791e-05
1.1999999999999995,2.3272727272727276e-14,1e-11,-25,1.8e-07,1,1.70088e-05
1.1999999999999995,2.3272727272727276e-14,1e-11,-25,3.6e-07,1,1.71822e-05
1.1999999999999995,2.3272727272727276e-14,1e-11,0,1.8e-07,1,1.701e-05
1.1999999999999995,2.3272727272727276e-14,1e-11,0,3.6e-07,1,1.7188e-05
1.1999999999999995,2.3272727272727276e-14,1e-11,25,1.8e-07,1,1.70119e-05
1.1999999999999995,2.3272727272727276e-14,1e-11,25,3.6e-07,1,1.71919e-05
1.1999999999999995,2.3272727272727276e-14,1e-11,75,1.8e-07,1,1.70172e-05
1.1999999999999995,2.3272727272727276e-14,1e-11,75,3.6e-07,1,1.7197e-05
1.1999999999999995,2.3272727272727276e-14,1e-11,100,1.8e-07,1,1.70175e-05
1.1999999999999995,2.3272727272727276e-14,1e-11,100,3.6e-07,1,1.71999e-05
1.1999999999999995,2.3272727272727276e-14,1e-11,125,1.8e-07,1,1.70133e-05
1.1999999999999995,2.3272727272727276e-14,1e-11,125,3.6e-07,1,1.72004e-05
1.1999999999999995,2.3272727272727276e-14,5e-11,-40,1.8e-07,1,1.70669e-05
1.1999999999999995,2.3272727272727276e-14,5e-11,-40,3.6e-07,1,1.72638e-05
1.1999999999999995,2.3272727272727276e-14,5e-11,-25,1.8e-07,1,1.70528e-05
1.1999999999999995,2.3272727272727276e-14,5e-11,-25,3.6e-07,1,1.72449e-05
1.1999999999999995,2.3272727272727276e-14,5e-11,0,1.8e-07,1,1.70387e-05
1.1999999999999995,2.3272727272727276e-14,5e-11,0,3.6e-07,1,1.72279e-05
1.1999999999999995,2.3272727272727276e-14,5e-11,25,1.8e-07,1,1.70308e-05
1.1999999999999995,2.3272727272727276e-14,5e-11,25,3.6e-07,1,1.7217e-05
1.1999999999999995,2.3272727272727276e-14,5e-11,75,1.8e-07,1,1.70246e-05
1.1999999999999995,2.3272727272727276e-14,5e-11,75,3.6e-07,1,1.7207e-05
1.1999999999999995,2.3272727272727276e-14,5e-11,100,1.8e-07,1,1.70224e-05
1.1999999999999995,2.3272727272727276e-14,5e-11,100,3.6e-07,1,1.72063e-05
1.1999999999999995,2.3272727272727276e-14,5e-11,125,1.8e-07,1,1.70155e-05
1.1999999999999995,2.3272727272727276e-14,5e-11,125,3.6e-07,1,1.72049e-05
1.1999999999999995,2.3272727272727276e-14,1e-10,-40,1.8e-07,1,1.72485e-05
1.1999999999999995,2.3272727272727276e-14,1e-10,-40,3.6e-07,1,1.75536e-05
1.1999999999999995,2.3272727272727276e-14,1e-10,-25,1.8e-07,1,1.71997e-05
1.1999999999999995,2.3272727272727276e-14,1e-10,-25,3.6e-07,1,1.74857e-05
1.1999999999999995,2.3272727272727276e-14,1e-10,0,1.8e-07,1,1.71459e-05
1.1999999999999995,2.3272727272727276e-14,1e-10,0,3.6e-07,1,1.74067e-05
1.1999999999999995,2.3272727272727276e-14,1e-10,25,1.8e-07,1,1.71116e-05
1.1999999999999995,2.3272727272727276e-14,1e-10,25,3.6e-07,1,1.73546e-05
1.1999999999999995,2.3272727272727276e-14,1e-10,75,1.8e-07,1,1.70735e-05
1.1999999999999995,2.3272727272727276e-14,1e-10,75,3.6e-07,1,1.72917e-05
1.1999999999999995,2.3272727272727276e-14,1e-10,100,1.8e-07,1,1.70606e-05
1.1999999999999995,2.3272727272727276e-14,1e-10,100,3.6e-07,1,1.72747e-05
1.1999999999999995,2.3272727272727276e-14,1e-10,125,1.8e-07,1,1.7043e-05
1.1999999999999995,2.3272727272727276e-14,1e-10,125,3.6e-07,1,1.72615e-05
1.1999999999999995,2.3272727272727276e-14,2e-10,-40,1.8e-07,1,1.78032e-05
1.1999999999999995,2.3272727272727276e-14,2e-10,-40,3.6e-07,1,1.84026e-05
1.1999999999999995,2.3272727272727276e-14,2e-10,-25,1.8e-07,1,1.76681e-05
1.1999999999999995,2.3272727272727276e-14,2e-10,-25,3.6e-07,1,1.82207e-05
1.1999999999999995,2.3272727272727276e-14,2e-10,0,1.8e-07,1,1.75061e-05
1.1999999999999995,2.3272727272727276e-14,2e-10,0,3.6e-07,1,1.79908e-05
1.1999999999999995,2.3272727272727276e-14,2e-10,25,1.8e-07,1,1.73935e-05
1.1999999999999995,2.3272727272727276e-14,2e-10,25,3.6e-07,1,1.78221e-05
1.1999999999999995,2.3272727272727276e-14,2e-10,75,1.8e-07,1,1.7253e-05
1.1999999999999995,2.3272727272727276e-14,2e-10,75,3.6e-07,1,1.76009e-05
1.1999999999999995,2.3272727272727276e-14,2e-10,100,1.8e-07,1,1.72016e-05
1.1999999999999995,2.3272727272727276e-14,2e-10,100,3.6e-07,1,1.75303e-05
1.1999999999999995,2.3272727272727276e-14,2e-10,125,1.8e-07,1,1.71418e-05
1.1999999999999995,2.3272727272727276e-14,2e-10,125,3.6e-07,1,1.74757e-05
1.1999999999999995,2.3272727272727276e-14,4e-10,-40,1.8e-07,1,1.93245e-05
1.1999999999999995,2.3272727272727276e-14,4e-10,-40,3.6e-07,1,2.06769e-05
1.1999999999999995,2.3272727272727276e-14,4e-10,-25,1.8e-07,1,1.89941e-05
1.1999999999999995,2.3272727272727276e-14,4e-10,-25,3.6e-07,1,2.02517e-05
1.1999999999999995,2.3272727272727276e-14,4e-10,0,1.8e-07,1,1.85696e-05
1.1999999999999995,2.3272727272727276e-14,4e-10,0,3.6e-07,1,1.96687e-05
1.1999999999999995,2.3272727272727276e-14,4e-10,25,1.8e-07,1,1.82528e-05
1.1999999999999995,2.3272727272727276e-14,4e-10,25,3.6e-07,1,1.92116e-05
1.1999999999999995,2.3272727272727276e-14,4e-10,75,1.8e-07,1,1.77732e-05
1.1999999999999995,2.3272727272727276e-14,4e-10,75,3.6e-07,1,1.85749e-05
1.1999999999999995,2.3272727272727276e-14,4e-10,100,1.8e-07,1,1.7513e-05
1.1999999999999995,2.3272727272727276e-14,4e-10,100,3.6e-07,1,1.83545e-05
1.1999999999999995,2.3272727272727276e-14,4e-10,125,1.8e-07,1,1.7179e-05
1.1999999999999995,2.3272727272727276e-14,4e-10,125,3.6e-07,1,1.81771e-05
1.1999999999999995,2.7727272727272724e-14,1e-11,-40,1.8e-07,1,2.02155e-05
1.1999999999999995,2.7727272727272724e-14,1e-11,-40,3.6e-07,1,2.03879e-05
1.1999999999999995,2.7727272727272724e-14,1e-11,-25,1.8e-07,1,2.02162e-05
1.1999999999999995,2.7727272727272724e-14,1e-11,-25,3.6e-07,1,2.03902e-05
1.1999999999999995,2.7727272727272724e-14,1e-11,0,1.8e-07,1,2.02175e-05
1.1999999999999995,2.7727272727272724e-14,1e-11,0,3.6e-07,1,2.0397e-05
1.1999999999999995,2.7727272727272724e-14,1e-11,25,1.8e-07,1,2.02193e-05
1.1999999999999995,2.7727272727272724e-14,1e-11,25,3.6e-07,1,2.03973e-05
1.1999999999999995,2.7727272727272724e-14,1e-11,75,1.8e-07,1,2.02224e-05
1.1999999999999995,2.7727272727272724e-14,1e-11,75,3.6e-07,1,2.04033e-05
1.1999999999999995,2.7727272727272724e-14,1e-11,100,1.8e-07,1,2.02156e-05
1.1999999999999995,2.7727272727272724e-14,1e-11,100,3.6e-07,1,2.0402e-05
1.1999999999999995,2.7727272727272724e-14,1e-11,125,1.8e-07,1,2.01894e-05
1.1999999999999995,2.7727272727272724e-14,1e-11,125,3.6e-07,1,2.03918e-05
1.1999999999999995,2.7727272727272724e-14,5e-11,-40,1.8e-07,1,2.02656e-05
1.1999999999999995,2.7727272727272724e-14,5e-11,-40,3.6e-07,1,2.04609e-05
1.1999999999999995,2.7727272727272724e-14,5e-11,-25,1.8e-07,1,2.0253e-05
1.1999999999999995,2.7727272727272724e-14,5e-11,-25,3.6e-07,1,2.04437e-05
1.1999999999999995,2.7727272727272724e-14,5e-11,0,1.8e-07,1,2.02423e-05
1.1999999999999995,2.7727272727272724e-14,5e-11,0,3.6e-07,1,2.04294e-05
1.1999999999999995,2.7727272727272724e-14,5e-11,25,1.8e-07,1,2.02351e-05
1.1999999999999995,2.7727272727272724e-14,5e-11,25,3.6e-07,1,2.04175e-05
1.1999999999999995,2.7727272727272724e-14,5e-11,75,1.8e-07,1,2.0228e-05
1.1999999999999995,2.7727272727272724e-14,5e-11,75,3.6e-07,1,2.04107e-05
1.1999999999999995,2.7727272727272724e-14,5e-11,100,1.8e-07,1,2.02182e-05
1.1999999999999995,2.7727272727272724e-14,5e-11,100,3.6e-07,1,2.04074e-05
1.1999999999999995,2.7727272727272724e-14,5e-11,125,1.8e-07,1,2.01866e-05
1.1999999999999995,2.7727272727272724e-14,5e-11,125,3.6e-07,1,2.0398e-05
1.1999999999999995,2.7727272727272724e-14,1e-10,-40,1.8e-07,1,2.04284e-05
1.1999999999999995,2.7727272727272724e-14,1e-10,-40,3.6e-07,1,2.0724e-05
1.1999999999999995,2.7727272727272724e-14,1e-10,-25,1.8e-07,1,2.03843e-05
1.1999999999999995,2.7727272727272724e-14,1e-10,-25,3.6e-07,1,2.0661e-05
1.1999999999999995,2.7727272727272724e-14,1e-10,0,1.8e-07,1,2.03359e-05
1.1999999999999995,2.7727272727272724e-14,1e-10,0,3.6e-07,1,2.05895e-05
1.1999999999999995,2.7727272727272724e-14,1e-10,25,1.8e-07,1,2.03053e-05
1.1999999999999995,2.7727272727272724e-14,1e-10,25,3.6e-07,1,2.05395e-05
1.1999999999999995,2.7727272727272724e-14,1e-10,75,1.8e-07,1,2.02693e-05
1.1999999999999995,2.7727272727272724e-14,1e-10,75,3.6e-07,1,2.04858e-05
1.1999999999999995,2.7727272727272724e-14,1e-10,100,1.8e-07,1,2.02472e-05
1.1999999999999995,2.7727272727272724e-14,1e-10,100,3.6e-07,1,2.04688e-05
1.1999999999999995,2.7727272727272724e-14,1e-10,125,1.8e-07,1,2.0199e-05
1.1999999999999995,2.7727272727272724e-14,1e-10,125,3.6e-07,1,2.04508e-05
1.1999999999999995,2.7727272727272724e-14,2e-10,-40,1.8e-07,1,2.09369e-05
1.1999999999999995,2.7727272727272724e-14,2e-10,-40,3.6e-07,1,2.15091e-05
1.1999999999999995,2.7727272727272724e-14,2e-10,-25,1.8e-07,1,2.08109e-05
1.1999999999999995,2.7727272727272724e-14,2e-10,-25,3.6e-07,1,2.13348e-05
1.1999999999999995,2.7727272727272724e-14,2e-10,0,1.8e-07,1,2.06609e-05
1.1999999999999995,2.7727272727272724e-14,2e-10,0,3.6e-07,1,2.11187e-05
1.1999999999999995,2.7727272727272724e-14,2e-10,25,1.8e-07,1,2.05581e-05
1.1999999999999995,2.7727272727272724e-14,2e-10,25,3.6e-07,1,2.09607e-05
1.1999999999999995,2.7727272727272724e-14,2e-10,75,1.8e-07,1,2.04226e-05
1.1999999999999995,2.7727272727272724e-14,2e-10,75,3.6e-07,1,2.07609e-05
1.1999999999999995,2.7727272727272724e-14,2e-10,100,1.8e-07,1,2.03498e-05
1.1999999999999995,2.7727272727272724e-14,2e-10,100,3.6e-07,1,2.0696e-05
1.1999999999999995,2.7727272727272724e-14,2e-10,125,1.8e-07,1,2.02316e-05
1.1999999999999995,2.7727272727272724e-14,2e-10,125,3.6e-07,1,2.06432e-05
1.1999999999999995,2.7727272727272724e-14,4e-10,-40,1.8e-07,1,2.23559e-05
1.1999999999999995,2.7727272727272724e-14,4e-10,-40,3.6e-07,1,2.36409e-05
1.1999999999999995,2.7727272727272724e-14,4e-10,-25,1.8e-07,1,2.20392e-05
1.1999999999999995,2.7727272727272724e-14,4e-10,-25,3.6e-07,1,2.32273e-05
1.1999999999999995,2.7727272727272724e-14,4e-10,0,1.8e-07,1,2.16352e-05
1.1999999999999995,2.7727272727272724e-14,4e-10,0,3.6e-07,1,2.26695e-05
1.1999999999999995,2.7727272727272724e-14,4e-10,25,1.8e-07,1,2.13298e-05
1.1999999999999995,2.7727272727272724e-14,4e-10,25,3.6e-07,1,2.22379e-05
1.1999999999999995,2.7727272727272724e-14,4e-10,75,1.8e-07,1,2.07451e-05
1.1999999999999995,2.7727272727272724e-14,4e-10,75,3.6e-07,1,2.16448e-05
1.1999999999999995,2.7727272727272724e-14,4e-10,100,1.8e-07,1,2.03214e-05
1.1999999999999995,2.7727272727272724e-14,4e-10,100,3.6e-07,1,2.14382e-05
1.1999999999999995,2.7727272727272724e-14,4e-10,125,1.8e-07,1,1.97493e-05
1.1999999999999995,2.7727272727272724e-14,4e-10,125,3.6e-07,1,2.12624e-05
1.1999999999999995,3.2181818181818185e-14,1e-11,-40,1.8e-07,1,2.34229e-05
1.1999999999999995,3.2181818181818185e-14,1e-11,-40,3.6e-07,1,2.35987e-05
1.1999999999999995,3.2181818181818185e-14,1e-11,-25,1.8e-07,1,2.34236e-05
1.1999999999999995,3.2181818181818185e-14,1e-11,-25,3.6e-07,1,2.36019e-05
1.1999999999999995,3.2181818181818185e-14,1e-11,0,1.8e-07,1,2.34248e-05
1.1999999999999995,3.2181818181818185e-14,1e-11,0,3.6e-07,1,2.36042e-05
1.1999999999999995,3.2181818181818185e-14,1e-11,25,1.8e-07,1,2.34263e-05
1.1999999999999995,3.2181818181818185e-14,1e-11,25,3.6e-07,1,2.36046e-05
1.1999999999999995,3.2181818181818185e-14,1e-11,75,1.8e-07,1,2.34206e-05
1.1999999999999995,3.2181818181818185e-14,1e-11,75,3.6e-07,1,2.36047e-05
1.1999999999999995,3.2181818181818185e-14,1e-11,100,1.8e-07,1,2.33903e-05
1.1999999999999995,3.2181818181818185e-14,1e-11,100,3.6e-07,1,2.35902e-05
1.1999999999999995,3.2181818181818185e-14,1e-11,125,1.8e-07,1,2.33057e-05
1.1999999999999995,3.2181818181818185e-14,1e-11,125,3.6e-07,1,2.35524e-05
1.1999999999999995,3.2181818181818185e-14,5e-11,-40,1.8e-07,1,2.34668e-05
1.1999999999999995,3.2181818181818185e-14,5e-11,-40,3.6e-07,1,2.36619e-05
1.1999999999999995,3.2181818181818185e-14,5e-11,-25,1.8e-07,1,2.34555e-05
1.1999999999999995,3.2181818181818185e-14,5e-11,-25,3.6e-07,1,2.36471e-05
1.1999999999999995,3.2181818181818185e-14,5e-11,0,1.8e-07,1,2.3447e-05
1.1999999999999995,3.2181818181818185e-14,5e-11,0,3.6e-07,1,2.36315e-05
1.1999999999999995,3.2181818181818185e-14,5e-11,25,1.8e-07,1,2.34403e-05
1.1999999999999995,3.2181818181818185e-14,5e-11,25,3.6e-07,1,2.36216e-05
1.1999999999999995,3.2181818181818185e-14,5e-11,75,1.8e-07,1,2.34248e-05
1.1999999999999995,3.2181818181818185e-14,5e-11,75,3.6e-07,1,2.36112e-05
1.1999999999999995,3.2181818181818185e-14,5e-11,100,1.8e-07,1,2.33894e-05
1.1999999999999995,3.2181818181818185e-14,5e-11,100,3.6e-07,1,2.3598e-05
1.1999999999999995,3.2181818181818185e-14,5e-11,125,1.8e-07,1,2.32939e-05
1.1999999999999995,3.2181818181818185e-14,5e-11,125,3.6e-07,1,2.35661e-05
1.1999999999999995,3.2181818181818185e-14,1e-10,-40,1.8e-07,1,2.36147e-05
1.1999999999999995,3.2181818181818185e-14,1e-10,-40,3.6e-07,1,2.39e-05
1.1999999999999995,3.2181818181818185e-14,1e-10,-25,1.8e-07,1,2.35741e-05
1.1999999999999995,3.2181818181818185e-14,1e-10,-25,3.6e-07,1,2.38426e-05
1.1999999999999995,3.2181818181818185e-14,1e-10,0,1.8e-07,1,2.35298e-05
1.1999999999999995,3.2181818181818185e-14,1e-10,0,3.6e-07,1,2.37763e-05
1.1999999999999995,3.2181818181818185e-14,1e-10,25,1.8e-07,1,2.3502e-05
1.1999999999999995,3.2181818181818185e-14,1e-10,25,3.6e-07,1,2.37317e-05
1.1999999999999995,3.2181818181818185e-14,1e-10,75,1.8e-07,1,2.34583e-05
1.1999999999999995,3.2181818181818185e-14,1e-10,75,3.6e-07,1,2.36801e-05
1.1999999999999995,3.2181818181818185e-14,1e-10,100,1.8e-07,1,2.34053e-05
1.1999999999999995,3.2181818181818185e-14,1e-10,100,3.6e-07,1,2.36569e-05
1.1999999999999995,3.2181818181818185e-14,1e-10,125,1.8e-07,1,2.32816e-05
1.1999999999999995,3.2181818181818185e-14,1e-10,125,3.6e-07,1,2.36212e-05
1.1999999999999995,3.2181818181818185e-14,2e-10,-40,1.8e-07,1,2.40842e-05
1.1999999999999995,3.2181818181818185e-14,2e-10,-40,3.6e-07,1,2.46319e-05
1.1999999999999995,3.2181818181818185e-14,2e-10,-25,1.8e-07,1,2.39658e-05
1.1999999999999995,3.2181818181818185e-14,2e-10,-25,3.6e-07,1,2.44659e-05
1.1999999999999995,3.2181818181818185e-14,2e-10,0,1.8e-07,1,2.38276e-05
1.1999999999999995,3.2181818181818185e-14,2e-10,0,3.6e-07,1,2.42624e-05
1.1999999999999995,3.2181818181818185e-14,2e-10,25,1.8e-07,1,2.37319e-05
1.1999999999999995,3.2181818181818185e-14,2e-10,25,3.6e-07,1,2.41156e-05
1.1999999999999995,3.2181818181818185e-14,2e-10,75,1.8e-07,1,2.35788e-05
1.1999999999999995,3.2181818181818185e-14,2e-10,75,3.6e-07,1,2.39294e-05
1.1999999999999995,3.2181818181818185e-14,2e-10,100,1.8e-07,1,2.34465e-05
1.1999999999999995,3.2181818181818185e-14,2e-10,100,3.6e-07,1,2.38655e-05
1.1999999999999995,3.2181818181818185e-14,2e-10,125,1.8e-07,1,2.3207e-05
1.1999999999999995,3.2181818181818185e-14,2e-10,125,3.6e-07,1,2.38044e-05
1.1999999999999995,3.2181818181818185e-14,4e-10,-40,1.8e-07,1,2.54185e-05
1.1999999999999995,3.2181818181818185e-14,4e-10,-40,3.6e-07,1,2.66482e-05
1.1999999999999995,3.2181818181818185e-14,4e-10,-25,1.8e-07,1,2.51129e-05
1.1999999999999995,3.2181818181818185e-14,4e-10,-25,3.6e-07,1,2.6246e-05
1.1999999999999995,3.2181818181818185e-14,4e-10,0,1.8e-07,1,2.47235e-05
1.1999999999999995,3.2181818181818185e-14,4e-10,0,3.6e-07,1,2.5708e-05
1.1999999999999995,3.2181818181818185e-14,4e-10,25,1.8e-07,1,2.44068e-05
1.1999999999999995,3.2181818181818185e-14,4e-10,25,3.6e-07,1,2.52989e-05
1.1999999999999995,3.2181818181818185e-14,4e-10,75,1.8e-07,1,2.35798e-05
1.1999999999999995,3.2181818181818185e-14,4e-10,75,3.6e-07,1,2.47395e-05
1.1999999999999995,3.2181818181818185e-14,4e-10,100,1.8e-07,1,2.28956e-05
1.1999999999999995,3.2181818181818185e-14,4e-10,100,3.6e-07,1,2.45343e-05
1.1999999999999995,3.2181818181818185e-14,4e-10,125,1.8e-07,1,2.19987e-05
1.1999999999999995,3.2181818181818185e-14,4e-10,125,3.6e-07,1,2.43352e-05
1.1999999999999995,3.663636363636364e-14,1e-11,-40,1.8e-07,1,2.66305e-05
1.1999999999999995,3.663636363636364e-14,1e-11,-40,3.6e-07,1,2.68075e-05
1.1999999999999995,3.663636363636364e-14,1e-11,-25,1.8e-07,1,2.6631e-05
1.1999999999999995,3.663636363636364e-14,1e-11,-25,3.6e-07,1,2.68105e-05
1.1999999999999995,3.663636363636364e-14,1e-11,0,1.8e-07,1,2.66318e-05
1.1999999999999995,3.663636363636364e-14,1e-11,0,3.6e-07,1,2.68094e-05
1.1999999999999995,3.663636363636364e-14,1e-11,25,1.8e-07,1,2.66319e-05
1.1999999999999995,3.663636363636364e-14,1e-11,25,3.6e-07,1,2.68105e-05
1.1999999999999995,3.663636363636364e-14,1e-11,75,1.8e-07,1,2.65996e-05
1.1999999999999995,3.663636363636364e-14,1e-11,75,3.6e-07,1,2.67925e-05
1.1999999999999995,3.663636363636364e-14,1e-11,100,1.8e-07,1,2.65133e-05
1.1999999999999995,3.663636363636364e-14,1e-11,100,3.6e-07,1,2.67481e-05
1.1999999999999995,3.663636363636364e-14,1e-11,125,1.8e-07,1,2.63117e-05
1.1999999999999995,3.663636363636364e-14,1e-11,125,3.6e-07,1,2.66538e-05
1.1999999999999995,3.663636363636364e-14,5e-11,-40,1.8e-07,1,2.66695e-05
1.1999999999999995,3.663636363636364e-14,5e-11,-40,3.6e-07,1,2.6864e-05
1.1999999999999995,3.663636363636364e-14,5e-11,-25,1.8e-07,1,2.6659e-05
1.1999999999999995,3.663636363636364e-14,5e-11,-25,3.6e-07,1,2.68502e-05
1.1999999999999995,3.663636363636364e-14,5e-11,0,1.8e-07,1,2.66526e-05
1.1999999999999995,3.663636363636364e-14,5e-11,0,3.6e-07,1,2.68335e-05
1.1999999999999995,3.663636363636364e-14,5e-11,25,1.8e-07,1,2.66448e-05
1.1999999999999995,3.663636363636364e-14,5e-11,25,3.6e-07,1,2.68253e-05
1.1999999999999995,3.663636363636364e-14,5e-11,75,1.8e-07,1,2.66022e-05
1.1999999999999995,3.663636363636364e-14,5e-11,75,3.6e-07,1,2.68018e-05
1.1999999999999995,3.663636363636364e-14,5e-11,100,1.8e-07,1,2.65068e-05
1.1999999999999995,3.663636363636364e-14,5e-11,100,3.6e-07,1,2.67642e-05
1.1999999999999995,3.663636363636364e-14,5e-11,125,1.8e-07,1,2.6286e-05
1.1999999999999995,3.663636363636364e-14,5e-11,125,3.6e-07,1,2.66841e-05
1.1999999999999995,3.663636363636364e-14,1e-10,-40,1.8e-07,1,2.68053e-05
1.1999999999999995,3.663636363636364e-14,1e-10,-40,3.6e-07,1,2.70817e-05
1.1999999999999995,3.663636363636364e-14,1e-10,-25,1.8e-07,1,2.67671e-05
1.1999999999999995,3.663636363636364e-14,1e-10,-25,3.6e-07,1,2.70294e-05
1.1999999999999995,3.663636363636364e-14,1e-10,0,1.8e-07,1,2.67262e-05
1.1999999999999995,3.663636363636364e-14,1e-10,0,3.6e-07,1,2.69649e-05
1.1999999999999995,3.663636363636364e-14,1e-10,25,1.8e-07,1,2.66997e-05
1.1999999999999995,3.663636363636364e-14,1e-10,25,3.6e-07,1,2.69263e-05
1.1999999999999995,3.663636363636364e-14,1e-10,75,1.8e-07,1,2.6626e-05
1.1999999999999995,3.663636363636364e-14,1e-10,75,3.6e-07,1,2.68684e-05
1.1999999999999995,3.663636363636364e-14,1e-10,100,1.8e-07,1,2.65023e-05
1.1999999999999995,3.663636363636364e-14,1e-10,100,3.6e-07,1,2.68258e-05
1.1999999999999995,3.663636363636364e-14,1e-10,125,1.8e-07,1,2.6237e-05
1.1999999999999995,3.663636363636364e-14,1e-10,125,3.6e-07,1,2.67509e-05
1.1999999999999995,3.663636363636364e-14,2e-10,-40,1.8e-07,1,2.7242e-05
1.1999999999999995,3.663636363636364e-14,2e-10,-40,3.6e-07,1,2.77714e-05
1.1999999999999995,3.663636363636364e-14,2e-10,-25,1.8e-07,1,2.71292e-05
1.1999999999999995,3.663636363636364e-14,2e-10,-25,3.6e-07,1,2.76134e-05
1.1999999999999995,3.663636363636364e-14,2e-10,0,1.8e-07,1,2.69981e-05
1.1999999999999995,3.663636363636364e-14,2e-10,0,3.6e-07,1,2.74164e-05
1.1999999999999995,3.663636363636364e-14,2e-10,25,1.8e-07,1,2.69106e-05
1.1999999999999995,3.663636363636364e-14,2e-10,25,3.6e-07,1,2.72788e-05
1.1999999999999995,3.663636363636364e-14,2e-10,75,1.8e-07,1,2.6697e-05
1.1999999999999995,3.663636363636364e-14,2e-10,75,3.6e-07,1,2.71003e-05
1.1999999999999995,3.663636363636364e-14,2e-10,100,1.8e-07,1,2.64483e-05
1.1999999999999995,3.663636363636364e-14,2e-10,100,3.6e-07,1,2.70279e-05
1.1999999999999995,3.663636363636364e-14,2e-10,125,1.8e-07,1,2.60073e-05
1.1999999999999995,3.663636363636364e-14,2e-10,125,3.6e-07,1,2.69396e-05
1.1999999999999995,3.663636363636364e-14,4e-10,-40,1.8e-07,1,2.85025e-05
1.1999999999999995,3.663636363636364e-14,4e-10,-40,3.6e-07,1,2.96848e-05
1.1999999999999995,3.663636363636364e-14,4e-10,-25,1.8e-07,1,2.82062e-05
1.1999999999999995,3.663636363636364e-14,4e-10,-25,3.6e-07,1,2.92917e-05
1.1999999999999995,3.663636363636364e-14,4e-10,0,1.8e-07,1,2.78196e-05
1.1999999999999995,3.663636363636364e-14,4e-10,0,3.6e-07,1,2.87744e-05
1.1999999999999995,3.663636363636364e-14,4e-10,25,1.8e-07,1,2.74533e-05
1.1999999999999995,3.663636363636364e-14,4e-10,25,3.6e-07,1,2.83849e-05
1.1999999999999995,3.663636363636364e-14,4e-10,75,1.8e-07,1,2.62179e-05
1.1999999999999995,3.663636363636364e-14,4e-10,75,3.6e-07,1,2.7845e-05
1.1999999999999995,3.663636363636364e-14,4e-10,100,1.8e-07,1,2.51872e-05
1.1999999999999995,3.663636363636364e-14,4e-10,100,3.6e-07,1,2.76201e-05
1.1999999999999995,3.663636363636364e-14,4e-10,125,1.8e-07,1,2.39093e-05
1.1999999999999995,3.663636363636364e-14,4e-10,125,3.6e-07,1,2.73588e-05
1.1999999999999995,4.109090909090909e-14,1e-11,-40,1.8e-07,1,2.98378e-05
1.1999999999999995,4.109090909090909e-14,1e-11,-40,3.6e-07,1,3.00159e-05
1.1999999999999995,4.109090909090909e-14,1e-11,-25,1.8e-07,1,2.9838e-05
1.1999999999999995,4.109090909090909e-14,1e-11,-25,3.6e-07,1,3.00168e-05
1.1999999999999995,4.109090909090909e-14,1e-11,0,1.8e-07,1,2.98376e-05
1.1999999999999995,4.109090909090909e-14,1e-11,0,3.6e-07,1,3.00153e-05
1.1999999999999995,4.109090909090909e-14,1e-11,25,1.8e-07,1,2.98335e-05
1.1999999999999995,4.109090909090909e-14,1e-11,25,3.6e-07,1,3.00121e-05
1.1999999999999995,4.109090909090909e-14,1e-11,75,1.8e-07,1,2.97384e-05
1.1999999999999995,4.109090909090909e-14,1e-11,75,3.6e-07,1,2.99532e-05
1.1999999999999995,4.109090909090909e-14,1e-11,100,1.8e-07,1,2.95456e-05
1.1999999999999995,4.109090909090909e-14,1e-11,100,3.6e-07,1,2.98514e-05
1.1999999999999995,4.109090909090909e-14,1e-11,125,1.8e-07,1,2.91512e-05
1.1999999999999995,4.109090909090909e-14,1e-11,125,3.6e-07,1,2.96644e-05
1.1999999999999995,4.109090909090909e-14,5e-11,-40,1.8e-07,1,2.98727e-05
1.1999999999999995,4.109090909090909e-14,5e-11,-40,3.6e-07,1,3.00662e-05
1.1999999999999995,4.109090909090909e-14,5e-11,-25,1.8e-07,1,2.9863e-05
1.1999999999999995,4.109090909090909e-14,5e-11,-25,3.6e-07,1,3.00526e-05
1.1999999999999995,4.109090909090909e-14,5e-11,0,1.8e-07,1,2.98541e-05
1.1999999999999995,4.109090909090909e-14,5e-11,0,3.6e-07,1,3.00374e-05
1.1999999999999995,4.109090909090909e-14,5e-11,25,1.8e-07,1,2.98461e-05
1.1999999999999995,4.109090909090909e-14,5e-11,25,3.6e-07,1,3.00266e-05
1.1999999999999995,4.109090909090909e-14,5e-11,75,1.8e-07,1,2.97394e-05
1.1999999999999995,4.109090909090909e-14,5e-11,75,3.6e-07,1,2.99701e-05
1.1999999999999995,4.109090909090909e-14,5e-11,100,1.8e-07,1,2.95304e-05
1.1999999999999995,4.109090909090909e-14,5e-11,100,3.6e-07,1,2.98849e-05
1.1999999999999995,4.109090909090909e-14,5e-11,125,1.8e-07,1,2.91064e-05
1.1999999999999995,4.109090909090909e-14,5e-11,125,3.6e-07,1,2.97212e-05
1.1999999999999995,4.109090909090909e-14,1e-10,-40,1.8e-07,1,2.99983e-05
1.1999999999999995,4.109090909090909e-14,1e-10,-40,3.6e-07,1,3.02706e-05
1.1999999999999995,4.109090909090909e-14,1e-10,-25,1.8e-07,1,2.99627e-05
1.1999999999999995,4.109090909090909e-14,1e-10,-25,3.6e-07,1,3.02175e-05
1.1999999999999995,4.109090909090909e-14,1e-10,0,1.8e-07,1,2.99239e-05
1.1999999999999995,4.109090909090909e-14,1e-10,0,3.6e-07,1,3.01571e-05
1.1999999999999995,4.109090909090909e-14,1e-10,25,1.8e-07,1,2.98956e-05
1.1999999999999995,4.109090909090909e-14,1e-10,25,3.6e-07,1,3.01181e-05
1.1999999999999995,4.109090909090909e-14,1e-10,75,1.8e-07,1,2.97495e-05
1.1999999999999995,4.109090909090909e-14,1e-10,75,3.6e-07,1,3.00389e-05
1.1999999999999995,4.109090909090909e-14,1e-10,100,1.8e-07,1,2.94971e-05
1.1999999999999995,4.109090909090909e-14,1e-10,100,3.6e-07,1,2.99583e-05
1.1999999999999995,4.109090909090909e-14,1e-10,125,1.8e-07,1,2.9009e-05
1.1999999999999995,4.109090909090909e-14,1e-10,125,3.6e-07,1,2.98119e-05
1.1999999999999995,4.109090909090909e-14,2e-10,-40,1.8e-07,1,3.04075e-05
1.1999999999999995,4.109090909090909e-14,2e-10,-40,3.6e-07,1,3.09187e-05
1.1999999999999995,4.109090909090909e-14,2e-10,-25,1.8e-07,1,3.03001e-05
1.1999999999999995,4.109090909090909e-14,2e-10,-25,3.6e-07,1,3.07658e-05
1.1999999999999995,4.109090909090909e-14,2e-10,0,1.8e-07,1,3.01753e-05
1.1999999999999995,4.109090909090909e-14,2e-10,0,3.6e-07,1,3.05785e-05
1.1999999999999995,4.109090909090909e-14,2e-10,25,1.8e-07,1,3.00819e-05
1.1999999999999995,4.109090909090909e-14,2e-10,25,3.6e-07,1,3.04483e-05
1.1999999999999995,4.109090909090909e-14,2e-10,75,1.8e-07,1,2.97447e-05
1.1999999999999995,4.109090909090909e-14,2e-10,75,3.6e-07,1,3.02655e-05
1.1999999999999995,4.109090909090909e-14,2e-10,100,1.8e-07,1,2.93065e-05
1.1999999999999995,4.109090909090909e-14,2e-10,100,3.6e-07,1,3.01679e-05
1.1999999999999995,4.109090909090909e-14,2e-10,125,1.8e-07,1,2.85832e-05
1.1999999999999995,4.109090909090909e-14,2e-10,125,3.6e-07,1,3.00216e-05
1.1999999999999995,4.109090909090909e-14,4e-10,-40,1.8e-07,1,3.1603e-05
1.1999999999999995,4.109090909090909e-14,4e-10,-40,3.6e-07,1,3.27444e-05
1.1999999999999995,4.109090909090909e-14,4e-10,-25,1.8e-07,1,3.13123e-05
1.1999999999999995,4.109090909090909e-14,4e-10,-25,3.6e-07,1,3.23608e-05
1.1999999999999995,4.109090909090909e-14,4e-10,0,1.8e-07,1,3.09064e-05
1.1999999999999995,4.109090909090909e-14,4e-10,0,3.6e-07,1,3.18614e-05
1.1999999999999995,4.109090909090909e-14,4e-10,25,1.8e-07,1,3.04349e-05
1.1999999999999995,4.109090909090909e-14,4e-10,25,3.6e-07,1,3.14883e-05
1.1999999999999995,4.109090909090909e-14,4e-10,75,1.8e-07,1,2.86166e-05
1.1999999999999995,4.109090909090909e-14,4e-10,75,3.6e-07,1,3.09464e-05
1.1999999999999995,4.109090909090909e-14,4e-10,100,1.8e-07,1,2.7176e-05
1.1999999999999995,4.109090909090909e-14,4e-10,100,3.6e-07,1,3.06688e-05
1.1999999999999995,4.109090909090909e-14,4e-10,125,1.8e-07,1,2.54915e-05
1.1999999999999995,4.109090909090909e-14,4e-10,125,3.6e-07,1,3.02914e-05
1.1999999999999995,4.5545454545454544e-14,1e-11,-40,1.8e-07,1,3.30443e-05
1.1999999999999995,4.5545454545454544e-14,1e-11,-40,3.6e-07,1,3.32227e-05
1.1999999999999995,4.5545454545454544e-14,1e-11,-25,1.8e-07,1,3.3044e-05
1.1999999999999995,4.5545454545454544e-14,1e-11,-25,3.6e-07,1,3.32217e-05
1.1999999999999995,4.5545454545454544e-14,1e-11,0,1.8e-07,1,3.30401e-05
1.1999999999999995,4.5545454545454544e-14,1e-11,0,3.6e-07,1,3.3218e-05
1.1999999999999995,4.5545454545454544e-14,1e-11,25,1.8e-07,1,3.3025e-05
1.1999999999999995,4.5545454545454544e-14,1e-11,25,3.6e-07,1,3.32043e-05
1.1999999999999995,4.5545454545454544e-14,1e-11,75,1.8e-07,1,3.28089e-05
1.1999999999999995,4.5545454545454544e-14,1e-11,75,3.6e-07,1,3.30661e-05
1.1999999999999995,4.5545454545454544e-14,1e-11,100,1.8e-07,1,3.24429e-05
1.1999999999999995,4.5545454545454544e-14,1e-11,100,3.6e-07,1,3.28764e-05
1.1999999999999995,4.5545454545454544e-14,1e-11,125,1.8e-07,1,3.17726e-05
1.1999999999999995,4.5545454545454544e-14,1e-11,125,3.6e-07,1,3.25503e-05
1.1999999999999995,4.5545454545454544e-14,5e-11,-40,1.8e-07,1,3.30763e-05
1.1999999999999995,4.5545454545454544e-14,5e-11,-40,3.6e-07,1,3.32683e-05
1.1999999999999995,4.5545454545454544e-14,5e-11,-25,1.8e-07,1,3.30668e-05
1.1999999999999995,4.5545454545454544e-14,5e-11,-25,3.6e-07,1,3.32541e-05
1.1999999999999995,4.5545454545454544e-14,5e-11,0,1.8e-07,1,3.30559e-05
1.1999999999999995,4.5545454545454544e-14,5e-11,0,3.6e-07,1,3.32392e-05
1.1999999999999995,4.5545454545454544e-14,5e-11,25,1.8e-07,1,3.3039e-05
1.1999999999999995,4.5545454545454544e-14,5e-11,25,3.6e-07,1,3.3221e-05
1.1999999999999995,4.5545454545454544e-14,5e-11,75,1.8e-07,1,3.28074e-05
1.1999999999999995,4.5545454545454544e-14,5e-11,75,3.6e-07,1,3.31004e-05
1.1999999999999995,4.5545454545454544e-14,5e-11,100,1.8e-07,1,3.24158e-05
1.1999999999999995,4.5545454545454544e-14,5e-11,100,3.6e-07,1,3.29351e-05
1.1999999999999995,4.5545454545454544e-14,5e-11,125,1.8e-07,1,3.17043e-05
1.1999999999999995,4.5545454545454544e-14,5e-11,125,3.6e-07,1,3.26448e-05
1.1999999999999995,4.5545454545454544e-14,1e-10,-40,1.8e-07,1,3.31935e-05
1.1999999999999995,4.5545454545454544e-14,1e-10,-40,3.6e-07,1,3.34596e-05
1.1999999999999995,4.5545454545454544e-14,1e-10,-25,1.8e-07,1,3.31595e-05
1.1999999999999995,4.5545454545454544e-14,1e-10,-25,3.6e-07,1,3.34084e-05
1.1999999999999995,4.5545454545454544e-14,1e-10,0,1.8e-07,1,3.31211e-05
1.1999999999999995,4.5545454545454544e-14,1e-10,0,3.6e-07,1,3.33505e-05
1.1999999999999995,4.5545454545454544e-14,1e-10,25,1.8e-07,1,3.30846e-05
1.1999999999999995,4.5545454545454544e-14,1e-10,25,3.6e-07,1,3.33078e-05
1.1999999999999995,4.5545454545454544e-14,1e-10,75,1.8e-07,1,3.27985e-05
1.1999999999999995,4.5545454545454544e-14,1e-10,75,3.6e-07,1,3.31798e-05
1.1999999999999995,4.5545454545454544e-14,1e-10,100,1.8e-07,1,3.23443e-05
1.1999999999999995,4.5545454545454544e-14,1e-10,100,3.6e-07,1,3.3032e-05
1.1999999999999995,4.5545454545454544e-14,1e-10,125,1.8e-07,1,3.15489e-05
1.1999999999999995,4.5545454545454544e-14,1e-10,125,3.6e-07,1,3.27722e-05
1.1999999999999995,4.5545454545454544e-14,2e-10,-40,1.8e-07,1,3.35787e-05
1.1999999999999995,4.5545454545454544e-14,2e-10,-40,3.6e-07,1,3.4075e-05
1.1999999999999995,4.5545454545454544e-14,2e-10,-25,1.8e-07,1,3.34759e-05
1.1999999999999995,4.5545454545454544e-14,2e-10,-25,3.6e-07,1,3.39251e-05
1.1999999999999995,4.5545454545454544e-14,2e-10,0,1.8e-07,1,3.33548e-05
1.1999999999999995,4.5545454545454544e-14,2e-10,0,3.6e-07,1,3.37469e-05
1.1999999999999995,4.5545454545454544e-14,2e-10,25,1.8e-07,1,3.32472e-05
1.1999999999999995,4.5545454545454544e-14,2e-10,25,3.6e-07,1,3.36205e-05
1.1999999999999995,4.5545454545454544e-14,2e-10,75,1.8e-07,1,3.2685e-05
1.1999999999999995,4.5545454545454544e-14,2e-10,75,3.6e-07,1,3.3413e-05
1.1999999999999995,4.5545454545454544e-14,2e-10,100,1.8e-07,1,3.19807e-05
1.1999999999999995,4.5545454545454544e-14,2e-10,100,3.6e-07,1,3.32643e-05
1.1999999999999995,4.5545454545454544e-14,2e-10,125,1.8e-07,1,3.0897e-05
1.1999999999999995,4.5545454545454544e-14,2e-10,125,3.6e-07,1,3.30185e-05
1.1999999999999995,4.5545454545454544e-14,4e-10,-40,1.8e-07,1,3.47146e-05
1.1999999999999995,4.5545454545454544e-14,4e-10,-40,3.6e-07,1,3.58211e-05
1.1999999999999995,4.5545454545454544e-14,4e-10,-25,1.8e-07,1,3.44226e-05
1.1999999999999995,4.5545454545454544e-14,4e-10,-25,3.6e-07,1,3.54482e-05
1.1999999999999995,4.5545454545454544e-14,4e-10,0,1.8e-07,1,3.39631e-05
1.1999999999999995,4.5545454545454544e-14,4e-10,0,3.6e-07,1,3.49644e-05
1.1999999999999995,4.5545454545454544e-14,4e-10,25,1.8e-07,1,3.33135e-05
1.1999999999999995,4.5545454545454544e-14,4e-10,25,3.6e-07,1,3.46039e-05
1.1999999999999995,4.5545454545454544e-14,4e-10,75,1.8e-07,1,3.07507e-05
1.1999999999999995,4.5545454545454544e-14,4e-10,75,3.6e-07,1,3.40253e-05
1.1999999999999995,4.5545454545454544e-14,4e-10,100,1.8e-07,1,2.88659e-05
1.1999999999999995,4.5545454545454544e-14,4e-10,100,3.6e-07,1,3.36491e-05
1.1999999999999995,4.5545454545454544e-14,4e-10,125,1.8e-07,1,2.67767e-05
1.1999999999999995,4.5545454545454544e-14,4e-10,125,3.6e-07,1,3.30901e-05
1.1999999999999995,5e-14,1e-11,-40,1.8e-07,1,3.62487e-05
1.1999999999999995,5e-14,1e-11,-40,3.6e-07,1,3.64263e-05
1.1999999999999995,5e-14,1e-11,-25,1.8e-07,1,3.62474e-05
1.1999999999999995,5e-14,1e-11,-25,3.6e-07,1,3.64242e-05
1.1999999999999995,5e-14,1e-11,0,1.8e-07,1,3.62354e-05
1.1999999999999995,5e-14,1e-11,0,3.6e-07,1,3.64134e-05
1.1999999999999995,5e-14,1e-11,25,1.8e-07,1,3.61973e-05
1.1999999999999995,5e-14,1e-11,25,3.6e-07,1,3.63791e-05
1.1999999999999995,5e-14,1e-11,75,1.8e-07,1,3.57772e-05
1.1999999999999995,5e-14,1e-11,75,3.6e-07,1,3.61158e-05
1.1999999999999995,5e-14,1e-11,100,1.8e-07,1,3.51625e-05
1.1999999999999995,5e-14,1e-11,100,3.6e-07,1,3.57923e-05
1.1999999999999995,5e-14,1e-11,125,1.8e-07,1,3.4137e-05
1.1999999999999995,5e-14,1e-11,125,3.6e-07,1,3.52815e-05
1.1999999999999995,5e-14,5e-11,-40,1.8e-07,1,3.62788e-05
1.1999999999999995,5e-14,5e-11,-40,3.6e-07,1,3.64696e-05
1.1999999999999995,5e-14,5e-11,-25,1.8e-07,1,3.62691e-05
1.1999999999999995,5e-14,5e-11,-25,3.6e-07,1,3.64551e-05
1.1999999999999995,5e-14,5e-11,0,1.8e-07,1,3.62523e-05
1.1999999999999995,5e-14,5e-11,0,3.6e-07,1,3.64358e-05
1.1999999999999995,5e-14,5e-11,25,1.8e-07,1,3.6215e-05
1.1999999999999995,5e-14,5e-11,25,3.6e-07,1,3.64016e-05
1.1999999999999995,5e-14,5e-11,75,1.8e-07,1,3.57723e-05
1.1999999999999995,5e-14,5e-11,75,3.6e-07,1,3.61723e-05
1.1999999999999995,5e-14,5e-11,100,1.8e-07,1,3.51203e-05
1.1999999999999995,5e-14,5e-11,100,3.6e-07,1,3.58883e-05
1.1999999999999995,5e-14,5e-11,125,1.8e-07,1,3.40417e-05
1.1999999999999995,5e-14,5e-11,125,3.6e-07,1,3.54251e-05
1.1999999999999995,5e-14,1e-10,-40,1.8e-07,1,3.639e-05
1.1999999999999995,5e-14,1e-10,-40,3.6e-07,1,3.66488e-05
1.1999999999999995,5e-14,1e-10,-25,1.8e-07,1,3.63572e-05
1.1999999999999995,5e-14,1e-10,-25,3.6e-07,1,3.65993e-05
1.1999999999999995,5e-14,1e-10,0,1.8e-07,1,3.63151e-05
1.1999999999999995,5e-14,1e-10,0,3.6e-07,1,3.65416e-05
1.1999999999999995,5e-14,1e-10,25,1.8e-07,1,3.6258e-05
1.1999999999999995,5e-14,1e-10,25,3.6e-07,1,3.64885e-05
1.1999999999999995,5e-14,1e-10,75,1.8e-07,1,3.57384e-05
1.1999999999999995,5e-14,1e-10,75,3.6e-07,1,3.62728e-05
1.1999999999999995,5e-14,1e-10,100,1.8e-07,1,3.50023e-05
1.1999999999999995,5e-14,1e-10,100,3.6e-07,1,3.6021e-05
1.1999999999999995,5e-14,1e-10,125,1.8e-07,1,3.38217e-05
1.1999999999999995,5e-14,1e-10,125,3.6e-07,1,3.56006e-05
1.1999999999999995,5e-14,2e-10,-40,1.8e-07,1,3.67541e-05
1.1999999999999995,5e-14,2e-10,-40,3.6e-07,1,3.72346e-05
1.1999999999999995,5e-14,2e-10,-25,1.8e-07,1,3.66551e-05
1.1999999999999995,5e-14,2e-10,-25,3.6e-07,1,3.70902e-05
1.1999999999999995,5e-14,2e-10,0,1.8e-07,1,3.65323e-05
1.1999999999999995,5e-14,2e-10,0,3.6e-07,1,3.69186e-05
1.1999999999999995,5e-14,2e-10,25,1.8e-07,1,3.63908e-05
1.1999999999999995,5e-14,2e-10,25,3.6e-07,1,3.67911e-05
1.1999999999999995,5e-14,2e-10,75,1.8e-07,1,3.54861e-05
1.1999999999999995,5e-14,2e-10,75,3.6e-07,1,3.65276e-05
1.1999999999999995,5e-14,2e-10,100,1.8e-07,1,3.44348e-05
1.1999999999999995,5e-14,2e-10,100,3.6e-07,1,3.62929e-05
1.1999999999999995,5e-14,2e-10,125,1.8e-07,1,3.29255e-05
1.1999999999999995,5e-14,2e-10,125,3.6e-07,1,3.58969e-05
1.1999999999999995,5e-14,4e-10,-40,1.8e-07,1,3.78322e-05
1.1999999999999995,5e-14,4e-10,-40,3.6e-07,1,3.89131e-05
1.1999999999999995,5e-14,4e-10,-25,1.8e-07,1,3.75269e-05
1.1999999999999995,5e-14,4e-10,-25,3.6e-07,1,3.85479e-05
1.1999999999999995,5e-14,4e-10,0,1.8e-07,1,3.69644e-05
1.1999999999999995,5e-14,4e-10,0,3.6e-07,1,3.80797e-05
1.1999999999999995,5e-14,4e-10,25,1.8e-07,1,3.6059e-05
1.1999999999999995,5e-14,4e-10,25,3.6e-07,1,3.77258e-05
1.1999999999999995,5e-14,4e-10,75,1.8e-07,1,3.2613e-05
1.1999999999999995,5e-14,4e-10,75,3.6e-07,1,3.70594e-05
1.1999999999999995,5e-14,4e-10,100,1.8e-07,1,3.02744e-05
1.1999999999999995,5e-14,4e-10,100,3.6e-07,1,3.65274e-05
1.1999999999999995,5e-14,4e-10,125,1.8e-07,1,2.78035e-05
1.1999999999999995,5e-14,4e-10,125,3.6e-07,1,3.57152e-05
1.2999999999999998,1e-15,1e-11,-40,1.8e-07,1,1.16747e-06
1.2999999999999998,1e-15,1e-11,-40,3.6e-07,1,1.31996e-06
1.2999999999999998,1e-15,1e-11,-25,1.8e-07,1,1.15856e-06
1.2999999999999998,1e-15,1e-11,-25,3.6e-07,1,1.31881e-06
1.2999999999999998,1e-15,1e-11,0,1.8e-07,1,1.14865e-06
1.2999999999999998,1e-15,1e-11,0,3.6e-07,1,1.32159e-06
1.2999999999999998,1e-15,1e-11,25,1.8e-07,1,1.14366e-06
1.2999999999999998,1e-15,1e-11,25,3.6e-07,1,1.32656e-06
1.2999999999999998,1e-15,1e-11,75,1.8e-07,1,1.1462e-06
1.2999999999999998,1e-15,1e-11,75,3.6e-07,1,1.33762e-06
1.2999999999999998,1e-15,1e-11,100,1.8e-07,1,1.15168e-06
1.2999999999999998,1e-15,1e-11,100,3.6e-07,1,1.34551e-06
1.2999999999999998,1e-15,1e-11,125,1.8e-07,1,1.15875e-06
1.2999999999999998,1e-15,1e-11,125,3.6e-07,1,1.35595e-06
1.2999999999999998,1e-15,5e-11,-40,1.8e-07,1,1.80272e-06
1.2999999999999998,1e-15,5e-11,-40,3.6e-07,1,2.19759e-06
1.2999999999999998,1e-15,5e-11,-25,1.8e-07,1,1.73085e-06
1.2999999999999998,1e-15,5e-11,-25,3.6e-07,1,2.1205e-06
1.2999999999999998,1e-15,5e-11,0,1.8e-07,1,1.62415e-06
1.2999999999999998,1e-15,5e-11,0,3.6e-07,1,1.99952e-06
1.2999999999999998,1e-15,5e-11,25,1.8e-07,1,1.53671e-06
1.2999999999999998,1e-15,5e-11,25,3.6e-07,1,1.89352e-06
1.2999999999999998,1e-15,5e-11,75,1.8e-07,1,1.41319e-06
1.2999999999999998,1e-15,5e-11,75,3.6e-07,1,1.73291e-06
1.2999999999999998,1e-15,5e-11,100,1.8e-07,1,1.37221e-06
1.2999999999999998,1e-15,5e-11,100,3.6e-07,1,1.67656e-06
1.2999999999999998,1e-15,5e-11,125,1.8e-07,1,1.34165e-06
1.2999999999999998,1e-15,5e-11,125,3.6e-07,1,1.63302e-06
1.2999999999999998,1e-15,1e-10,-40,1.8e-07,1,2.91292e-06
1.2999999999999998,1e-15,1e-10,-40,3.6e-07,1,3.56604e-06
1.2999999999999998,1e-15,1e-10,-25,1.8e-07,1,2.76276e-06
1.2999999999999998,1e-15,1e-10,-25,3.6e-07,1,3.41192e-06
1.2999999999999998,1e-15,1e-10,0,1.8e-07,1,2.52602e-06
1.2999999999999998,1e-15,1e-10,0,3.6e-07,1,3.15827e-06
1.2999999999999998,1e-15,1e-10,25,1.8e-07,1,2.31772e-06
1.2999999999999998,1e-15,1e-10,25,3.6e-07,1,2.92406e-06
1.2999999999999998,1e-15,1e-10,75,1.8e-07,1,1.99347e-06
1.2999999999999998,1e-15,1e-10,75,3.6e-07,1,2.53735e-06
1.2999999999999998,1e-15,1e-10,100,1.8e-07,1,1.87331e-06
1.2999999999999998,1e-15,1e-10,100,3.6e-07,1,2.38602e-06
1.2999999999999998,1e-15,1e-10,125,1.8e-07,1,1.77609e-06
1.2999999999999998,1e-15,1e-10,125,3.6e-07,1,2.26011e-06
1.2999999999999998,1e-15,2e-10,-40,1.8e-07,1,5.39991e-06
1.2999999999999998,1e-15,2e-10,-40,3.6e-07,1,6.63808e-06
1.2999999999999998,1e-15,2e-10,-25,1.8e-07,1,5.09377e-06
1.2999999999999998,1e-15,2e-10,-25,3.6e-07,1,6.32577e-06
1.2999999999999998,1e-15,2e-10,0,1.8e-07,1,4.60046e-06
1.2999999999999998,1e-15,2e-10,0,3.6e-07,1,5.7985e-06
1.2999999999999998,1e-15,2e-10,25,1.8e-07,1,4.15432e-06
1.2999999999999998,1e-15,2e-10,25,3.6e-07,1,5.30126e-06
1.2999999999999998,1e-15,2e-10,75,1.8e-07,1,3.42825e-06
1.2999999999999998,1e-15,2e-10,75,3.6e-07,1,4.45097e-06
1.2999999999999998,1e-15,2e-10,100,1.8e-07,1,3.14379e-06
1.2999999999999998,1e-15,2e-10,100,3.6e-07,1,4.10341e-06
1.2999999999999998,1e-15,2e-10,125,1.8e-07,1,2.90393e-06
1.2999999999999998,1e-15,2e-10,125,3.6e-07,1,3.80469e-06
1.2999999999999998,1e-15,4e-10,-40,1.8e-07,1,1.05673e-05
1.2999999999999998,1e-15,4e-10,-40,3.6e-07,1,1.3041e-05
1.2999999999999998,1e-15,4e-10,-25,1.8e-07,1,9.94933e-06
1.2999999999999998,1e-15,4e-10,-25,3.6e-07,1,1.24094e-05
1.2999999999999998,1e-15,4e-10,0,1.8e-07,1,8.94825e-06
1.2999999999999998,1e-15,4e-10,0,3.6e-07,1,1.13355e-05
1.2999999999999998,1e-15,4e-10,25,1.8e-07,1,8.03616e-06
1.2999999999999998,1e-15,4e-10,25,3.6e-07,1,1.03178e-05
1.2999999999999998,1e-15,4e-10,75,1.8e-07,1,6.53183e-06
1.2999999999999998,1e-15,4e-10,75,3.6e-07,1,8.55794e-06
1.2999999999999998,1e-15,4e-10,100,1.8e-07,1,5.93076e-06
1.2999999999999998,1e-15,4e-10,100,3.6e-07,1,7.82823e-06
1.2999999999999998,1e-15,4e-10,125,1.8e-07,1,5.41661e-06
1.2999999999999998,1e-15,4e-10,125,3.6e-07,1,7.19218e-06
1.2999999999999998,5.454545454545455e-15,1e-11,-40,1.8e-07,1,4.90889e-06
1.2999999999999998,5.454545454545455e-15,1e-11,-40,3.6e-07,1,5.10145e-06
1.2999999999999998,5.454545454545455e-15,1e-11,-25,1.8e-07,1,4.90772e-06
1.2999999999999998,5.454545454545455e-15,1e-11,-25,3.6e-07,1,5.10267e-06
1.2999999999999998,5.454545454545455e-15,1e-11,0,1.8e-07,1,4.90772e-06
1.2999999999999998,5.454545454545455e-15,1e-11,0,3.6e-07,1,5.10601e-06
1.2999999999999998,5.454545454545455e-15,1e-11,25,1.8e-07,1,4.9102e-06
1.2999999999999998,5.454545454545455e-15,1e-11,25,3.6e-07,1,5.11093e-06
1.2999999999999998,5.454545454545455e-15,1e-11,75,1.8e-07,1,4.91972e-06
1.2999999999999998,5.454545454545455e-15,1e-11,75,3.6e-07,1,5.12461e-06
1.2999999999999998,5.454545454545455e-15,1e-11,100,1.8e-07,1,4.92536e-06
1.2999999999999998,5.454545454545455e-15,1e-11,100,3.6e-07,1,5.13457e-06
1.2999999999999998,5.454545454545455e-15,1e-11,125,1.8e-07,1,4.93075e-06
1.2999999999999998,5.454545454545455e-15,1e-11,125,3.6e-07,1,5.14451e-06
1.2999999999999998,5.454545454545455e-15,5e-11,-40,1.8e-07,1,5.24456e-06
1.2999999999999998,5.454545454545455e-15,5e-11,-40,3.6e-07,1,5.59066e-06
1.2999999999999998,5.454545454545455e-15,5e-11,-25,1.8e-07,1,5.19122e-06
1.2999999999999998,5.454545454545455e-15,5e-11,-25,3.6e-07,1,5.52241e-06
1.2999999999999998,5.454545454545455e-15,5e-11,0,1.8e-07,1,5.12304e-06
1.2999999999999998,5.454545454545455e-15,5e-11,0,3.6e-07,1,5.43074e-06
1.2999999999999998,5.454545454545455e-15,5e-11,25,1.8e-07,1,5.07424e-06
1.2999999999999998,5.454545454545455e-15,5e-11,25,3.6e-07,1,5.36238e-06
1.2999999999999998,5.454545454545455e-15,5e-11,75,1.8e-07,1,5.01794e-06
1.2999999999999998,5.454545454545455e-15,5e-11,75,3.6e-07,1,5.27877e-06
1.2999999999999998,5.454545454545455e-15,5e-11,100,1.8e-07,1,5.00284e-06
1.2999999999999998,5.454545454545455e-15,5e-11,100,3.6e-07,1,5.25522e-06
1.2999999999999998,5.454545454545455e-15,5e-11,125,1.8e-07,1,4.99284e-06
1.2999999999999998,5.454545454545455e-15,5e-11,125,3.6e-07,1,5.24062e-06
1.2999999999999998,5.454545454545455e-15,1e-10,-40,1.8e-07,1,5.93662e-06
1.2999999999999998,5.454545454545455e-15,1e-10,-40,3.6e-07,1,6.59163e-06
1.2999999999999998,5.454545454545455e-15,1e-10,-25,1.8e-07,1,5.80511e-06
1.2999999999999998,5.454545454545455e-15,1e-10,-25,3.6e-07,1,6.43177e-06
1.2999999999999998,5.454545454545455e-15,1e-10,0,1.8e-07,1,5.62353e-06
1.2999999999999998,5.454545454545455e-15,1e-10,0,3.6e-07,1,6.19543e-06
1.2999999999999998,5.454545454545455e-15,1e-10,25,1.8e-07,1,5.48244e-06
1.2999999999999998,5.454545454545455e-15,1e-10,25,3.6e-07,1,6.00095e-06
1.2999999999999998,5.454545454545455e-15,1e-10,75,1.8e-07,1,5.29262e-06
1.2999999999999998,5.454545454545455e-15,1e-10,75,3.6e-07,1,5.72287e-06
1.2999999999999998,5.454545454545455e-15,1e-10,100,1.8e-07,1,5.23049e-06
1.2999999999999998,5.454545454545455e-15,1e-10,100,3.6e-07,1,5.62811e-06
1.2999999999999998,5.454545454545455e-15,1e-10,125,1.8e-07,1,5.18345e-06
1.2999999999999998,5.454545454545455e-15,1e-10,125,3.6e-07,1,5.5553e-06
1.2999999999999998,5.454545454545455e-15,2e-10,-40,1.8e-07,1,7.70126e-06
1.2999999999999998,5.454545454545455e-15,2e-10,-40,3.6e-07,1,8.97067e-06
1.2999999999999998,5.454545454545455e-15,2e-10,-25,1.8e-07,1,7.40856e-06
1.2999999999999998,5.454545454545455e-15,2e-10,-25,3.6e-07,1,8.649e-06
1.2999999999999998,5.454545454545455e-15,2e-10,0,1.8e-07,1,6.97583e-06
1.2999999999999998,5.454545454545455e-15,2e-10,0,3.6e-07,1,8.14165e-06
1.2999999999999998,5.454545454545455e-15,2e-10,25,1.8e-07,1,6.61967e-06
1.2999999999999998,5.454545454545455e-15,2e-10,25,3.6e-07,1,7.69306e-06
1.2999999999999998,5.454545454545455e-15,2e-10,75,1.8e-07,1,6.10248e-06
1.2999999999999998,5.454545454545455e-15,2e-10,75,3.6e-07,1,6.98461e-06
1.2999999999999998,5.454545454545455e-15,2e-10,100,1.8e-07,1,5.91859e-06
1.2999999999999998,5.454545454545455e-15,2e-10,100,3.6e-07,1,6.71786e-06
1.2999999999999998,5.454545454545455e-15,2e-10,125,1.8e-07,1,5.77233e-06
1.2999999999999998,5.454545454545455e-15,2e-10,125,3.6e-07,1,6.49974e-06
1.2999999999999998,5.454545454545455e-15,4e-10,-40,1.8e-07,1,1.20043e-05
1.2999999999999998,5.454545454545455e-15,4e-10,-40,3.6e-07,1,1.44113e-05
1.2999999999999998,5.454545454545455e-15,4e-10,-25,1.8e-07,1,1.14003e-05
1.2999999999999998,5.454545454545455e-15,4e-10,-25,3.6e-07,1,1.37863e-05
1.2999999999999998,5.454545454545455e-15,4e-10,0,1.8e-07,1,1.04528e-05
1.2999999999999998,5.454545454545455e-15,4e-10,0,3.6e-07,1,1.27552e-05
1.2999999999999998,5.454545454545455e-15,4e-10,25,1.8e-07,1,9.62274e-06
1.2999999999999998,5.454545454545455e-15,4e-10,25,3.6e-07,1,1.18015e-05
1.2999999999999998,5.454545454545455e-15,4e-10,75,1.8e-07,1,8.32716e-06
1.2999999999999998,5.454545454545455e-15,4e-10,75,3.6e-07,1,1.02056e-05
1.2999999999999998,5.454545454545455e-15,4e-10,100,1.8e-07,1,7.84099e-06
1.2999999999999998,5.454545454545455e-15,4e-10,100,3.6e-07,1,9.56772e-06
1.2999999999999998,5.454545454545455e-15,4e-10,125,1.8e-07,1,7.44161e-06
1.2999999999999998,5.454545454545455e-15,4e-10,125,3.6e-07,1,9.02492e-06
1.2999999999999998,9.909090909090907e-15,1e-11,-40,1.8e-07,1,8.67281e-06
1.2999999999999998,9.909090909090907e-15,1e-11,-40,3.6e-07,1,8.87016e-06
1.2999999999999998,9.909090909090907e-15,1e-11,-25,1.8e-07,1,8.67198e-06
1.2999999999999998,9.909090909090907e-15,1e-11,-25,3.6e-07,1,8.87184e-06
1.2999999999999998,9.909090909090907e-15,1e-11,0,1.8e-07,1,8.674e-06
1.2999999999999998,9.909090909090907e-15,1e-11,0,3.6e-07,1,8.87575e-06
1.2999999999999998,9.909090909090907e-15,1e-11,25,1.8e-07,1,8.67782e-06
1.2999999999999998,9.909090909090907e-15,1e-11,25,3.6e-07,1,8.88019e-06
1.2999999999999998,9.909090909090907e-15,1e-11,75,1.8e-07,1,8.68402e-06
1.2999999999999998,9.909090909090907e-15,1e-11,75,3.6e-07,1,8.89565e-06
1.2999999999999998,9.909090909090907e-15,1e-11,100,1.8e-07,1,8.68904e-06
1.2999999999999998,9.909090909090907e-15,1e-11,100,3.6e-07,1,8.9049e-06
1.2999999999999998,9.909090909090907e-15,1e-11,125,1.8e-07,1,8.69441e-06
1.2999999999999998,9.909090909090907e-15,1e-11,125,3.6e-07,1,8.91345e-06
1.2999999999999998,9.909090909090907e-15,5e-11,-40,1.8e-07,1,8.9136e-06
1.2999999999999998,9.909090909090907e-15,5e-11,-40,3.6e-07,1,9.2305e-06
1.2999999999999998,9.909090909090907e-15,5e-11,-25,1.8e-07,1,8.87144e-06
1.2999999999999998,9.909090909090907e-15,5e-11,-25,3.6e-07,1,9.17354e-06
1.2999999999999998,9.909090909090907e-15,5e-11,0,1.8e-07,1,8.82077e-06
1.2999999999999998,9.909090909090907e-15,5e-11,0,3.6e-07,1,9.10067e-06
1.2999999999999998,9.909090909090907e-15,5e-11,25,1.8e-07,1,8.78657e-06
1.2999999999999998,9.909090909090907e-15,5e-11,25,3.6e-07,1,9.05041e-06
1.2999999999999998,9.909090909090907e-15,5e-11,75,1.8e-07,1,8.74629e-06
1.2999999999999998,9.909090909090907e-15,5e-11,75,3.6e-07,1,8.99354e-06
1.2999999999999998,9.909090909090907e-15,5e-11,100,1.8e-07,1,8.73705e-06
1.2999999999999998,9.909090909090907e-15,5e-11,100,3.6e-07,1,8.97963e-06
1.2999999999999998,9.909090909090907e-15,5e-11,125,1.8e-07,1,8.73197e-06
1.2999999999999998,9.909090909090907e-15,5e-11,125,3.6e-07,1,8.97248e-06
1.2999999999999998,9.909090909090907e-15,1e-10,-40,1.8e-07,1,9.46324e-06
1.2999999999999998,9.909090909090907e-15,1e-10,-40,3.6e-07,1,1.00465e-05
1.2999999999999998,9.909090909090907e-15,1e-10,-25,1.8e-07,1,9.34787e-06
1.2999999999999998,9.909090909090907e-15,1e-10,-25,3.6e-07,1,9.89819e-06
1.2999999999999998,9.909090909090907e-15,1e-10,0,1.8e-07,1,9.19739e-06
1.2999999999999998,9.909090909090907e-15,1e-10,0,3.6e-07,1,9.69145e-06
1.2999999999999998,9.909090909090907e-15,1e-10,25,1.8e-07,1,9.08431e-06
1.2999999999999998,9.909090909090907e-15,1e-10,25,3.6e-07,1,9.53042e-06
1.2999999999999998,9.909090909090907e-15,1e-10,75,1.8e-07,1,8.94042e-06
1.2999999999999998,9.909090909090907e-15,1e-10,75,3.6e-07,1,9.31312e-06
1.2999999999999998,9.909090909090907e-15,1e-10,100,1.8e-07,1,8.89568e-06
1.2999999999999998,9.909090909090907e-15,1e-10,100,3.6e-07,1,9.24282e-06
1.2999999999999998,9.909090909090907e-15,1e-10,125,1.8e-07,1,8.8628e-06
1.2999999999999998,9.909090909090907e-15,1e-10,125,3.6e-07,1,9.19059e-06
1.2999999999999998,9.909090909090907e-15,2e-10,-40,1.8e-07,1,1.0921e-05
1.2999999999999998,9.909090909090907e-15,2e-10,-40,3.6e-07,1,1.21382e-05
1.2999999999999998,9.909090909090907e-15,2e-10,-25,1.8e-07,1,1.06488e-05
1.2999999999999998,9.909090909090907e-15,2e-10,-25,3.6e-07,1,1.18108e-05
1.2999999999999998,9.909090909090907e-15,2e-10,0,1.8e-07,1,1.02672e-05
1.2999999999999998,9.909090909090907e-15,2e-10,0,3.6e-07,1,1.13179e-05
1.2999999999999998,9.909090909090907e-15,2e-10,25,1.8e-07,1,9.96634e-06
1.2999999999999998,9.909090909090907e-15,2e-10,25,3.6e-07,1,1.09037e-05
1.2999999999999998,9.909090909090907e-15,2e-10,75,1.8e-07,1,9.54684e-06
1.2999999999999998,9.909090909090907e-15,2e-10,75,3.6e-07,1,1.02921e-05
1.2999999999999998,9.909090909090907e-15,2e-10,100,1.8e-07,1,9.40364e-06
1.2999999999999998,9.909090909090907e-15,2e-10,100,3.6e-07,1,1.00746e-05
1.2999999999999998,9.909090909090907e-15,2e-10,125,1.8e-07,1,9.29167e-06
1.2999999999999998,9.909090909090907e-15,2e-10,125,3.6e-07,1,9.90067e-06
1.2999999999999998,9.909090909090907e-15,4e-10,-40,1.8e-07,1,1.45863e-05
1.2999999999999998,9.909090909090907e-15,4e-10,-40,3.6e-07,1,1.70215e-05
1.2999999999999998,9.909090909090907e-15,4e-10,-25,1.8e-07,1,1.39932e-05
1.2999999999999998,9.909090909090907e-15,4e-10,-25,3.6e-07,1,1.63797e-05
1.2999999999999998,9.909090909090907e-15,4e-10,0,1.8e-07,1,1.31079e-05
1.2999999999999998,9.909090909090907e-15,4e-10,0,3.6e-07,1,1.53577e-05
1.2999999999999998,9.909090909090907e-15,4e-10,25,1.8e-07,1,1.23681e-05
1.2999999999999998,9.909090909090907e-15,4e-10,25,3.6e-07,1,1.44408e-05
1.2999999999999998,9.909090909090907e-15,4e-10,75,1.8e-07,1,1.12725e-05
1.2999999999999998,9.909090909090907e-15,4e-10,75,3.6e-07,1,1.29674e-05
1.2999999999999998,9.909090909090907e-15,4e-10,100,1.8e-07,1,1.08776e-05
1.2999999999999998,9.909090909090907e-15,4e-10,100,3.6e-07,1,1.24006e-05
1.2999999999999998,9.909090909090907e-15,4e-10,125,1.8e-07,1,1.05584e-05
1.2999999999999998,9.909090909090907e-15,4e-10,125,3.6e-07,1,1.19298e-05
1.2999999999999998,1.436363636363636e-14,1e-11,-40,1.8e-07,1,1.24358e-05
1.2999999999999998,1.436363636363636e-14,1e-11,-40,3.6e-07,1,1.26364e-05
1.2999999999999998,1.436363636363636e-14,1e-11,-25,1.8e-07,1,1.2437e-05
1.2999999999999998,1.436363636363636e-14,1e-11,-25,3.6e-07,1,1.26388e-05
1.2999999999999998,1.436363636363636e-14,1e-11,0,1.8e-07,1,1.24404e-05
1.2999999999999998,1.436363636363636e-14,1e-11,0,3.6e-07,1,1.26412e-05
1.2999999999999998,1.436363636363636e-14,1e-11,25,1.8e-07,1,1.24406e-05
1.2999999999999998,1.436363636363636e-14,1e-11,25,3.6e-07,1,1.26495e-05
1.2999999999999998,1.436363636363636e-14,1e-11,75,1.8e-07,1,1.24485e-05
1.2999999999999998,1.436363636363636e-14,1e-11,75,3.6e-07,1,1.26627e-05
1.2999999999999998,1.436363636363636e-14,1e-11,100,1.8e-07,1,1.24529e-05
1.2999999999999998,1.436363636363636e-14,1e-11,100,3.6e-07,1,1.26694e-05
1.2999999999999998,1.436363636363636e-14,1e-11,125,1.8e-07,1,1.24571e-05
1.2999999999999998,1.436363636363636e-14,1e-11,125,3.6e-07,1,1.26758e-05
1.2999999999999998,1.436363636363636e-14,5e-11,-40,1.8e-07,1,1.2627e-05
1.2999999999999998,1.436363636363636e-14,5e-11,-40,3.6e-07,1,1.29275e-05
1.2999999999999998,1.436363636363636e-14,5e-11,-25,1.8e-07,1,1.25911e-05
1.2999999999999998,1.436363636363636e-14,5e-11,-25,3.6e-07,1,1.28773e-05
1.2999999999999998,1.436363636363636e-14,5e-11,0,1.8e-07,1,1.25514e-05
1.2999999999999998,1.436363636363636e-14,5e-11,0,3.6e-07,1,1.28149e-05
1.2999999999999998,1.436363636363636e-14,5e-11,25,1.8e-07,1,1.25218e-05
1.2999999999999998,1.436363636363636e-14,5e-11,25,3.6e-07,1,1.27773e-05
1.2999999999999998,1.436363636363636e-14,5e-11,75,1.8e-07,1,1.24932e-05
1.2999999999999998,1.436363636363636e-14,5e-11,75,3.6e-07,1,1.27347e-05
1.2999999999999998,1.436363636363636e-14,5e-11,100,1.8e-07,1,1.24869e-05
1.2999999999999998,1.436363636363636e-14,5e-11,100,3.6e-07,1,1.27244e-05
1.2999999999999998,1.436363636363636e-14,5e-11,125,1.8e-07,1,1.24836e-05
1.2999999999999998,1.436363636363636e-14,5e-11,125,3.6e-07,1,1.27187e-05
1.2999999999999998,1.436363636363636e-14,1e-10,-40,1.8e-07,1,1.30946e-05
1.2999999999999998,1.436363636363636e-14,1e-10,-40,3.6e-07,1,1.36276e-05
1.2999999999999998,1.436363636363636e-14,1e-10,-25,1.8e-07,1,1.29912e-05
1.2999999999999998,1.436363636363636e-14,1e-10,-25,3.6e-07,1,1.34911e-05
1.2999999999999998,1.436363636363636e-14,1e-10,0,1.8e-07,1,1.28598e-05
1.2999999999999998,1.436363636363636e-14,1e-10,0,3.6e-07,1,1.33068e-05
1.2999999999999998,1.436363636363636e-14,1e-10,25,1.8e-07,1,1.27631e-05
1.2999999999999998,1.436363636363636e-14,1e-10,25,3.6e-07,1,1.31684e-05
1.2999999999999998,1.436363636363636e-14,1e-10,75,1.8e-07,1,1.26458e-05
1.2999999999999998,1.436363636363636e-14,1e-10,75,3.6e-07,1,1.29871e-05
1.2999999999999998,1.436363636363636e-14,1e-10,100,1.8e-07,1,1.26104e-05
1.2999999999999998,1.436363636363636e-14,1e-10,100,3.6e-07,1,1.29328e-05
1.2999999999999998,1.436363636363636e-14,1e-10,125,1.8e-07,1,1.25847e-05
1.2999999999999998,1.436363636363636e-14,1e-10,125,3.6e-07,1,1.28902e-05
1.2999999999999998,1.436363636363636e-14,2e-10,-40,1.8e-07,1,1.43688e-05
1.2999999999999998,1.436363636363636e-14,2e-10,-40,3.6e-07,1,1.54974e-05
1.2999999999999998,1.436363636363636e-14,2e-10,-25,1.8e-07,1,1.41136e-05
1.2999999999999998,1.436363636363636e-14,2e-10,-25,3.6e-07,1,1.51778e-05
1.2999999999999998,1.436363636363636e-14,2e-10,0,1.8e-07,1,1.37693e-05
1.2999999999999998,1.436363636363636e-14,2e-10,0,3.6e-07,1,1.47139e-05
1.2999999999999998,1.436363636363636e-14,2e-10,25,1.8e-07,1,1.35015e-05
1.2999999999999998,1.436363636363636e-14,2e-10,25,3.6e-07,1,1.43386e-05
1.2999999999999998,1.436363636363636e-14,2e-10,75,1.8e-07,1,1.31411e-05
1.2999999999999998,1.436363636363636e-14,2e-10,75,3.6e-07,1,1.38016e-05
1.2999999999999998,1.436363636363636e-14,2e-10,100,1.8e-07,1,1.30208e-05
1.2999999999999998,1.436363636363636e-14,2e-10,100,3.6e-07,1,1.36146e-05
1.2999999999999998,1.436363636363636e-14,2e-10,125,1.8e-07,1,1.29276e-05
1.2999999999999998,1.436363636363636e-14,2e-10,125,3.6e-07,1,1.3468e-05
1.2999999999999998,1.436363636363636e-14,4e-10,-40,1.8e-07,1,1.76405e-05
1.2999999999999998,1.436363636363636e-14,4e-10,-40,3.6e-07,1,2.0053e-05
1.2999999999999998,1.436363636363636e-14,4e-10,-25,1.8e-07,1,1.7067e-05
1.2999999999999998,1.436363636363636e-14,4e-10,-25,3.6e-07,1,1.93974e-05
1.2999999999999998,1.436363636363636e-14,4e-10,0,1.8e-07,1,1.62375e-05
1.2999999999999998,1.436363636363636e-14,4e-10,0,3.6e-07,1,1.83788e-05
1.2999999999999998,1.436363636363636e-14,4e-10,25,1.8e-07,1,1.55635e-05
1.2999999999999998,1.436363636363636e-14,4e-10,25,3.6e-07,1,1.74915e-05
1.2999999999999998,1.436363636363636e-14,4e-10,75,1.8e-07,1,1.45946e-05
1.2999999999999998,1.436363636363636e-14,4e-10,75,3.6e-07,1,1.61182e-05
1.2999999999999998,1.436363636363636e-14,4e-10,100,1.8e-07,1,1.42497e-05
1.2999999999999998,1.436363636363636e-14,4e-10,100,3.6e-07,1,1.56064e-05
1.2999999999999998,1.436363636363636e-14,4e-10,125,1.8e-07,1,1.39665e-05
1.2999999999999998,1.436363636363636e-14,4e-10,125,3.6e-07,1,1.51887e-05
1.2999999999999998,1.8818181818181816e-14,1e-11,-40,1.8e-07,1,1.62025e-05
1.2999999999999998,1.8818181818181816e-14,1e-11,-40,3.6e-07,1,1.64038e-05
1.2999999999999998,1.8818181818181816e-14,1e-11,-25,1.8e-07,1,1.62035e-05
1.2999999999999998,1.8818181818181816e-14,1e-11,-25,3.6e-07,1,1.64054e-05
1.2999999999999998,1.8818181818181816e-14,1e-11,0,1.8e-07,1,1.62024e-05
1.2999999999999998,1.8818181818181816e-14,1e-11,0,3.6e-07,1,1.64093e-05
1.2999999999999998,1.8818181818181816e-14,1e-11,25,1.8e-07,1,1.62047e-05
1.2999999999999998,1.8818181818181816e-14,1e-11,25,3.6e-07,1,1.64167e-05
1.2999999999999998,1.8818181818181816e-14,1e-11,75,1.8e-07,1,1.62128e-05
1.2999999999999998,1.8818181818181816e-14,1e-11,75,3.6e-07,1,1.64266e-05
1.2999999999999998,1.8818181818181816e-14,1e-11,100,1.8e-07,1,1.62161e-05
1.2999999999999998,1.8818181818181816e-14,1e-11,100,3.6e-07,1,1.64321e-05
1.2999999999999998,1.8818181818181816e-14,1e-11,125,1.8e-07,1,1.62191e-05
1.2999999999999998,1.8818181818181816e-14,1e-11,125,3.6e-07,1,1.64382e-05
1.2999999999999998,1.8818181818181816e-14,5e-11,-40,1.8e-07,1,1.63612e-05
1.2999999999999998,1.8818181818181816e-14,5e-11,-40,3.6e-07,1,1.66448e-05
1.2999999999999998,1.8818181818181816e-14,5e-11,-25,1.8e-07,1,1.63308e-05
1.2999999999999998,1.8818181818181816e-14,5e-11,-25,3.6e-07,1,1.66031e-05
1.2999999999999998,1.8818181818181816e-14,5e-11,0,1.8e-07,1,1.62926e-05
1.2999999999999998,1.8818181818181816e-14,5e-11,0,3.6e-07,1,1.65525e-05
1.2999999999999998,1.8818181818181816e-14,5e-11,25,1.8e-07,1,1.62698e-05
1.2999999999999998,1.8818181818181816e-14,5e-11,25,3.6e-07,1,1.65199e-05
1.2999999999999998,1.8818181818181816e-14,5e-11,75,1.8e-07,1,1.62469e-05
1.2999999999999998,1.8818181818181816e-14,5e-11,75,3.6e-07,1,1.64835e-05
1.2999999999999998,1.8818181818181816e-14,5e-11,100,1.8e-07,1,1.6242e-05
1.2999999999999998,1.8818181818181816e-14,5e-11,100,3.6e-07,1,1.64749e-05
1.2999999999999998,1.8818181818181816e-14,5e-11,125,1.8e-07,1,1.62388e-05
1.2999999999999998,1.8818181818181816e-14,5e-11,125,3.6e-07,1,1.64709e-05
1.2999999999999998,1.8818181818181816e-14,1e-10,-40,1.8e-07,1,1.67674e-05
1.2999999999999998,1.8818181818181816e-14,1e-10,-40,3.6e-07,1,1.72667e-05
1.2999999999999998,1.8818181818181816e-14,1e-10,-25,1.8e-07,1,1.66743e-05
1.2999999999999998,1.8818181818181816e-14,1e-10,-25,3.6e-07,1,1.71398e-05
1.2999999999999998,1.8818181818181816e-14,1e-10,0,1.8e-07,1,1.65562e-05
1.2999999999999998,1.8818181818181816e-14,1e-10,0,3.6e-07,1,1.69725e-05
1.2999999999999998,1.8818181818181816e-14,1e-10,25,1.8e-07,1,1.64741e-05
1.2999999999999998,1.8818181818181816e-14,1e-10,25,3.6e-07,1,1.68508e-05
1.2999999999999998,1.8818181818181816e-14,1e-10,75,1.8e-07,1,1.63741e-05
1.2999999999999998,1.8818181818181816e-14,1e-10,75,3.6e-07,1,1.66961e-05
1.2999999999999998,1.8818181818181816e-14,1e-10,100,1.8e-07,1,1.63439e-05
1.2999999999999998,1.8818181818181816e-14,1e-10,100,3.6e-07,1,1.66479e-05
1.2999999999999998,1.8818181818181816e-14,1e-10,125,1.8e-07,1,1.63209e-05
1.2999999999999998,1.8818181818181816e-14,1e-10,125,3.6e-07,1,1.6613e-05
1.2999999999999998,1.8818181818181816e-14,2e-10,-40,1.8e-07,1,1.79144e-05
1.2999999999999998,1.8818181818181816e-14,2e-10,-40,3.6e-07,1,1.89673e-05
1.2999999999999998,1.8818181818181816e-14,2e-10,-25,1.8e-07,1,1.76747e-05
1.2999999999999998,1.8818181818181816e-14,2e-10,-25,3.6e-07,1,1.86595e-05
1.2999999999999998,1.8818181818181816e-14,2e-10,0,1.8e-07,1,1.73543e-05
1.2999999999999998,1.8818181818181816e-14,2e-10,0,3.6e-07,1,1.82253e-05
1.2999999999999998,1.8818181818181816e-14,2e-10,25,1.8e-07,1,1.71139e-05
1.2999999999999998,1.8818181818181816e-14,2e-10,25,3.6e-07,1,1.78799e-05
1.2999999999999998,1.8818181818181816e-14,2e-10,75,1.8e-07,1,1.6795e-05
1.2999999999999998,1.8818181818181816e-14,2e-10,75,3.6e-07,1,1.73978e-05
1.2999999999999998,1.8818181818181816e-14,2e-10,100,1.8e-07,1,1.66898e-05
1.2999999999999998,1.8818181818181816e-14,2e-10,100,3.6e-07,1,1.72336e-05
1.2999999999999998,1.8818181818181816e-14,2e-10,125,1.8e-07,1,1.6605e-05
1.2999999999999998,1.8818181818181816e-14,2e-10,125,3.6e-07,1,1.71055e-05
1.2999999999999998,1.8818181818181816e-14,4e-10,-40,1.8e-07,1,2.09085e-05
1.2999999999999998,1.8818181818181816e-14,4e-10,-40,3.6e-07,1,2.32483e-05
1.2999999999999998,1.8818181818181816e-14,4e-10,-25,1.8e-07,1,2.03547e-05
1.2999999999999998,1.8818181818181816e-14,4e-10,-25,3.6e-07,1,2.25888e-05
1.2999999999999998,1.8818181818181816e-14,4e-10,0,1.8e-07,1,1.9571e-05
1.2999999999999998,1.8818181818181816e-14,4e-10,0,3.6e-07,1,2.15867e-05
1.2999999999999998,1.8818181818181816e-14,4e-10,25,1.8e-07,1,1.8948e-05
1.2999999999999998,1.8818181818181816e-14,4e-10,25,3.6e-07,1,2.07359e-05
1.2999999999999998,1.8818181818181816e-14,4e-10,75,1.8e-07,1,1.80607e-05
1.2999999999999998,1.8818181818181816e-14,4e-10,75,3.6e-07,1,1.94545e-05
1.2999999999999998,1.8818181818181816e-14,4e-10,100,1.8e-07,1,1.77306e-05
1.2999999999999998,1.8818181818181816e-14,4e-10,100,3.6e-07,1,1.89886e-05
1.2999999999999998,1.8818181818181816e-14,4e-10,125,1.8e-07,1,1.74271e-05
1.2999999999999998,1.8818181818181816e-14,4e-10,125,3.6e-07,1,1.86118e-05
1.2999999999999998,2.3272727272727276e-14,1e-11,-40,1.8e-07,1,1.99665e-05
1.2999999999999998,2.3272727272727276e-14,1e-11,-40,3.6e-07,1,2.01677e-05
1.2999999999999998,2.3272727272727276e-14,1e-11,-25,1.8e-07,1,1.99658e-05
1.2999999999999998,2.3272727272727276e-14,1e-11,-25,3.6e-07,1,2.01699e-05
1.2999999999999998,2.3272727272727276e-14,1e-11,0,1.8e-07,1,1.99666e-05
1.2999999999999998,2.3272727272727276e-14,1e-11,0,3.6e-07,1,2.0177e-05
1.2999999999999998,2.3272727272727276e-14,1e-11,25,1.8e-07,1,1.99688e-05
1.2999999999999998,2.3272727272727276e-14,1e-11,25,3.6e-07,1,2.01818e-05
1.2999999999999998,2.3272727272727276e-14,1e-11,75,1.8e-07,1,1.99765e-05
1.2999999999999998,2.3272727272727276e-14,1e-11,75,3.6e-07,1,2.01897e-05
1.2999999999999998,2.3272727272727276e-14,1e-11,100,1.8e-07,1,1.99781e-05
1.2999999999999998,2.3272727272727276e-14,1e-11,100,3.6e-07,1,2.01948e-05
1.2999999999999998,2.3272727272727276e-14,1e-11,125,1.8e-07,1,1.99758e-05
1.2999999999999998,2.3272727272727276e-14,1e-11,125,3.6e-07,1,2.01977e-05
1.2999999999999998,2.3272727272727276e-14,5e-11,-40,1.8e-07,1,2.01038e-05
1.2999999999999998,2.3272727272727276e-14,5e-11,-40,3.6e-07,1,2.03781e-05
1.2999999999999998,2.3272727272727276e-14,5e-11,-25,1.8e-07,1,2.00747e-05
1.2999999999999998,2.3272727272727276e-14,5e-11,-25,3.6e-07,1,2.03392e-05
1.2999999999999998,2.3272727272727276e-14,5e-11,0,1.8e-07,1,2.00429e-05
1.2999999999999998,2.3272727272727276e-14,5e-11,0,3.6e-07,1,2.02948e-05
1.2999999999999998,2.3272727272727276e-14,5e-11,25,1.8e-07,1,2.00233e-05
1.2999999999999998,2.3272727272727276e-14,5e-11,25,3.6e-07,1,2.02678e-05
1.2999999999999998,2.3272727272727276e-14,5e-11,75,1.8e-07,1,2.00037e-05
1.2999999999999998,2.3272727272727276e-14,5e-11,75,3.6e-07,1,2.02358e-05
1.2999999999999998,2.3272727272727276e-14,5e-11,100,1.8e-07,1,1.99985e-05
1.2999999999999998,2.3272727272727276e-14,5e-11,100,3.6e-07,1,2.02293e-05
1.2999999999999998,2.3272727272727276e-14,5e-11,125,1.8e-07,1,1.99907e-05
1.2999999999999998,2.3272727272727276e-14,5e-11,125,3.6e-07,1,2.02245e-05
1.2999999999999998,2.3272727272727276e-14,1e-10,-40,1.8e-07,1,2.04651e-05
1.2999999999999998,2.3272727272727276e-14,1e-10,-40,3.6e-07,1,2.09407e-05
1.2999999999999998,2.3272727272727276e-14,1e-10,-25,1.8e-07,1,2.03772e-05
1.2999999999999998,2.3272727272727276e-14,1e-10,-25,3.6e-07,1,2.08213e-05
1.2999999999999998,2.3272727272727276e-14,1e-10,0,1.8e-07,1,2.02711e-05
1.2999999999999998,2.3272727272727276e-14,1e-10,0,3.6e-07,1,2.06697e-05
1.2999999999999998,2.3272727272727276e-14,1e-10,25,1.8e-07,1,2.01986e-05
1.2999999999999998,2.3272727272727276e-14,1e-10,25,3.6e-07,1,2.05603e-05
1.2999999999999998,2.3272727272727276e-14,1e-10,75,1.8e-07,1,2.01117e-05
1.2999999999999998,2.3272727272727276e-14,1e-10,75,3.6e-07,1,2.04202e-05
1.2999999999999998,2.3272727272727276e-14,1e-10,100,1.8e-07,1,2.0084e-05
1.2999999999999998,2.3272727272727276e-14,1e-10,100,3.6e-07,1,2.03784e-05
1.2999999999999998,2.3272727272727276e-14,1e-10,125,1.8e-07,1,2.00573e-05
1.2999999999999998,2.3272727272727276e-14,1e-10,125,3.6e-07,1,2.0347e-05
1.2999999999999998,2.3272727272727276e-14,2e-10,-40,1.8e-07,1,2.15142e-05
1.2999999999999998,2.3272727272727276e-14,2e-10,-40,3.6e-07,1,2.25074e-05
1.2999999999999998,2.3272727272727276e-14,2e-10,-25,1.8e-07,1,2.12859e-05
1.2999999999999998,2.3272727272727276e-14,2e-10,-25,3.6e-07,1,2.22118e-05
1.2999999999999998,2.3272727272727276e-14,2e-10,0,1.8e-07,1,2.09878e-05
1.2999999999999998,2.3272727272727276e-14,2e-10,0,3.6e-07,1,2.18008e-05
1.2999999999999998,2.3272727272727276e-14,2e-10,25,1.8e-07,1,2.07677e-05
1.2999999999999998,2.3272727272727276e-14,2e-10,25,3.6e-07,1,2.14823e-05
1.2999999999999998,2.3272727272727276e-14,2e-10,75,1.8e-07,1,2.04795e-05
1.2999999999999998,2.3272727272727276e-14,2e-10,75,3.6e-07,1,2.10414e-05
1.2999999999999998,2.3272727272727276e-14,2e-10,100,1.8e-07,1,2.03792e-05
1.2999999999999998,2.3272727272727276e-14,2e-10,100,3.6e-07,1,2.08938e-05
1.2999999999999998,2.3272727272727276e-14,2e-10,125,1.8e-07,1,2.02875e-05
1.2999999999999998,2.3272727272727276e-14,2e-10,125,3.6e-07,1,2.07786e-05
1.2999999999999998,2.3272727272727276e-14,4e-10,-40,1.8e-07,1,2.42951e-05
1.2999999999999998,2.3272727272727276e-14,4e-10,-40,3.6e-07,1,2.65453e-05
1.2999999999999998,2.3272727272727276e-14,4e-10,-25,1.8e-07,1,2.37596e-05
1.2999999999999998,2.3272727272727276e-14,4e-10,-25,3.6e-07,1,2.58895e-05
1.2999999999999998,2.3272727272727276e-14,4e-10,0,1.8e-07,1,2.30152e-05
1.2999999999999998,2.3272727272727276e-14,4e-10,0,3.6e-07,1,2.49131e-05
1.2999999999999998,2.3272727272727276e-14,4e-10,25,1.8e-07,1,2.24308e-05
1.2999999999999998,2.3272727272727276e-14,4e-10,25,3.6e-07,1,2.40997e-05
1.2999999999999998,2.3272727272727276e-14,4e-10,75,1.8e-07,1,2.15754e-05
1.2999999999999998,2.3272727272727276e-14,4e-10,75,3.6e-07,1,2.29005e-05
1.2999999999999998,2.3272727272727276e-14,4e-10,100,1.8e-07,1,2.12005e-05
1.2999999999999998,2.3272727272727276e-14,4e-10,100,3.6e-07,1,2.24711e-05
1.2999999999999998,2.3272727272727276e-14,4e-10,125,1.8e-07,1,2.07874e-05
1.2999999999999998,2.3272727272727276e-14,4e-10,125,3.6e-07,1,2.21242e-05
1.2999999999999998,2.7727272727272724e-14,1e-11,-40,1.8e-07,1,2.3729e-05
1.2999999999999998,2.7727272727272724e-14,1e-11,-40,3.6e-07,1,2.3933e-05
1.2999999999999998,2.7727272727272724e-14,1e-11,-25,1.8e-07,1,2.37292e-05
1.2999999999999998,2.7727272727272724e-14,1e-11,-25,3.6e-07,1,2.39358e-05
1.2999999999999998,2.7727272727272724e-14,1e-11,0,1.8e-07,1,2.37306e-05
1.2999999999999998,2.7727272727272724e-14,1e-11,0,3.6e-07,1,2.3943e-05
1.2999999999999998,2.7727272727272724e-14,1e-11,25,1.8e-07,1,2.37328e-05
1.2999999999999998,2.7727272727272724e-14,1e-11,25,3.6e-07,1,2.39453e-05
1.2999999999999998,2.7727272727272724e-14,1e-11,75,1.8e-07,1,2.37385e-05
1.2999999999999998,2.7727272727272724e-14,1e-11,75,3.6e-07,1,2.39525e-05
1.2999999999999998,2.7727272727272724e-14,1e-11,100,1.8e-07,1,2.37338e-05
1.2999999999999998,2.7727272727272724e-14,1e-11,100,3.6e-07,1,2.39534e-05
1.2999999999999998,2.7727272727272724e-14,1e-11,125,1.8e-07,1,2.37119e-05
1.2999999999999998,2.7727272727272724e-14,1e-11,125,3.6e-07,1,2.39459e-05
1.2999999999999998,2.7727272727272724e-14,5e-11,-40,1.8e-07,1,2.3849e-05
1.2999999999999998,2.7727272727272724e-14,5e-11,-40,3.6e-07,1,2.41181e-05
1.2999999999999998,2.7727272727272724e-14,5e-11,-25,1.8e-07,1,2.38239e-05
1.2999999999999998,2.7727272727272724e-14,5e-11,-25,3.6e-07,1,2.4083e-05
1.2999999999999998,2.7727272727272724e-14,5e-11,0,1.8e-07,1,2.37973e-05
1.2999999999999998,2.7727272727272724e-14,5e-11,0,3.6e-07,1,2.40461e-05
1.2999999999999998,2.7727272727272724e-14,5e-11,25,1.8e-07,1,2.37797e-05
1.2999999999999998,2.7727272727272724e-14,5e-11,25,3.6e-07,1,2.40187e-05
1.2999999999999998,2.7727272727272724e-14,5e-11,75,1.8e-07,1,2.3761e-05
1.2999999999999998,2.7727272727272724e-14,5e-11,75,3.6e-07,1,2.39913e-05
1.2999999999999998,2.7727272727272724e-14,5e-11,100,1.8e-07,1,2.37502e-05
1.2999999999999998,2.7727272727272724e-14,5e-11,100,3.6e-07,1,2.39831e-05
1.2999999999999998,2.7727272727272724e-14,5e-11,125,1.8e-07,1,2.37213e-05
1.2999999999999998,2.7727272727272724e-14,5e-11,125,3.6e-07,1,2.39712e-05
1.2999999999999998,2.7727272727272724e-14,1e-10,-40,1.8e-07,1,2.41759e-05
1.2999999999999998,2.7727272727272724e-14,1e-10,-40,3.6e-07,1,2.46334e-05
1.2999999999999998,2.7727272727272724e-14,1e-10,-25,1.8e-07,1,2.40956e-05
1.2999999999999998,2.7727272727272724e-14,1e-10,-25,3.6e-07,1,2.45231e-05
1.2999999999999998,2.7727272727272724e-14,1e-10,0,1.8e-07,1,2.39992e-05
1.2999999999999998,2.7727272727272724e-14,1e-10,0,3.6e-07,1,2.43824e-05
1.2999999999999998,2.7727272727272724e-14,1e-10,25,1.8e-07,1,2.39336e-05
1.2999999999999998,2.7727272727272724e-14,1e-10,25,3.6e-07,1,2.42797e-05
1.2999999999999998,2.7727272727272724e-14,1e-10,75,1.8e-07,1,2.38544e-05
1.2999999999999998,2.7727272727272724e-14,1e-10,75,3.6e-07,1,2.41546e-05
1.2999999999999998,2.7727272727272724e-14,1e-10,100,1.8e-07,1,2.38217e-05
1.2999999999999998,2.7727272727272724e-14,1e-10,100,3.6e-07,1,2.41156e-05
1.2999999999999998,2.7727272727272724e-14,1e-10,125,1.8e-07,1,2.37702e-05
1.2999999999999998,2.7727272727272724e-14,1e-10,125,3.6e-07,1,2.40818e-05
1.2999999999999998,2.7727272727272724e-14,2e-10,-40,1.8e-07,1,2.51452e-05
1.2999999999999998,2.7727272727272724e-14,2e-10,-40,3.6e-07,1,2.60933e-05
1.2999999999999998,2.7727272727272724e-14,2e-10,-25,1.8e-07,1,2.49292e-05
1.2999999999999998,2.7727272727272724e-14,2e-10,-25,3.6e-07,1,2.5807e-05
1.2999999999999998,2.7727272727272724e-14,2e-10,0,1.8e-07,1,2.46507e-05
1.2999999999999998,2.7727272727272724e-14,2e-10,0,3.6e-07,1,2.54185e-05
1.2999999999999998,2.7727272727272724e-14,2e-10,25,1.8e-07,1,2.44473e-05
1.2999999999999998,2.7727272727272724e-14,2e-10,25,3.6e-07,1,2.51194e-05
1.2999999999999998,2.7727272727272724e-14,2e-10,75,1.8e-07,1,2.41775e-05
1.2999999999999998,2.7727272727272724e-14,2e-10,75,3.6e-07,1,2.47133e-05
1.2999999999999998,2.7727272727272724e-14,2e-10,100,1.8e-07,1,2.40685e-05
1.2999999999999998,2.7727272727272724e-14,2e-10,100,3.6e-07,1,2.45776e-05
1.2999999999999998,2.7727272727272724e-14,2e-10,125,1.8e-07,1,2.39294e-05
1.2999999999999998,2.7727272727272724e-14,2e-10,125,3.6e-07,1,2.44695e-05
1.2999999999999998,2.7727272727272724e-14,4e-10,-40,1.8e-07,1,2.77573e-05
1.2999999999999998,2.7727272727272724e-14,4e-10,-40,3.6e-07,1,2.99171e-05
1.2999999999999998,2.7727272727272724e-14,4e-10,-25,1.8e-07,1,2.72385e-05
1.2999999999999998,2.7727272727272724e-14,4e-10,-25,3.6e-07,1,2.92688e-05
1.2999999999999998,2.7727272727272724e-14,4e-10,0,1.8e-07,1,2.65268e-05
1.2999999999999998,2.7727272727272724e-14,4e-10,0,3.6e-07,1,2.8322e-05
1.2999999999999998,2.7727272727272724e-14,4e-10,25,1.8e-07,1,2.59695e-05
1.2999999999999998,2.7727272727272724e-14,4e-10,25,3.6e-07,1,2.75438e-05
1.2999999999999998,2.7727272727272724e-14,4e-10,75,1.8e-07,1,2.50637e-05
1.2999999999999998,2.7727272727272724e-14,4e-10,75,3.6e-07,1,2.64161e-05
1.2999999999999998,2.7727272727272724e-14,4e-10,100,1.8e-07,1,2.45568e-05
1.2999999999999998,2.7727272727272724e-14,4e-10,100,3.6e-07,1,2.60144e-05
1.2999999999999998,2.7727272727272724e-14,4e-10,125,1.8e-07,1,2.39259e-05
1.2999999999999998,2.7727272727272724e-14,4e-10,125,3.6e-07,1,2.56842e-05
1.2999999999999998,3.2181818181818185e-14,1e-11,-40,1.8e-07,1,2.74928e-05
1.2999999999999998,3.2181818181818185e-14,1e-11,-40,3.6e-07,1,2.76982e-05
1.2999999999999998,3.2181818181818185e-14,1e-11,-25,1.8e-07,1,2.74934e-05
1.2999999999999998,3.2181818181818185e-14,1e-11,-25,3.6e-07,1,2.77037e-05
1.2999999999999998,3.2181818181818185e-14,1e-11,0,1.8e-07,1,2.74945e-05
1.2999999999999998,3.2181818181818185e-14,1e-11,0,3.6e-07,1,2.77075e-05
1.2999999999999998,3.2181818181818185e-14,1e-11,25,1.8e-07,1,2.74965e-05
1.2999999999999998,3.2181818181818185e-14,1e-11,25,3.6e-07,1,2.77076e-05
1.2999999999999998,3.2181818181818185e-14,1e-11,75,1.8e-07,1,2.74945e-05
1.2999999999999998,3.2181818181818185e-14,1e-11,75,3.6e-07,1,2.77112e-05
1.2999999999999998,3.2181818181818185e-14,1e-11,100,1.8e-07,1,2.74691e-05
1.2999999999999998,3.2181818181818185e-14,1e-11,100,3.6e-07,1,2.76992e-05
1.2999999999999998,3.2181818181818185e-14,1e-11,125,1.8e-07,1,2.73931e-05
1.2999999999999998,3.2181818181818185e-14,1e-11,125,3.6e-07,1,2.76644e-05
1.2999999999999998,3.2181818181818185e-14,5e-11,-40,1.8e-07,1,2.75996e-05
1.2999999999999998,3.2181818181818185e-14,5e-11,-40,3.6e-07,1,2.78634e-05
1.2999999999999998,3.2181818181818185e-14,5e-11,-25,1.8e-07,1,2.75768e-05
1.2999999999999998,3.2181818181818185e-14,5e-11,-25,3.6e-07,1,2.78354e-05
1.2999999999999998,3.2181818181818185e-14,5e-11,0,1.8e-07,1,2.75543e-05
1.2999999999999998,3.2181818181818185e-14,5e-11,0,3.6e-07,1,2.77974e-05
1.2999999999999998,3.2181818181818185e-14,5e-11,25,1.8e-07,1,2.75375e-05
1.2999999999999998,3.2181818181818185e-14,5e-11,25,3.6e-07,1,2.77717e-05
1.2999999999999998,3.2181818181818185e-14,5e-11,75,1.8e-07,1,2.7514e-05
1.2999999999999998,3.2181818181818185e-14,5e-11,75,3.6e-07,1,2.77448e-05
1.2999999999999998,3.2181818181818185e-14,5e-11,100,1.8e-07,1,2.74816e-05
1.2999999999999998,3.2181818181818185e-14,5e-11,100,3.6e-07,1,2.77282e-05
1.2999999999999998,3.2181818181818185e-14,5e-11,125,1.8e-07,1,2.73948e-05
1.2999999999999998,3.2181818181818185e-14,5e-11,125,3.6e-07,1,2.76948e-05
1.2999999999999998,3.2181818181818185e-14,1e-10,-40,1.8e-07,1,2.78982e-05
1.2999999999999998,3.2181818181818185e-14,1e-10,-40,3.6e-07,1,2.83405e-05
1.2999999999999998,3.2181818181818185e-14,1e-10,-25,1.8e-07,1,2.78239e-05
1.2999999999999998,3.2181818181818185e-14,1e-10,-25,3.6e-07,1,2.82364e-05
1.2999999999999998,3.2181818181818185e-14,1e-10,0,1.8e-07,1,2.7735e-05
1.2999999999999998,3.2181818181818185e-14,1e-10,0,3.6e-07,1,2.81038e-05
1.2999999999999998,3.2181818181818185e-14,1e-10,25,1.8e-07,1,2.7675e-05
1.2999999999999998,3.2181818181818185e-14,1e-10,25,3.6e-07,1,2.80089e-05
1.2999999999999998,3.2181818181818185e-14,1e-10,75,1.8e-07,1,2.75949e-05
1.2999999999999998,3.2181818181818185e-14,1e-10,75,3.6e-07,1,2.78933e-05
1.2999999999999998,3.2181818181818185e-14,1e-10,100,1.8e-07,1,2.75377e-05
1.2999999999999998,3.2181818181818185e-14,1e-10,100,3.6e-07,1,2.78509e-05
1.2999999999999998,3.2181818181818185e-14,1e-10,125,1.8e-07,1,2.74188e-05
1.2999999999999998,3.2181818181818185e-14,1e-10,125,3.6e-07,1,2.78024e-05
1.2999999999999998,3.2181818181818185e-14,2e-10,-40,1.8e-07,1,2.88016e-05
1.2999999999999998,3.2181818181818185e-14,2e-10,-40,3.6e-07,1,2.97095e-05
1.2999999999999998,3.2181818181818185e-14,2e-10,-25,1.8e-07,1,2.85964e-05
1.2999999999999998,3.2181818181818185e-14,2e-10,-25,3.6e-07,1,2.94342e-05
1.2999999999999998,3.2181818181818185e-14,2e-10,0,1.8e-07,1,2.83343e-05
1.2999999999999998,3.2181818181818185e-14,2e-10,0,3.6e-07,1,2.90666e-05
1.2999999999999998,3.2181818181818185e-14,2e-10,25,1.8e-07,1,2.81424e-05
1.2999999999999998,3.2181818181818185e-14,2e-10,25,3.6e-07,1,2.87814e-05
1.2999999999999998,3.2181818181818185e-14,2e-10,75,1.8e-07,1,2.78741e-05
1.2999999999999998,3.2181818181818185e-14,2e-10,75,3.6e-07,1,2.84029e-05
1.2999999999999998,3.2181818181818185e-14,2e-10,100,1.8e-07,1,2.77188e-05
1.2999999999999998,3.2181818181818185e-14,2e-10,100,3.6e-07,1,2.82735e-05
1.2999999999999998,3.2181818181818185e-14,2e-10,125,1.8e-07,1,2.74715e-05
1.2999999999999998,3.2181818181818185e-14,2e-10,125,3.6e-07,1,2.81623e-05
1.2999999999999998,3.2181818181818185e-14,4e-10,-40,1.8e-07,1,3.12708e-05
1.2999999999999998,3.2181818181818185e-14,4e-10,-40,3.6e-07,1,3.33471e-05
1.2999999999999998,3.2181818181818185e-14,4e-10,-25,1.8e-07,1,3.07672e-05
1.2999999999999998,3.2181818181818185e-14,4e-10,-25,3.6e-07,1,3.27114e-05
1.2999999999999998,3.2181818181818185e-14,4e-10,0,1.8e-07,1,3.00818e-05
1.2999999999999998,3.2181818181818185e-14,4e-10,0,3.6e-07,1,3.1791e-05
1.2999999999999998,3.2181818181818185e-14,4e-10,25,1.8e-07,1,2.95338e-05
1.2999999999999998,3.2181818181818185e-14,4e-10,25,3.6e-07,1,3.10461e-05
1.2999999999999998,3.2181818181818185e-14,4e-10,75,1.8e-07,1,2.84534e-05
1.2999999999999998,3.2181818181818185e-14,4e-10,75,3.6e-07,1,2.99775e-05
1.2999999999999998,3.2181818181818185e-14,4e-10,100,1.8e-07,1,2.77122e-05
1.2999999999999998,3.2181818181818185e-14,4e-10,100,3.6e-07,1,2.95922e-05
1.2999999999999998,3.2181818181818185e-14,4e-10,125,1.8e-07,1,2.67619e-05
1.2999999999999998,3.2181818181818185e-14,4e-10,125,3.6e-07,1,2.92569e-05
1.2999999999999998,3.663636363636364e-14,1e-11,-40,1.8e-07,1,3.1257e-05
1.2999999999999998,3.663636363636364e-14,1e-11,-40,3.6e-07,1,3.14662e-05
1.2999999999999998,3.663636363636364e-14,1e-11,-25,1.8e-07,1,3.12573e-05
1.2999999999999998,3.663636363636364e-14,1e-11,-25,3.6e-07,1,3.14692e-05
1.2999999999999998,3.663636363636364e-14,1e-11,0,1.8e-07,1,3.12582e-05
1.2999999999999998,3.663636363636364e-14,1e-11,0,3.6e-07,1,3.14701e-05
1.2999999999999998,3.663636363636364e-14,1e-11,25,1.8e-07,1,3.12589e-05
1.2999999999999998,3.663636363636364e-14,1e-11,25,3.6e-07,1,3.14701e-05
1.2999999999999998,3.663636363636364e-14,1e-11,75,1.8e-07,1,3.12336e-05
1.2999999999999998,3.663636363636364e-14,1e-11,75,3.6e-07,1,3.14568e-05
1.2999999999999998,3.663636363636364e-14,1e-11,100,1.8e-07,1,3.11572e-05
1.2999999999999998,3.663636363636364e-14,1e-11,100,3.6e-07,1,3.14158e-05
1.2999999999999998,3.663636363636364e-14,1e-11,125,1.8e-07,1,3.09686e-05
1.2999999999999998,3.663636363636364e-14,1e-11,125,3.6e-07,1,3.1324e-05
1.2999999999999998,3.663636363636364e-14,5e-11,-40,1.8e-07,1,3.13533e-05
1.2999999999999998,3.663636363636364e-14,5e-11,-40,3.6e-07,1,3.16157e-05
1.2999999999999998,3.663636363636364e-14,5e-11,-25,1.8e-07,1,3.13321e-05
1.2999999999999998,3.663636363636364e-14,5e-11,-25,3.6e-07,1,3.15871e-05
1.2999999999999998,3.663636363636364e-14,5e-11,0,1.8e-07,1,3.13125e-05
1.2999999999999998,3.663636363636364e-14,5e-11,0,3.6e-07,1,3.15507e-05
1.2999999999999998,3.663636363636364e-14,5e-11,25,1.8e-07,1,3.12962e-05
1.2999999999999998,3.663636363636364e-14,5e-11,25,3.6e-07,1,3.15273e-05
1.2999999999999998,3.663636363636364e-14,5e-11,75,1.8e-07,1,3.1251e-05
1.2999999999999998,3.663636363636364e-14,5e-11,75,3.6e-07,1,3.14901e-05
1.2999999999999998,3.663636363636364e-14,5e-11,100,1.8e-07,1,3.1165e-05
1.2999999999999998,3.663636363636364e-14,5e-11,100,3.6e-07,1,3.14506e-05
1.2999999999999998,3.663636363636364e-14,5e-11,125,1.8e-07,1,3.09592e-05
1.2999999999999998,3.663636363636364e-14,5e-11,125,3.6e-07,1,3.13701e-05
1.2999999999999998,3.663636363636364e-14,1e-10,-40,1.8e-07,1,3.16288e-05
1.2999999999999998,3.663636363636364e-14,1e-10,-40,3.6e-07,1,3.20559e-05
1.2999999999999998,3.663636363636364e-14,1e-10,-25,1.8e-07,1,3.15591e-05
1.2999999999999998,3.663636363636364e-14,1e-10,-25,3.6e-07,1,3.19574e-05
1.2999999999999998,3.663636363636364e-14,1e-10,0,1.8e-07,1,3.14762e-05
1.2999999999999998,3.663636363636364e-14,1e-10,0,3.6e-07,1,3.1833e-05
1.2999999999999998,3.663636363636364e-14,1e-10,25,1.8e-07,1,3.14201e-05
1.2999999999999998,3.663636363636364e-14,1e-10,25,3.6e-07,1,3.17454e-05
1.2999999999999998,3.663636363636364e-14,1e-10,75,1.8e-07,1,3.13197e-05
1.2999999999999998,3.663636363636364e-14,1e-10,75,3.6e-07,1,3.16294e-05
1.2999999999999998,3.663636363636364e-14,1e-10,100,1.8e-07,1,3.12011e-05
1.2999999999999998,3.663636363636364e-14,1e-10,100,3.6e-07,1,3.15713e-05
1.2999999999999998,3.663636363636364e-14,1e-10,125,1.8e-07,1,3.09488e-05
1.2999999999999998,3.663636363636364e-14,1e-10,125,3.6e-07,1,3.14857e-05
1.2999999999999998,3.663636363636364e-14,2e-10,-40,1.8e-07,1,3.24704e-05
1.2999999999999998,3.663636363636364e-14,2e-10,-40,3.6e-07,1,3.33523e-05
1.2999999999999998,3.663636363636364e-14,2e-10,-25,1.8e-07,1,3.22759e-05
1.2999999999999998,3.663636363636364e-14,2e-10,-25,3.6e-07,1,3.30864e-05
1.2999999999999998,3.663636363636364e-14,2e-10,0,1.8e-07,1,3.203e-05
1.2999999999999998,3.663636363636364e-14,2e-10,0,3.6e-07,1,3.27295e-05
1.2999999999999998,3.663636363636364e-14,2e-10,25,1.8e-07,1,3.18519e-05
1.2999999999999998,3.663636363636364e-14,2e-10,25,3.6e-07,1,3.24614e-05
1.2999999999999998,3.663636363636364e-14,2e-10,75,1.8e-07,1,3.15444e-05
1.2999999999999998,3.663636363636364e-14,2e-10,75,3.6e-07,1,3.21015e-05
1.2999999999999998,3.663636363636364e-14,2e-10,100,1.8e-07,1,3.1289e-05
1.2999999999999998,3.663636363636364e-14,2e-10,100,3.6e-07,1,3.1969e-05
1.2999999999999998,3.663636363636364e-14,2e-10,125,1.8e-07,1,3.08523e-05
1.2999999999999998,3.663636363636364e-14,2e-10,125,3.6e-07,1,3.18364e-05
1.2999999999999998,3.663636363636364e-14,4e-10,-40,1.8e-07,1,3.4821e-05
1.2999999999999998,3.663636363636364e-14,4e-10,-40,3.6e-07,1,3.68233e-05
1.2999999999999998,3.663636363636364e-14,4e-10,-25,1.8e-07,1,3.43311e-05
1.2999999999999998,3.663636363636364e-14,4e-10,-25,3.6e-07,1,3.61997e-05
1.2999999999999998,3.663636363636364e-14,4e-10,0,1.8e-07,1,3.3663e-05
1.2999999999999998,3.663636363636364e-14,4e-10,0,3.6e-07,1,3.53059e-05
1.2999999999999998,3.663636363636364e-14,4e-10,25,1.8e-07,1,3.30935e-05
1.2999999999999998,3.663636363636364e-14,4e-10,25,3.6e-07,1,3.45907e-05
1.2999999999999998,3.663636363636364e-14,4e-10,75,1.8e-07,1,3.1679e-05
1.2999999999999998,3.663636363636364e-14,4e-10,75,3.6e-07,1,3.35675e-05
1.2999999999999998,3.663636363636364e-14,4e-10,100,1.8e-07,1,3.06032e-05
1.2999999999999998,3.663636363636364e-14,4e-10,100,3.6e-07,1,3.31802e-05
1.2999999999999998,3.663636363636364e-14,4e-10,125,1.8e-07,1,2.9251e-05
1.2999999999999998,3.663636363636364e-14,4e-10,125,3.6e-07,1,3.28045e-05
1.2999999999999998,4.109090909090909e-14,1e-11,-40,1.8e-07,1,3.50208e-05
1.2999999999999998,4.109090909090909e-14,1e-11,-40,3.6e-07,1,3.52313e-05
1.2999999999999998,4.109090909090909e-14,1e-11,-25,1.8e-07,1,3.50211e-05
1.2999999999999998,4.109090909090909e-14,1e-11,-25,3.6e-07,1,3.5232e-05
1.2999999999999998,4.109090909090909e-14,1e-11,0,1.8e-07,1,3.50208e-05
1.2999999999999998,4.109090909090909e-14,1e-11,0,3.6e-07,1,3.52308e-05
1.2999999999999998,4.109090909090909e-14,1e-11,25,1.8e-07,1,3.50176e-05
1.2999999999999998,4.109090909090909e-14,1e-11,25,3.6e-07,1,3.52289e-05
1.2999999999999998,4.109090909090909e-14,1e-11,75,1.8e-07,1,3.49365e-05
1.2999999999999998,4.109090909090909e-14,1e-11,75,3.6e-07,1,3.51768e-05
1.2999999999999998,4.109090909090909e-14,1e-11,100,1.8e-07,1,3.47592e-05
1.2999999999999998,4.109090909090909e-14,1e-11,100,3.6e-07,1,3.5078e-05
1.2999999999999998,4.109090909090909e-14,1e-11,125,1.8e-07,1,3.43794e-05
1.2999999999999998,4.109090909090909e-14,1e-11,125,3.6e-07,1,3.48924e-05
1.2999999999999998,4.109090909090909e-14,5e-11,-40,1.8e-07,1,3.51085e-05
1.2999999999999998,4.109090909090909e-14,5e-11,-40,3.6e-07,1,3.53683e-05
1.2999999999999998,4.109090909090909e-14,5e-11,-25,1.8e-07,1,3.50889e-05
1.2999999999999998,4.109090909090909e-14,5e-11,-25,3.6e-07,1,3.53403e-05
1.2999999999999998,4.109090909090909e-14,5e-11,0,1.8e-07,1,3.50713e-05
1.2999999999999998,4.109090909090909e-14,5e-11,0,3.6e-07,1,3.53049e-05
1.2999999999999998,4.109090909090909e-14,5e-11,25,1.8e-07,1,3.50529e-05
1.2999999999999998,4.109090909090909e-14,5e-11,25,3.6e-07,1,3.5282e-05
1.2999999999999998,4.109090909090909e-14,5e-11,75,1.8e-07,1,3.49528e-05
1.2999999999999998,4.109090909090909e-14,5e-11,75,3.6e-07,1,3.52153e-05
1.2999999999999998,4.109090909090909e-14,5e-11,100,1.8e-07,1,3.47614e-05
1.2999999999999998,4.109090909090909e-14,5e-11,100,3.6e-07,1,3.51293e-05
1.2999999999999998,4.109090909090909e-14,5e-11,125,1.8e-07,1,3.43554e-05
1.2999999999999998,4.109090909090909e-14,5e-11,125,3.6e-07,1,3.49653e-05
1.2999999999999998,4.109090909090909e-14,1e-10,-40,1.8e-07,1,3.53646e-05
1.2999999999999998,4.109090909090909e-14,1e-10,-40,3.6e-07,1,3.57781e-05
1.2999999999999998,4.109090909090909e-14,1e-10,-25,1.8e-07,1,3.52988e-05
1.2999999999999998,4.109090909090909e-14,1e-10,-25,3.6e-07,1,3.56855e-05
1.2999999999999998,4.109090909090909e-14,1e-10,0,1.8e-07,1,3.52209e-05
1.2999999999999998,4.109090909090909e-14,1e-10,0,3.6e-07,1,3.55666e-05
1.2999999999999998,4.109090909090909e-14,1e-10,25,1.8e-07,1,3.51659e-05
1.2999999999999998,4.109090909090909e-14,1e-10,25,3.6e-07,1,3.5485e-05
1.2999999999999998,4.109090909090909e-14,1e-10,75,1.8e-07,1,3.50074e-05
1.2999999999999998,4.109090909090909e-14,1e-10,75,3.6e-07,1,3.53525e-05
1.2999999999999998,4.109090909090909e-14,1e-10,100,1.8e-07,1,3.4771e-05
1.2999999999999998,4.109090909090909e-14,1e-10,100,3.6e-07,1,3.52582e-05
1.2999999999999998,4.109090909090909e-14,1e-10,125,1.8e-07,1,3.43003e-05
1.2999999999999998,4.109090909090909e-14,1e-10,125,3.6e-07,1,3.5102e-05
1.2999999999999998,4.109090909090909e-14,2e-10,-40,1.8e-07,1,3.61593e-05
1.2999999999999998,4.109090909090909e-14,2e-10,-40,3.6e-07,1,3.70082e-05
1.2999999999999998,4.109090909090909e-14,2e-10,-25,1.8e-07,1,3.59728e-05
1.2999999999999998,4.109090909090909e-14,2e-10,-25,3.6e-07,1,3.675e-05
1.2999999999999998,4.109090909090909e-14,2e-10,0,1.8e-07,1,3.57357e-05
1.2999999999999998,4.109090909090909e-14,2e-10,0,3.6e-07,1,3.64085e-05
1.2999999999999998,4.109090909090909e-14,2e-10,25,1.8e-07,1,3.55657e-05
1.2999999999999998,4.109090909090909e-14,2e-10,25,3.6e-07,1,3.61538e-05
1.2999999999999998,4.109090909090909e-14,2e-10,75,1.8e-07,1,3.51607e-05
1.2999999999999998,4.109090909090909e-14,2e-10,75,3.6e-07,1,3.57999e-05
1.2999999999999998,4.109090909090909e-14,2e-10,100,1.8e-07,1,3.47309e-05
1.2999999999999998,4.109090909090909e-14,2e-10,100,3.6e-07,1,3.56483e-05
1.2999999999999998,4.109090909090909e-14,2e-10,125,1.8e-07,1,3.40123e-05
1.2999999999999998,4.109090909090909e-14,2e-10,125,3.6e-07,1,3.54648e-05
1.2999999999999998,4.109090909090909e-14,4e-10,-40,1.8e-07,1,3.83995e-05
1.2999999999999998,4.109090909090909e-14,4e-10,-40,3.6e-07,1,4.03388e-05
1.2999999999999998,4.109090909090909e-14,4e-10,-25,1.8e-07,1,3.79205e-05
1.2999999999999998,4.109090909090909e-14,4e-10,-25,3.6e-07,1,3.97241e-05
1.2999999999999998,4.109090909090909e-14,4e-10,0,1.8e-07,1,3.72535e-05
1.2999999999999998,4.109090909090909e-14,4e-10,0,3.6e-07,1,3.88555e-05
1.2999999999999998,4.109090909090909e-14,4e-10,25,1.8e-07,1,3.66157e-05
1.2999999999999998,4.109090909090909e-14,4e-10,25,3.6e-07,1,3.81665e-05
1.2999999999999998,4.109090909090909e-14,4e-10,75,1.8e-07,1,3.46874e-05
1.2999999999999998,4.109090909090909e-14,4e-10,75,3.6e-07,1,3.71697e-05
1.2999999999999998,4.109090909090909e-14,4e-10,100,1.8e-07,1,3.31913e-05
1.2999999999999998,4.109090909090909e-14,4e-10,100,3.6e-07,1,3.67517e-05
1.2999999999999998,4.109090909090909e-14,4e-10,125,1.8e-07,1,3.13869e-05
1.2999999999999998,4.109090909090909e-14,4e-10,125,3.6e-07,1,3.62853e-05
1.2999999999999998,4.5545454545454544e-14,1e-11,-40,1.8e-07,1,3.87839e-05
1.2999999999999998,4.5545454545454544e-14,1e-11,-40,3.6e-07,1,3.89949e-05
1.2999999999999998,4.5545454545454544e-14,1e-11,-25,1.8e-07,1,3.8784e-05
1.2999999999999998,4.5545454545454544e-14,1e-11,-25,3.6e-07,1,3.89944e-05
1.2999999999999998,4.5545454545454544e-14,1e-11,0,1.8e-07,1,3.87805e-05
1.2999999999999998,4.5545454545454544e-14,1e-11,0,3.6e-07,1,3.89907e-05
1.2999999999999998,4.5545454545454544e-14,1e-11,25,1.8e-07,1,3.87673e-05
1.2999999999999998,4.5545454545454544e-14,1e-11,25,3.6e-07,1,3.8979e-05
1.2999999999999998,4.5545454545454544e-14,1e-11,75,1.8e-07,1,3.85754e-05
1.2999999999999998,4.5545454545454544e-14,1e-11,75,3.6e-07,1,3.88519e-05
1.2999999999999998,4.5545454545454544e-14,1e-11,100,1.8e-07,1,3.82301e-05
1.2999999999999998,4.5545454545454544e-14,1e-11,100,3.6e-07,1,3.86628e-05
1.2999999999999998,4.5545454545454544e-14,1e-11,125,1.8e-07,1,3.75683e-05
1.2999999999999998,4.5545454545454544e-14,1e-11,125,3.6e-07,1,3.83323e-05
1.2999999999999998,4.5545454545454544e-14,5e-11,-40,1.8e-07,1,3.88649e-05
1.2999999999999998,4.5545454545454544e-14,5e-11,-40,3.6e-07,1,3.91214e-05
1.2999999999999998,4.5545454545454544e-14,5e-11,-25,1.8e-07,1,3.88461e-05
1.2999999999999998,4.5545454545454544e-14,5e-11,-25,3.6e-07,1,3.90938e-05
1.2999999999999998,4.5545454545454544e-14,5e-11,0,1.8e-07,1,3.88253e-05
1.2999999999999998,4.5545454545454544e-14,5e-11,0,3.6e-07,1,3.906e-05
1.2999999999999998,4.5545454545454544e-14,5e-11,25,1.8e-07,1,3.88027e-05
1.2999999999999998,4.5545454545454544e-14,5e-11,25,3.6e-07,1,3.9031e-05
1.2999999999999998,4.5545454545454544e-14,5e-11,75,1.8e-07,1,3.85915e-05
1.2999999999999998,4.5545454545454544e-14,5e-11,75,3.6e-07,1,3.89039e-05
1.2999999999999998,4.5545454545454544e-14,5e-11,100,1.8e-07,1,3.82249e-05
1.2999999999999998,4.5545454545454544e-14,5e-11,100,3.6e-07,1,3.8739e-05
1.2999999999999998,4.5545454545454544e-14,5e-11,125,1.8e-07,1,3.75264e-05
1.2999999999999998,4.5545454545454544e-14,5e-11,125,3.6e-07,1,3.84462e-05
1.2999999999999998,4.5545454545454544e-14,1e-10,-40,1.8e-07,1,3.91044e-05
1.2999999999999998,4.5545454545454544e-14,1e-10,-40,3.6e-07,1,3.9509e-05
1.2999999999999998,4.5545454545454544e-14,1e-10,-25,1.8e-07,1,3.90419e-05
1.2999999999999998,4.5545454545454544e-14,1e-10,-25,3.6e-07,1,3.94171e-05
1.2999999999999998,4.5545454545454544e-14,1e-10,0,1.8e-07,1,3.89669e-05
1.2999999999999998,4.5545454545454544e-14,1e-10,0,3.6e-07,1,3.93024e-05
1.2999999999999998,4.5545454545454544e-14,1e-10,25,1.8e-07,1,3.89073e-05
1.2999999999999998,4.5545454545454544e-14,1e-10,25,3.6e-07,1,3.92235e-05
1.2999999999999998,4.5545454545454544e-14,1e-10,75,1.8e-07,1,3.86289e-05
1.2999999999999998,4.5545454545454544e-14,1e-10,75,3.6e-07,1,3.90473e-05
1.2999999999999998,4.5545454545454544e-14,1e-10,100,1.8e-07,1,3.82005e-05
1.2999999999999998,4.5545454545454544e-14,1e-10,100,3.6e-07,1,3.88875e-05
1.2999999999999998,4.5545454545454544e-14,1e-10,125,1.8e-07,1,3.74176e-05
1.2999999999999998,4.5545454545454544e-14,1e-10,125,3.6e-07,1,3.86191e-05
1.2999999999999998,4.5545454545454544e-14,2e-10,-40,1.8e-07,1,3.98567e-05
1.2999999999999998,4.5545454545454544e-14,2e-10,-40,3.6e-07,1,4.06782e-05
1.2999999999999998,4.5545454545454544e-14,2e-10,-25,1.8e-07,1,3.96755e-05
1.2999999999999998,4.5545454545454544e-14,2e-10,-25,3.6e-07,1,4.04286e-05
1.2999999999999998,4.5545454545454544e-14,2e-10,0,1.8e-07,1,3.94503e-05
1.2999999999999998,4.5545454545454544e-14,2e-10,0,3.6e-07,1,4.00993e-05
1.2999999999999998,4.5545454545454544e-14,2e-10,25,1.8e-07,1,3.92723e-05
1.2999999999999998,4.5545454545454544e-14,2e-10,25,3.6e-07,1,3.98533e-05
1.2999999999999998,4.5545454545454544e-14,2e-10,75,1.8e-07,1,3.86839e-05
1.2999999999999998,4.5545454545454544e-14,2e-10,75,3.6e-07,1,3.94861e-05
1.2999999999999998,4.5545454545454544e-14,2e-10,100,1.8e-07,1,3.79955e-05
1.2999999999999998,4.5545454545454544e-14,2e-10,100,3.6e-07,1,3.92903e-05
1.2999999999999998,4.5545454545454544e-14,2e-10,125,1.8e-07,1,3.69033e-05
1.2999999999999998,4.5545454545454544e-14,2e-10,125,3.6e-07,1,3.90123e-05
1.2999999999999998,4.5545454545454544e-14,4e-10,-40,1.8e-07,1,4.19988e-05
1.2999999999999998,4.5545454545454544e-14,4e-10,-40,3.6e-07,1,4.38783e-05
1.2999999999999998,4.5545454545454544e-14,4e-10,-25,1.8e-07,1,4.15261e-05
1.2999999999999998,4.5545454545454544e-14,4e-10,-25,3.6e-07,1,4.32763e-05
1.2999999999999998,4.5545454545454544e-14,4e-10,0,1.8e-07,1,4.08329e-05
1.2999999999999998,4.5545454545454544e-14,4e-10,0,3.6e-07,1,4.2432e-05
1.2999999999999998,4.5545454545454544e-14,4e-10,25,1.8e-07,1,4.00654e-05
1.2999999999999998,4.5545454545454544e-14,4e-10,25,3.6e-07,1,4.1766e-05
1.2999999999999998,4.5545454545454544e-14,4e-10,75,1.8e-07,1,3.74387e-05
1.2999999999999998,4.5545454545454544e-14,4e-10,75,3.6e-07,1,4.07658e-05
1.2999999999999998,4.5545454545454544e-14,4e-10,100,1.8e-07,1,3.54588e-05
1.2999999999999998,4.5545454545454544e-14,4e-10,100,3.6e-07,1,4.02758e-05
1.2999999999999998,4.5545454545454544e-14,4e-10,125,1.8e-07,1,3.31751e-05
1.2999999999999998,4.5545454545454544e-14,4e-10,125,3.6e-07,1,3.96543e-05
1.2999999999999998,5e-14,1e-11,-40,1.8e-07,1,4.25453e-05
1.2999999999999998,5e-14,1e-11,-40,3.6e-07,1,4.27553e-05
1.2999999999999998,5e-14,1e-11,-25,1.8e-07,1,4.25444e-05
1.2999999999999998,5e-14,1e-11,-25,3.6e-07,1,4.27538e-05
1.2999999999999998,5e-14,1e-11,0,1.8e-07,1,4.25335e-05
1.2999999999999998,5e-14,1e-11,0,3.6e-07,1,4.27435e-05
1.2999999999999998,5e-14,1e-11,25,1.8e-07,1,4.24995e-05
1.2999999999999998,5e-14,1e-11,25,3.6e-07,1,4.27127e-05
1.2999999999999998,5e-14,1e-11,75,1.8e-07,1,4.21163e-05
1.2999999999999998,5e-14,1e-11,75,3.6e-07,1,4.24588e-05
1.2999999999999998,5e-14,1e-11,100,1.8e-07,1,4.15231e-05
1.2999999999999998,5e-14,1e-11,100,3.6e-07,1,4.21363e-05
1.2999999999999998,5e-14,1e-11,125,1.8e-07,1,4.04884e-05
1.2999999999999998,5e-14,1e-11,125,3.6e-07,1,4.16113e-05
1.2999999999999998,5e-14,5e-11,-40,1.8e-07,1,4.26209e-05
1.2999999999999998,5e-14,5e-11,-40,3.6e-07,1,4.28732e-05
1.2999999999999998,5e-14,5e-11,-25,1.8e-07,1,4.26027e-05
1.2999999999999998,5e-14,5e-11,-25,3.6e-07,1,4.2847e-05
1.2999999999999998,5e-14,5e-11,0,1.8e-07,1,4.25767e-05
1.2999999999999998,5e-14,5e-11,0,3.6e-07,1,4.28108e-05
1.2999999999999998,5e-14,5e-11,25,1.8e-07,1,4.25377e-05
1.2999999999999998,5e-14,5e-11,25,3.6e-07,1,4.27678e-05
1.2999999999999998,5e-14,5e-11,75,1.8e-07,1,4.21332e-05
1.2999999999999998,5e-14,5e-11,75,3.6e-07,1,4.2536e-05
1.2999999999999998,5e-14,5e-11,100,1.8e-07,1,4.1509e-05
1.2999999999999998,5e-14,5e-11,100,3.6e-07,1,4.22517e-05
1.2999999999999998,5e-14,5e-11,125,1.8e-07,1,4.04259e-05
1.2999999999999998,5e-14,5e-11,125,3.6e-07,1,4.17795e-05
1.2999999999999998,5e-14,1e-10,-40,1.8e-07,1,4.2847e-05
1.2999999999999998,5e-14,1e-10,-40,3.6e-07,1,4.32394e-05
1.2999999999999998,5e-14,1e-10,-25,1.8e-07,1,4.27869e-05
1.2999999999999998,5e-14,1e-10,-25,3.6e-07,1,4.31507e-05
1.2999999999999998,5e-14,1e-10,0,1.8e-07,1,4.27112e-05
1.2999999999999998,5e-14,1e-10,0,3.6e-07,1,4.30394e-05
1.2999999999999998,5e-14,1e-10,25,1.8e-07,1,4.26368e-05
1.2999999999999998,5e-14,1e-10,25,3.6e-07,1,4.29498e-05
1.2999999999999998,5e-14,1e-10,75,1.8e-07,1,4.21496e-05
1.2999999999999998,5e-14,1e-10,75,3.6e-07,1,4.26957e-05
1.2999999999999998,5e-14,1e-10,100,1.8e-07,1,4.14435e-05
1.2999999999999998,5e-14,1e-10,100,3.6e-07,1,4.24345e-05
1.2999999999999998,5e-14,1e-10,125,1.8e-07,1,4.02565e-05
1.2999999999999998,5e-14,1e-10,125,3.6e-07,1,4.20038e-05
1.2999999999999998,5e-14,2e-10,-40,1.8e-07,1,4.35621e-05
1.2999999999999998,5e-14,2e-10,-40,3.6e-07,1,4.43611e-05
1.2999999999999998,5e-14,2e-10,-25,1.8e-07,1,4.33878e-05
1.2999999999999998,5e-14,2e-10,-25,3.6e-07,1,4.4116e-05
1.2999999999999998,5e-14,2e-10,0,1.8e-07,1,4.31661e-05
1.2999999999999998,5e-14,2e-10,0,3.6e-07,1,4.3797e-05
1.2999999999999998,5e-14,2e-10,25,1.8e-07,1,4.29659e-05
1.2999999999999998,5e-14,2e-10,25,3.6e-07,1,4.35551e-05
1.2999999999999998,5e-14,2e-10,75,1.8e-07,1,4.20764e-05
1.2999999999999998,5e-14,2e-10,75,3.6e-07,1,4.31446e-05
1.2999999999999998,5e-14,2e-10,100,1.8e-07,1,4.10407e-05
1.2999999999999998,5e-14,2e-10,100,3.6e-07,1,4.2868e-05
1.2999999999999998,5e-14,2e-10,125,1.8e-07,1,3.94936e-05
1.2999999999999998,5e-14,2e-10,125,3.6e-07,1,4.2449e-05
1.2999999999999998,5e-14,4e-10,-40,1.8e-07,1,4.56128e-05
1.2999999999999998,5e-14,4e-10,-40,3.6e-07,1,4.74463e-05
1.2999999999999998,5e-14,4e-10,-25,1.8e-07,1,4.51379e-05
1.2999999999999998,5e-14,4e-10,-25,3.6e-07,1,4.68542e-05
1.2999999999999998,5e-14,4e-10,0,1.8e-07,1,4.43814e-05
1.2999999999999998,5e-14,4e-10,0,3.6e-07,1,4.60305e-05
1.2999999999999998,5e-14,4e-10,25,1.8e-07,1,4.34079e-05
1.2999999999999998,5e-14,4e-10,25,3.6e-07,1,4.53817e-05
1.2999999999999998,5e-14,4e-10,75,1.8e-07,1,3.99161e-05
1.2999999999999998,5e-14,4e-10,75,3.6e-07,1,4.43343e-05
1.2999999999999998,5e-14,4e-10,100,1.8e-07,1,3.74145e-05
1.2999999999999998,5e-14,4e-10,100,3.6e-07,1,4.37182e-05
1.2999999999999998,5e-14,4e-10,125,1.8e-07,1,3.46522e-05
1.2999999999999998,5e-14,4e-10,125,3.6e-07,1,4.28672e-05
