Vdd,Cload,Slew,Temp,Wp,Gate_ID,Power
0.7,1e-15,1e-11,-40,1.8e-07,1,2.92622e-08
0.7,1e-15,1e-11,-40,3.6e-07,1,3.50644e-08
0.7,1e-15,1e-11,-25,1.8e-07,1,2.8419e-08
0.7,1e-15,1e-11,-25,3.6e-07,1,3.44871e-08
0.7,1e-15,1e-11,0,1.8e-07,1,2.79176e-08
0.7,1e-15,1e-11,0,3.6e-07,1,3.47562e-08
0.7,1e-15,1e-11,25,1.8e-07,1,2.76882e-08
0.7,1e-15,1e-11,25,3.6e-07,1,3.48981e-08
0.7,1e-15,1e-11,75,1.8e-07,1,2.79486e-08
0.7,1e-15,1e-11,75,3.6e-07,1,3.47898e-08
0.7,1e-15,1e-11,100,1.8e-07,1,2.7881e-08
0.7,1e-15,1e-11,100,3.6e-07,1,3.528e-08
0.7,1e-15,1e-11,125,1.8e-07,1,2.84504e-08
0.7,1e-15,1e-11,125,3.6e-07,1,3.60045e-08
0.7,1e-15,5e-11,-40,1.8e-07,1,4.49012e-08
0.7,1e-15,5e-11,-40,3.6e-07,1,5.28905e-08
0.7,1e-15,5e-11,-25,1.8e-07,1,4.32872e-08
0.7,1e-15,5e-11,-25,3.6e-07,1,4.99973e-08
0.7,1e-15,5e-11,0,1.8e-07,1,4.09705e-08
0.7,1e-15,5e-11,0,3.6e-07,1,4.78211e-08
0.7,1e-15,5e-11,25,1.8e-07,1,3.91393e-08
0.7,1e-15,5e-11,25,3.6e-07,1,4.6083e-08
0.7,1e-15,5e-11,75,1.8e-07,1,3.65578e-08
0.7,1e-15,5e-11,75,3.6e-07,1,4.11208e-08
0.7,1e-15,5e-11,100,1.8e-07,1,3.57919e-08
0.7,1e-15,5e-11,100,3.6e-07,1,4.29313e-08
0.7,1e-15,5e-11,125,1.8e-07,1,3.54934e-08
0.7,1e-15,5e-11,125,3.6e-07,1,4.24953e-08
0.7,1e-15,1e-10,-40,1.8e-07,1,4.35409e-08
0.7,1e-15,1e-10,-40,3.6e-07,1,4.96038e-08
0.7,1e-15,1e-10,-25,1.8e-07,1,4.38081e-08
0.7,1e-15,1e-10,-25,3.6e-07,1,5.02522e-08
0.7,1e-15,1e-10,0,1.8e-07,1,4.45283e-08
0.7,1e-15,1e-10,0,3.6e-07,1,5.4383e-08
0.7,1e-15,1e-10,25,1.8e-07,1,4.76822e-08
0.7,1e-15,1e-10,25,3.6e-07,1,5.64046e-08
0.7,1e-15,1e-10,75,1.8e-07,1,4.50148e-08
0.7,1e-15,1e-10,75,3.6e-07,1,5.0141e-08
0.7,1e-15,1e-10,100,1.8e-07,1,4.22078e-08
0.7,1e-15,1e-10,100,3.6e-07,1,5.16727e-08
0.7,1e-15,1e-10,125,1.8e-07,1,4.22915e-08
0.7,1e-15,1e-10,125,3.6e-07,1,5.04111e-08
0.7,1e-15,2e-10,-40,1.8e-07,1,3.5231e-08
0.7,1e-15,2e-10,-40,3.6e-07,1,4.90903e-08
0.7,1e-15,2e-10,-25,1.8e-07,1,3.51008e-08
0.7,1e-15,2e-10,-25,3.6e-07,1,4.61608e-08
0.7,1e-15,2e-10,0,1.8e-07,1,3.76993e-08
0.7,1e-15,2e-10,0,3.6e-07,1,4.57115e-08
0.7,1e-15,2e-10,25,1.8e-07,1,4.1355e-08
0.7,1e-15,2e-10,25,3.6e-07,1,5.2759e-08
0.7,1e-15,2e-10,75,1.8e-07,1,4.45026e-08
0.7,1e-15,2e-10,75,3.6e-07,1,4.58043e-08
0.7,1e-15,2e-10,100,1.8e-07,1,4.18077e-08
0.7,1e-15,2e-10,100,3.6e-07,1,5.21221e-08
0.7,1e-15,2e-10,125,1.8e-07,1,4.60222e-08
0.7,1e-15,2e-10,125,3.6e-07,1,5.21605e-08
0.7,1e-15,4e-10,-40,1.8e-07,1,4.25269e-08
0.7,1e-15,4e-10,-40,3.6e-07,1,5.03576e-08
0.7,1e-15,4e-10,-25,1.8e-07,1,3.72038e-08
0.7,1e-15,4e-10,-25,3.6e-07,1,4.78919e-08
0.7,1e-15,4e-10,0,1.8e-07,1,4.24866e-08
0.7,1e-15,4e-10,0,3.6e-07,1,5.13465e-08
0.7,1e-15,4e-10,25,1.8e-07,1,3.50223e-08
0.7,1e-15,4e-10,25,3.6e-07,1,5.27299e-08
0.7,1e-15,4e-10,75,1.8e-07,1,3.8132e-08
0.7,1e-15,4e-10,75,3.6e-07,1,5.36478e-08
0.7,1e-15,4e-10,100,1.8e-07,1,3.94988e-08
0.7,1e-15,4e-10,100,3.6e-07,1,4.58296e-08
0.7,1e-15,4e-10,125,1.8e-07,1,4.08649e-08
0.7,1e-15,4e-10,125,3.6e-07,1,4.76388e-08
0.7,5.454545454545455e-15,1e-11,-40,1.8e-07,1,8.5957e-08
0.7,5.454545454545455e-15,1e-11,-40,3.6e-07,1,9.29835e-08
0.7,5.454545454545455e-15,1e-11,-25,1.8e-07,1,8.67052e-08
0.7,5.454545454545455e-15,1e-11,-25,3.6e-07,1,9.34565e-08
0.7,5.454545454545455e-15,1e-11,0,1.8e-07,1,8.58278e-08
0.7,5.454545454545455e-15,1e-11,0,3.6e-07,1,9.2562e-08
0.7,5.454545454545455e-15,1e-11,25,1.8e-07,1,8.43244e-08
0.7,5.454545454545455e-15,1e-11,25,3.6e-07,1,9.11571e-08
0.7,5.454545454545455e-15,1e-11,75,1.8e-07,1,8.72662e-08
0.7,5.454545454545455e-15,1e-11,75,3.6e-07,1,9.44683e-08
0.7,5.454545454545455e-15,1e-11,100,1.8e-07,1,8.67215e-08
0.7,5.454545454545455e-15,1e-11,100,3.6e-07,1,9.28787e-08
0.7,5.454545454545455e-15,1e-11,125,1.8e-07,1,8.64855e-08
0.7,5.454545454545455e-15,1e-11,125,3.6e-07,1,9.24089e-08
0.7,5.454545454545455e-15,5e-11,-40,1.8e-07,1,1.012e-07
0.7,5.454545454545455e-15,5e-11,-40,3.6e-07,1,1.09491e-07
0.7,5.454545454545455e-15,5e-11,-25,1.8e-07,1,9.99109e-08
0.7,5.454545454545455e-15,5e-11,-25,3.6e-07,1,1.0819e-07
0.7,5.454545454545455e-15,5e-11,0,1.8e-07,1,9.96124e-08
0.7,5.454545454545455e-15,5e-11,0,3.6e-07,1,1.07782e-07
0.7,5.454545454545455e-15,5e-11,25,1.8e-07,1,9.65907e-08
0.7,5.454545454545455e-15,5e-11,25,3.6e-07,1,1.02154e-07
0.7,5.454545454545455e-15,5e-11,75,1.8e-07,1,9.52915e-08
0.7,5.454545454545455e-15,5e-11,75,3.6e-07,1,1.00122e-07
0.7,5.454545454545455e-15,5e-11,100,1.8e-07,1,9.54749e-08
0.7,5.454545454545455e-15,5e-11,100,3.6e-07,1,1.02303e-07
0.7,5.454545454545455e-15,5e-11,125,1.8e-07,1,9.41398e-08
0.7,5.454545454545455e-15,5e-11,125,3.6e-07,1,1.00124e-07
0.7,5.454545454545455e-15,1e-10,-40,1.8e-07,1,1.21276e-07
0.7,5.454545454545455e-15,1e-10,-40,3.6e-07,1,1.22399e-07
0.7,5.454545454545455e-15,1e-10,-25,1.8e-07,1,1.19378e-07
0.7,5.454545454545455e-15,1e-10,-25,3.6e-07,1,1.29889e-07
0.7,5.454545454545455e-15,1e-10,0,1.8e-07,1,1.08828e-07
0.7,5.454545454545455e-15,1e-10,0,3.6e-07,1,1.22761e-07
0.7,5.454545454545455e-15,1e-10,25,1.8e-07,1,1.12082e-07
0.7,5.454545454545455e-15,1e-10,25,3.6e-07,1,1.18256e-07
0.7,5.454545454545455e-15,1e-10,75,1.8e-07,1,1.03546e-07
0.7,5.454545454545455e-15,1e-10,75,3.6e-07,1,1.10652e-07
0.7,5.454545454545455e-15,1e-10,100,1.8e-07,1,1.06391e-07
0.7,5.454545454545455e-15,1e-10,100,3.6e-07,1,1.08199e-07
0.7,5.454545454545455e-15,1e-10,125,1.8e-07,1,1.03774e-07
0.7,5.454545454545455e-15,1e-10,125,3.6e-07,1,1.08336e-07
0.7,5.454545454545455e-15,2e-10,-40,1.8e-07,1,1.48973e-07
0.7,5.454545454545455e-15,2e-10,-40,3.6e-07,1,1.46934e-07
0.7,5.454545454545455e-15,2e-10,-25,1.8e-07,1,1.41013e-07
0.7,5.454545454545455e-15,2e-10,-25,3.6e-07,1,1.32431e-07
0.7,5.454545454545455e-15,2e-10,0,1.8e-07,1,1.31962e-07
0.7,5.454545454545455e-15,2e-10,0,3.6e-07,1,1.29088e-07
0.7,5.454545454545455e-15,2e-10,25,1.8e-07,1,1.31118e-07
0.7,5.454545454545455e-15,2e-10,25,3.6e-07,1,1.32602e-07
0.7,5.454545454545455e-15,2e-10,75,1.8e-07,1,1.25753e-07
0.7,5.454545454545455e-15,2e-10,75,3.6e-07,1,1.30056e-07
0.7,5.454545454545455e-15,2e-10,100,1.8e-07,1,1.15891e-07
0.7,5.454545454545455e-15,2e-10,100,3.6e-07,1,1.27196e-07
0.7,5.454545454545455e-15,2e-10,125,1.8e-07,1,1.16825e-07
0.7,5.454545454545455e-15,2e-10,125,3.6e-07,1,1.2475e-07
0.7,5.454545454545455e-15,4e-10,-40,1.8e-07,1,1.57048e-07
0.7,5.454545454545455e-15,4e-10,-40,3.6e-07,1,1.68237e-07
0.7,5.454545454545455e-15,4e-10,-25,1.8e-07,1,1.56811e-07
0.7,5.454545454545455e-15,4e-10,-25,3.6e-07,1,1.69201e-07
0.7,5.454545454545455e-15,4e-10,0,1.8e-07,1,1.60232e-07
0.7,5.454545454545455e-15,4e-10,0,3.6e-07,1,1.69268e-07
0.7,5.454545454545455e-15,4e-10,25,1.8e-07,1,1.59096e-07
0.7,5.454545454545455e-15,4e-10,25,3.6e-07,1,1.64863e-07
0.7,5.454545454545455e-15,4e-10,75,1.8e-07,1,1.48665e-07
0.7,5.454545454545455e-15,4e-10,75,3.6e-07,1,1.53281e-07
0.7,5.454545454545455e-15,4e-10,100,1.8e-07,1,1.45055e-07
0.7,5.454545454545455e-15,4e-10,100,3.6e-07,1,1.47504e-07
0.7,5.454545454545455e-15,4e-10,125,1.8e-07,1,1.40461e-07
0.7,5.454545454545455e-15,4e-10,125,3.6e-07,1,1.43748e-07
0.7,9.909090909090907e-15,1e-11,-40,1.8e-07,1,1.39831e-07
0.7,9.909090909090907e-15,1e-11,-40,3.6e-07,1,1.46798e-07
0.7,9.909090909090907e-15,1e-11,-25,1.8e-07,1,1.41746e-07
0.7,9.909090909090907e-15,1e-11,-25,3.6e-07,1,1.50126e-07
0.7,9.909090909090907e-15,1e-11,0,1.8e-07,1,1.44193e-07
0.7,9.909090909090907e-15,1e-11,0,3.6e-07,1,1.48977e-07
0.7,9.909090909090907e-15,1e-11,25,1.8e-07,1,1.42774e-07
0.7,9.909090909090907e-15,1e-11,25,3.6e-07,1,1.4814e-07
0.7,9.909090909090907e-15,1e-11,75,1.8e-07,1,1.40663e-07
0.7,9.909090909090907e-15,1e-11,75,3.6e-07,1,1.47008e-07
0.7,9.909090909090907e-15,1e-11,100,1.8e-07,1,1.39154e-07
0.7,9.909090909090907e-15,1e-11,100,3.6e-07,1,1.48443e-07
0.7,9.909090909090907e-15,1e-11,125,1.8e-07,1,1.38331e-07
0.7,9.909090909090907e-15,1e-11,125,3.6e-07,1,1.51259e-07
0.7,9.909090909090907e-15,5e-11,-40,1.8e-07,1,1.55222e-07
0.7,9.909090909090907e-15,5e-11,-40,3.6e-07,1,1.65787e-07
0.7,9.909090909090907e-15,5e-11,-25,1.8e-07,1,1.54706e-07
0.7,9.909090909090907e-15,5e-11,-25,3.6e-07,1,1.64081e-07
0.7,9.909090909090907e-15,5e-11,0,1.8e-07,1,1.5814e-07
0.7,9.909090909090907e-15,5e-11,0,3.6e-07,1,1.62601e-07
0.7,9.909090909090907e-15,5e-11,25,1.8e-07,1,1.56014e-07
0.7,9.909090909090907e-15,5e-11,25,3.6e-07,1,1.59313e-07
0.7,9.909090909090907e-15,5e-11,75,1.8e-07,1,1.50604e-07
0.7,9.909090909090907e-15,5e-11,75,3.6e-07,1,1.55917e-07
0.7,9.909090909090907e-15,5e-11,100,1.8e-07,1,1.47923e-07
0.7,9.909090909090907e-15,5e-11,100,3.6e-07,1,1.54529e-07
0.7,9.909090909090907e-15,5e-11,125,1.8e-07,1,1.46054e-07
0.7,9.909090909090907e-15,5e-11,125,3.6e-07,1,1.58398e-07
0.7,9.909090909090907e-15,1e-10,-40,1.8e-07,1,1.80782e-07
0.7,9.909090909090907e-15,1e-10,-40,3.6e-07,1,1.88097e-07
0.7,9.909090909090907e-15,1e-10,-25,1.8e-07,1,1.73641e-07
0.7,9.909090909090907e-15,1e-10,-25,3.6e-07,1,1.77411e-07
0.7,9.909090909090907e-15,1e-10,0,1.8e-07,1,1.71617e-07
0.7,9.909090909090907e-15,1e-10,0,3.6e-07,1,1.81825e-07
0.7,9.909090909090907e-15,1e-10,25,1.8e-07,1,1.65705e-07
0.7,9.909090909090907e-15,1e-10,25,3.6e-07,1,1.76893e-07
0.7,9.909090909090907e-15,1e-10,75,1.8e-07,1,1.59595e-07
0.7,9.909090909090907e-15,1e-10,75,3.6e-07,1,1.6922e-07
0.7,9.909090909090907e-15,1e-10,100,1.8e-07,1,1.55644e-07
0.7,9.909090909090907e-15,1e-10,100,3.6e-07,1,1.69109e-07
0.7,9.909090909090907e-15,1e-10,125,1.8e-07,1,1.55703e-07
0.7,9.909090909090907e-15,1e-10,125,3.6e-07,1,1.64428e-07
0.7,9.909090909090907e-15,2e-10,-40,1.8e-07,1,2.0243e-07
0.7,9.909090909090907e-15,2e-10,-40,3.6e-07,1,2.05511e-07
0.7,9.909090909090907e-15,2e-10,-25,1.8e-07,1,1.9904e-07
0.7,9.909090909090907e-15,2e-10,-25,3.6e-07,1,1.99262e-07
0.7,9.909090909090907e-15,2e-10,0,1.8e-07,1,1.94975e-07
0.7,9.909090909090907e-15,2e-10,0,3.6e-07,1,1.94496e-07
0.7,9.909090909090907e-15,2e-10,25,1.8e-07,1,1.87392e-07
0.7,9.909090909090907e-15,2e-10,25,3.6e-07,1,1.88887e-07
0.7,9.909090909090907e-15,2e-10,75,1.8e-07,1,1.8176e-07
0.7,9.909090909090907e-15,2e-10,75,3.6e-07,1,1.89793e-07
0.7,9.909090909090907e-15,2e-10,100,1.8e-07,1,1.72984e-07
0.7,9.909090909090907e-15,2e-10,100,3.6e-07,1,1.87985e-07
0.7,9.909090909090907e-15,2e-10,125,1.8e-07,1,1.7026e-07
0.7,9.909090909090907e-15,2e-10,125,3.6e-07,1,1.83725e-07
0.7,9.909090909090907e-15,4e-10,-40,1.8e-07,1,2.62548e-07
0.7,9.909090909090907e-15,4e-10,-40,3.6e-07,1,2.6135e-07
0.7,9.909090909090907e-15,4e-10,-25,1.8e-07,1,2.53865e-07
0.7,9.909090909090907e-15,4e-10,-25,3.6e-07,1,2.5478e-07
0.7,9.909090909090907e-15,4e-10,0,1.8e-07,1,2.41004e-07
0.7,9.909090909090907e-15,4e-10,0,3.6e-07,1,2.45203e-07
0.7,9.909090909090907e-15,4e-10,25,1.8e-07,1,2.30862e-07
0.7,9.909090909090907e-15,4e-10,25,3.6e-07,1,2.36154e-07
0.7,9.909090909090907e-15,4e-10,75,1.8e-07,1,2.12668e-07
0.7,9.909090909090907e-15,4e-10,75,3.6e-07,1,2.17682e-07
0.7,9.909090909090907e-15,4e-10,100,1.8e-07,1,2.03367e-07
0.7,9.909090909090907e-15,4e-10,100,3.6e-07,1,2.11206e-07
0.7,9.909090909090907e-15,4e-10,125,1.8e-07,1,1.96313e-07
0.7,9.909090909090907e-15,4e-10,125,3.6e-07,1,2.06375e-07
0.7,1.436363636363636e-14,1e-11,-40,1.8e-07,1,1.9413e-07
0.7,1.436363636363636e-14,1e-11,-40,3.6e-07,1,2.01483e-07
0.7,1.436363636363636e-14,1e-11,-25,1.8e-07,1,1.95421e-07
0.7,1.436363636363636e-14,1e-11,-25,3.6e-07,1,2.02123e-07
0.7,1.436363636363636e-14,1e-11,0,1.8e-07,1,1.98709e-07
0.7,1.436363636363636e-14,1e-11,0,3.6e-07,1,2.0581e-07
0.7,1.436363636363636e-14,1e-11,25,1.8e-07,1,1.97103e-07
0.7,1.436363636363636e-14,1e-11,25,3.6e-07,1,2.01893e-07
0.7,1.436363636363636e-14,1e-11,75,1.8e-07,1,1.93016e-07
0.7,1.436363636363636e-14,1e-11,75,3.6e-07,1,2.05664e-07
0.7,1.436363636363636e-14,1e-11,100,1.8e-07,1,1.92108e-07
0.7,1.436363636363636e-14,1e-11,100,3.6e-07,1,2.05754e-07
0.7,1.436363636363636e-14,1e-11,125,1.8e-07,1,1.91676e-07
0.7,1.436363636363636e-14,1e-11,125,3.6e-07,1,2.06209e-07
0.7,1.436363636363636e-14,5e-11,-40,1.8e-07,1,2.12001e-07
0.7,1.436363636363636e-14,5e-11,-40,3.6e-07,1,2.19753e-07
0.7,1.436363636363636e-14,5e-11,-25,1.8e-07,1,2.11035e-07
0.7,1.436363636363636e-14,5e-11,-25,3.6e-07,1,2.17923e-07
0.7,1.436363636363636e-14,5e-11,0,1.8e-07,1,2.10515e-07
0.7,1.436363636363636e-14,5e-11,0,3.6e-07,1,2.17151e-07
0.7,1.436363636363636e-14,5e-11,25,1.8e-07,1,2.09737e-07
0.7,1.436363636363636e-14,5e-11,25,3.6e-07,1,2.15644e-07
0.7,1.436363636363636e-14,5e-11,75,1.8e-07,1,2.02819e-07
0.7,1.436363636363636e-14,5e-11,75,3.6e-07,1,2.14587e-07
0.7,1.436363636363636e-14,5e-11,100,1.8e-07,1,2.0071e-07
0.7,1.436363636363636e-14,5e-11,100,3.6e-07,1,2.1243e-07
0.7,1.436363636363636e-14,5e-11,125,1.8e-07,1,1.9931e-07
0.7,1.436363636363636e-14,5e-11,125,3.6e-07,1,2.15461e-07
0.7,1.436363636363636e-14,1e-10,-40,1.8e-07,1,2.3288e-07
0.7,1.436363636363636e-14,1e-10,-40,3.6e-07,1,2.39676e-07
0.7,1.436363636363636e-14,1e-10,-25,1.8e-07,1,2.28564e-07
0.7,1.436363636363636e-14,1e-10,-25,3.6e-07,1,2.37422e-07
0.7,1.436363636363636e-14,1e-10,0,1.8e-07,1,2.23724e-07
0.7,1.436363636363636e-14,1e-10,0,3.6e-07,1,2.34273e-07
0.7,1.436363636363636e-14,1e-10,25,1.8e-07,1,2.22181e-07
0.7,1.436363636363636e-14,1e-10,25,3.6e-07,1,2.33383e-07
0.7,1.436363636363636e-14,1e-10,75,1.8e-07,1,2.11556e-07
0.7,1.436363636363636e-14,1e-10,75,3.6e-07,1,2.25344e-07
0.7,1.436363636363636e-14,1e-10,100,1.8e-07,1,2.07985e-07
0.7,1.436363636363636e-14,1e-10,100,3.6e-07,1,2.23038e-07
0.7,1.436363636363636e-14,1e-10,125,1.8e-07,1,2.08823e-07
0.7,1.436363636363636e-14,1e-10,125,3.6e-07,1,2.20947e-07
0.7,1.436363636363636e-14,2e-10,-40,1.8e-07,1,2.5569e-07
0.7,1.436363636363636e-14,2e-10,-40,3.6e-07,1,2.62759e-07
0.7,1.436363636363636e-14,2e-10,-25,1.8e-07,1,2.5778e-07
0.7,1.436363636363636e-14,2e-10,-25,3.6e-07,1,2.5764e-07
0.7,1.436363636363636e-14,2e-10,0,1.8e-07,1,2.49824e-07
0.7,1.436363636363636e-14,2e-10,0,3.6e-07,1,2.50373e-07
0.7,1.436363636363636e-14,2e-10,25,1.8e-07,1,2.4411e-07
0.7,1.436363636363636e-14,2e-10,25,3.6e-07,1,2.45425e-07
0.7,1.436363636363636e-14,2e-10,75,1.8e-07,1,2.3352e-07
0.7,1.436363636363636e-14,2e-10,75,3.6e-07,1,2.39213e-07
0.7,1.436363636363636e-14,2e-10,100,1.8e-07,1,2.28037e-07
0.7,1.436363636363636e-14,2e-10,100,3.6e-07,1,2.42753e-07
0.7,1.436363636363636e-14,2e-10,125,1.8e-07,1,2.23271e-07
0.7,1.436363636363636e-14,2e-10,125,3.6e-07,1,2.38085e-07
0.7,1.436363636363636e-14,4e-10,-40,1.8e-07,1,3.27933e-07
0.7,1.436363636363636e-14,4e-10,-40,3.6e-07,1,3.28988e-07
0.7,1.436363636363636e-14,4e-10,-25,1.8e-07,1,3.16584e-07
0.7,1.436363636363636e-14,4e-10,-25,3.6e-07,1,3.19654e-07
0.7,1.436363636363636e-14,4e-10,0,1.8e-07,1,3.01215e-07
0.7,1.436363636363636e-14,4e-10,0,3.6e-07,1,3.0153e-07
0.7,1.436363636363636e-14,4e-10,25,1.8e-07,1,2.96086e-07
0.7,1.436363636363636e-14,4e-10,25,3.6e-07,1,2.96848e-07
0.7,1.436363636363636e-14,4e-10,75,1.8e-07,1,2.66571e-07
0.7,1.436363636363636e-14,4e-10,75,3.6e-07,1,2.75027e-07
0.7,1.436363636363636e-14,4e-10,100,1.8e-07,1,2.57343e-07
0.7,1.436363636363636e-14,4e-10,100,3.6e-07,1,2.71156e-07
0.7,1.436363636363636e-14,4e-10,125,1.8e-07,1,2.50022e-07
0.7,1.436363636363636e-14,4e-10,125,3.6e-07,1,2.6611e-07
0.7,1.8818181818181816e-14,1e-11,-40,1.8e-07,1,2.52071e-07
0.7,1.8818181818181816e-14,1e-11,-40,3.6e-07,1,2.59012e-07
0.7,1.8818181818181816e-14,1e-11,-25,1.8e-07,1,2.53166e-07
0.7,1.8818181818181816e-14,1e-11,-25,3.6e-07,1,2.58113e-07
0.7,1.8818181818181816e-14,1e-11,0,1.8e-07,1,2.52022e-07
0.7,1.8818181818181816e-14,1e-11,0,3.6e-07,1,2.68799e-07
0.7,1.8818181818181816e-14,1e-11,25,1.8e-07,1,2.49542e-07
0.7,1.8818181818181816e-14,1e-11,25,3.6e-07,1,2.63526e-07
0.7,1.8818181818181816e-14,1e-11,75,1.8e-07,1,2.46587e-07
0.7,1.8818181818181816e-14,1e-11,75,3.6e-07,1,2.62711e-07
0.7,1.8818181818181816e-14,1e-11,100,1.8e-07,1,2.45892e-07
0.7,1.8818181818181816e-14,1e-11,100,3.6e-07,1,2.61583e-07
0.7,1.8818181818181816e-14,1e-11,125,1.8e-07,1,2.45581e-07
0.7,1.8818181818181816e-14,1e-11,125,3.6e-07,1,2.59457e-07
0.7,1.8818181818181816e-14,5e-11,-40,1.8e-07,1,2.65546e-07
0.7,1.8818181818181816e-14,5e-11,-40,3.6e-07,1,2.78683e-07
0.7,1.8818181818181816e-14,5e-11,-25,1.8e-07,1,2.66455e-07
0.7,1.8818181818181816e-14,5e-11,-25,3.6e-07,1,2.78601e-07
0.7,1.8818181818181816e-14,5e-11,0,1.8e-07,1,2.63744e-07
0.7,1.8818181818181816e-14,5e-11,0,3.6e-07,1,2.76989e-07
0.7,1.8818181818181816e-14,5e-11,25,1.8e-07,1,2.62506e-07
0.7,1.8818181818181816e-14,5e-11,25,3.6e-07,1,2.73893e-07
0.7,1.8818181818181816e-14,5e-11,75,1.8e-07,1,2.56241e-07
0.7,1.8818181818181816e-14,5e-11,75,3.6e-07,1,2.70826e-07
0.7,1.8818181818181816e-14,5e-11,100,1.8e-07,1,2.54329e-07
0.7,1.8818181818181816e-14,5e-11,100,3.6e-07,1,2.68103e-07
0.7,1.8818181818181816e-14,5e-11,125,1.8e-07,1,2.53111e-07
0.7,1.8818181818181816e-14,5e-11,125,3.6e-07,1,2.68608e-07
0.7,1.8818181818181816e-14,1e-10,-40,1.8e-07,1,2.92441e-07
0.7,1.8818181818181816e-14,1e-10,-40,3.6e-07,1,2.9463e-07
0.7,1.8818181818181816e-14,1e-10,-25,1.8e-07,1,2.91444e-07
0.7,1.8818181818181816e-14,1e-10,-25,3.6e-07,1,2.93963e-07
0.7,1.8818181818181816e-14,1e-10,0,1.8e-07,1,2.82158e-07
0.7,1.8818181818181816e-14,1e-10,0,3.6e-07,1,2.93645e-07
0.7,1.8818181818181816e-14,1e-10,25,1.8e-07,1,2.74043e-07
0.7,1.8818181818181816e-14,1e-10,25,3.6e-07,1,2.91459e-07
0.7,1.8818181818181816e-14,1e-10,75,1.8e-07,1,2.64764e-07
0.7,1.8818181818181816e-14,1e-10,75,3.6e-07,1,2.81658e-07
0.7,1.8818181818181816e-14,1e-10,100,1.8e-07,1,2.61449e-07
0.7,1.8818181818181816e-14,1e-10,100,3.6e-07,1,2.79763e-07
0.7,1.8818181818181816e-14,1e-10,125,1.8e-07,1,2.62481e-07
0.7,1.8818181818181816e-14,1e-10,125,3.6e-07,1,2.7543e-07
0.7,1.8818181818181816e-14,2e-10,-40,1.8e-07,1,3.14378e-07
0.7,1.8818181818181816e-14,2e-10,-40,3.6e-07,1,3.19166e-07
0.7,1.8818181818181816e-14,2e-10,-25,1.8e-07,1,3.11896e-07
0.7,1.8818181818181816e-14,2e-10,-25,3.6e-07,1,3.15347e-07
0.7,1.8818181818181816e-14,2e-10,0,1.8e-07,1,3.06093e-07
0.7,1.8818181818181816e-14,2e-10,0,3.6e-07,1,3.10173e-07
0.7,1.8818181818181816e-14,2e-10,25,1.8e-07,1,2.99173e-07
0.7,1.8818181818181816e-14,2e-10,25,3.6e-07,1,3.04192e-07
0.7,1.8818181818181816e-14,2e-10,75,1.8e-07,1,2.86439e-07
0.7,1.8818181818181816e-14,2e-10,75,3.6e-07,1,3.0429e-07
0.7,1.8818181818181816e-14,2e-10,100,1.8e-07,1,2.81353e-07
0.7,1.8818181818181816e-14,2e-10,100,3.6e-07,1,2.98072e-07
0.7,1.8818181818181816e-14,2e-10,125,1.8e-07,1,2.76813e-07
0.7,1.8818181818181816e-14,2e-10,125,3.6e-07,1,2.94625e-07
0.7,1.8818181818181816e-14,4e-10,-40,1.8e-07,1,3.84151e-07
0.7,1.8818181818181816e-14,4e-10,-40,3.6e-07,1,3.83552e-07
0.7,1.8818181818181816e-14,4e-10,-25,1.8e-07,1,3.73211e-07
0.7,1.8818181818181816e-14,4e-10,-25,3.6e-07,1,3.79364e-07
0.7,1.8818181818181816e-14,4e-10,0,1.8e-07,1,3.60643e-07
0.7,1.8818181818181816e-14,4e-10,0,3.6e-07,1,3.65494e-07
0.7,1.8818181818181816e-14,4e-10,25,1.8e-07,1,3.43789e-07
0.7,1.8818181818181816e-14,4e-10,25,3.6e-07,1,3.51245e-07
0.7,1.8818181818181816e-14,4e-10,75,1.8e-07,1,3.2006e-07
0.7,1.8818181818181816e-14,4e-10,75,3.6e-07,1,3.38398e-07
0.7,1.8818181818181816e-14,4e-10,100,1.8e-07,1,3.11105e-07
0.7,1.8818181818181816e-14,4e-10,100,3.6e-07,1,3.32151e-07
0.7,1.8818181818181816e-14,4e-10,125,1.8e-07,1,3.03942e-07
0.7,1.8818181818181816e-14,4e-10,125,3.6e-07,1,3.21793e-07
0.7,2.3272727272727276e-14,1e-11,-40,3.6e-07,1,3.1368e-07
0.7,2.3272727272727276e-14,1e-11,-25,1.8e-07,1,3.07411e-07
0.7,2.3272727272727276e-14,1e-11,-25,3.6e-07,1,3.20078e-07
0.7,2.3272727272727276e-14,1e-11,0,1.8e-07,1,3.04948e-07
0.7,2.3272727272727276e-14,1e-11,0,3.6e-07,1,3.22959e-07
0.7,2.3272727272727276e-14,1e-11,25,1.8e-07,1,3.02803e-07
0.7,2.3272727272727276e-14,1e-11,25,3.6e-07,1,3.22764e-07
0.7,2.3272727272727276e-14,1e-11,75,1.8e-07,1,3.00525e-07
0.7,2.3272727272727276e-14,1e-11,75,3.6e-07,1,3.16594e-07
0.7,2.3272727272727276e-14,1e-11,100,1.8e-07,1,2.99906e-07
0.7,2.3272727272727276e-14,1e-11,100,3.6e-07,1,3.13896e-07
0.7,2.3272727272727276e-14,1e-11,125,1.8e-07,1,2.99709e-07
0.7,2.3272727272727276e-14,1e-11,125,3.6e-07,1,3.1239e-07
0.7,2.3272727272727276e-14,5e-11,-40,1.8e-07,1,3.23303e-07
0.7,2.3272727272727276e-14,5e-11,-40,3.6e-07,1,3.30841e-07
0.7,2.3272727272727276e-14,5e-11,-25,1.8e-07,1,3.21449e-07
0.7,2.3272727272727276e-14,5e-11,-25,3.6e-07,1,3.30361e-07
0.7,2.3272727272727276e-14,5e-11,0,1.8e-07,1,3.16608e-07
0.7,2.3272727272727276e-14,5e-11,0,3.6e-07,1,3.31287e-07
0.7,2.3272727272727276e-14,5e-11,25,1.8e-07,1,3.15588e-07
0.7,2.3272727272727276e-14,5e-11,25,3.6e-07,1,3.30731e-07
0.7,2.3272727272727276e-14,5e-11,75,1.8e-07,1,3.09928e-07
0.7,2.3272727272727276e-14,5e-11,75,3.6e-07,1,3.24681e-07
0.7,2.3272727272727276e-14,5e-11,100,1.8e-07,1,3.08272e-07
0.7,2.3272727272727276e-14,5e-11,100,3.6e-07,1,3.2097e-07
0.7,2.3272727272727276e-14,5e-11,125,1.8e-07,1,3.07134e-07
0.7,2.3272727272727276e-14,5e-11,125,3.6e-07,1,3.21492e-07
0.7,2.3272727272727276e-14,1e-10,-40,1.8e-07,1,3.45287e-07
0.7,2.3272727272727276e-14,1e-10,-40,3.6e-07,1,3.48952e-07
0.7,2.3272727272727276e-14,1e-10,-25,1.8e-07,1,3.43513e-07
0.7,2.3272727272727276e-14,1e-10,-25,3.6e-07,1,3.43368e-07
0.7,2.3272727272727276e-14,1e-10,0,1.8e-07,1,3.31812e-07
0.7,2.3272727272727276e-14,1e-10,0,3.6e-07,1,3.47756e-07
0.7,2.3272727272727276e-14,1e-10,25,1.8e-07,1,3.26773e-07
0.7,2.3272727272727276e-14,1e-10,25,3.6e-07,1,3.49155e-07
0.7,2.3272727272727276e-14,1e-10,75,1.8e-07,1,3.18128e-07
0.7,2.3272727272727276e-14,1e-10,75,3.6e-07,1,3.38198e-07
0.7,2.3272727272727276e-14,1e-10,100,1.8e-07,1,3.1533e-07
0.7,2.3272727272727276e-14,1e-10,100,3.6e-07,1,3.32476e-07
0.7,2.3272727272727276e-14,1e-10,125,1.8e-07,1,3.1652e-07
0.7,2.3272727272727276e-14,1e-10,125,3.6e-07,1,3.2817e-07
0.7,2.3272727272727276e-14,2e-10,-40,1.8e-07,1,3.71569e-07
0.7,2.3272727272727276e-14,2e-10,-40,3.6e-07,1,3.79255e-07
0.7,2.3272727272727276e-14,2e-10,-25,1.8e-07,1,3.70256e-07
0.7,2.3272727272727276e-14,2e-10,-25,3.6e-07,1,3.73522e-07
0.7,2.3272727272727276e-14,2e-10,0,1.8e-07,1,3.60531e-07
0.7,2.3272727272727276e-14,2e-10,0,3.6e-07,1,3.68404e-07
0.7,2.3272727272727276e-14,2e-10,25,1.8e-07,1,3.56666e-07
0.7,2.3272727272727276e-14,2e-10,25,3.6e-07,1,3.70931e-07
0.7,2.3272727272727276e-14,2e-10,75,1.8e-07,1,3.4065e-07
0.7,2.3272727272727276e-14,2e-10,75,3.6e-07,1,3.55478e-07
0.7,2.3272727272727276e-14,2e-10,100,1.8e-07,1,3.35077e-07
0.7,2.3272727272727276e-14,2e-10,100,3.6e-07,1,3.51104e-07
0.7,2.3272727272727276e-14,2e-10,125,1.8e-07,1,3.3099e-07
0.7,2.3272727272727276e-14,2e-10,125,3.6e-07,1,3.47313e-07
0.7,2.3272727272727276e-14,4e-10,-40,1.8e-07,1,4.41568e-07
0.7,2.3272727272727276e-14,4e-10,-40,3.6e-07,1,4.4665e-07
0.7,2.3272727272727276e-14,4e-10,-25,1.8e-07,1,4.3474e-07
0.7,2.3272727272727276e-14,4e-10,-25,3.6e-07,1,4.38137e-07
0.7,2.3272727272727276e-14,4e-10,0,1.8e-07,1,4.1994e-07
0.7,2.3272727272727276e-14,4e-10,0,3.6e-07,1,4.22726e-07
0.7,2.3272727272727276e-14,4e-10,25,1.8e-07,1,4.01242e-07
0.7,2.3272727272727276e-14,4e-10,25,3.6e-07,1,4.13874e-07
0.7,2.3272727272727276e-14,4e-10,75,1.8e-07,1,3.73821e-07
0.7,2.3272727272727276e-14,4e-10,75,3.6e-07,1,3.95224e-07
0.7,2.3272727272727276e-14,4e-10,100,1.8e-07,1,3.65012e-07
0.7,2.3272727272727276e-14,4e-10,100,3.6e-07,1,3.83291e-07
0.7,2.3272727272727276e-14,4e-10,125,1.8e-07,1,3.5812e-07
0.7,2.3272727272727276e-14,4e-10,125,3.6e-07,1,3.74942e-07
0.7,2.7727272727272724e-14,1e-11,-40,1.8e-07,1,3.61594e-07
0.7,2.7727272727272724e-14,1e-11,-40,3.6e-07,1,3.70391e-07
0.7,2.7727272727272724e-14,1e-11,-25,1.8e-07,1,3.60834e-07
0.7,2.7727272727272724e-14,1e-11,-25,3.6e-07,1,3.7106e-07
0.7,2.7727272727272724e-14,1e-11,0,1.8e-07,1,3.5837e-07
0.7,2.7727272727272724e-14,1e-11,0,3.6e-07,1,3.76064e-07
0.7,2.7727272727272724e-14,1e-11,25,1.8e-07,1,3.56607e-07
0.7,2.7727272727272724e-14,1e-11,25,3.6e-07,1,3.75587e-07
0.7,2.7727272727272724e-14,1e-11,75,1.8e-07,1,3.54541e-07
0.7,2.7727272727272724e-14,1e-11,75,3.6e-07,1,3.69126e-07
0.7,2.7727272727272724e-14,1e-11,100,1.8e-07,1,3.54043e-07
0.7,2.7727272727272724e-14,1e-11,100,3.6e-07,1,3.67026e-07
0.7,2.7727272727272724e-14,1e-11,125,1.8e-07,1,3.53935e-07
0.7,2.7727272727272724e-14,1e-11,125,3.6e-07,1,3.65891e-07
0.7,2.7727272727272724e-14,5e-11,-40,1.8e-07,1,3.78818e-07
0.7,2.7727272727272724e-14,5e-11,-40,3.6e-07,1,3.89567e-07
0.7,2.7727272727272724e-14,5e-11,-25,1.8e-07,1,3.74899e-07
0.7,2.7727272727272724e-14,5e-11,-25,3.6e-07,1,3.87527e-07
0.7,2.7727272727272724e-14,5e-11,0,1.8e-07,1,3.69903e-07
0.7,2.7727272727272724e-14,5e-11,0,3.6e-07,1,3.90077e-07
0.7,2.7727272727272724e-14,5e-11,25,1.8e-07,1,3.69262e-07
0.7,2.7727272727272724e-14,5e-11,25,3.6e-07,1,3.8813e-07
0.7,2.7727272727272724e-14,5e-11,75,1.8e-07,1,3.6399e-07
0.7,2.7727272727272724e-14,5e-11,75,3.6e-07,1,3.77173e-07
0.7,2.7727272727272724e-14,5e-11,100,1.8e-07,1,3.62422e-07
0.7,2.7727272727272724e-14,5e-11,100,3.6e-07,1,3.74029e-07
0.7,2.7727272727272724e-14,5e-11,125,1.8e-07,1,3.61346e-07
0.7,2.7727272727272724e-14,5e-11,125,3.6e-07,1,3.74925e-07
0.7,2.7727272727272724e-14,1e-10,-40,1.8e-07,1,4.03345e-07
0.7,2.7727272727272724e-14,1e-10,-40,3.6e-07,1,4.06347e-07
0.7,2.7727272727272724e-14,1e-10,-25,1.8e-07,1,3.96661e-07
0.7,2.7727272727272724e-14,1e-10,-25,3.6e-07,1,4.1133e-07
0.7,2.7727272727272724e-14,1e-10,0,1.8e-07,1,3.87239e-07
0.7,2.7727272727272724e-14,1e-10,0,3.6e-07,1,4.07515e-07
0.7,2.7727272727272724e-14,1e-10,25,1.8e-07,1,3.80222e-07
0.7,2.7727272727272724e-14,1e-10,25,3.6e-07,1,4.0602e-07
0.7,2.7727272727272724e-14,1e-10,75,1.8e-07,1,3.72063e-07
0.7,2.7727272727272724e-14,1e-10,75,3.6e-07,1,3.90785e-07
0.7,2.7727272727272724e-14,1e-10,100,1.8e-07,1,3.69676e-07
0.7,2.7727272727272724e-14,1e-10,100,3.6e-07,1,3.85426e-07
0.7,2.7727272727272724e-14,1e-10,125,1.8e-07,1,3.70683e-07
0.7,2.7727272727272724e-14,1e-10,125,3.6e-07,1,3.81673e-07
0.7,2.7727272727272724e-14,2e-10,-40,1.8e-07,1,4.27879e-07
0.7,2.7727272727272724e-14,2e-10,-40,3.6e-07,1,4.31291e-07
0.7,2.7727272727272724e-14,2e-10,-25,1.8e-07,1,4.24422e-07
0.7,2.7727272727272724e-14,2e-10,-25,3.6e-07,1,4.28222e-07
0.7,2.7727272727272724e-14,2e-10,0,1.8e-07,1,4.15865e-07
0.7,2.7727272727272724e-14,2e-10,0,3.6e-07,1,4.3572e-07
0.7,2.7727272727272724e-14,2e-10,25,1.8e-07,1,4.09795e-07
0.7,2.7727272727272724e-14,2e-10,25,3.6e-07,1,4.30798e-07
0.7,2.7727272727272724e-14,2e-10,75,1.8e-07,1,3.94523e-07
0.7,2.7727272727272724e-14,2e-10,75,3.6e-07,1,4.08411e-07
0.7,2.7727272727272724e-14,2e-10,100,1.8e-07,1,3.89061e-07
0.7,2.7727272727272724e-14,2e-10,100,3.6e-07,1,4.04081e-07
0.7,2.7727272727272724e-14,2e-10,125,1.8e-07,1,3.83777e-07
0.7,2.7727272727272724e-14,2e-10,125,3.6e-07,1,3.95539e-07
0.7,2.7727272727272724e-14,4e-10,-40,1.8e-07,1,5.01225e-07
0.7,2.7727272727272724e-14,4e-10,-40,3.6e-07,1,5.1422e-07
0.7,2.7727272727272724e-14,4e-10,-25,1.8e-07,1,4.88764e-07
0.7,2.7727272727272724e-14,4e-10,-25,3.6e-07,1,4.9597e-07
0.7,2.7727272727272724e-14,4e-10,0,1.8e-07,1,4.70721e-07
0.7,2.7727272727272724e-14,4e-10,0,3.6e-07,1,4.80935e-07
0.7,2.7727272727272724e-14,4e-10,25,1.8e-07,1,4.51509e-07
0.7,2.7727272727272724e-14,4e-10,25,3.6e-07,1,4.74461e-07
0.7,2.7727272727272724e-14,4e-10,75,1.8e-07,1,4.2836e-07
0.7,2.7727272727272724e-14,4e-10,75,3.6e-07,1,4.48362e-07
0.7,2.7727272727272724e-14,4e-10,100,1.8e-07,1,4.19182e-07
0.7,2.7727272727272724e-14,4e-10,100,3.6e-07,1,4.36899e-07
0.7,2.7727272727272724e-14,4e-10,125,1.8e-07,1,4.12373e-07
0.7,2.7727272727272724e-14,4e-10,125,3.6e-07,1,4.29575e-07
0.7,3.2181818181818185e-14,1e-11,-40,1.8e-07,1,4.15635e-07
0.7,3.2181818181818185e-14,1e-11,-40,3.6e-07,1,4.2408e-07
0.7,3.2181818181818185e-14,1e-11,-25,1.8e-07,1,4.14274e-07
0.7,3.2181818181818185e-14,1e-11,-25,3.6e-07,1,4.27453e-07
0.7,3.2181818181818185e-14,1e-11,0,1.8e-07,1,4.12113e-07
0.7,3.2181818181818185e-14,1e-11,0,3.6e-07,1,4.32819e-07
0.7,3.2181818181818185e-14,1e-11,25,1.8e-07,1,4.10614e-07
0.7,3.2181818181818185e-14,1e-11,25,3.6e-07,1,4.29596e-07
0.7,3.2181818181818185e-14,1e-11,75,1.8e-07,1,4.08703e-07
0.7,3.2181818181818185e-14,1e-11,75,3.6e-07,1,4.22418e-07
0.7,3.2181818181818185e-14,1e-11,100,1.8e-07,1,4.08365e-07
0.7,3.2181818181818185e-14,1e-11,100,3.6e-07,1,4.20656e-07
0.7,3.2181818181818185e-14,1e-11,125,1.8e-07,1,4.08246e-07
0.7,3.2181818181818185e-14,1e-11,125,3.6e-07,1,4.19603e-07
0.7,3.2181818181818185e-14,5e-11,-40,1.8e-07,1,4.31543e-07
0.7,3.2181818181818185e-14,5e-11,-40,3.6e-07,1,4.46532e-07
0.7,3.2181818181818185e-14,5e-11,-25,1.8e-07,1,4.28225e-07
0.7,3.2181818181818185e-14,5e-11,-25,3.6e-07,1,4.46137e-07
0.7,3.2181818181818185e-14,5e-11,0,1.8e-07,1,4.23383e-07
0.7,3.2181818181818185e-14,5e-11,0,3.6e-07,1,4.46215e-07
0.7,3.2181818181818185e-14,5e-11,25,1.8e-07,1,4.23117e-07
0.7,3.2181818181818185e-14,5e-11,25,3.6e-07,1,4.40654e-07
0.7,3.2181818181818185e-14,5e-11,75,1.8e-07,1,4.18178e-07
0.7,3.2181818181818185e-14,5e-11,75,3.6e-07,1,4.30328e-07
0.7,3.2181818181818185e-14,5e-11,100,1.8e-07,1,4.16644e-07
0.7,3.2181818181818185e-14,5e-11,100,3.6e-07,1,4.27484e-07
0.7,3.2181818181818185e-14,5e-11,125,1.8e-07,1,4.15625e-07
0.7,3.2181818181818185e-14,5e-11,125,3.6e-07,1,4.286e-07
0.7,3.2181818181818185e-14,1e-10,-40,1.8e-07,1,4.55574e-07
0.7,3.2181818181818185e-14,1e-10,-40,3.6e-07,1,4.62954e-07
0.7,3.2181818181818185e-14,1e-10,-25,1.8e-07,1,4.49316e-07
0.7,3.2181818181818185e-14,1e-10,-25,3.6e-07,1,4.63027e-07
0.7,3.2181818181818185e-14,1e-10,0,1.8e-07,1,4.39763e-07
0.7,3.2181818181818185e-14,1e-10,0,3.6e-07,1,4.63405e-07
0.7,3.2181818181818185e-14,1e-10,25,1.8e-07,1,4.34014e-07
0.7,3.2181818181818185e-14,1e-10,25,3.6e-07,1,4.59497e-07
0.7,3.2181818181818185e-14,1e-10,75,1.8e-07,1,4.26289e-07
0.7,3.2181818181818185e-14,1e-10,75,3.6e-07,1,4.43883e-07
0.7,3.2181818181818185e-14,1e-10,100,1.8e-07,1,4.2385e-07
0.7,3.2181818181818185e-14,1e-10,100,3.6e-07,1,4.38836e-07
0.7,3.2181818181818185e-14,1e-10,125,1.8e-07,1,4.24938e-07
0.7,3.2181818181818185e-14,1e-10,125,3.6e-07,1,4.35405e-07
0.7,3.2181818181818185e-14,2e-10,-40,1.8e-07,1,4.90373e-07
0.7,3.2181818181818185e-14,2e-10,-40,3.6e-07,1,4.99542e-07
0.7,3.2181818181818185e-14,2e-10,-25,1.8e-07,1,4.84343e-07
0.7,3.2181818181818185e-14,2e-10,-25,3.6e-07,1,5.01789e-07
0.7,3.2181818181818185e-14,2e-10,0,1.8e-07,1,4.70127e-07
0.7,3.2181818181818185e-14,2e-10,0,3.6e-07,1,4.96545e-07
0.7,3.2181818181818185e-14,2e-10,25,1.8e-07,1,4.63252e-07
0.7,3.2181818181818185e-14,2e-10,25,3.6e-07,1,4.83314e-07
0.7,3.2181818181818185e-14,2e-10,75,1.8e-07,1,4.48432e-07
0.7,3.2181818181818185e-14,2e-10,75,3.6e-07,1,4.60981e-07
0.7,3.2181818181818185e-14,2e-10,100,1.8e-07,1,4.43193e-07
0.7,3.2181818181818185e-14,2e-10,100,3.6e-07,1,4.57317e-07
0.7,3.2181818181818185e-14,2e-10,125,1.8e-07,1,4.3891e-07
0.7,3.2181818181818185e-14,2e-10,125,3.6e-07,1,4.52165e-07
0.7,3.2181818181818185e-14,4e-10,-40,1.8e-07,1,5.56343e-07
0.7,3.2181818181818185e-14,4e-10,-40,3.6e-07,1,5.58372e-07
0.7,3.2181818181818185e-14,4e-10,-25,1.8e-07,1,5.41201e-07
0.7,3.2181818181818185e-14,4e-10,-25,3.6e-07,1,5.47673e-07
0.7,3.2181818181818185e-14,4e-10,0,1.8e-07,1,5.23738e-07
0.7,3.2181818181818185e-14,4e-10,0,3.6e-07,1,5.42939e-07
0.7,3.2181818181818185e-14,4e-10,25,1.8e-07,1,5.09065e-07
0.7,3.2181818181818185e-14,4e-10,25,3.6e-07,1,5.31259e-07
0.7,3.2181818181818185e-14,4e-10,75,1.8e-07,1,4.8306e-07
0.7,3.2181818181818185e-14,4e-10,75,3.6e-07,1,5.01573e-07
0.7,3.2181818181818185e-14,4e-10,100,1.8e-07,1,4.73444e-07
0.7,3.2181818181818185e-14,4e-10,100,3.6e-07,1,4.89883e-07
0.7,3.2181818181818185e-14,4e-10,125,1.8e-07,1,4.667e-07
0.7,3.2181818181818185e-14,4e-10,125,3.6e-07,1,4.82136e-07
0.7,3.663636363636364e-14,1e-11,-40,1.8e-07,1,4.69272e-07
0.7,3.663636363636364e-14,1e-11,-40,3.6e-07,1,4.82708e-07
0.7,3.663636363636364e-14,1e-11,-25,1.8e-07,1,4.68003e-07
0.7,3.663636363636364e-14,1e-11,-25,3.6e-07,1,4.85897e-07
0.7,3.663636363636364e-14,1e-11,0,1.8e-07,1,4.66187e-07
0.7,3.663636363636364e-14,1e-11,0,3.6e-07,1,4.87324e-07
0.7,3.663636363636364e-14,1e-11,25,1.8e-07,1,4.6478e-07
0.7,3.663636363636364e-14,1e-11,25,3.6e-07,1,4.82008e-07
0.7,3.663636363636364e-14,1e-11,75,1.8e-07,1,4.63044e-07
0.7,3.663636363636364e-14,1e-11,75,3.6e-07,1,4.7596e-07
0.7,3.663636363636364e-14,1e-11,100,1.8e-07,1,4.62649e-07
0.7,3.663636363636364e-14,1e-11,100,3.6e-07,1,4.74434e-07
0.7,3.663636363636364e-14,1e-11,125,1.8e-07,1,4.62609e-07
0.7,3.663636363636364e-14,1e-11,125,3.6e-07,1,4.73541e-07
0.7,3.663636363636364e-14,5e-11,-40,1.8e-07,1,4.84599e-07
0.7,3.663636363636364e-14,5e-11,-40,3.6e-07,1,5.04662e-07
0.7,3.663636363636364e-14,5e-11,-25,1.8e-07,1,4.81788e-07
0.7,3.663636363636364e-14,5e-11,-25,3.6e-07,1,5.05297e-07
0.7,3.663636363636364e-14,5e-11,0,1.8e-07,1,4.76759e-07
0.7,3.663636363636364e-14,5e-11,0,3.6e-07,1,5.00685e-07
0.7,3.663636363636364e-14,5e-11,25,1.8e-07,1,4.77132e-07
0.7,3.663636363636364e-14,5e-11,25,3.6e-07,1,4.92787e-07
0.7,3.663636363636364e-14,5e-11,75,1.8e-07,1,4.72363e-07
0.7,3.663636363636364e-14,5e-11,75,3.6e-07,1,4.83804e-07
0.7,3.663636363636364e-14,5e-11,100,1.8e-07,1,4.70946e-07
0.7,3.663636363636364e-14,5e-11,100,3.6e-07,1,4.81213e-07
0.7,3.663636363636364e-14,5e-11,125,1.8e-07,1,4.7e-07
0.7,3.663636363636364e-14,5e-11,125,3.6e-07,1,4.82512e-07
0.7,3.663636363636364e-14,1e-10,-40,1.8e-07,1,5.08274e-07
0.7,3.663636363636364e-14,1e-10,-40,3.6e-07,1,5.20111e-07
0.7,3.663636363636364e-14,1e-10,-25,1.8e-07,1,5.02528e-07
0.7,3.663636363636364e-14,1e-10,-25,3.6e-07,1,5.19722e-07
0.7,3.663636363636364e-14,1e-10,0,1.8e-07,1,4.9476e-07
0.7,3.663636363636364e-14,1e-10,0,3.6e-07,1,5.18323e-07
0.7,3.663636363636364e-14,1e-10,25,1.8e-07,1,4.86004e-07
0.7,3.663636363636364e-14,1e-10,25,3.6e-07,1,5.11637e-07
0.7,3.663636363636364e-14,1e-10,75,1.8e-07,1,4.80824e-07
0.7,3.663636363636364e-14,1e-10,75,3.6e-07,1,4.97301e-07
0.7,3.663636363636364e-14,1e-10,100,1.8e-07,1,4.78117e-07
0.7,3.663636363636364e-14,1e-10,100,3.6e-07,1,4.92648e-07
0.7,3.663636363636364e-14,1e-10,125,1.8e-07,1,4.7929e-07
0.7,3.663636363636364e-14,1e-10,125,3.6e-07,1,4.89361e-07
0.7,3.663636363636364e-14,2e-10,-40,1.8e-07,1,5.43706e-07
0.7,3.663636363636364e-14,2e-10,-40,3.6e-07,1,5.54163e-07
0.7,3.663636363636364e-14,2e-10,-25,1.8e-07,1,5.37581e-07
0.7,3.663636363636364e-14,2e-10,-25,3.6e-07,1,5.54764e-07
0.7,3.663636363636364e-14,2e-10,0,1.8e-07,1,5.24578e-07
0.7,3.663636363636364e-14,2e-10,0,3.6e-07,1,5.47434e-07
0.7,3.663636363636364e-14,2e-10,25,1.8e-07,1,5.16866e-07
0.7,3.663636363636364e-14,2e-10,25,3.6e-07,1,5.35237e-07
0.7,3.663636363636364e-14,2e-10,75,1.8e-07,1,5.02586e-07
0.7,3.663636363636364e-14,2e-10,75,3.6e-07,1,5.13623e-07
0.7,3.663636363636364e-14,2e-10,100,1.8e-07,1,4.97394e-07
0.7,3.663636363636364e-14,2e-10,100,3.6e-07,1,5.10821e-07
0.7,3.663636363636364e-14,2e-10,125,1.8e-07,1,4.92775e-07
0.7,3.663636363636364e-14,2e-10,125,3.6e-07,1,5.05903e-07
0.7,3.663636363636364e-14,4e-10,-40,1.8e-07,1,6.0956e-07
0.7,3.663636363636364e-14,4e-10,-40,3.6e-07,1,6.16564e-07
0.7,3.663636363636364e-14,4e-10,-25,1.8e-07,1,5.9764e-07
0.7,3.663636363636364e-14,4e-10,-25,3.6e-07,1,6.18538e-07
0.7,3.663636363636364e-14,4e-10,0,1.8e-07,1,5.77238e-07
0.7,3.663636363636364e-14,4e-10,0,3.6e-07,1,6.00447e-07
0.7,3.663636363636364e-14,4e-10,25,1.8e-07,1,5.59364e-07
0.7,3.663636363636364e-14,4e-10,25,3.6e-07,1,5.83811e-07
0.7,3.663636363636364e-14,4e-10,75,1.8e-07,1,5.36468e-07
0.7,3.663636363636364e-14,4e-10,75,3.6e-07,1,5.54923e-07
0.7,3.663636363636364e-14,4e-10,100,1.8e-07,1,5.27788e-07
0.7,3.663636363636364e-14,4e-10,100,3.6e-07,1,5.43591e-07
0.7,3.663636363636364e-14,4e-10,125,1.8e-07,1,5.21074e-07
0.7,3.663636363636364e-14,4e-10,125,3.6e-07,1,5.3708e-07
0.7,4.109090909090909e-14,1e-11,-40,1.8e-07,1,5.23112e-07
0.7,4.109090909090909e-14,1e-11,-40,3.6e-07,1,5.41924e-07
0.7,4.109090909090909e-14,1e-11,-25,1.8e-07,1,5.2196e-07
0.7,4.109090909090909e-14,1e-11,-25,3.6e-07,1,5.43428e-07
0.7,4.109090909090909e-14,1e-11,0,1.8e-07,1,5.20298e-07
0.7,4.109090909090909e-14,1e-11,0,3.6e-07,1,5.39913e-07
0.7,4.109090909090909e-14,1e-11,25,1.8e-07,1,5.18891e-07
0.7,4.109090909090909e-14,1e-11,25,3.6e-07,1,5.35015e-07
0.7,4.109090909090909e-14,1e-11,75,1.8e-07,1,5.17323e-07
0.7,4.109090909090909e-14,1e-11,75,3.6e-07,1,5.29725e-07
0.7,4.109090909090909e-14,1e-11,100,1.8e-07,1,5.17028e-07
0.7,4.109090909090909e-14,1e-11,100,3.6e-07,1,5.28371e-07
0.7,4.109090909090909e-14,1e-11,125,1.8e-07,1,5.17025e-07
0.7,4.109090909090909e-14,1e-11,125,3.6e-07,1,5.2759e-07
0.7,4.109090909090909e-14,5e-11,-40,1.8e-07,1,5.38311e-07
0.7,4.109090909090909e-14,5e-11,-40,3.6e-07,1,5.55514e-07
0.7,4.109090909090909e-14,5e-11,-25,1.8e-07,1,5.35162e-07
0.7,4.109090909090909e-14,5e-11,-25,3.6e-07,1,5.5649e-07
0.7,4.109090909090909e-14,5e-11,0,1.8e-07,1,5.30955e-07
0.7,4.109090909090909e-14,5e-11,0,3.6e-07,1,5.54059e-07
0.7,4.109090909090909e-14,5e-11,25,1.8e-07,1,5.31307e-07
0.7,4.109090909090909e-14,5e-11,25,3.6e-07,1,5.46333e-07
0.7,4.109090909090909e-14,5e-11,75,1.8e-07,1,5.26754e-07
0.7,4.109090909090909e-14,5e-11,75,3.6e-07,1,5.37594e-07
0.7,4.109090909090909e-14,5e-11,100,1.8e-07,1,5.25294e-07
0.7,4.109090909090909e-14,5e-11,100,3.6e-07,1,5.35117e-07
0.7,4.109090909090909e-14,5e-11,125,1.8e-07,1,5.24403e-07
0.7,4.109090909090909e-14,5e-11,125,3.6e-07,1,5.36535e-07
0.7,4.109090909090909e-14,1e-10,-40,1.8e-07,1,5.6174e-07
0.7,4.109090909090909e-14,1e-10,-40,3.6e-07,1,5.73653e-07
0.7,4.109090909090909e-14,1e-10,-25,1.8e-07,1,5.56099e-07
0.7,4.109090909090909e-14,1e-10,-25,3.6e-07,1,5.79764e-07
0.7,4.109090909090909e-14,1e-10,0,1.8e-07,1,5.48588e-07
0.7,4.109090909090909e-14,1e-10,0,3.6e-07,1,5.71368e-07
0.7,4.109090909090909e-14,1e-10,25,1.8e-07,1,5.41862e-07
0.7,4.109090909090909e-14,1e-10,25,3.6e-07,1,5.64292e-07
0.7,4.109090909090909e-14,1e-10,75,1.8e-07,1,5.35028e-07
0.7,4.109090909090909e-14,1e-10,75,3.6e-07,1,5.51004e-07
0.7,4.109090909090909e-14,1e-10,100,1.8e-07,1,5.32443e-07
0.7,4.109090909090909e-14,1e-10,100,3.6e-07,1,5.46372e-07
0.7,4.109090909090909e-14,1e-10,125,1.8e-07,1,5.33684e-07
0.7,4.109090909090909e-14,1e-10,125,3.6e-07,1,5.43381e-07
0.7,4.109090909090909e-14,2e-10,-40,1.8e-07,1,5.96512e-07
0.7,4.109090909090909e-14,2e-10,-40,3.6e-07,1,6.16182e-07
0.7,4.109090909090909e-14,2e-10,-25,1.8e-07,1,5.89155e-07
0.7,4.109090909090909e-14,2e-10,-25,3.6e-07,1,6.11366e-07
0.7,4.109090909090909e-14,2e-10,0,1.8e-07,1,5.78347e-07
0.7,4.109090909090909e-14,2e-10,0,3.6e-07,1,6.02417e-07
0.7,4.109090909090909e-14,2e-10,25,1.8e-07,1,5.70688e-07
0.7,4.109090909090909e-14,2e-10,25,3.6e-07,1,5.87411e-07
0.7,4.109090909090909e-14,2e-10,75,1.8e-07,1,5.56736e-07
0.7,4.109090909090909e-14,2e-10,75,3.6e-07,1,5.63365e-07
0.7,4.109090909090909e-14,2e-10,100,1.8e-07,1,5.5165e-07
0.7,4.109090909090909e-14,2e-10,100,3.6e-07,1,5.64569e-07
0.7,4.109090909090909e-14,2e-10,125,1.8e-07,1,5.48014e-07
0.7,4.109090909090909e-14,2e-10,125,3.6e-07,1,5.59746e-07
0.7,4.109090909090909e-14,4e-10,-40,1.8e-07,1,6.67835e-07
0.7,4.109090909090909e-14,4e-10,-40,3.6e-07,1,6.81664e-07
0.7,4.109090909090909e-14,4e-10,-25,1.8e-07,1,6.50862e-07
0.7,4.109090909090909e-14,4e-10,-25,3.6e-07,1,6.68725e-07
0.7,4.109090909090909e-14,4e-10,0,1.8e-07,1,6.29039e-07
0.7,4.109090909090909e-14,4e-10,0,3.6e-07,1,6.53259e-07
0.7,4.109090909090909e-14,4e-10,25,1.8e-07,1,6.13976e-07
0.7,4.109090909090909e-14,4e-10,25,3.6e-07,1,6.36057e-07
0.7,4.109090909090909e-14,4e-10,75,1.8e-07,1,5.9074e-07
0.7,4.109090909090909e-14,4e-10,75,3.6e-07,1,6.08567e-07
0.7,4.109090909090909e-14,4e-10,100,1.8e-07,1,5.82109e-07
0.7,4.109090909090909e-14,4e-10,100,3.6e-07,1,5.97423e-07
0.7,4.109090909090909e-14,4e-10,125,1.8e-07,1,5.75435e-07
0.7,4.109090909090909e-14,4e-10,125,3.6e-07,1,5.90553e-07
0.7,4.5545454545454544e-14,1e-11,-40,1.8e-07,1,5.77072e-07
0.7,4.5545454545454544e-14,1e-11,-40,3.6e-07,1,5.95537e-07
0.7,4.5545454545454544e-14,1e-11,-25,1.8e-07,1,5.7594e-07
0.7,4.5545454545454544e-14,1e-11,-25,3.6e-07,1,5.97985e-07
0.7,4.5545454545454544e-14,1e-11,0,1.8e-07,1,5.74376e-07
0.7,4.5545454545454544e-14,1e-11,0,3.6e-07,1,5.9261e-07
0.7,4.5545454545454544e-14,1e-11,25,1.8e-07,1,5.73149e-07
0.7,4.5545454545454544e-14,1e-11,25,3.6e-07,1,5.88405e-07
0.7,4.5545454545454544e-14,1e-11,75,1.8e-07,1,5.71733e-07
0.7,4.5545454545454544e-14,1e-11,75,3.6e-07,1,5.83728e-07
0.7,4.5545454545454544e-14,1e-11,100,1.8e-07,1,5.71446e-07
0.7,4.5545454545454544e-14,1e-11,100,3.6e-07,1,5.82447e-07
0.7,4.5545454545454544e-14,1e-11,125,1.8e-07,1,5.71467e-07
0.7,4.5545454545454544e-14,1e-11,125,3.6e-07,1,5.81741e-07
0.7,4.5545454545454544e-14,5e-11,-40,1.8e-07,1,5.92038e-07
0.7,4.5545454545454544e-14,5e-11,-40,3.6e-07,1,6.11786e-07
0.7,4.5545454545454544e-14,5e-11,-25,1.8e-07,1,5.89367e-07
0.7,4.5545454545454544e-14,5e-11,-25,3.6e-07,1,6.13934e-07
0.7,4.5545454545454544e-14,5e-11,0,1.8e-07,1,5.85208e-07
0.7,4.5545454545454544e-14,5e-11,0,3.6e-07,1,6.07177e-07
0.7,4.5545454545454544e-14,5e-11,25,1.8e-07,1,5.85431e-07
0.7,4.5545454545454544e-14,5e-11,25,3.6e-07,1,6.00105e-07
0.7,4.5545454545454544e-14,5e-11,75,1.8e-07,1,5.81017e-07
0.7,4.5545454545454544e-14,5e-11,75,3.6e-07,1,5.91461e-07
0.7,4.5545454545454544e-14,5e-11,100,1.8e-07,1,5.79713e-07
0.7,4.5545454545454544e-14,5e-11,100,3.6e-07,1,5.89151e-07
0.7,4.5545454545454544e-14,5e-11,125,1.8e-07,1,5.78845e-07
0.7,4.5545454545454544e-14,5e-11,125,3.6e-07,1,5.90608e-07
0.7,4.5545454545454544e-14,1e-10,-40,1.8e-07,1,6.15287e-07
0.7,4.5545454545454544e-14,1e-10,-40,3.6e-07,1,6.29873e-07
0.7,4.5545454545454544e-14,1e-10,-25,1.8e-07,1,6.09835e-07
0.7,4.5545454545454544e-14,1e-10,-25,3.6e-07,1,6.3522e-07
0.7,4.5545454545454544e-14,1e-10,0,1.8e-07,1,6.027e-07
0.7,4.5545454545454544e-14,1e-10,0,3.6e-07,1,6.23612e-07
0.7,4.5545454545454544e-14,1e-10,25,1.8e-07,1,5.95951e-07
0.7,4.5545454545454544e-14,1e-10,25,3.6e-07,1,6.17267e-07
0.7,4.5545454545454544e-14,1e-10,75,1.8e-07,1,5.89337e-07
0.7,4.5545454545454544e-14,1e-10,75,3.6e-07,1,6.04784e-07
0.7,4.5545454545454544e-14,1e-10,100,1.8e-07,1,5.86826e-07
0.7,4.5545454545454544e-14,1e-10,100,3.6e-07,1,6.00463e-07
0.7,4.5545454545454544e-14,1e-10,125,1.8e-07,1,5.88115e-07
0.7,4.5545454545454544e-14,1e-10,125,3.6e-07,1,5.97503e-07
0.7,4.5545454545454544e-14,2e-10,-40,1.8e-07,1,6.49442e-07
0.7,4.5545454545454544e-14,2e-10,-40,3.6e-07,1,6.68374e-07
0.7,4.5545454545454544e-14,2e-10,-25,1.8e-07,1,6.40574e-07
0.7,4.5545454545454544e-14,2e-10,-25,3.6e-07,1,6.71716e-07
0.7,4.5545454545454544e-14,2e-10,0,1.8e-07,1,6.32057e-07
0.7,4.5545454545454544e-14,2e-10,0,3.6e-07,1,6.54039e-07
0.7,4.5545454545454544e-14,2e-10,25,1.8e-07,1,6.24705e-07
0.7,4.5545454545454544e-14,2e-10,25,3.6e-07,1,6.40206e-07
0.7,4.5545454545454544e-14,2e-10,75,1.8e-07,1,6.10956e-07
0.7,4.5545454545454544e-14,2e-10,75,3.6e-07,1,6.18975e-07
0.7,4.5545454545454544e-14,2e-10,100,1.8e-07,1,6.05987e-07
0.7,4.5545454545454544e-14,2e-10,100,3.6e-07,1,6.18417e-07
0.7,4.5545454545454544e-14,2e-10,125,1.8e-07,1,6.01259e-07
0.7,4.5545454545454544e-14,2e-10,125,3.6e-07,1,6.13733e-07
0.7,4.5545454545454544e-14,4e-10,-40,1.8e-07,1,7.19645e-07
0.7,4.5545454545454544e-14,4e-10,-40,3.6e-07,1,7.28643e-07
0.7,4.5545454545454544e-14,4e-10,-25,1.8e-07,1,7.04381e-07
0.7,4.5545454545454544e-14,4e-10,-25,3.6e-07,1,7.28593e-07
0.7,4.5545454545454544e-14,4e-10,0,1.8e-07,1,6.86128e-07
0.7,4.5545454545454544e-14,4e-10,0,3.6e-07,1,7.06652e-07
0.7,4.5545454545454544e-14,4e-10,25,1.8e-07,1,6.67542e-07
0.7,4.5545454545454544e-14,4e-10,25,3.6e-07,1,6.88783e-07
0.7,4.5545454545454544e-14,4e-10,75,1.8e-07,1,6.45069e-07
0.7,4.5545454545454544e-14,4e-10,75,3.6e-07,1,6.62477e-07
0.7,4.5545454545454544e-14,4e-10,100,1.8e-07,1,6.3663e-07
0.7,4.5545454545454544e-14,4e-10,100,3.6e-07,1,6.51449e-07
0.7,4.5545454545454544e-14,4e-10,125,1.8e-07,1,6.30117e-07
0.7,4.5545454545454544e-14,4e-10,125,3.6e-07,1,6.44391e-07
0.7,5e-14,1e-11,-40,1.8e-07,1,6.31174e-07
0.7,5e-14,1e-11,-40,3.6e-07,1,6.55117e-07
0.7,5e-14,1e-11,-25,1.8e-07,1,6.30144e-07
0.7,5e-14,1e-11,-25,3.6e-07,1,6.4992e-07
0.7,5e-14,1e-11,0,1.8e-07,1,6.28616e-07
0.7,5e-14,1e-11,0,3.6e-07,1,6.4577e-07
0.7,5e-14,1e-11,25,1.8e-07,1,6.27429e-07
0.7,5e-14,1e-11,25,3.6e-07,1,6.42031e-07
0.7,5e-14,1e-11,75,1.8e-07,1,6.2611e-07
0.7,5e-14,1e-11,75,3.6e-07,1,6.37707e-07
0.7,5e-14,1e-11,100,1.8e-07,1,6.25902e-07
0.7,5e-14,1e-11,100,3.6e-07,1,6.36561e-07
0.7,5e-14,1e-11,125,1.8e-07,1,6.25932e-07
0.7,5e-14,1e-11,125,3.6e-07,1,6.35864e-07
0.7,5e-14,5e-11,-40,1.8e-07,1,6.45937e-07
0.7,5e-14,5e-11,-40,3.6e-07,1,6.69129e-07
0.7,5e-14,5e-11,-25,1.8e-07,1,6.43452e-07
0.7,5e-14,5e-11,-25,3.6e-07,1,6.69463e-07
0.7,5e-14,5e-11,0,1.8e-07,1,6.39375e-07
0.7,5e-14,5e-11,0,3.6e-07,1,6.58946e-07
0.7,5e-14,5e-11,25,1.8e-07,1,6.39713e-07
0.7,5e-14,5e-11,25,3.6e-07,1,6.53183e-07
0.7,5e-14,5e-11,75,1.8e-07,1,6.35441e-07
0.7,5e-14,5e-11,75,3.6e-07,1,6.45452e-07
0.7,5e-14,5e-11,100,1.8e-07,1,6.34162e-07
0.7,5e-14,5e-11,100,3.6e-07,1,6.43259e-07
0.7,5e-14,5e-11,125,1.8e-07,1,6.33296e-07
0.7,5e-14,5e-11,125,3.6e-07,1,6.41782e-07
0.7,5e-14,1e-10,-40,1.8e-07,1,6.68944e-07
0.7,5e-14,1e-10,-40,3.6e-07,1,6.89583e-07
0.7,5e-14,1e-10,-25,1.8e-07,1,6.6385e-07
0.7,5e-14,1e-10,-25,3.6e-07,1,6.84697e-07
0.7,5e-14,1e-10,0,1.8e-07,1,6.56425e-07
0.7,5e-14,1e-10,0,3.6e-07,1,6.76599e-07
0.7,5e-14,1e-10,25,1.8e-07,1,6.50183e-07
0.7,5e-14,1e-10,25,3.6e-07,1,6.70723e-07
0.7,5e-14,1e-10,75,1.8e-07,1,6.43677e-07
0.7,5e-14,1e-10,75,3.6e-07,1,6.58831e-07
0.7,5e-14,1e-10,100,1.8e-07,1,6.41241e-07
0.7,5e-14,1e-10,100,3.6e-07,1,6.54619e-07
0.7,5e-14,1e-10,125,1.8e-07,1,6.42547e-07
0.7,5e-14,1e-10,125,3.6e-07,1,6.51975e-07
0.7,5e-14,2e-10,-40,1.8e-07,1,6.98572e-07
0.7,5e-14,2e-10,-40,3.6e-07,1,7.29302e-07
0.7,5e-14,2e-10,-25,1.8e-07,1,6.9424e-07
0.7,5e-14,2e-10,-25,3.6e-07,1,7.2367e-07
0.7,5e-14,2e-10,0,1.8e-07,1,6.85676e-07
0.7,5e-14,2e-10,0,3.6e-07,1,7.06245e-07
0.7,5e-14,2e-10,25,1.8e-07,1,6.78751e-07
0.7,5e-14,2e-10,25,3.6e-07,1,6.93377e-07
0.7,5e-14,2e-10,75,1.8e-07,1,6.65283e-07
0.7,5e-14,2e-10,75,3.6e-07,1,6.74338e-07
0.7,5e-14,2e-10,100,1.8e-07,1,6.60368e-07
0.7,5e-14,2e-10,100,3.6e-07,1,6.72453e-07
0.7,5e-14,2e-10,125,1.8e-07,1,6.56477e-07
0.7,5e-14,2e-10,125,3.6e-07,1,6.66347e-07
0.7,5e-14,4e-10,-40,1.8e-07,1,7.76616e-07
0.7,5e-14,4e-10,-40,3.6e-07,1,7.95897e-07
0.7,5e-14,4e-10,-25,1.8e-07,1,7.58028e-07
0.7,5e-14,4e-10,-25,3.6e-07,1,7.87196e-07
0.7,5e-14,4e-10,0,1.8e-07,1,7.37456e-07
0.7,5e-14,4e-10,0,3.6e-07,1,7.59413e-07
0.7,5e-14,4e-10,25,1.8e-07,1,7.23343e-07
0.7,5e-14,4e-10,25,3.6e-07,1,7.41933e-07
0.7,5e-14,4e-10,75,1.8e-07,1,6.99501e-07
0.7,5e-14,4e-10,75,3.6e-07,1,7.16448e-07
0.7,5e-14,4e-10,100,1.8e-07,1,6.90698e-07
0.7,5e-14,4e-10,100,3.6e-07,1,7.05516e-07
0.7,5e-14,4e-10,125,1.8e-07,1,6.84339e-07
0.7,5e-14,4e-10,125,3.6e-07,1,6.99998e-07
0.7999999999999999,1e-15,1e-11,-40,1.8e-07,1,3.87276e-08
0.7999999999999999,1e-15,1e-11,-40,3.6e-07,1,4.70245e-08
0.7999999999999999,1e-15,1e-11,-25,1.8e-07,1,3.8482e-08
0.7999999999999999,1e-15,1e-11,-25,3.6e-07,1,4.68779e-08
0.7999999999999999,1e-15,1e-11,0,1.8e-07,1,3.88165e-08
0.7999999999999999,1e-15,1e-11,0,3.6e-07,1,4.67867e-08
0.7999999999999999,1e-15,1e-11,25,1.8e-07,1,3.78542e-08
0.7999999999999999,1e-15,1e-11,25,3.6e-07,1,4.6025e-08
0.7999999999999999,1e-15,1e-11,75,1.8e-07,1,3.76108e-08
0.7999999999999999,1e-15,1e-11,75,3.6e-07,1,4.63187e-08
0.7999999999999999,1e-15,1e-11,100,1.8e-07,1,3.82637e-08
0.7999999999999999,1e-15,1e-11,100,3.6e-07,1,4.75482e-08
0.7999999999999999,1e-15,1e-11,125,1.8e-07,1,3.88902e-08
0.7999999999999999,1e-15,1e-11,125,3.6e-07,1,4.8121e-08
0.7999999999999999,1e-15,5e-11,-40,1.8e-07,1,5.70911e-08
0.7999999999999999,1e-15,5e-11,-40,3.6e-07,1,6.37864e-08
0.7999999999999999,1e-15,5e-11,-25,1.8e-07,1,5.83352e-08
0.7999999999999999,1e-15,5e-11,-25,3.6e-07,1,6.36782e-08
0.7999999999999999,1e-15,5e-11,0,1.8e-07,1,5.72311e-08
0.7999999999999999,1e-15,5e-11,0,3.6e-07,1,6.20491e-08
0.7999999999999999,1e-15,5e-11,25,1.8e-07,1,5.6378e-08
0.7999999999999999,1e-15,5e-11,25,3.6e-07,1,6.36271e-08
0.7999999999999999,1e-15,5e-11,75,1.8e-07,1,5.23552e-08
0.7999999999999999,1e-15,5e-11,75,3.6e-07,1,6.07186e-08
0.7999999999999999,1e-15,5e-11,100,1.8e-07,1,5.12592e-08
0.7999999999999999,1e-15,5e-11,100,3.6e-07,1,5.99095e-08
0.7999999999999999,1e-15,5e-11,125,1.8e-07,1,5.04153e-08
0.7999999999999999,1e-15,5e-11,125,3.6e-07,1,5.98008e-08
0.7999999999999999,1e-15,1e-10,-40,1.8e-07,1,5.33775e-08
0.7999999999999999,1e-15,1e-10,-40,3.6e-07,1,6.53947e-08
0.7999999999999999,1e-15,1e-10,-25,1.8e-07,1,5.00947e-08
0.7999999999999999,1e-15,1e-10,-25,3.6e-07,1,6.12123e-08
0.7999999999999999,1e-15,1e-10,0,1.8e-07,1,5.32686e-08
0.7999999999999999,1e-15,1e-10,0,3.6e-07,1,6.23019e-08
0.7999999999999999,1e-15,1e-10,25,1.8e-07,1,5.41981e-08
0.7999999999999999,1e-15,1e-10,25,3.6e-07,1,6.31937e-08
0.7999999999999999,1e-15,1e-10,75,1.8e-07,1,5.94054e-08
0.7999999999999999,1e-15,1e-10,75,3.6e-07,1,7.07372e-08
0.7999999999999999,1e-15,1e-10,100,1.8e-07,1,5.97601e-08
0.7999999999999999,1e-15,1e-10,100,3.6e-07,1,6.78776e-08
0.7999999999999999,1e-15,1e-10,125,1.8e-07,1,5.96223e-08
0.7999999999999999,1e-15,1e-10,125,3.6e-07,1,6.60396e-08
0.7999999999999999,1e-15,2e-10,-40,1.8e-07,1,4.90109e-08
0.7999999999999999,1e-15,2e-10,-40,3.6e-07,1,6.72257e-08
0.7999999999999999,1e-15,2e-10,-25,1.8e-07,1,5.10037e-08
0.7999999999999999,1e-15,2e-10,-25,3.6e-07,1,5.63163e-08
0.7999999999999999,1e-15,2e-10,0,1.8e-07,1,5.13293e-08
0.7999999999999999,1e-15,2e-10,0,3.6e-07,1,5.913e-08
0.7999999999999999,1e-15,2e-10,25,1.8e-07,1,4.91829e-08
0.7999999999999999,1e-15,2e-10,25,3.6e-07,1,6.57154e-08
0.7999999999999999,1e-15,2e-10,75,1.8e-07,1,5.22074e-08
0.7999999999999999,1e-15,2e-10,75,3.6e-07,1,5.98119e-08
0.7999999999999999,1e-15,2e-10,100,1.8e-07,1,5.15377e-08
0.7999999999999999,1e-15,2e-10,100,3.6e-07,1,6.28533e-08
0.7999999999999999,1e-15,2e-10,125,3.6e-07,1,6.59189e-08
0.7999999999999999,1e-15,4e-10,-40,1.8e-07,1,5.00071e-08
0.7999999999999999,1e-15,4e-10,-25,1.8e-07,1,5.49986e-08
0.7999999999999999,1e-15,4e-10,-25,3.6e-07,1,6.31714e-08
0.7999999999999999,1e-15,4e-10,0,1.8e-07,1,6.05513e-08
0.7999999999999999,1e-15,4e-10,0,3.6e-07,1,6.31492e-08
0.7999999999999999,1e-15,4e-10,25,1.8e-07,1,5.97511e-08
0.7999999999999999,1e-15,4e-10,25,3.6e-07,1,5.8115e-08
0.7999999999999999,1e-15,4e-10,75,3.6e-07,1,6.28355e-08
0.7999999999999999,1e-15,4e-10,100,1.8e-07,1,5.02721e-08
0.7999999999999999,1e-15,4e-10,100,3.6e-07,1,6.55531e-08
0.7999999999999999,1e-15,4e-10,125,1.8e-07,1,5.93562e-08
0.7999999999999999,1e-15,4e-10,125,3.6e-07,1,6.8028e-08
0.7999999999999999,5.454545454545455e-15,1e-11,-40,1.8e-07,1,1.11977e-07
0.7999999999999999,5.454545454545455e-15,1e-11,-40,3.6e-07,1,1.21105e-07
0.7999999999999999,5.454545454545455e-15,1e-11,-25,1.8e-07,1,1.12165e-07
0.7999999999999999,5.454545454545455e-15,1e-11,-25,3.6e-07,1,1.2077e-07
0.7999999999999999,5.454545454545455e-15,1e-11,25,1.8e-07,1,1.13084e-07
0.7999999999999999,5.454545454545455e-15,1e-11,25,3.6e-07,1,1.22415e-07
0.7999999999999999,5.454545454545455e-15,1e-11,75,1.8e-07,1,1.11691e-07
0.7999999999999999,5.454545454545455e-15,1e-11,75,3.6e-07,1,1.21273e-07
0.7999999999999999,5.454545454545455e-15,1e-11,100,1.8e-07,1,1.11834e-07
0.7999999999999999,5.454545454545455e-15,1e-11,125,3.6e-07,1,1.2279e-07
0.7999999999999999,5.454545454545455e-15,5e-11,-40,1.8e-07,1,1.4544e-07
0.7999999999999999,5.454545454545455e-15,5e-11,-40,3.6e-07,1,1.44782e-07
0.7999999999999999,5.454545454545455e-15,5e-11,-25,1.8e-07,1,1.3919e-07
0.7999999999999999,5.454545454545455e-15,5e-11,-25,3.6e-07,1,1.50675e-07
0.7999999999999999,5.454545454545455e-15,5e-11,0,1.8e-07,1,1.40094e-07
0.7999999999999999,5.454545454545455e-15,5e-11,0,3.6e-07,1,1.4627e-07
0.7999999999999999,5.454545454545455e-15,5e-11,125,1.8e-07,1,1.2716e-07
0.7999999999999999,5.454545454545455e-15,5e-11,125,3.6e-07,1,1.33197e-07
0.7999999999999999,5.454545454545455e-15,1e-10,-40,1.8e-07,1,1.63943e-07
0.7999999999999999,5.454545454545455e-15,1e-10,-40,3.6e-07,1,1.68907e-07
0.7999999999999999,5.454545454545455e-15,1e-10,-25,1.8e-07,1,1.72183e-07
0.7999999999999999,5.454545454545455e-15,1e-10,0,1.8e-07,1,1.61962e-07
0.7999999999999999,5.454545454545455e-15,1e-10,0,3.6e-07,1,1.67269e-07
0.7999999999999999,5.454545454545455e-15,1e-10,25,1.8e-07,1,1.57508e-07
0.7999999999999999,5.454545454545455e-15,1e-10,75,1.8e-07,1,1.488e-07
0.7999999999999999,5.454545454545455e-15,1e-10,75,3.6e-07,1,1.54523e-07
0.7999999999999999,5.454545454545455e-15,1e-10,100,1.8e-07,1,1.45269e-07
0.7999999999999999,5.454545454545455e-15,1e-10,100,3.6e-07,1,1.52736e-07
0.7999999999999999,5.454545454545455e-15,1e-10,125,3.6e-07,1,1.50104e-07
0.7999999999999999,5.454545454545455e-15,2e-10,-25,1.8e-07,1,2.12699e-07
0.7999999999999999,5.454545454545455e-15,2e-10,-25,3.6e-07,1,2.22403e-07
0.7999999999999999,5.454545454545455e-15,2e-10,0,1.8e-07,1,1.9217e-07
0.7999999999999999,5.454545454545455e-15,2e-10,0,3.6e-07,1,1.97999e-07
0.7999999999999999,5.454545454545455e-15,2e-10,25,1.8e-07,1,1.93125e-07
0.7999999999999999,5.454545454545455e-15,2e-10,25,3.6e-07,1,1.923e-07
0.7999999999999999,5.454545454545455e-15,2e-10,100,1.8e-07,1,1.7496e-07
0.7999999999999999,5.454545454545455e-15,4e-10,25,1.8e-07,1,2.06288e-07
0.7999999999999999,5.454545454545455e-15,4e-10,75,1.8e-07,1,2.02819e-07
0.7999999999999999,5.454545454545455e-15,4e-10,75,3.6e-07,1,2.14254e-07
0.7999999999999999,5.454545454545455e-15,4e-10,100,1.8e-07,1,2.03292e-07
0.7999999999999999,5.454545454545455e-15,4e-10,100,3.6e-07,1,2.07224e-07
0.7999999999999999,5.454545454545455e-15,4e-10,125,1.8e-07,1,2.00664e-07
0.7999999999999999,9.909090909090907e-15,1e-11,-25,3.6e-07,1,1.92454e-07
0.7999999999999999,9.909090909090907e-15,1e-11,0,3.6e-07,1,1.92994e-07
0.7999999999999999,9.909090909090907e-15,1e-11,25,1.8e-07,1,1.85027e-07
0.7999999999999999,9.909090909090907e-15,1e-11,25,3.6e-07,1,1.97061e-07
0.7999999999999999,9.909090909090907e-15,1e-11,75,1.8e-07,1,1.86999e-07
0.7999999999999999,9.909090909090907e-15,1e-11,75,3.6e-07,1,1.94077e-07
0.7999999999999999,9.909090909090907e-15,1e-11,100,1.8e-07,1,1.88076e-07
0.7999999999999999,9.909090909090907e-15,1e-11,125,3.6e-07,1,1.94439e-07
0.7999999999999999,9.909090909090907e-15,5e-11,-25,1.8e-07,1,2.12379e-07
0.7999999999999999,9.909090909090907e-15,5e-11,-25,3.6e-07,1,2.1858e-07
0.7999999999999999,9.909090909090907e-15,5e-11,0,1.8e-07,1,2.09086e-07
0.7999999999999999,9.909090909090907e-15,5e-11,0,3.6e-07,1,2.1905e-07
0.7999999999999999,9.909090909090907e-15,5e-11,25,1.8e-07,1,2.0654e-07
0.7999999999999999,9.909090909090907e-15,1e-10,-40,1.8e-07,1,2.38082e-07
0.7999999999999999,9.909090909090907e-15,1e-10,-40,3.6e-07,1,2.49827e-07
0.7999999999999999,9.909090909090907e-15,1e-10,-25,1.8e-07,1,2.43441e-07
0.7999999999999999,9.909090909090907e-15,1e-10,-25,3.6e-07,1,2.45445e-07
0.7999999999999999,9.909090909090907e-15,1e-10,0,1.8e-07,1,2.35542e-07
0.7999999999999999,9.909090909090907e-15,1e-10,25,3.6e-07,1,2.40371e-07
0.7999999999999999,9.909090909090907e-15,1e-10,125,3.6e-07,1,2.23837e-07
0.7999999999999999,9.909090909090907e-15,2e-10,-40,1.8e-07,1,2.99222e-07
0.7999999999999999,9.909090909090907e-15,2e-10,-40,3.6e-07,1,2.86399e-07
0.7999999999999999,9.909090909090907e-15,2e-10,-25,1.8e-07,1,2.88961e-07
0.7999999999999999,9.909090909090907e-15,2e-10,-25,3.6e-07,1,2.86265e-07
0.7999999999999999,9.909090909090907e-15,2e-10,0,1.8e-07,1,2.77509e-07
0.7999999999999999,9.909090909090907e-15,2e-10,0,3.6e-07,1,2.79602e-07
0.7999999999999999,9.909090909090907e-15,2e-10,25,1.8e-07,1,2.77206e-07
0.7999999999999999,9.909090909090907e-15,2e-10,25,3.6e-07,1,2.77405e-07
0.7999999999999999,9.909090909090907e-15,2e-10,75,1.8e-07,1,2.56809e-07
0.7999999999999999,9.909090909090907e-15,2e-10,75,3.6e-07,1,2.55521e-07
0.7999999999999999,9.909090909090907e-15,2e-10,100,1.8e-07,1,2.48672e-07
0.7999999999999999,9.909090909090907e-15,2e-10,100,3.6e-07,1,2.55211e-07
0.7999999999999999,9.909090909090907e-15,2e-10,125,1.8e-07,1,2.43015e-07
0.7999999999999999,9.909090909090907e-15,2e-10,125,3.6e-07,1,2.53814e-07
0.7999999999999999,9.909090909090907e-15,4e-10,-40,1.8e-07,1,3.47965e-07
0.7999999999999999,9.909090909090907e-15,4e-10,-40,3.6e-07,1,3.5228e-07
0.7999999999999999,9.909090909090907e-15,4e-10,-25,1.8e-07,1,3.4975e-07
0.7999999999999999,9.909090909090907e-15,4e-10,-25,3.6e-07,1,3.59178e-07
0.7999999999999999,9.909090909090907e-15,4e-10,0,1.8e-07,1,3.48643e-07
0.7999999999999999,9.909090909090907e-15,4e-10,0,3.6e-07,1,3.53764e-07
0.7999999999999999,9.909090909090907e-15,4e-10,25,1.8e-07,1,3.39574e-07
0.7999999999999999,9.909090909090907e-15,4e-10,25,3.6e-07,1,3.44845e-07
0.7999999999999999,9.909090909090907e-15,4e-10,75,1.8e-07,1,3.15426e-07
0.7999999999999999,9.909090909090907e-15,4e-10,75,3.6e-07,1,3.15558e-07
0.7999999999999999,9.909090909090907e-15,4e-10,100,1.8e-07,1,3.05533e-07
0.7999999999999999,9.909090909090907e-15,4e-10,100,3.6e-07,1,3.08757e-07
0.7999999999999999,9.909090909090907e-15,4e-10,125,1.8e-07,1,2.93814e-07
0.7999999999999999,9.909090909090907e-15,4e-10,125,3.6e-07,1,2.98774e-07
0.7999999999999999,1.436363636363636e-14,1e-11,-40,1.8e-07,1,2.56184e-07
0.7999999999999999,1.436363636363636e-14,1e-11,-40,3.6e-07,1,2.66113e-07
0.7999999999999999,1.436363636363636e-14,1e-11,-25,1.8e-07,1,2.5948e-07
0.7999999999999999,1.436363636363636e-14,1e-11,-25,3.6e-07,1,2.69112e-07
0.7999999999999999,1.436363636363636e-14,1e-11,0,1.8e-07,1,2.60609e-07
0.7999999999999999,1.436363636363636e-14,1e-11,0,3.6e-07,1,2.68597e-07
0.7999999999999999,1.436363636363636e-14,1e-11,25,1.8e-07,1,2.6008e-07
0.7999999999999999,1.436363636363636e-14,1e-11,25,3.6e-07,1,2.69366e-07
0.7999999999999999,1.436363636363636e-14,1e-11,75,1.8e-07,1,2.59149e-07
0.7999999999999999,1.436363636363636e-14,1e-11,75,3.6e-07,1,2.72021e-07
0.7999999999999999,1.436363636363636e-14,1e-11,100,1.8e-07,1,2.56446e-07
0.7999999999999999,1.436363636363636e-14,1e-11,100,3.6e-07,1,2.67725e-07
0.7999999999999999,1.436363636363636e-14,1e-11,125,1.8e-07,1,2.54865e-07
0.7999999999999999,1.436363636363636e-14,1e-11,125,3.6e-07,1,2.72725e-07
0.7999999999999999,1.436363636363636e-14,5e-11,-40,1.8e-07,1,2.84097e-07
0.7999999999999999,1.436363636363636e-14,5e-11,-40,3.6e-07,1,2.9266e-07
0.7999999999999999,1.436363636363636e-14,5e-11,-25,1.8e-07,1,2.83915e-07
0.7999999999999999,1.436363636363636e-14,5e-11,-25,3.6e-07,1,2.96134e-07
0.7999999999999999,1.436363636363636e-14,5e-11,0,1.8e-07,1,2.79295e-07
0.7999999999999999,1.436363636363636e-14,5e-11,0,3.6e-07,1,2.92143e-07
0.7999999999999999,1.436363636363636e-14,5e-11,25,1.8e-07,1,2.77199e-07
0.7999999999999999,1.436363636363636e-14,5e-11,25,3.6e-07,1,2.8586e-07
0.7999999999999999,1.436363636363636e-14,5e-11,75,1.8e-07,1,2.76992e-07
0.7999999999999999,1.436363636363636e-14,5e-11,75,3.6e-07,1,2.85294e-07
0.7999999999999999,1.436363636363636e-14,5e-11,100,1.8e-07,1,2.72756e-07
0.7999999999999999,1.436363636363636e-14,5e-11,100,3.6e-07,1,2.8286e-07
0.7999999999999999,1.436363636363636e-14,5e-11,125,1.8e-07,1,2.69217e-07
0.7999999999999999,1.436363636363636e-14,5e-11,125,3.6e-07,1,2.80699e-07
0.7999999999999999,1.436363636363636e-14,1e-10,-40,1.8e-07,1,3.22239e-07
0.7999999999999999,1.436363636363636e-14,1e-10,-40,3.6e-07,1,3.29864e-07
0.7999999999999999,1.436363636363636e-14,1e-10,-25,1.8e-07,1,3.19183e-07
0.7999999999999999,1.436363636363636e-14,1e-10,-25,3.6e-07,1,3.16539e-07
0.7999999999999999,1.436363636363636e-14,1e-10,0,1.8e-07,1,3.03441e-07
0.7999999999999999,1.436363636363636e-14,1e-10,0,3.6e-07,1,3.20208e-07
0.7999999999999999,1.436363636363636e-14,1e-10,25,1.8e-07,1,3.06388e-07
0.7999999999999999,1.436363636363636e-14,1e-10,25,3.6e-07,1,3.1367e-07
0.7999999999999999,1.436363636363636e-14,1e-10,75,1.8e-07,1,2.96183e-07
0.7999999999999999,1.436363636363636e-14,1e-10,75,3.6e-07,1,3.04109e-07
0.7999999999999999,1.436363636363636e-14,1e-10,100,1.8e-07,1,2.89311e-07
0.7999999999999999,1.436363636363636e-14,1e-10,100,3.6e-07,1,2.98959e-07
0.7999999999999999,1.436363636363636e-14,1e-10,125,1.8e-07,1,2.83549e-07
0.7999999999999999,1.436363636363636e-14,1e-10,125,3.6e-07,1,2.97044e-07
0.7999999999999999,1.436363636363636e-14,2e-10,-40,1.8e-07,1,3.74143e-07
0.7999999999999999,1.436363636363636e-14,2e-10,-40,3.6e-07,1,3.80191e-07
0.7999999999999999,1.436363636363636e-14,2e-10,-25,1.8e-07,1,3.66405e-07
0.7999999999999999,1.436363636363636e-14,2e-10,-25,3.6e-07,1,3.6989e-07
0.7999999999999999,1.436363636363636e-14,2e-10,0,1.8e-07,1,3.51801e-07
0.7999999999999999,1.436363636363636e-14,2e-10,0,3.6e-07,1,3.64695e-07
0.7999999999999999,1.436363636363636e-14,2e-10,25,1.8e-07,1,3.4967e-07
0.7999999999999999,1.436363636363636e-14,2e-10,25,3.6e-07,1,3.56312e-07
0.7999999999999999,1.436363636363636e-14,2e-10,75,1.8e-07,1,3.3325e-07
0.7999999999999999,1.436363636363636e-14,2e-10,75,3.6e-07,1,3.32986e-07
0.7999999999999999,1.436363636363636e-14,2e-10,100,1.8e-07,1,3.23487e-07
0.7999999999999999,1.436363636363636e-14,2e-10,100,3.6e-07,1,3.32748e-07
0.7999999999999999,1.436363636363636e-14,2e-10,125,1.8e-07,1,3.14087e-07
0.7999999999999999,1.436363636363636e-14,2e-10,125,3.6e-07,1,3.29661e-07
0.7999999999999999,1.436363636363636e-14,4e-10,-40,1.8e-07,1,4.72321e-07
0.7999999999999999,1.436363636363636e-14,4e-10,-40,3.6e-07,1,4.54661e-07
0.7999999999999999,1.436363636363636e-14,4e-10,-25,1.8e-07,1,4.60909e-07
0.7999999999999999,1.436363636363636e-14,4e-10,-25,3.6e-07,1,4.49302e-07
0.7999999999999999,1.436363636363636e-14,4e-10,0,1.8e-07,1,4.43228e-07
0.7999999999999999,1.436363636363636e-14,4e-10,0,3.6e-07,1,4.39603e-07
0.7999999999999999,1.436363636363636e-14,4e-10,25,1.8e-07,1,4.29054e-07
0.7999999999999999,1.436363636363636e-14,4e-10,25,3.6e-07,1,4.29089e-07
0.7999999999999999,1.436363636363636e-14,4e-10,75,1.8e-07,1,3.97858e-07
0.7999999999999999,1.436363636363636e-14,4e-10,75,3.6e-07,1,3.99928e-07
0.7999999999999999,1.436363636363636e-14,4e-10,100,1.8e-07,1,3.82455e-07
0.7999999999999999,1.436363636363636e-14,4e-10,100,3.6e-07,1,3.86443e-07
0.7999999999999999,1.436363636363636e-14,4e-10,125,1.8e-07,1,3.67711e-07
0.7999999999999999,1.436363636363636e-14,4e-10,125,3.6e-07,1,3.75623e-07
0.7999999999999999,1.8818181818181816e-14,1e-11,-40,1.8e-07,1,3.2655e-07
0.7999999999999999,1.8818181818181816e-14,1e-11,-40,3.6e-07,1,3.37531e-07
0.7999999999999999,1.8818181818181816e-14,1e-11,-25,1.8e-07,1,3.29004e-07
0.7999999999999999,1.8818181818181816e-14,1e-11,-25,3.6e-07,1,3.39706e-07
0.7999999999999999,1.8818181818181816e-14,1e-11,0,1.8e-07,1,3.2947e-07
0.7999999999999999,1.8818181818181816e-14,1e-11,0,3.6e-07,1,3.38059e-07
0.7999999999999999,1.8818181818181816e-14,1e-11,25,1.8e-07,1,3.32171e-07
0.7999999999999999,1.8818181818181816e-14,1e-11,25,3.6e-07,1,3.39181e-07
0.7999999999999999,1.8818181818181816e-14,1e-11,75,1.8e-07,1,3.27419e-07
0.7999999999999999,1.8818181818181816e-14,1e-11,75,3.6e-07,1,3.46999e-07
0.7999999999999999,1.8818181818181816e-14,1e-11,100,1.8e-07,1,3.25423e-07
0.7999999999999999,1.8818181818181816e-14,1e-11,100,3.6e-07,1,3.45495e-07
0.7999999999999999,1.8818181818181816e-14,1e-11,125,1.8e-07,1,3.24368e-07
0.7999999999999999,1.8818181818181816e-14,1e-11,125,3.6e-07,1,3.48081e-07
0.7999999999999999,1.8818181818181816e-14,5e-11,-40,1.8e-07,1,3.56848e-07
0.7999999999999999,1.8818181818181816e-14,5e-11,-40,3.6e-07,1,3.63659e-07
0.7999999999999999,1.8818181818181816e-14,5e-11,-25,1.8e-07,1,3.54689e-07
0.7999999999999999,1.8818181818181816e-14,5e-11,-25,3.6e-07,1,3.66044e-07
0.7999999999999999,1.8818181818181816e-14,5e-11,0,1.8e-07,1,3.58081e-07
0.7999999999999999,1.8818181818181816e-14,5e-11,0,3.6e-07,1,3.6392e-07
0.7999999999999999,1.8818181818181816e-14,5e-11,25,1.8e-07,1,3.54765e-07
0.7999999999999999,1.8818181818181816e-14,5e-11,25,3.6e-07,1,3.58634e-07
0.7999999999999999,1.8818181818181816e-14,5e-11,75,3.6e-07,1,3.60668e-07
0.7999999999999999,1.8818181818181816e-14,5e-11,100,1.8e-07,1,3.41529e-07
0.7999999999999999,1.8818181818181816e-14,5e-11,125,1.8e-07,1,3.38525e-07
0.7999999999999999,1.8818181818181816e-14,5e-11,125,3.6e-07,1,3.5869e-07
0.7999999999999999,1.8818181818181816e-14,1e-10,-40,1.8e-07,1,3.94199e-07
0.7999999999999999,1.8818181818181816e-14,1e-10,-25,1.8e-07,1,3.88968e-07
0.7999999999999999,1.8818181818181816e-14,1e-10,0,3.6e-07,1,3.91712e-07
0.7999999999999999,1.8818181818181816e-14,1e-10,25,1.8e-07,1,3.81212e-07
0.7999999999999999,1.8818181818181816e-14,1e-10,25,3.6e-07,1,3.86497e-07
0.7999999999999999,1.8818181818181816e-14,1e-10,75,1.8e-07,1,3.63094e-07
0.7999999999999999,1.8818181818181816e-14,1e-10,75,3.6e-07,1,3.76276e-07
0.7999999999999999,1.8818181818181816e-14,1e-10,100,1.8e-07,1,3.57684e-07
0.7999999999999999,1.8818181818181816e-14,1e-10,100,3.6e-07,1,3.76954e-07
0.7999999999999999,1.8818181818181816e-14,1e-10,125,1.8e-07,1,3.52739e-07
0.7999999999999999,1.8818181818181816e-14,1e-10,125,3.6e-07,1,3.73784e-07
0.7999999999999999,1.8818181818181816e-14,2e-10,-40,1.8e-07,1,4.60584e-07
0.7999999999999999,1.8818181818181816e-14,2e-10,-25,1.8e-07,1,4.48287e-07
0.7999999999999999,1.8818181818181816e-14,2e-10,-25,3.6e-07,1,4.45143e-07
0.7999999999999999,1.8818181818181816e-14,2e-10,0,1.8e-07,1,4.41104e-07
0.7999999999999999,1.8818181818181816e-14,2e-10,25,1.8e-07,1,4.28846e-07
0.7999999999999999,1.8818181818181816e-14,2e-10,25,3.6e-07,1,4.33701e-07
0.7999999999999999,1.8818181818181816e-14,2e-10,75,1.8e-07,1,4.02378e-07
0.7999999999999999,1.8818181818181816e-14,2e-10,75,3.6e-07,1,4.22087e-07
0.7999999999999999,1.8818181818181816e-14,2e-10,100,1.8e-07,1,3.91698e-07
0.7999999999999999,1.8818181818181816e-14,2e-10,100,3.6e-07,1,4.115e-07
0.7999999999999999,1.8818181818181816e-14,4e-10,-25,1.8e-07,1,5.47961e-07
0.7999999999999999,1.8818181818181816e-14,4e-10,0,1.8e-07,1,5.27392e-07
0.7999999999999999,1.8818181818181816e-14,4e-10,25,3.6e-07,1,5.04147e-07
0.7999999999999999,1.8818181818181816e-14,4e-10,100,3.6e-07,1,4.64429e-07
0.7999999999999999,1.8818181818181816e-14,4e-10,125,3.6e-07,1,4.5286e-07
0.7999999999999999,2.3272727272727276e-14,1e-11,-40,3.6e-07,1,4.10041e-07
0.7999999999999999,2.3272727272727276e-14,1e-11,-25,1.8e-07,1,4.02327e-07
0.7999999999999999,2.3272727272727276e-14,1e-11,-25,3.6e-07,1,4.11169e-07
0.7999999999999999,2.3272727272727276e-14,1e-11,0,3.6e-07,1,4.11332e-07
0.7999999999999999,2.3272727272727276e-14,1e-11,25,1.8e-07,1,4.03226e-07
0.7999999999999999,2.3272727272727276e-14,1e-11,25,3.6e-07,1,4.14369e-07
0.7999999999999999,2.3272727272727276e-14,1e-11,75,1.8e-07,1,3.96902e-07
0.7999999999999999,2.3272727272727276e-14,1e-11,100,1.8e-07,1,3.95358e-07
0.7999999999999999,2.3272727272727276e-14,5e-11,-40,1.8e-07,1,4.27251e-07
0.7999999999999999,2.3272727272727276e-14,5e-11,-25,3.6e-07,1,4.39586e-07
0.7999999999999999,2.3272727272727276e-14,5e-11,25,3.6e-07,1,4.39206e-07
0.7999999999999999,2.3272727272727276e-14,5e-11,75,3.6e-07,1,4.36093e-07
0.7999999999999999,2.3272727272727276e-14,5e-11,125,1.8e-07,1,4.08598e-07
0.7999999999999999,2.3272727272727276e-14,1e-10,-40,1.8e-07,1,4.71182e-07
0.7999999999999999,2.3272727272727276e-14,1e-10,25,3.6e-07,1,4.59978e-07
0.7999999999999999,2.3272727272727276e-14,1e-10,75,3.6e-07,1,4.54948e-07
0.7999999999999999,2.3272727272727276e-14,1e-10,100,1.8e-07,1,4.27049e-07
0.7999999999999999,2.3272727272727276e-14,1e-10,125,3.6e-07,1,4.46395e-07
0.7999999999999999,2.3272727272727276e-14,2e-10,-25,3.6e-07,1,5.36683e-07
0.7999999999999999,2.3272727272727276e-14,2e-10,0,1.8e-07,1,5.13321e-07
0.7999999999999999,2.3272727272727276e-14,2e-10,0,3.6e-07,1,5.10799e-07
0.7999999999999999,2.3272727272727276e-14,2e-10,25,1.8e-07,1,5.0261e-07
0.7999999999999999,2.3272727272727276e-14,2e-10,75,1.8e-07,1,4.67499e-07
0.7999999999999999,2.3272727272727276e-14,2e-10,100,1.8e-07,1,4.60552e-07
0.7999999999999999,2.3272727272727276e-14,2e-10,100,3.6e-07,1,4.88518e-07
0.7999999999999999,2.3272727272727276e-14,2e-10,125,1.8e-07,1,4.52254e-07
0.7999999999999999,2.3272727272727276e-14,2e-10,125,3.6e-07,1,4.78732e-07
0.7999999999999999,2.3272727272727276e-14,4e-10,-40,1.8e-07,1,6.41588e-07
0.7999999999999999,2.3272727272727276e-14,4e-10,0,1.8e-07,1,6.06155e-07
0.7999999999999999,2.3272727272727276e-14,4e-10,25,3.6e-07,1,5.78337e-07
0.7999999999999999,2.3272727272727276e-14,4e-10,125,1.8e-07,1,5.08512e-07
0.7999999999999999,2.7727272727272724e-14,1e-11,-40,1.8e-07,1,4.75698e-07
0.7999999999999999,2.7727272727272724e-14,1e-11,-40,3.6e-07,1,4.85614e-07
0.7999999999999999,2.7727272727272724e-14,1e-11,-25,1.8e-07,1,4.81268e-07
0.7999999999999999,2.7727272727272724e-14,1e-11,0,1.8e-07,1,4.76485e-07
0.7999999999999999,2.7727272727272724e-14,1e-11,0,3.6e-07,1,4.87819e-07
0.7999999999999999,2.7727272727272724e-14,1e-11,25,1.8e-07,1,4.71896e-07
0.7999999999999999,2.7727272727272724e-14,1e-11,25,3.6e-07,1,4.95069e-07
0.7999999999999999,2.7727272727272724e-14,1e-11,75,1.8e-07,1,4.66942e-07
0.7999999999999999,2.7727272727272724e-14,1e-11,75,3.6e-07,1,4.93176e-07
0.7999999999999999,2.7727272727272724e-14,1e-11,125,1.8e-07,1,4.65173e-07
0.7999999999999999,2.7727272727272724e-14,5e-11,-40,1.8e-07,1,5.04215e-07
0.7999999999999999,2.7727272727272724e-14,5e-11,-40,3.6e-07,1,5.08883e-07
0.7999999999999999,2.7727272727272724e-14,5e-11,-25,1.8e-07,1,5.04712e-07
0.7999999999999999,2.7727272727272724e-14,5e-11,-25,3.6e-07,1,5.1096e-07
0.7999999999999999,2.7727272727272724e-14,5e-11,25,1.8e-07,1,4.92362e-07
0.7999999999999999,2.7727272727272724e-14,5e-11,75,1.8e-07,1,4.8491e-07
0.7999999999999999,2.7727272727272724e-14,5e-11,100,1.8e-07,1,4.81442e-07
0.7999999999999999,2.7727272727272724e-14,5e-11,125,3.6e-07,1,4.98951e-07
0.7999999999999999,2.7727272727272724e-14,1e-10,-40,3.6e-07,1,5.53829e-07
0.7999999999999999,2.7727272727272724e-14,1e-10,-25,3.6e-07,1,5.41947e-07
0.7999999999999999,2.7727272727272724e-14,1e-10,0,1.8e-07,1,5.34817e-07
0.7999999999999999,2.7727272727272724e-14,1e-10,0,3.6e-07,1,5.41429e-07
0.7999999999999999,2.7727272727272724e-14,1e-10,25,1.8e-07,1,5.21516e-07
0.7999999999999999,2.7727272727272724e-14,1e-10,75,3.6e-07,1,5.28197e-07
0.7999999999999999,2.7727272727272724e-14,1e-10,100,3.6e-07,1,5.21926e-07
0.7999999999999999,2.7727272727272724e-14,2e-10,-40,1.8e-07,1,6.10879e-07
0.7999999999999999,2.7727272727272724e-14,2e-10,-25,1.8e-07,1,6.05703e-07
0.7999999999999999,2.7727272727272724e-14,2e-10,-25,3.6e-07,1,5.87316e-07
0.7999999999999999,2.7727272727272724e-14,2e-10,0,3.6e-07,1,6.00587e-07
0.7999999999999999,2.7727272727272724e-14,4e-10,-40,1.8e-07,1,7.17227e-07
0.7999999999999999,2.7727272727272724e-14,4e-10,-25,1.8e-07,1,7.12511e-07
0.7999999999999999,2.7727272727272724e-14,4e-10,0,3.6e-07,1,6.79381e-07
0.7999999999999999,2.7727272727272724e-14,4e-10,75,1.8e-07,1,6.10028e-07
0.7999999999999999,3.2181818181818185e-14,1e-11,0,1.8e-07,1,5.45169e-07
0.7999999999999999,3.2181818181818185e-14,1e-11,25,1.8e-07,1,5.41488e-07
0.7999999999999999,3.2181818181818185e-14,1e-11,100,1.8e-07,1,5.36394e-07
0.7999999999999999,3.2181818181818185e-14,1e-11,125,1.8e-07,1,5.35913e-07
0.7999999999999999,3.2181818181818185e-14,1e-11,125,3.6e-07,1,5.5524e-07
0.7999999999999999,3.2181818181818185e-14,5e-11,-40,1.8e-07,1,5.82205e-07
0.7999999999999999,3.2181818181818185e-14,5e-11,-25,3.6e-07,1,5.83314e-07
0.7999999999999999,3.2181818181818185e-14,5e-11,0,3.6e-07,1,5.84795e-07
0.7999999999999999,3.2181818181818185e-14,5e-11,75,3.6e-07,1,5.79612e-07
0.7999999999999999,3.2181818181818185e-14,5e-11,125,3.6e-07,1,5.67954e-07
0.7999999999999999,3.2181818181818185e-14,1e-10,-25,1.8e-07,1,6.12768e-07
0.7999999999999999,3.2181818181818185e-14,1e-10,0,1.8e-07,1,6.02585e-07
0.7999999999999999,3.2181818181818185e-14,1e-10,0,3.6e-07,1,6.14831e-07
0.7999999999999999,3.2181818181818185e-14,1e-10,25,1.8e-07,1,5.90362e-07
0.7999999999999999,3.2181818181818185e-14,1e-10,100,3.6e-07,1,5.90114e-07
0.7999999999999999,3.2181818181818185e-14,1e-10,125,3.6e-07,1,5.8338e-07
0.7999999999999999,3.2181818181818185e-14,2e-10,-40,1.8e-07,1,6.78428e-07
0.7999999999999999,3.2181818181818185e-14,2e-10,-40,3.6e-07,1,6.69144e-07
0.7999999999999999,3.2181818181818185e-14,2e-10,0,1.8e-07,1,6.60647e-07
0.7999999999999999,3.2181818181818185e-14,2e-10,25,3.6e-07,1,6.6066e-07
0.7999999999999999,3.2181818181818185e-14,2e-10,75,1.8e-07,1,6.10263e-07
0.7999999999999999,3.2181818181818185e-14,2e-10,75,3.6e-07,1,6.42545e-07
0.7999999999999999,3.2181818181818185e-14,2e-10,100,1.8e-07,1,6.00286e-07
0.7999999999999999,3.2181818181818185e-14,2e-10,100,3.6e-07,1,6.28036e-07
0.7999999999999999,3.2181818181818185e-14,2e-10,125,3.6e-07,1,6.16412e-07
0.7999999999999999,3.2181818181818185e-14,4e-10,-40,1.8e-07,1,7.94012e-07
0.7999999999999999,3.2181818181818185e-14,4e-10,-25,1.8e-07,1,7.81528e-07
0.7999999999999999,3.2181818181818185e-14,4e-10,0,1.8e-07,1,7.5654e-07
0.7999999999999999,3.2181818181818185e-14,4e-10,0,3.6e-07,1,7.66207e-07
0.7999999999999999,3.2181818181818185e-14,4e-10,75,3.6e-07,1,7.10715e-07
0.7999999999999999,3.2181818181818185e-14,4e-10,100,3.6e-07,1,6.88319e-07
0.7999999999999999,3.2181818181818185e-14,4e-10,125,3.6e-07,1,6.72892e-07
0.7999999999999999,3.663636363636364e-14,1e-11,-40,3.6e-07,1,6.2911e-07
0.7999999999999999,3.663636363636364e-14,1e-11,-25,1.8e-07,1,6.18509e-07
0.7999999999999999,3.663636363636364e-14,1e-11,-25,3.6e-07,1,6.29e-07
0.7999999999999999,3.663636363636364e-14,1e-11,0,1.8e-07,1,6.14578e-07
0.7999999999999999,3.663636363636364e-14,1e-11,0,3.6e-07,1,6.32391e-07
0.7999999999999999,3.663636363636364e-14,1e-11,25,1.8e-07,1,6.1166e-07
0.7999999999999999,3.663636363636364e-14,1e-11,100,3.6e-07,1,6.27434e-07
0.7999999999999999,3.663636363636364e-14,5e-11,-25,1.8e-07,1,6.46702e-07
0.7999999999999999,3.663636363636364e-14,5e-11,0,3.6e-07,1,6.58692e-07
0.7999999999999999,3.663636363636364e-14,5e-11,25,3.6e-07,1,6.62516e-07
0.7999999999999999,3.663636363636364e-14,5e-11,75,3.6e-07,1,6.48666e-07
0.7999999999999999,3.663636363636364e-14,1e-10,-40,1.8e-07,1,6.87442e-07
0.7999999999999999,3.663636363636364e-14,1e-10,0,1.8e-07,1,6.71017e-07
0.7999999999999999,3.663636363636364e-14,1e-10,25,3.6e-07,1,6.9245e-07
0.7999999999999999,3.663636363636364e-14,1e-10,75,1.8e-07,1,6.42937e-07
0.7999999999999999,3.663636363636364e-14,1e-10,100,3.6e-07,1,6.58873e-07
0.7999999999999999,3.663636363636364e-14,1e-10,125,1.8e-07,1,6.34573e-07
0.7999999999999999,3.663636363636364e-14,1e-10,125,3.6e-07,1,6.52706e-07
0.7999999999999999,3.663636363636364e-14,2e-10,-40,1.8e-07,1,7.59216e-07
0.7999999999999999,3.663636363636364e-14,2e-10,-40,3.6e-07,1,7.69979e-07
0.7999999999999999,3.663636363636364e-14,2e-10,-25,3.6e-07,1,7.61105e-07
0.7999999999999999,3.663636363636364e-14,2e-10,0,3.6e-07,1,7.47333e-07
0.7999999999999999,3.663636363636364e-14,2e-10,25,3.6e-07,1,7.4149e-07
0.7999999999999999,3.663636363636364e-14,2e-10,75,1.8e-07,1,6.80106e-07
0.7999999999999999,3.663636363636364e-14,2e-10,100,1.8e-07,1,6.70678e-07
0.7999999999999999,3.663636363636364e-14,2e-10,125,1.8e-07,1,6.6323e-07
0.7999999999999999,3.663636363636364e-14,4e-10,25,3.6e-07,1,8.18834e-07
0.7999999999999999,3.663636363636364e-14,4e-10,75,3.6e-07,1,7.79816e-07
0.7999999999999999,3.663636363636364e-14,4e-10,100,1.8e-07,1,7.35742e-07
0.7999999999999999,4.109090909090909e-14,1e-11,-25,3.6e-07,1,6.99993e-07
0.7999999999999999,4.109090909090909e-14,1e-11,25,1.8e-07,1,6.82006e-07
0.7999999999999999,4.109090909090909e-14,1e-11,100,1.8e-07,1,6.78031e-07
0.7999999999999999,4.109090909090909e-14,5e-11,-40,1.8e-07,1,7.19483e-07
0.7999999999999999,4.109090909090909e-14,5e-11,-25,1.8e-07,1,7.14121e-07
0.7999999999999999,4.109090909090909e-14,5e-11,0,3.6e-07,1,7.33202e-07
0.7999999999999999,4.109090909090909e-14,5e-11,75,1.8e-07,1,6.96329e-07
0.7999999999999999,4.109090909090909e-14,5e-11,100,3.6e-07,1,7.10846e-07
0.7999999999999999,4.109090909090909e-14,5e-11,125,3.6e-07,1,7.07401e-07
0.7999999999999999,4.109090909090909e-14,1e-10,-25,1.8e-07,1,7.51629e-07
0.7999999999999999,4.109090909090909e-14,1e-10,-25,3.6e-07,1,7.63984e-07
0.7999999999999999,4.109090909090909e-14,1e-10,25,1.8e-07,1,7.29933e-07
0.7999999999999999,4.109090909090909e-14,1e-10,75,3.6e-07,1,7.36115e-07
0.7999999999999999,4.109090909090909e-14,1e-10,125,1.8e-07,1,7.05401e-07
0.7999999999999999,4.109090909090909e-14,2e-10,-25,3.6e-07,1,8.42657e-07
0.7999999999999999,4.109090909090909e-14,2e-10,0,3.6e-07,1,8.32132e-07
0.7999999999999999,4.109090909090909e-14,2e-10,75,1.8e-07,1,7.47242e-07
0.7999999999999999,4.109090909090909e-14,2e-10,100,1.8e-07,1,7.4125e-07
0.7999999999999999,4.109090909090909e-14,4e-10,-25,3.6e-07,1,9.32767e-07
0.7999999999999999,4.109090909090909e-14,4e-10,0,1.8e-07,1,8.93589e-07
0.7999999999999999,4.109090909090909e-14,4e-10,0,3.6e-07,1,9.10679e-07
0.7999999999999999,4.109090909090909e-14,4e-10,100,1.8e-07,1,8.06006e-07
0.7999999999999999,4.5545454545454544e-14,1e-11,-40,1.8e-07,1,7.59528e-07
0.7999999999999999,4.5545454545454544e-14,1e-11,-40,3.6e-07,1,7.72124e-07
0.7999999999999999,4.5545454545454544e-14,1e-11,-25,1.8e-07,1,7.57879e-07
0.7999999999999999,4.5545454545454544e-14,1e-11,-25,3.6e-07,1,7.75147e-07
0.7999999999999999,4.5545454545454544e-14,1e-11,0,3.6e-07,1,7.82336e-07
0.7999999999999999,4.5545454545454544e-14,1e-11,25,1.8e-07,1,7.52734e-07
0.7999999999999999,4.5545454545454544e-14,1e-11,75,3.6e-07,1,7.7029e-07
0.7999999999999999,4.5545454545454544e-14,5e-11,-40,3.6e-07,1,8.05451e-07
0.7999999999999999,4.5545454545454544e-14,5e-11,25,1.8e-07,1,7.72114e-07
0.7999999999999999,4.5545454545454544e-14,5e-11,25,3.6e-07,1,8.07263e-07
0.7999999999999999,4.5545454545454544e-14,5e-11,75,1.8e-07,1,7.67088e-07
0.7999999999999999,4.5545454545454544e-14,5e-11,75,3.6e-07,1,7.86766e-07
0.7999999999999999,4.5545454545454544e-14,5e-11,125,3.6e-07,1,7.77642e-07
0.7999999999999999,4.5545454545454544e-14,1e-10,-40,3.6e-07,1,8.48849e-07
0.7999999999999999,4.5545454545454544e-14,1e-10,-25,3.6e-07,1,8.29259e-07
0.7999999999999999,4.5545454545454544e-14,1e-10,0,1.8e-07,1,8.09377e-07
0.7999999999999999,4.5545454545454544e-14,1e-10,0,3.6e-07,1,8.3696e-07
0.7999999999999999,4.5545454545454544e-14,1e-10,25,3.6e-07,1,8.32075e-07
0.7999999999999999,4.5545454545454544e-14,1e-10,100,3.6e-07,1,7.97853e-07
0.7999999999999999,4.5545454545454544e-14,2e-10,-40,1.8e-07,1,9.0227e-07
0.7999999999999999,4.5545454545454544e-14,2e-10,-25,3.6e-07,1,9.15567e-07
0.7999999999999999,4.5545454545454544e-14,2e-10,0,1.8e-07,1,8.65008e-07
0.7999999999999999,4.5545454545454544e-14,2e-10,25,1.8e-07,1,8.47055e-07
0.7999999999999999,4.5545454545454544e-14,2e-10,75,1.8e-07,1,8.18014e-07
0.7999999999999999,4.5545454545454544e-14,2e-10,100,3.6e-07,1,8.34729e-07
0.7999999999999999,4.5545454545454544e-14,4e-10,0,1.8e-07,1,9.62955e-07
0.7999999999999999,4.5545454545454544e-14,4e-10,25,1.8e-07,1,9.34447e-07
0.7999999999999999,4.5545454545454544e-14,4e-10,125,1.8e-07,1,8.6297e-07
0.7999999999999999,4.5545454545454544e-14,4e-10,125,3.6e-07,1,8.81928e-07
0.7999999999999999,5e-14,1e-11,0,1.8e-07,1,8.25546e-07
0.7999999999999999,5e-14,1e-11,25,3.6e-07,1,8.5152e-07
0.7999999999999999,5e-14,1e-11,100,3.6e-07,1,8.37292e-07
0.7999999999999999,5e-14,5e-11,-40,3.6e-07,1,8.75713e-07
0.7999999999999999,5e-14,5e-11,0,3.6e-07,1,8.86785e-07
0.7999999999999999,5e-14,5e-11,25,3.6e-07,1,8.75718e-07
0.7999999999999999,5e-14,5e-11,100,1.8e-07,1,8.35337e-07
0.7999999999999999,5e-14,5e-11,125,1.8e-07,1,8.3345e-07
0.7999999999999999,5e-14,1e-10,-40,1.8e-07,1,8.93526e-07
0.7999999999999999,5e-14,1e-10,0,1.8e-07,1,8.79688e-07
0.7999999999999999,5e-14,1e-10,75,1.8e-07,1,8.5534e-07
0.7999999999999999,5e-14,1e-10,125,3.6e-07,1,8.62729e-07
0.7999999999999999,5e-14,2e-10,0,3.6e-07,1,9.70691e-07
0.7999999999999999,5e-14,2e-10,100,3.6e-07,1,9.04406e-07
0.7999999999999999,5e-14,4e-10,25,1.8e-07,1,1.00463e-06
0.7999999999999999,5e-14,4e-10,75,3.6e-07,1,9.86034e-07
0.7999999999999999,5e-14,4e-10,100,3.6e-07,1,9.6689e-07
0.7999999999999999,5e-14,4e-10,125,3.6e-07,1,9.52118e-07
0.8999999999999999,1e-15,1e-11,-40,1.8e-07,1,5.15758e-08
0.8999999999999999,1e-15,1e-11,-25,1.8e-07,1,5.03581e-08
0.8999999999999999,1e-15,1e-11,-25,3.6e-07,1,6.0046e-08
0.8999999999999999,1e-15,1e-11,125,1.8e-07,1,4.94163e-08
0.8999999999999999,1e-15,5e-11,-40,3.6e-07,1,7.74938e-08
0.8999999999999999,1e-15,5e-11,-25,1.8e-07,1,6.60669e-08
0.8999999999999999,1e-15,5e-11,125,1.8e-07,1,6.75319e-08
0.8999999999999999,1e-15,5e-11,125,3.6e-07,1,7.78002e-08
0.8999999999999999,1e-15,1e-10,25,3.6e-07,1,8.06012e-08
0.8999999999999999,1e-15,1e-10,100,1.8e-07,1,7.0664e-08
0.8999999999999999,1e-15,2e-10,-40,1.8e-07,1,7.96935e-08
0.8999999999999999,1e-15,2e-10,-25,3.6e-07,1,8.63983e-08
0.8999999999999999,1e-15,2e-10,0,1.8e-07,1,7.2274e-08
0.8999999999999999,1e-15,2e-10,100,3.6e-07,1,9.13785e-08
0.8999999999999999,1e-15,4e-10,25,3.6e-07,1,9.35343e-08
0.8999999999999999,1e-15,4e-10,100,1.8e-07,1,7.28745e-08
0.8999999999999999,5.454545454545455e-15,1e-11,-25,1.8e-07,1,1.4159e-07
0.8999999999999999,5.454545454545455e-15,1e-11,25,1.8e-07,1,1.44409e-07
0.8999999999999999,5.454545454545455e-15,1e-11,75,1.8e-07,1,1.44323e-07
0.8999999999999999,5.454545454545455e-15,1e-11,100,3.6e-07,1,1.55493e-07
0.8999999999999999,5.454545454545455e-15,5e-11,0,3.6e-07,1,1.83165e-07
0.8999999999999999,5.454545454545455e-15,5e-11,125,3.6e-07,1,1.78355e-07
0.8999999999999999,5.454545454545455e-15,1e-10,-40,3.6e-07,1,2.24977e-07
0.8999999999999999,5.454545454545455e-15,1e-10,-25,1.8e-07,1,2.23078e-07
0.8999999999999999,5.454545454545455e-15,1e-10,25,3.6e-07,1,2.14407e-07
0.8999999999999999,5.454545454545455e-15,1e-10,125,1.8e-07,1,1.88204e-07
0.8999999999999999,5.454545454545455e-15,2e-10,0,3.6e-07,1,2.60152e-07
0.8999999999999999,5.454545454545455e-15,2e-10,75,3.6e-07,1,2.45144e-07
0.8999999999999999,5.454545454545455e-15,2e-10,100,1.8e-07,1,2.3435e-07
0.8999999999999999,5.454545454545455e-15,2e-10,125,1.8e-07,1,2.27669e-07
0.8999999999999999,5.454545454545455e-15,4e-10,-40,3.6e-07,1,2.82006e-07
0.8999999999999999,5.454545454545455e-15,4e-10,-25,3.6e-07,1,2.78771e-07
0.8999999999999999,5.454545454545455e-15,4e-10,75,1.8e-07,1,2.61748e-07
0.8999999999999999,5.454545454545455e-15,4e-10,100,1.8e-07,1,2.64314e-07
0.8999999999999999,9.909090909090907e-15,1e-11,-25,1.8e-07,1,2.36751e-07
0.8999999999999999,9.909090909090907e-15,1e-11,0,1.8e-07,1,2.35646e-07
0.8999999999999999,9.909090909090907e-15,1e-11,25,3.6e-07,1,2.45741e-07
0.8999999999999999,9.909090909090907e-15,1e-11,125,1.8e-07,1,2.38478e-07
0.8999999999999999,9.909090909090907e-15,5e-11,-40,1.8e-07,1,2.79185e-07
0.8999999999999999,9.909090909090907e-15,5e-11,-25,3.6e-07,1,2.76644e-07
0.8999999999999999,9.909090909090907e-15,5e-11,100,3.6e-07,1,2.71193e-07
0.8999999999999999,9.909090909090907e-15,1e-10,-40,3.6e-07,1,3.33886e-07
0.8999999999999999,9.909090909090907e-15,1e-10,-25,3.6e-07,1,3.27704e-07
0.8999999999999999,9.909090909090907e-15,1e-10,25,1.8e-07,1,3.0467e-07
0.8999999999999999,9.909090909090907e-15,1e-10,75,1.8e-07,1,2.95251e-07
0.8999999999999999,9.909090909090907e-15,1e-10,100,3.6e-07,1,2.95646e-07
0.8999999999999999,9.909090909090907e-15,2e-10,-25,3.6e-07,1,3.75477e-07
0.8999999999999999,9.909090909090907e-15,2e-10,0,3.6e-07,1,3.8237e-07
0.8999999999999999,9.909090909090907e-15,2e-10,75,3.6e-07,1,3.49584e-07
0.8999999999999999,9.909090909090907e-15,2e-10,100,3.6e-07,1,3.37315e-07
0.8999999999999999,9.909090909090907e-15,4e-10,-25,3.6e-07,1,4.46976e-07
0.8999999999999999,9.909090909090907e-15,4e-10,125,3.6e-07,1,4.04809e-07
0.8999999999999999,1.436363636363636e-14,1e-11,-25,1.8e-07,1,3.26615e-07
0.8999999999999999,1.436363636363636e-14,1e-11,0,1.8e-07,1,3.2643e-07
0.8999999999999999,1.436363636363636e-14,1e-11,25,3.6e-07,1,3.36903e-07
0.8999999999999999,1.436363636363636e-14,5e-11,-40,1.8e-07,1,3.72272e-07
0.8999999999999999,1.436363636363636e-14,5e-11,-25,1.8e-07,1,3.67941e-07
0.8999999999999999,1.436363636363636e-14,5e-11,0,3.6e-07,1,3.74402e-07
0.8999999999999999,1.436363636363636e-14,5e-11,75,3.6e-07,1,3.64998e-07
0.8999999999999999,1.436363636363636e-14,1e-10,-40,3.6e-07,1,4.25538e-07
0.8999999999999999,1.436363636363636e-14,1e-10,0,1.8e-07,1,4.0774e-07
0.8999999999999999,1.436363636363636e-14,1e-10,25,1.8e-07,1,3.98202e-07
0.8999999999999999,1.436363636363636e-14,1e-10,100,3.6e-07,1,3.93304e-07
0.8999999999999999,1.436363636363636e-14,2e-10,100,1.8e-07,1,4.35138e-07
0.8999999999999999,1.436363636363636e-14,4e-10,-40,3.6e-07,1,6.3555e-07
0.8999999999999999,1.436363636363636e-14,4e-10,-25,3.6e-07,1,6.05514e-07
0.8999999999999999,1.436363636363636e-14,4e-10,25,3.6e-07,1,5.73461e-07
0.8999999999999999,1.436363636363636e-14,4e-10,125,1.8e-07,1,5.09888e-07
0.8999999999999999,1.8818181818181816e-14,1e-11,-40,1.8e-07,1,4.16269e-07
0.8999999999999999,1.8818181818181816e-14,1e-11,0,3.6e-07,1,4.29896e-07
0.8999999999999999,1.8818181818181816e-14,1e-11,25,3.6e-07,1,4.34685e-07
0.8999999999999999,1.8818181818181816e-14,1e-11,75,1.8e-07,1,4.22707e-07
0.8999999999999999,1.8818181818181816e-14,1e-11,125,1.8e-07,1,4.15788e-07
0.8999999999999999,1.8818181818181816e-14,5e-11,-40,3.6e-07,1,4.7754e-07
0.8999999999999999,1.8818181818181816e-14,5e-11,25,1.8e-07,1,4.54747e-07
0.8999999999999999,1.8818181818181816e-14,5e-11,75,3.6e-07,1,4.59258e-07
0.8999999999999999,1.8818181818181816e-14,1e-10,-40,3.6e-07,1,5.21484e-07
0.8999999999999999,1.8818181818181816e-14,1e-10,-25,3.6e-07,1,5.15251e-07
0.8999999999999999,1.8818181818181816e-14,1e-10,25,1.8e-07,1,4.8898e-07
0.8999999999999999,1.8818181818181816e-14,1e-10,75,3.6e-07,1,4.93454e-07
0.8999999999999999,1.8818181818181816e-14,4e-10,-40,1.8e-07,1,7.61186e-07
0.8999999999999999,1.8818181818181816e-14,4e-10,-25,1.8e-07,1,7.52175e-07
0.8999999999999999,1.8818181818181816e-14,4e-10,-25,3.6e-07,1,7.31174e-07
0.8999999999999999,1.8818181818181816e-14,4e-10,0,3.6e-07,1,6.93092e-07
0.8999999999999999,1.8818181818181816e-14,4e-10,25,3.6e-07,1,6.79263e-07
0.8999999999999999,1.8818181818181816e-14,4e-10,75,3.6e-07,1,6.47356e-07
0.8999999999999999,1.8818181818181816e-14,4e-10,100,3.6e-07,1,6.30977e-07
0.8999999999999999,2.3272727272727276e-14,1e-11,-25,1.8e-07,1,5.09722e-07
0.8999999999999999,2.3272727272727276e-14,1e-11,0,3.6e-07,1,5.21474e-07
0.8999999999999999,2.3272727272727276e-14,1e-11,25,3.6e-07,1,5.22939e-07
0.8999999999999999,2.3272727272727276e-14,1e-11,75,1.8e-07,1,5.08975e-07
0.8999999999999999,2.3272727272727276e-14,1e-11,125,3.6e-07,1,5.38503e-07
0.8999999999999999,2.3272727272727276e-14,5e-11,0,3.6e-07,1,5.59797e-07
0.8999999999999999,2.3272727272727276e-14,5e-11,125,1.8e-07,1,5.26609e-07
0.8999999999999999,2.3272727272727276e-14,1e-10,-40,3.6e-07,1,6.12916e-07
0.8999999999999999,2.3272727272727276e-14,1e-10,0,1.8e-07,1,5.97266e-07
0.8999999999999999,2.3272727272727276e-14,1e-10,100,1.8e-07,1,5.58288e-07
0.8999999999999999,2.3272727272727276e-14,2e-10,-40,3.6e-07,1,7.05858e-07
0.8999999999999999,2.3272727272727276e-14,2e-10,0,1.8e-07,1,6.76863e-07
0.8999999999999999,2.3272727272727276e-14,4e-10,-40,3.6e-07,1,8.56176e-07
0.8999999999999999,2.3272727272727276e-14,4e-10,75,1.8e-07,1,7.40969e-07
0.8999999999999999,2.7727272727272724e-14,1e-11,-25,1.8e-07,1,6.0243e-07
0.8999999999999999,2.7727272727272724e-14,1e-11,75,1.8e-07,1,5.9665e-07
0.8999999999999999,2.7727272727272724e-14,1e-11,100,3.6e-07,1,6.30267e-07
0.8999999999999999,2.7727272727272724e-14,5e-11,-40,1.8e-07,1,6.48515e-07
0.8999999999999999,2.7727272727272724e-14,5e-11,-25,1.8e-07,1,6.44389e-07
0.8999999999999999,2.7727272727272724e-14,5e-11,0,1.8e-07,1,6.44503e-07
0.8999999999999999,2.7727272727272724e-14,5e-11,100,1.8e-07,1,6.19455e-07
0.8999999999999999,2.7727272727272724e-14,1e-10,0,3.6e-07,1,7.03108e-07
0.8999999999999999,2.7727272727272724e-14,1e-10,75,1.8e-07,1,6.55847e-07
0.8999999999999999,2.7727272727272724e-14,1e-10,100,3.6e-07,1,6.82616e-07
0.8999999999999999,2.7727272727272724e-14,1e-10,125,3.6e-07,1,6.7528e-07
0.8999999999999999,2.7727272727272724e-14,2e-10,25,1.8e-07,1,7.56566e-07
0.8999999999999999,2.7727272727272724e-14,2e-10,100,1.8e-07,1,7.03149e-07
0.8999999999999999,2.7727272727272724e-14,2e-10,125,1.8e-07,1,6.89539e-07
0.8999999999999999,2.7727272727272724e-14,4e-10,-40,3.6e-07,1,9.4052e-07
0.8999999999999999,2.7727272727272724e-14,4e-10,-25,3.6e-07,1,9.42e-07
0.8999999999999999,2.7727272727272724e-14,4e-10,25,1.8e-07,1,9.0495e-07
0.8999999999999999,2.7727272727272724e-14,4e-10,75,1.8e-07,1,8.31406e-07
0.8999999999999999,2.7727272727272724e-14,4e-10,125,1.8e-07,1,7.81074e-07
0.8999999999999999,2.7727272727272724e-14,4e-10,125,3.6e-07,1,8.13366e-07
0.8999999999999999,3.2181818181818185e-14,1e-11,-25,1.8e-07,1,7.00362e-07
0.8999999999999999,3.2181818181818185e-14,1e-11,25,3.6e-07,1,7.14092e-07
0.8999999999999999,3.2181818181818185e-14,1e-11,125,3.6e-07,1,7.13406e-07
0.8999999999999999,3.2181818181818185e-14,5e-11,-40,3.6e-07,1,7.49323e-07
0.8999999999999999,3.2181818181818185e-14,5e-11,-25,1.8e-07,1,7.42007e-07
0.8999999999999999,3.2181818181818185e-14,5e-11,0,1.8e-07,1,7.35703e-07
0.8999999999999999,3.2181818181818185e-14,1e-10,-40,3.6e-07,1,7.98767e-07
0.8999999999999999,3.2181818181818185e-14,1e-10,-25,3.6e-07,1,8.06983e-07
0.8999999999999999,3.2181818181818185e-14,1e-10,0,3.6e-07,1,7.95129e-07
0.8999999999999999,3.2181818181818185e-14,1e-10,25,3.6e-07,1,7.83575e-07
0.8999999999999999,3.2181818181818185e-14,2e-10,-40,1.8e-07,1,8.94074e-07
0.8999999999999999,3.2181818181818185e-14,2e-10,0,1.8e-07,1,8.70194e-07
0.8999999999999999,3.2181818181818185e-14,2e-10,25,1.8e-07,1,8.56139e-07
0.8999999999999999,3.2181818181818185e-14,2e-10,100,1.8e-07,1,7.88971e-07
0.8999999999999999,3.2181818181818185e-14,4e-10,-40,1.8e-07,1,1.0868e-06
0.8999999999999999,3.2181818181818185e-14,4e-10,0,1.8e-07,1,1.03327e-06
0.8999999999999999,3.2181818181818185e-14,4e-10,25,1.8e-07,1,9.93812e-07
0.8999999999999999,3.2181818181818185e-14,4e-10,100,1.8e-07,1,8.92345e-07
0.8999999999999999,3.663636363636364e-14,1e-11,-25,1.8e-07,1,7.90499e-07
0.8999999999999999,3.663636363636364e-14,1e-11,0,1.8e-07,1,7.87182e-07
0.8999999999999999,3.663636363636364e-14,1e-11,125,1.8e-07,1,7.71381e-07
0.8999999999999999,3.663636363636364e-14,5e-11,-40,1.8e-07,1,8.31076e-07
0.8999999999999999,3.663636363636364e-14,5e-11,0,1.8e-07,1,8.2621e-07
0.8999999999999999,3.663636363636364e-14,5e-11,100,3.6e-07,1,8.29104e-07
0.8999999999999999,3.663636363636364e-14,1e-10,-40,3.6e-07,1,8.78542e-07
0.8999999999999999,3.663636363636364e-14,1e-10,-25,3.6e-07,1,8.9369e-07
0.8999999999999999,3.663636363636364e-14,1e-10,75,1.8e-07,1,8.29788e-07
0.8999999999999999,3.663636363636364e-14,1e-10,125,3.6e-07,1,8.48908e-07
0.8999999999999999,3.663636363636364e-14,2e-10,0,1.8e-07,1,9.63821e-07
0.8999999999999999,3.663636363636364e-14,4e-10,-40,1.8e-07,1,1.1866e-06
0.8999999999999999,3.663636363636364e-14,4e-10,-25,1.8e-07,1,1.16205e-06
0.8999999999999999,3.663636363636364e-14,4e-10,25,1.8e-07,1,1.08321e-06
0.8999999999999999,4.109090909090909e-14,1e-11,-25,1.8e-07,1,8.79387e-07
0.8999999999999999,4.109090909090909e-14,1e-11,25,1.8e-07,1,8.69141e-07
0.8999999999999999,4.109090909090909e-14,1e-11,75,1.8e-07,1,8.63116e-07
0.8999999999999999,4.109090909090909e-14,1e-11,100,1.8e-07,1,8.61678e-07
0.8999999999999999,4.109090909090909e-14,2e-10,125,1.8e-07,1,9.5617e-07
0.8999999999999999,4.109090909090909e-14,2e-10,125,3.6e-07,1,9.87627e-07
0.8999999999999999,4.109090909090909e-14,4e-10,-40,1.8e-07,1,1.26942e-06
0.8999999999999999,4.109090909090909e-14,4e-10,0,1.8e-07,1,1.22359e-06
0.8999999999999999,4.109090909090909e-14,4e-10,25,3.6e-07,1,1.2049e-06
0.8999999999999999,4.109090909090909e-14,4e-10,100,3.6e-07,1,1.10412e-06
0.8999999999999999,4.109090909090909e-14,4e-10,125,3.6e-07,1,1.07993e-06
0.8999999999999999,4.5545454545454544e-14,1e-11,0,1.8e-07,1,9.62022e-07
0.8999999999999999,4.5545454545454544e-14,5e-11,-25,3.6e-07,1,1.02673e-06
0.8999999999999999,4.5545454545454544e-14,5e-11,25,3.6e-07,1,1.03426e-06
0.8999999999999999,4.5545454545454544e-14,5e-11,125,3.6e-07,1,9.96879e-07
0.8999999999999999,4.5545454545454544e-14,1e-10,-25,1.8e-07,1,1.06742e-06
0.8999999999999999,4.5545454545454544e-14,1e-10,25,1.8e-07,1,1.03271e-06
0.8999999999999999,4.5545454545454544e-14,1e-10,75,3.6e-07,1,1.04953e-06
0.8999999999999999,4.5545454545454544e-14,2e-10,-40,1.8e-07,1,1.1719e-06
0.8999999999999999,4.5545454545454544e-14,2e-10,125,3.6e-07,1,1.076e-06
0.8999999999999999,4.5545454545454544e-14,4e-10,-40,3.6e-07,1,1.36592e-06
0.8999999999999999,4.5545454545454544e-14,4e-10,25,1.8e-07,1,1.26213e-06
0.8999999999999999,4.5545454545454544e-14,4e-10,75,1.8e-07,1,1.18677e-06
0.8999999999999999,4.5545454545454544e-14,4e-10,125,1.8e-07,1,1.13897e-06
0.8999999999999999,5e-14,1e-11,-25,1.8e-07,1,1.05498e-06
0.8999999999999999,5e-14,1e-11,0,1.8e-07,1,1.05051e-06
0.8999999999999999,5e-14,1e-11,25,1.8e-07,1,1.04685e-06
0.8999999999999999,5e-14,1e-11,75,1.8e-07,1,1.04212e-06
0.8999999999999999,5e-14,5e-11,25,1.8e-07,1,1.07951e-06
0.8999999999999999,5e-14,5e-11,100,1.8e-07,1,1.06568e-06
0.8999999999999999,5e-14,1e-10,-40,3.6e-07,1,1.18394e-06
0.8999999999999999,5e-14,1e-10,0,1.8e-07,1,1.13608e-06
0.8999999999999999,5e-14,1e-10,25,1.8e-07,1,1.12113e-06
0.8999999999999999,5e-14,1e-10,75,1.8e-07,1,1.0974e-06
0.8999999999999999,5e-14,1e-10,100,1.8e-07,1,1.09126e-06
0.8999999999999999,5e-14,1e-10,125,1.8e-07,1,1.08549e-06
0.8999999999999999,5e-14,2e-10,-40,1.8e-07,1,1.26056e-06
0.8999999999999999,5e-14,2e-10,-25,3.6e-07,1,1.26779e-06
0.8999999999999999,5e-14,2e-10,0,3.6e-07,1,1.23571e-06
0.8999999999999999,5e-14,2e-10,25,3.6e-07,1,1.25502e-06
0.8999999999999999,5e-14,2e-10,125,1.8e-07,1,1.13525e-06
0.8999999999999999,5e-14,4e-10,-25,3.6e-07,1,1.45615e-06
0.8999999999999999,5e-14,4e-10,25,1.8e-07,1,1.34889e-06
0.8999999999999999,5e-14,4e-10,100,3.6e-07,1,1.28004e-06
0.8999999999999999,5e-14,4e-10,125,3.6e-07,1,1.25599e-06
1.0,1e-15,1e-11,-40,1.8e-07,1,6.38507e-08
1.0,1e-15,1e-11,-25,3.6e-07,1,7.38904e-08
1.0,1e-15,1e-11,0,3.6e-07,1,7.25034e-08
1.0,1e-15,1e-11,100,3.6e-07,1,7.56733e-08
1.0,1e-15,1e-11,125,3.6e-07,1,7.883e-08
1.0,1e-15,5e-11,-40,3.6e-07,1,1.09191e-07
1.0,1e-15,5e-11,0,1.8e-07,1,8.08671e-08
1.0,1e-15,5e-11,25,1.8e-07,1,8.1489e-08
1.0,1e-15,5e-11,25,3.6e-07,1,1.00087e-07
1.0,1e-15,5e-11,125,3.6e-07,1,9.69191e-08
1.0,1e-15,1e-10,-25,3.6e-07,1,1.11362e-07
1.0,1e-15,1e-10,0,3.6e-07,1,1.03615e-07
1.0,1e-15,1e-10,25,1.8e-07,1,7.70801e-08
1.0,1e-15,1e-10,75,1.8e-07,1,8.5985e-08
1.0,1e-15,1e-10,100,3.6e-07,1,1.11875e-07
1.0,1e-15,1e-10,125,1.8e-07,1,8.84656e-08
1.0,1e-15,2e-10,-25,1.8e-07,1,8.83169e-08
1.0,1e-15,2e-10,100,3.6e-07,1,1.12911e-07
1.0,1e-15,2e-10,125,1.8e-07,1,9.60026e-08
1.0,1e-15,4e-10,-40,1.8e-07,1,1.39235e-07
1.0,1e-15,4e-10,25,1.8e-07,1,1.21626e-07
1.0,5.454545454545455e-15,1e-11,-40,1.8e-07,1,1.76325e-07
1.0,5.454545454545455e-15,1e-11,125,1.8e-07,1,1.79904e-07
1.0,5.454545454545455e-15,5e-11,0,1.8e-07,1,2.27149e-07
1.0,5.454545454545455e-15,5e-11,125,1.8e-07,1,2.12332e-07
1.0,5.454545454545455e-15,1e-10,75,1.8e-07,1,2.56692e-07
1.0,5.454545454545455e-15,1e-10,125,1.8e-07,1,2.43767e-07
1.0,5.454545454545455e-15,1e-10,125,3.6e-07,1,2.53196e-07
1.0,5.454545454545455e-15,2e-10,-25,3.6e-07,1,3.29658e-07
1.0,5.454545454545455e-15,2e-10,75,1.8e-07,1,3.13757e-07
1.0,5.454545454545455e-15,4e-10,-40,3.6e-07,1,3.92978e-07
1.0,5.454545454545455e-15,4e-10,0,3.6e-07,1,3.76914e-07
1.0,5.454545454545455e-15,4e-10,75,1.8e-07,1,3.2351e-07
1.0,5.454545454545455e-15,4e-10,100,3.6e-07,1,3.32183e-07
1.0,9.909090909090907e-15,1e-11,-25,1.8e-07,1,2.92902e-07
1.0,9.909090909090907e-15,1e-11,0,1.8e-07,1,2.90356e-07
1.0,9.909090909090907e-15,1e-11,75,1.8e-07,1,2.94558e-07
1.0,9.909090909090907e-15,1e-11,100,3.6e-07,1,3.10626e-07
1.0,9.909090909090907e-15,5e-11,-40,1.8e-07,1,3.50515e-07
1.0,9.909090909090907e-15,5e-11,-25,1.8e-07,1,3.48801e-07
1.0,9.909090909090907e-15,5e-11,25,3.6e-07,1,3.52157e-07
1.0,9.909090909090907e-15,5e-11,100,1.8e-07,1,3.29027e-07
1.0,9.909090909090907e-15,5e-11,125,1.8e-07,1,3.26512e-07
1.0,9.909090909090907e-15,1e-10,-40,3.6e-07,1,4.17187e-07
1.0,9.909090909090907e-15,1e-10,-25,3.6e-07,1,4.10443e-07
1.0,9.909090909090907e-15,2e-10,-25,1.8e-07,1,5.21276e-07
1.0,9.909090909090907e-15,2e-10,0,3.6e-07,1,4.99862e-07
1.0,9.909090909090907e-15,2e-10,25,3.6e-07,1,4.72767e-07
1.0,9.909090909090907e-15,4e-10,25,3.6e-07,1,5.75157e-07
1.0,1.436363636363636e-14,1e-11,-25,1.8e-07,1,4.01762e-07
1.0,1.436363636363636e-14,1e-11,0,3.6e-07,1,4.1679e-07
1.0,1.436363636363636e-14,1e-11,75,1.8e-07,1,4.07842e-07
1.0,1.436363636363636e-14,5e-11,100,1.8e-07,1,4.44798e-07
1.0,1.436363636363636e-14,1e-10,-40,1.8e-07,1,5.46377e-07
1.0,1.436363636363636e-14,1e-10,0,1.8e-07,1,5.29318e-07
1.0,1.436363636363636e-14,1e-10,25,1.8e-07,1,5.14562e-07
1.0,1.436363636363636e-14,1e-10,100,1.8e-07,1,4.88324e-07
1.0,1.436363636363636e-14,1e-10,125,1.8e-07,1,4.80615e-07
1.0,1.436363636363636e-14,2e-10,-40,1.8e-07,1,6.6532e-07
1.0,1.436363636363636e-14,2e-10,-25,1.8e-07,1,6.59844e-07
1.0,1.436363636363636e-14,2e-10,-25,3.6e-07,1,6.32387e-07
1.0,1.436363636363636e-14,2e-10,0,3.6e-07,1,6.22019e-07
1.0,1.436363636363636e-14,2e-10,25,3.6e-07,1,6.00963e-07
1.0,1.436363636363636e-14,2e-10,75,3.6e-07,1,5.79445e-07
1.0,1.436363636363636e-14,4e-10,-40,1.8e-07,1,8.12363e-07
1.0,1.436363636363636e-14,4e-10,0,1.8e-07,1,7.60681e-07
1.0,1.8818181818181816e-14,1e-11,-40,3.6e-07,1,5.33541e-07
1.0,1.8818181818181816e-14,1e-11,-25,1.8e-07,1,5.20345e-07
1.0,1.8818181818181816e-14,1e-11,25,1.8e-07,1,5.24945e-07
1.0,1.8818181818181816e-14,1e-11,100,1.8e-07,1,5.24823e-07
1.0,1.8818181818181816e-14,5e-11,75,1.8e-07,1,5.6885e-07
1.0,1.8818181818181816e-14,1e-10,-40,3.6e-07,1,6.60913e-07
1.0,1.8818181818181816e-14,1e-10,-25,3.6e-07,1,6.63461e-07
1.0,1.8818181818181816e-14,1e-10,0,3.6e-07,1,6.52868e-07
1.0,1.8818181818181816e-14,2e-10,-40,1.8e-07,1,7.96903e-07
1.0,1.8818181818181816e-14,2e-10,-25,1.8e-07,1,7.77137e-07
1.0,1.8818181818181816e-14,2e-10,25,3.6e-07,1,7.37043e-07
1.0,1.8818181818181816e-14,4e-10,-25,1.8e-07,1,9.67331e-07
1.0,1.8818181818181816e-14,4e-10,0,3.6e-07,1,9.17537e-07
1.0,1.8818181818181816e-14,4e-10,75,1.8e-07,1,8.51336e-07
1.0,1.8818181818181816e-14,4e-10,125,3.6e-07,1,7.84696e-07
1.0,2.3272727272727276e-14,1e-11,25,3.6e-07,1,6.51032e-07
1.0,2.3272727272727276e-14,1e-11,100,1.8e-07,1,6.31496e-07
1.0,2.3272727272727276e-14,5e-11,-40,3.6e-07,1,7.06462e-07
1.0,2.3272727272727276e-14,5e-11,-25,3.6e-07,1,7.05282e-07
1.0,2.3272727272727276e-14,5e-11,0,3.6e-07,1,7.04939e-07
1.0,2.3272727272727276e-14,1e-10,-40,3.6e-07,1,7.79276e-07
1.0,2.3272727272727276e-14,1e-10,0,1.8e-07,1,7.54152e-07
1.0,2.3272727272727276e-14,1e-10,25,1.8e-07,1,7.46583e-07
1.0,2.3272727272727276e-14,1e-10,125,1.8e-07,1,6.99251e-07
1.0,2.3272727272727276e-14,2e-10,-25,1.8e-07,1,8.92743e-07
1.0,2.3272727272727276e-14,2e-10,0,1.8e-07,1,8.89948e-07
1.0,2.3272727272727276e-14,2e-10,25,1.8e-07,1,8.60952e-07
1.0,2.3272727272727276e-14,2e-10,125,1.8e-07,1,7.70591e-07
1.0,2.3272727272727276e-14,4e-10,-40,3.6e-07,1,1.1414e-06
1.0,2.7727272727272724e-14,1e-11,-40,3.6e-07,1,7.55794e-07
1.0,2.7727272727272724e-14,1e-11,-25,1.8e-07,1,7.41119e-07
1.0,2.7727272727272724e-14,1e-11,0,3.6e-07,1,7.60112e-07
1.0,2.7727272727272724e-14,5e-11,-25,1.8e-07,1,8.09874e-07
1.0,2.7727272727272724e-14,5e-11,125,3.6e-07,1,8.12556e-07
1.0,2.7727272727272724e-14,1e-10,-40,1.8e-07,1,8.80166e-07
1.0,2.7727272727272724e-14,1e-10,-25,1.8e-07,1,8.82222e-07
1.0,2.7727272727272724e-14,1e-10,125,1.8e-07,1,8.07436e-07
1.0,2.7727272727272724e-14,2e-10,-40,1.8e-07,1,1.03024e-06
1.0,2.7727272727272724e-14,2e-10,25,1.8e-07,1,9.70248e-07
1.0,2.7727272727272724e-14,2e-10,25,3.6e-07,1,9.82645e-07
1.0,2.7727272727272724e-14,2e-10,75,1.8e-07,1,9.24244e-07
1.0,2.7727272727272724e-14,4e-10,-25,1.8e-07,1,1.25907e-06
1.0,3.2181818181818185e-14,1e-11,-25,3.6e-07,1,8.72971e-07
1.0,3.2181818181818185e-14,1e-11,0,1.8e-07,1,8.63446e-07
1.0,3.2181818181818185e-14,1e-11,75,1.8e-07,1,8.52279e-07
1.0,3.2181818181818185e-14,1e-11,125,1.8e-07,1,8.46703e-07
1.0,3.2181818181818185e-14,5e-11,-25,3.6e-07,1,9.40036e-07
1.0,3.2181818181818185e-14,5e-11,0,3.6e-07,1,9.32108e-07
1.0,3.2181818181818185e-14,1e-10,-25,1.8e-07,1,1.00174e-06
1.0,3.2181818181818185e-14,1e-10,0,1.8e-07,1,9.91802e-07
1.0,3.2181818181818185e-14,2e-10,0,1.8e-07,1,1.1116e-06
1.0,3.2181818181818185e-14,2e-10,125,1.8e-07,1,9.895e-07
1.0,3.2181818181818185e-14,4e-10,-25,3.6e-07,1,1.36072e-06
1.0,3.2181818181818185e-14,4e-10,0,3.6e-07,1,1.32515e-06
1.0,3.2181818181818185e-14,4e-10,25,3.6e-07,1,1.2849e-06
1.0,3.2181818181818185e-14,4e-10,125,1.8e-07,1,1.12952e-06
1.0,3.663636363636364e-14,1e-11,-40,3.6e-07,1,9.85323e-07
1.0,3.663636363636364e-14,1e-11,0,3.6e-07,1,9.95874e-07
1.0,3.663636363636364e-14,5e-11,-40,3.6e-07,1,1.05102e-06
1.0,3.663636363636364e-14,5e-11,0,3.6e-07,1,1.05881e-06
1.0,3.663636363636364e-14,5e-11,100,1.8e-07,1,9.92758e-07
1.0,3.663636363636364e-14,5e-11,125,1.8e-07,1,9.89378e-07
1.0,3.663636363636364e-14,1e-10,25,3.6e-07,1,1.10942e-06
1.0,3.663636363636364e-14,1e-10,125,1.8e-07,1,1.02626e-06
1.0,3.663636363636364e-14,2e-10,-25,3.6e-07,1,1.26279e-06
1.0,3.663636363636364e-14,2e-10,25,1.8e-07,1,1.20226e-06
1.0,3.663636363636364e-14,2e-10,75,3.6e-07,1,1.18221e-06
1.0,3.663636363636364e-14,4e-10,0,1.8e-07,1,1.46257e-06
1.0,3.663636363636364e-14,4e-10,0,3.6e-07,1,1.44313e-06
1.0,3.663636363636364e-14,4e-10,25,1.8e-07,1,1.41553e-06
1.0,4.109090909090909e-14,1e-11,-40,3.6e-07,1,1.09648e-06
1.0,4.109090909090909e-14,1e-11,0,3.6e-07,1,1.11722e-06
1.0,4.109090909090909e-14,1e-11,75,1.8e-07,1,1.07084e-06
1.0,4.109090909090909e-14,1e-11,100,1.8e-07,1,1.06821e-06
1.0,4.109090909090909e-14,1e-11,125,3.6e-07,1,1.10776e-06
1.0,4.109090909090909e-14,5e-11,-25,1.8e-07,1,1.15285e-06
1.0,4.109090909090909e-14,5e-11,-25,3.6e-07,1,1.16918e-06
1.0,4.109090909090909e-14,5e-11,25,3.6e-07,1,1.16232e-06
1.0,4.109090909090909e-14,5e-11,75,3.6e-07,1,1.16682e-06
1.0,4.109090909090909e-14,5e-11,125,1.8e-07,1,1.09955e-06
1.0,4.109090909090909e-14,1e-10,25,3.6e-07,1,1.24436e-06
1.0,4.109090909090909e-14,2e-10,-40,3.6e-07,1,1.39353e-06
1.0,4.109090909090909e-14,2e-10,0,3.6e-07,1,1.35681e-06
1.0,4.109090909090909e-14,4e-10,-40,3.6e-07,1,1.60244e-06
1.0,4.109090909090909e-14,4e-10,-25,3.6e-07,1,1.57804e-06
1.0,4.109090909090909e-14,4e-10,25,1.8e-07,1,1.52911e-06
1.0,4.109090909090909e-14,4e-10,125,3.6e-07,1,1.40419e-06
1.0,4.5545454545454544e-14,1e-11,0,3.6e-07,1,1.22731e-06
1.0,4.5545454545454544e-14,1e-11,25,3.6e-07,1,1.22723e-06
1.0,4.5545454545454544e-14,1e-11,100,1.8e-07,1,1.17866e-06
1.0,4.5545454545454544e-14,5e-11,0,1.8e-07,1,1.25609e-06
1.0,4.5545454545454544e-14,5e-11,0,3.6e-07,1,1.27345e-06
1.0,4.5545454545454544e-14,1e-10,0,3.6e-07,1,1.33545e-06
1.0,4.5545454545454544e-14,1e-10,25,3.6e-07,1,1.33711e-06
1.0,4.5545454545454544e-14,1e-10,100,3.6e-07,1,1.30477e-06
1.0,4.5545454545454544e-14,2e-10,-25,1.8e-07,1,1.48726e-06
1.0,4.5545454545454544e-14,2e-10,0,1.8e-07,1,1.45606e-06
1.0,4.5545454545454544e-14,2e-10,100,1.8e-07,1,1.33918e-06
1.0,4.5545454545454544e-14,2e-10,125,3.6e-07,1,1.36324e-06
1.0,4.5545454545454544e-14,4e-10,0,3.6e-07,1,1.68888e-06
1.0,4.5545454545454544e-14,4e-10,125,3.6e-07,1,1.50579e-06
1.0,5e-14,1e-11,-40,3.6e-07,1,1.32267e-06
1.0,5e-14,1e-11,75,1.8e-07,1,1.29112e-06
1.0,5e-14,1e-11,125,3.6e-07,1,1.32404e-06
1.0,5e-14,5e-11,-25,1.8e-07,1,1.37739e-06
1.0,5e-14,5e-11,0,3.6e-07,1,1.38863e-06
1.0,5e-14,5e-11,25,3.6e-07,1,1.38886e-06
1.0,5e-14,5e-11,75,3.6e-07,1,1.38305e-06
1.0,5e-14,1e-10,25,3.6e-07,1,1.45486e-06
1.0,5e-14,1e-10,75,1.8e-07,1,1.37973e-06
1.0,5e-14,1e-10,100,3.6e-07,1,1.41215e-06
1.0,5e-14,1e-10,125,3.6e-07,1,1.39662e-06
1.0,5e-14,2e-10,-40,3.6e-07,1,1.62128e-06
1.0,5e-14,4e-10,-25,1.8e-07,1,1.87465e-06
1.0,5e-14,4e-10,25,3.6e-07,1,1.7858e-06
1.1,1e-15,1e-11,-40,3.6e-07,1,8.90313e-08
1.1,1e-15,1e-11,0,1.8e-07,1,7.77145e-08
1.1,1e-15,1e-11,25,3.6e-07,1,8.90092e-08
1.1,1e-15,1e-11,75,3.6e-07,1,9.32857e-08
1.1,1e-15,1e-11,100,1.8e-07,1,7.8612e-08
1.1,1e-15,5e-11,0,1.8e-07,1,9.34822e-08
1.1,1e-15,5e-11,25,3.6e-07,1,1.33567e-07
1.1,1e-15,5e-11,100,3.6e-07,1,1.23911e-07
1.1,1e-15,1e-10,125,1.8e-07,1,1.09213e-07
1.1,1e-15,2e-10,-25,1.8e-07,1,1.46933e-07
1.1,1e-15,2e-10,0,3.6e-07,1,1.66927e-07
1.1,1e-15,2e-10,75,3.6e-07,1,1.56091e-07
1.1,1e-15,4e-10,-25,3.6e-07,1,2.93319e-07
1.1,1e-15,4e-10,125,1.8e-07,1,1.60778e-07
1.1,5.454545454545455e-15,1e-11,-25,3.6e-07,1,2.31479e-07
1.1,5.454545454545455e-15,1e-11,75,1.8e-07,1,2.2031e-07
1.1,5.454545454545455e-15,1e-11,125,3.6e-07,1,2.42548e-07
1.1,5.454545454545455e-15,5e-11,0,1.8e-07,1,2.88772e-07
1.1,5.454545454545455e-15,5e-11,75,1.8e-07,1,2.71924e-07
1.1,5.454545454545455e-15,5e-11,75,3.6e-07,1,2.80627e-07
1.1,5.454545454545455e-15,5e-11,100,1.8e-07,1,2.65369e-07
1.1,5.454545454545455e-15,5e-11,125,1.8e-07,1,2.61723e-07
1.1,5.454545454545455e-15,1e-10,-40,1.8e-07,1,3.71176e-07
1.1,5.454545454545455e-15,1e-10,75,1.8e-07,1,3.26001e-07
1.1,5.454545454545455e-15,1e-10,100,3.6e-07,1,3.31187e-07
1.1,5.454545454545455e-15,1e-10,125,3.6e-07,1,3.29109e-07
1.1,5.454545454545455e-15,2e-10,75,1.8e-07,1,3.88832e-07
1.1,5.454545454545455e-15,2e-10,125,3.6e-07,1,3.75764e-07
1.1,5.454545454545455e-15,4e-10,-40,3.6e-07,1,5.96573e-07
1.1,5.454545454545455e-15,4e-10,-25,3.6e-07,1,5.7633e-07
1.1,9.909090909090907e-15,1e-11,-40,3.6e-07,1,3.66704e-07
1.1,9.909090909090907e-15,1e-11,0,1.8e-07,1,3.54344e-07
1.1,9.909090909090907e-15,1e-11,25,3.6e-07,1,3.70356e-07
1.1,9.909090909090907e-15,1e-11,75,1.8e-07,1,3.60967e-07
1.1,9.909090909090907e-15,1e-11,100,1.8e-07,1,3.62029e-07
1.1,9.909090909090907e-15,5e-11,-40,1.8e-07,1,4.39836e-07
1.1,9.909090909090907e-15,5e-11,-25,3.6e-07,1,4.50674e-07
1.1,9.909090909090907e-15,5e-11,100,3.6e-07,1,4.23927e-07
1.1,9.909090909090907e-15,5e-11,125,3.6e-07,1,4.19305e-07
1.1,9.909090909090907e-15,1e-10,25,3.6e-07,1,5.01621e-07
1.1,9.909090909090907e-15,1e-10,75,1.8e-07,1,4.73483e-07
1.1,9.909090909090907e-15,1e-10,100,1.8e-07,1,4.62084e-07
1.1,9.909090909090907e-15,2e-10,125,1.8e-07,1,5.47667e-07
1.1,9.909090909090907e-15,2e-10,125,3.6e-07,1,5.51202e-07
1.1,9.909090909090907e-15,4e-10,75,3.6e-07,1,7.17211e-07
1.1,1.436363636363636e-14,1e-11,-40,1.8e-07,1,4.87923e-07
1.1,1.436363636363636e-14,1e-11,0,1.8e-07,1,4.94743e-07
1.1,1.436363636363636e-14,1e-11,25,1.8e-07,1,4.91634e-07
1.1,1.436363636363636e-14,1e-11,125,1.8e-07,1,5.03276e-07
1.1,1.436363636363636e-14,1e-11,125,3.6e-07,1,5.20204e-07
1.1,1.436363636363636e-14,5e-11,-40,3.6e-07,1,5.9517e-07
1.1,1.436363636363636e-14,5e-11,0,1.8e-07,1,5.6961e-07
1.1,1.436363636363636e-14,1e-10,0,1.8e-07,1,6.60199e-07
1.1,1.436363636363636e-14,1e-10,75,1.8e-07,1,6.14916e-07
1.1,1.436363636363636e-14,1e-10,100,1.8e-07,1,6.04752e-07
1.1,1.436363636363636e-14,2e-10,0,1.8e-07,1,8.1437e-07
1.1,1.436363636363636e-14,2e-10,0,3.6e-07,1,8.12082e-07
1.1,1.436363636363636e-14,2e-10,100,3.6e-07,1,7.1501e-07
1.1,1.436363636363636e-14,4e-10,-25,1.8e-07,1,9.87357e-07
1.1,1.436363636363636e-14,4e-10,-25,3.6e-07,1,1.06097e-06
1.1,1.436363636363636e-14,4e-10,0,1.8e-07,1,9.70092e-07
1.1,1.8818181818181816e-14,1e-11,-25,1.8e-07,1,6.30003e-07
1.1,1.8818181818181816e-14,1e-11,0,3.6e-07,1,6.53571e-07
1.1,1.8818181818181816e-14,1e-11,100,1.8e-07,1,6.42176e-07
1.1,1.8818181818181816e-14,1e-11,125,1.8e-07,1,6.3853e-07
1.1,1.8818181818181816e-14,5e-11,100,3.6e-07,1,7.11341e-07
1.1,1.8818181818181816e-14,1e-10,-25,3.6e-07,1,8.19702e-07
1.1,1.8818181818181816e-14,2e-10,-40,3.6e-07,1,9.68772e-07
1.1,1.8818181818181816e-14,2e-10,100,3.6e-07,1,8.75619e-07
1.1,2.3272727272727276e-14,1e-11,100,1.8e-07,1,7.73066e-07
1.1,2.3272727272727276e-14,5e-11,-40,3.6e-07,1,8.68979e-07
1.1,2.3272727272727276e-14,5e-11,-25,3.6e-07,1,8.67014e-07
1.1,2.3272727272727276e-14,5e-11,25,3.6e-07,1,8.60678e-07
1.1,2.3272727272727276e-14,5e-11,75,1.8e-07,1,8.38402e-07
1.1,2.3272727272727276e-14,5e-11,125,1.8e-07,1,8.12751e-07
1.1,2.3272727272727276e-14,1e-10,0,1.8e-07,1,9.4086e-07
1.1,2.3272727272727276e-14,1e-10,25,1.8e-07,1,9.27927e-07
1.1,2.3272727272727276e-14,1e-10,75,1.8e-07,1,9.01787e-07
1.1,2.3272727272727276e-14,1e-10,125,1.8e-07,1,8.64497e-07
1.1,2.3272727272727276e-14,2e-10,-40,1.8e-07,1,1.15703e-06
1.1,2.3272727272727276e-14,2e-10,-25,1.8e-07,1,1.13597e-06
1.1,2.3272727272727276e-14,2e-10,-25,3.6e-07,1,1.11576e-06
1.1,2.3272727272727276e-14,2e-10,25,1.8e-07,1,1.0791e-06
1.1,2.3272727272727276e-14,2e-10,100,1.8e-07,1,9.9676e-07
1.1,2.3272727272727276e-14,2e-10,125,1.8e-07,1,9.67331e-07
1.1,2.3272727272727276e-14,4e-10,-25,1.8e-07,1,1.41936e-06
1.1,2.3272727272727276e-14,4e-10,0,1.8e-07,1,1.38588e-06
1.1,2.3272727272727276e-14,4e-10,25,3.6e-07,1,1.31398e-06
1.1,2.7727272727272724e-14,1e-11,-25,1.8e-07,1,9.03934e-07
1.1,2.7727272727272724e-14,5e-11,-40,3.6e-07,1,1.00655e-06
1.1,2.7727272727272724e-14,5e-11,-25,1.8e-07,1,9.88743e-07
1.1,2.7727272727272724e-14,5e-11,0,1.8e-07,1,9.91234e-07
1.1,2.7727272727272724e-14,5e-11,0,3.6e-07,1,9.97676e-07
1.1,2.7727272727272724e-14,5e-11,25,3.6e-07,1,9.95322e-07
1.1,2.7727272727272724e-14,5e-11,100,3.6e-07,1,9.90435e-07
1.1,2.7727272727272724e-14,1e-10,-40,3.6e-07,1,1.10851e-06
1.1,2.7727272727272724e-14,1e-10,-25,1.8e-07,1,1.0854e-06
1.1,2.7727272727272724e-14,1e-10,75,1.8e-07,1,1.03328e-06
1.1,2.7727272727272724e-14,2e-10,-40,3.6e-07,1,1.28189e-06
1.1,2.7727272727272724e-14,4e-10,-40,3.6e-07,1,1.59735e-06
1.1,2.7727272727272724e-14,4e-10,0,3.6e-07,1,1.51328e-06
1.1,2.7727272727272724e-14,4e-10,25,3.6e-07,1,1.47415e-06
1.1,3.2181818181818185e-14,1e-11,0,1.8e-07,1,1.0431e-06
1.1,3.2181818181818185e-14,1e-11,100,1.8e-07,1,1.03394e-06
1.1,3.2181818181818185e-14,1e-11,125,3.6e-07,1,1.09321e-06
1.1,3.2181818181818185e-14,5e-11,-25,1.8e-07,1,1.12757e-06
1.1,3.2181818181818185e-14,5e-11,0,3.6e-07,1,1.1387e-06
1.1,3.2181818181818185e-14,5e-11,25,3.6e-07,1,1.13418e-06
1.1,3.2181818181818185e-14,1e-10,-40,3.6e-07,1,1.2539e-06
1.1,3.2181818181818185e-14,1e-10,0,1.8e-07,1,1.21486e-06
1.1,3.2181818181818185e-14,1e-10,75,3.6e-07,1,1.19512e-06
1.1,3.2181818181818185e-14,1e-10,100,3.6e-07,1,1.19444e-06
1.1,3.2181818181818185e-14,2e-10,-40,3.6e-07,1,1.42622e-06
1.1,3.2181818181818185e-14,2e-10,125,3.6e-07,1,1.28025e-06
1.1,3.2181818181818185e-14,4e-10,-40,1.8e-07,1,1.78017e-06
1.1,3.2181818181818185e-14,4e-10,75,1.8e-07,1,1.54069e-06
1.1,3.2181818181818185e-14,4e-10,125,3.6e-07,1,1.45315e-06
1.1,3.663636363636364e-14,1e-11,25,1.8e-07,1,1.18893e-06
1.1,3.663636363636364e-14,1e-11,75,3.6e-07,1,1.21966e-06
1.1,3.663636363636364e-14,5e-11,0,1.8e-07,1,1.26229e-06
1.1,3.663636363636364e-14,5e-11,125,3.6e-07,1,1.27274e-06
1.1,3.663636363636364e-14,1e-10,-40,3.6e-07,1,1.39439e-06
1.1,3.663636363636364e-14,1e-10,25,1.8e-07,1,1.34526e-06
1.1,3.663636363636364e-14,1e-10,75,3.6e-07,1,1.34231e-06
1.1,3.663636363636364e-14,2e-10,-40,3.6e-07,1,1.56353e-06
1.1,3.663636363636364e-14,2e-10,75,3.6e-07,1,1.46331e-06
1.1,3.663636363636364e-14,4e-10,-40,3.6e-07,1,1.88978e-06
1.1,3.663636363636364e-14,4e-10,75,3.6e-07,1,1.68686e-06
1.1,3.663636363636364e-14,4e-10,100,3.6e-07,1,1.6451e-06
1.1,4.109090909090909e-14,1e-11,25,1.8e-07,1,1.31919e-06
1.1,4.109090909090909e-14,1e-11,75,3.6e-07,1,1.37855e-06
1.1,4.109090909090909e-14,5e-11,-40,3.6e-07,1,1.42343e-06
1.1,4.109090909090909e-14,1e-10,-40,1.8e-07,1,1.51644e-06
1.1,4.109090909090909e-14,1e-10,-25,3.6e-07,1,1.51967e-06
1.1,4.109090909090909e-14,1e-10,100,3.6e-07,1,1.47875e-06
1.1,4.109090909090909e-14,1e-10,125,1.8e-07,1,1.39572e-06
1.1,4.109090909090909e-14,2e-10,-25,1.8e-07,1,1.71388e-06
1.1,4.109090909090909e-14,2e-10,25,3.6e-07,1,1.64584e-06
1.1,4.109090909090909e-14,2e-10,125,3.6e-07,1,1.55905e-06
1.1,4.109090909090909e-14,4e-10,-40,1.8e-07,1,2.10061e-06
1.1,4.109090909090909e-14,4e-10,0,3.6e-07,1,1.94917e-06
1.1,4.109090909090909e-14,4e-10,75,1.8e-07,1,1.80018e-06
1.1,4.5545454545454544e-14,1e-11,-25,1.8e-07,1,1.45787e-06
1.1,4.5545454545454544e-14,1e-11,0,3.6e-07,1,1.47765e-06
1.1,4.5545454545454544e-14,5e-11,-25,1.8e-07,1,1.54397e-06
1.1,4.5545454545454544e-14,5e-11,25,1.8e-07,1,1.51986e-06
1.1,4.5545454545454544e-14,5e-11,75,1.8e-07,1,1.49056e-06
1.1,4.5545454545454544e-14,5e-11,125,1.8e-07,1,1.47377e-06
1.1,4.5545454545454544e-14,1e-10,-40,3.6e-07,1,1.67043e-06
1.1,4.5545454545454544e-14,1e-10,-25,1.8e-07,1,1.64481e-06
1.1,4.5545454545454544e-14,1e-10,25,1.8e-07,1,1.60814e-06
1.1,4.5545454545454544e-14,1e-10,125,1.8e-07,1,1.52778e-06
1.1,4.5545454545454544e-14,2e-10,-40,3.6e-07,1,1.86948e-06
1.1,4.5545454545454544e-14,2e-10,-25,1.8e-07,1,1.8436e-06
1.1,4.5545454545454544e-14,2e-10,75,1.8e-07,1,1.685e-06
1.1,4.5545454545454544e-14,4e-10,-40,3.6e-07,1,2.19869e-06
1.1,4.5545454545454544e-14,4e-10,-25,1.8e-07,1,2.23982e-06
1.1,4.5545454545454544e-14,4e-10,0,1.8e-07,1,2.17663e-06
1.1,4.5545454545454544e-14,4e-10,75,1.8e-07,1,1.93629e-06
1.1,4.5545454545454544e-14,4e-10,125,1.8e-07,1,1.83358e-06
1.1,5e-14,1e-11,-25,1.8e-07,1,1.59272e-06
1.1,5e-14,1e-11,75,1.8e-07,1,1.5681e-06
1.1,5e-14,5e-11,-40,3.6e-07,1,1.69095e-06
1.1,5e-14,5e-11,-25,1.8e-07,1,1.67867e-06
1.1,5e-14,1e-10,0,3.6e-07,1,1.78851e-06
1.1,5e-14,1e-10,75,3.6e-07,1,1.76539e-06
1.1,5e-14,1e-10,125,3.6e-07,1,1.71621e-06
1.1,5e-14,2e-10,-25,3.6e-07,1,2.00283e-06
1.1,5e-14,2e-10,100,3.6e-07,1,1.85484e-06
1.1,5e-14,2e-10,125,3.6e-07,1,1.82062e-06
1.1,5e-14,4e-10,-25,3.6e-07,1,2.31568e-06
1.1,5e-14,4e-10,0,1.8e-07,1,2.31334e-06
1.1,5e-14,4e-10,75,1.8e-07,1,2.06987e-06
1.1,5e-14,4e-10,100,1.8e-07,1,2.02173e-06
1.1,5e-14,4e-10,125,3.6e-07,1,2.02142e-06
1.1999999999999995,1e-15,1e-11,25,1.8e-07,1,9.38797e-08
1.1999999999999995,1e-15,1e-11,100,1.8e-07,1,9.75656e-08
1.1999999999999995,1e-15,5e-11,25,1.8e-07,1,1.30084e-07
1.1999999999999995,1e-15,5e-11,75,3.6e-07,1,1.60665e-07
1.1999999999999995,1e-15,1e-10,-40,1.8e-07,1,1.62228e-07
1.1999999999999995,1e-15,1e-10,0,1.8e-07,1,1.61251e-07
1.1999999999999995,1e-15,1e-10,25,1.8e-07,1,1.53189e-07
1.1999999999999995,1e-15,2e-10,-25,1.8e-07,1,2.23728e-07
1.1999999999999995,1e-15,2e-10,0,1.8e-07,1,2.18428e-07
1.1999999999999995,1e-15,2e-10,25,1.8e-07,1,1.88028e-07
1.1999999999999995,1e-15,2e-10,125,1.8e-07,1,1.72965e-07
1.1999999999999995,1e-15,4e-10,-40,3.6e-07,1,5.17297e-07
1.1999999999999995,1e-15,4e-10,-25,3.6e-07,1,4.9722e-07
1.1999999999999995,1e-15,4e-10,0,3.6e-07,1,4.37991e-07
1.1999999999999995,1e-15,4e-10,25,3.6e-07,1,4.00121e-07
1.1999999999999995,1e-15,4e-10,100,3.6e-07,1,3.14382e-07
1.1999999999999995,5.454545454545455e-15,1e-11,100,3.6e-07,1,2.91371e-07
1.1999999999999995,5.454545454545455e-15,5e-11,-40,3.6e-07,1,3.68522e-07
1.1999999999999995,5.454545454545455e-15,5e-11,0,1.8e-07,1,3.57421e-07
1.1999999999999995,5.454545454545455e-15,5e-11,25,1.8e-07,1,3.4434e-07
1.1999999999999995,5.454545454545455e-15,5e-11,125,1.8e-07,1,3.23827e-07
1.1999999999999995,5.454545454545455e-15,1e-10,-40,3.6e-07,1,4.84828e-07
1.1999999999999995,5.454545454545455e-15,1e-10,-25,3.6e-07,1,4.79594e-07
1.1999999999999995,5.454545454545455e-15,1e-10,0,3.6e-07,1,4.51235e-07
1.1999999999999995,5.454545454545455e-15,1e-10,25,3.6e-07,1,4.35545e-07
1.1999999999999995,5.454545454545455e-15,2e-10,0,1.8e-07,1,5.0919e-07
1.1999999999999995,5.454545454545455e-15,2e-10,25,1.8e-07,1,4.87072e-07
1.1999999999999995,5.454545454545455e-15,2e-10,100,3.6e-07,1,4.98636e-07
1.1999999999999995,5.454545454545455e-15,4e-10,-40,1.8e-07,1,7.41612e-07
1.1999999999999995,5.454545454545455e-15,4e-10,-25,3.6e-07,1,7.94696e-07
1.1999999999999995,5.454545454545455e-15,4e-10,125,1.8e-07,1,5.32312e-07
1.1999999999999995,9.909090909090907e-15,1e-11,-25,1.8e-07,1,4.22832e-07
1.1999999999999995,9.909090909090907e-15,1e-11,0,1.8e-07,1,4.23651e-07
1.1999999999999995,9.909090909090907e-15,1e-11,75,1.8e-07,1,4.28876e-07
1.1999999999999995,9.909090909090907e-15,1e-11,100,1.8e-07,1,4.32649e-07
1.1999999999999995,9.909090909090907e-15,1e-11,125,3.6e-07,1,4.63127e-07
1.1999999999999995,9.909090909090907e-15,5e-11,-25,1.8e-07,1,5.33024e-07
1.1999999999999995,9.909090909090907e-15,5e-11,75,3.6e-07,1,5.19146e-07
1.1999999999999995,9.909090909090907e-15,1e-10,100,1.8e-07,1,5.74816e-07
1.1999999999999995,9.909090909090907e-15,2e-10,-40,3.6e-07,1,8.83677e-07
1.1999999999999995,9.909090909090907e-15,2e-10,125,3.6e-07,1,6.94782e-07
1.1999999999999995,9.909090909090907e-15,4e-10,-25,3.6e-07,1,1.09164e-06
1.1999999999999995,1.436363636363636e-14,1e-11,-25,1.8e-07,1,5.89776e-07
1.1999999999999995,1.436363636363636e-14,1e-11,25,1.8e-07,1,5.9165e-07
1.1999999999999995,1.436363636363636e-14,1e-11,125,1.8e-07,1,6.02498e-07
1.1999999999999995,1.436363636363636e-14,5e-11,75,1.8e-07,1,6.69738e-07
1.1999999999999995,1.436363636363636e-14,5e-11,100,3.6e-07,1,6.89847e-07
1.1999999999999995,1.436363636363636e-14,1e-10,0,3.6e-07,1,8.11171e-07
1.1999999999999995,1.436363636363636e-14,2e-10,100,3.6e-07,1,8.90269e-07
1.1999999999999995,1.436363636363636e-14,4e-10,-40,3.6e-07,1,1.40906e-06
1.1999999999999995,1.436363636363636e-14,4e-10,-25,3.6e-07,1,1.3632e-06
1.1999999999999995,1.436363636363636e-14,4e-10,0,3.6e-07,1,1.31233e-06
1.1999999999999995,1.436363636363636e-14,4e-10,25,3.6e-07,1,1.23943e-06
1.1999999999999995,1.436363636363636e-14,4e-10,75,1.8e-07,1,1.11839e-06
1.1999999999999995,1.8818181818181816e-14,1e-11,-40,3.6e-07,1,7.66101e-07
1.1999999999999995,1.8818181818181816e-14,1e-11,0,3.6e-07,1,7.78218e-07
1.1999999999999995,1.8818181818181816e-14,1e-11,125,3.6e-07,1,7.98118e-07
1.1999999999999995,1.8818181818181816e-14,5e-11,-25,3.6e-07,1,8.81918e-07
1.1999999999999995,1.8818181818181816e-14,5e-11,25,3.6e-07,1,8.67071e-07
1.1999999999999995,1.8818181818181816e-14,5e-11,75,1.8e-07,1,8.40009e-07
1.1999999999999995,1.8818181818181816e-14,1e-10,-40,1.8e-07,1,1.00761e-06
1.1999999999999995,1.8818181818181816e-14,1e-10,0,1.8e-07,1,9.81465e-07
1.1999999999999995,1.8818181818181816e-14,1e-10,100,1.8e-07,1,9.20279e-07
1.1999999999999995,1.8818181818181816e-14,1e-10,125,3.6e-07,1,9.20035e-07
1.1999999999999995,1.8818181818181816e-14,2e-10,-25,1.8e-07,1,1.21787e-06
1.1999999999999995,1.8818181818181816e-14,4e-10,-40,1.8e-07,1,1.57233e-06
1.1999999999999995,1.8818181818181816e-14,4e-10,-40,3.6e-07,1,1.6544e-06
1.1999999999999995,1.8818181818181816e-14,4e-10,75,3.6e-07,1,1.32642e-06
1.1999999999999995,1.8818181818181816e-14,4e-10,100,3.6e-07,1,1.29488e-06
1.1999999999999995,2.3272727272727276e-14,1e-11,-40,1.8e-07,1,9.16811e-07
1.1999999999999995,2.3272727272727276e-14,1e-11,0,3.6e-07,1,9.36407e-07
1.1999999999999995,2.3272727272727276e-14,1e-11,25,3.6e-07,1,9.44829e-07
1.1999999999999995,2.3272727272727276e-14,1e-11,100,1.8e-07,1,9.31478e-07
1.1999999999999995,2.3272727272727276e-14,5e-11,-25,3.6e-07,1,1.04563e-06
1.1999999999999995,2.3272727272727276e-14,5e-11,0,3.6e-07,1,1.04545e-06
1.1999999999999995,2.3272727272727276e-14,5e-11,25,3.6e-07,1,1.03737e-06
1.1999999999999995,2.3272727272727276e-14,5e-11,75,1.8e-07,1,1.00789e-06
1.1999999999999995,2.3272727272727276e-14,1e-10,0,3.6e-07,1,1.16019e-06
1.1999999999999995,2.3272727272727276e-14,1e-10,25,3.6e-07,1,1.14476e-06
1.1999999999999995,2.3272727272727276e-14,2e-10,-40,3.6e-07,1,1.40796e-06
1.1999999999999995,2.3272727272727276e-14,2e-10,0,3.6e-07,1,1.34854e-06
1.1999999999999995,2.3272727272727276e-14,2e-10,75,1.8e-07,1,1.26841e-06
1.1999999999999995,2.3272727272727276e-14,2e-10,100,3.6e-07,1,1.24349e-06
1.1999999999999995,2.3272727272727276e-14,4e-10,25,1.8e-07,1,1.66136e-06
1.1999999999999995,2.3272727272727276e-14,4e-10,75,3.6e-07,1,1.54407e-06
1.1999999999999995,2.3272727272727276e-14,4e-10,125,3.6e-07,1,1.4589e-06
1.1999999999999995,2.7727272727272724e-14,1e-11,-40,3.6e-07,1,1.09499e-06
1.1999999999999995,2.7727272727272724e-14,1e-11,0,3.6e-07,1,1.11295e-06
1.1999999999999995,2.7727272727272724e-14,1e-11,75,1.8e-07,1,1.09491e-06
1.1999999999999995,2.7727272727272724e-14,5e-11,-40,1.8e-07,1,1.19018e-06
1.1999999999999995,2.7727272727272724e-14,5e-11,0,3.6e-07,1,1.21231e-06
1.1999999999999995,2.7727272727272724e-14,1e-10,-40,1.8e-07,1,1.32645e-06
1.1999999999999995,2.7727272727272724e-14,1e-10,-40,3.6e-07,1,1.35584e-06
1.1999999999999995,2.7727272727272724e-14,1e-10,75,1.8e-07,1,1.25892e-06
1.1999999999999995,2.7727272727272724e-14,1e-10,100,1.8e-07,1,1.23202e-06
1.1999999999999995,2.7727272727272724e-14,2e-10,-40,1.8e-07,1,1.60177e-06
1.1999999999999995,2.7727272727272724e-14,2e-10,25,3.6e-07,1,1.49629e-06
1.1999999999999995,2.7727272727272724e-14,2e-10,100,1.8e-07,1,1.38649e-06
1.1999999999999995,2.7727272727272724e-14,4e-10,0,3.6e-07,1,1.9282e-06
1.1999999999999995,2.7727272727272724e-14,4e-10,100,1.8e-07,1,1.67721e-06
1.1999999999999995,2.7727272727272724e-14,4e-10,125,3.6e-07,1,1.62143e-06
1.1999999999999995,3.2181818181818185e-14,1e-11,-25,1.8e-07,1,1.2385e-06
1.1999999999999995,3.2181818181818185e-14,1e-11,75,1.8e-07,1,1.24816e-06
1.1999999999999995,3.2181818181818185e-14,5e-11,-25,3.6e-07,1,1.37162e-06
1.1999999999999995,3.2181818181818185e-14,5e-11,75,1.8e-07,1,1.32423e-06
1.1999999999999995,3.2181818181818185e-14,5e-11,100,1.8e-07,1,1.30769e-06
1.1999999999999995,3.2181818181818185e-14,1e-10,-25,1.8e-07,1,1.49421e-06
1.1999999999999995,3.2181818181818185e-14,1e-10,-25,3.6e-07,1,1.48885e-06
1.1999999999999995,3.2181818181818185e-14,1e-10,25,3.6e-07,1,1.47224e-06
1.1999999999999995,3.2181818181818185e-14,1e-10,100,3.6e-07,1,1.43742e-06
1.1999999999999995,3.2181818181818185e-14,2e-10,-25,3.6e-07,1,1.7391e-06
1.1999999999999995,3.2181818181818185e-14,2e-10,0,1.8e-07,1,1.71614e-06
1.1999999999999995,3.2181818181818185e-14,2e-10,0,3.6e-07,1,1.6791e-06
1.1999999999999995,3.2181818181818185e-14,4e-10,-25,3.6e-07,1,2.19089e-06
1.1999999999999995,3.2181818181818185e-14,4e-10,100,3.6e-07,1,1.82735e-06
1.1999999999999995,3.663636363636364e-14,1e-11,-40,1.8e-07,1,1.3997e-06
1.1999999999999995,3.663636363636364e-14,1e-11,-25,1.8e-07,1,1.40305e-06
1.1999999999999995,3.663636363636364e-14,1e-11,125,3.6e-07,1,1.474e-06
1.1999999999999995,3.663636363636364e-14,5e-11,-40,3.6e-07,1,1.5416e-06
1.1999999999999995,3.663636363636364e-14,5e-11,75,1.8e-07,1,1.4806e-06
1.1999999999999995,3.663636363636364e-14,5e-11,75,3.6e-07,1,1.52775e-06
1.1999999999999995,3.663636363636364e-14,5e-11,125,3.6e-07,1,1.53386e-06
1.1999999999999995,3.663636363636364e-14,1e-10,125,1.8e-07,1,1.5251e-06
1.1999999999999995,3.663636363636364e-14,2e-10,-40,1.8e-07,1,1.94811e-06
1.1999999999999995,3.663636363636364e-14,2e-10,-40,3.6e-07,1,1.91176e-06
1.1999999999999995,3.663636363636364e-14,4e-10,0,1.8e-07,1,2.31957e-06
1.1999999999999995,4.109090909090909e-14,1e-11,-40,1.8e-07,1,1.57291e-06
1.1999999999999995,4.109090909090909e-14,1e-11,-25,3.6e-07,1,1.59722e-06
1.1999999999999995,4.109090909090909e-14,5e-11,-40,1.8e-07,1,1.6933e-06
1.1999999999999995,4.109090909090909e-14,5e-11,25,1.8e-07,1,1.68275e-06
1.1999999999999995,4.109090909090909e-14,5e-11,75,3.6e-07,1,1.70146e-06
1.1999999999999995,4.109090909090909e-14,5e-11,100,3.6e-07,1,1.70728e-06
1.1999999999999995,4.109090909090909e-14,1e-10,-25,3.6e-07,1,1.83612e-06
1.1999999999999995,4.109090909090909e-14,1e-10,25,1.8e-07,1,1.79245e-06
1.1999999999999995,4.109090909090909e-14,1e-10,100,1.8e-07,1,1.69967e-06
1.1999999999999995,4.109090909090909e-14,1e-10,125,3.6e-07,1,1.76534e-06
1.1999999999999995,4.109090909090909e-14,2e-10,-25,1.8e-07,1,2.10414e-06
1.1999999999999995,4.109090909090909e-14,2e-10,25,3.6e-07,1,2.01618e-06
1.1999999999999995,4.109090909090909e-14,2e-10,125,1.8e-07,1,1.82063e-06
1.1999999999999995,4.109090909090909e-14,4e-10,-40,1.8e-07,1,2.59724e-06
1.1999999999999995,4.109090909090909e-14,4e-10,100,3.6e-07,1,2.21908e-06
1.1999999999999995,4.5545454545454544e-14,1e-11,-40,1.8e-07,1,1.73517e-06
1.1999999999999995,4.5545454545454544e-14,1e-11,-25,1.8e-07,1,1.74121e-06
1.1999999999999995,4.5545454545454544e-14,1e-11,25,1.8e-07,1,1.73643e-06
1.1999999999999995,4.5545454545454544e-14,1e-11,125,3.6e-07,1,1.78484e-06
1.1999999999999995,4.5545454545454544e-14,5e-11,-40,1.8e-07,1,1.84786e-06
1.1999999999999995,4.5545454545454544e-14,5e-11,-25,3.6e-07,1,1.88672e-06
1.1999999999999995,4.5545454545454544e-14,5e-11,25,1.8e-07,1,1.83234e-06
1.1999999999999995,4.5545454545454544e-14,5e-11,25,3.6e-07,1,1.86878e-06
1.1999999999999995,4.5545454545454544e-14,5e-11,125,3.6e-07,1,1.84546e-06
1.1999999999999995,4.5545454545454544e-14,1e-10,25,1.8e-07,1,1.94991e-06
1.1999999999999995,4.5545454545454544e-14,1e-10,100,3.6e-07,1,1.94887e-06
1.1999999999999995,4.5545454545454544e-14,1e-10,125,1.8e-07,1,1.84103e-06
1.1999999999999995,4.5545454545454544e-14,1e-10,125,3.6e-07,1,1.9198e-06
1.1999999999999995,4.5545454545454544e-14,2e-10,-40,1.8e-07,1,2.2849e-06
1.1999999999999995,4.5545454545454544e-14,2e-10,-25,1.8e-07,1,2.26938e-06
1.1999999999999995,4.5545454545454544e-14,2e-10,25,3.6e-07,1,2.19361e-06
1.1999999999999995,4.5545454545454544e-14,2e-10,100,1.8e-07,1,2.01342e-06
1.1999999999999995,4.5545454545454544e-14,2e-10,125,1.8e-07,1,1.97929e-06
1.1999999999999995,4.5545454545454544e-14,4e-10,-40,3.6e-07,1,2.71774e-06
1.1999999999999995,4.5545454545454544e-14,4e-10,125,1.8e-07,1,2.24953e-06
1.1999999999999995,5e-14,1e-11,-40,3.6e-07,1,1.92093e-06
1.1999999999999995,5e-14,1e-11,0,1.8e-07,1,1.90714e-06
1.1999999999999995,5e-14,1e-11,25,1.8e-07,1,1.89107e-06
1.1999999999999995,5e-14,1e-11,125,1.8e-07,1,1.86861e-06
1.1999999999999995,5e-14,5e-11,-40,3.6e-07,1,2.03358e-06
1.1999999999999995,5e-14,5e-11,0,1.8e-07,1,2.01639e-06
1.1999999999999995,5e-14,5e-11,125,1.8e-07,1,1.92737e-06
1.1999999999999995,5e-14,1e-10,-25,1.8e-07,1,2.16051e-06
1.1999999999999995,5e-14,1e-10,25,1.8e-07,1,2.10355e-06
1.1999999999999995,5e-14,2e-10,75,3.6e-07,1,2.29096e-06
1.1999999999999995,5e-14,2e-10,125,3.6e-07,1,2.21098e-06
1.1999999999999995,5e-14,4e-10,75,3.6e-07,1,2.59779e-06
1.2999999999999998,1e-15,1e-11,75,1.8e-07,1,1.17658e-07
1.2999999999999998,1e-15,5e-11,-40,1.8e-07,1,1.68864e-07
1.2999999999999998,1e-15,5e-11,-25,3.6e-07,1,2.02789e-07
1.2999999999999998,1e-15,5e-11,0,1.8e-07,1,1.65533e-07
1.2999999999999998,1e-15,5e-11,75,1.8e-07,1,1.58683e-07
1.2999999999999998,1e-15,5e-11,125,1.8e-07,1,1.63309e-07
1.2999999999999998,1e-15,1e-10,-40,3.6e-07,1,2.67866e-07
1.2999999999999998,1e-15,1e-10,25,1.8e-07,1,2.03453e-07
1.2999999999999998,1e-15,2e-10,-40,1.8e-07,1,3.57314e-07
1.2999999999999998,1e-15,2e-10,25,1.8e-07,1,2.82868e-07
1.2999999999999998,1e-15,2e-10,75,1.8e-07,1,2.55469e-07
1.2999999999999998,1e-15,4e-10,75,3.6e-07,1,4.98245e-07
1.2999999999999998,1e-15,4e-10,125,3.6e-07,1,4.54625e-07
1.2999999999999998,5.454545454545455e-15,1e-11,0,3.6e-07,1,3.33053e-07
1.2999999999999998,5.454545454545455e-15,1e-11,75,1.8e-07,1,3.14397e-07
1.2999999999999998,5.454545454545455e-15,5e-11,-40,3.6e-07,1,4.52838e-07
1.2999999999999998,5.454545454545455e-15,1e-10,-40,1.8e-07,1,5.57261e-07
1.2999999999999998,5.454545454545455e-15,1e-10,-25,1.8e-07,1,5.43037e-07
1.2999999999999998,5.454545454545455e-15,1e-10,0,1.8e-07,1,5.35341e-07
1.2999999999999998,5.454545454545455e-15,1e-10,75,3.6e-07,1,5.19843e-07
1.2999999999999998,5.454545454545455e-15,2e-10,-40,1.8e-07,1,6.7822e-07
1.2999999999999998,5.454545454545455e-15,2e-10,-25,1.8e-07,1,6.64392e-07
1.2999999999999998,5.454545454545455e-15,4e-10,-40,3.6e-07,1,1.15839e-06
1.2999999999999998,5.454545454545455e-15,4e-10,-25,3.6e-07,1,1.12912e-06
1.2999999999999998,5.454545454545455e-15,4e-10,75,3.6e-07,1,8.29779e-07
1.2999999999999998,9.909090909090907e-15,1e-11,-40,1.8e-07,1,4.96779e-07
1.2999999999999998,9.909090909090907e-15,1e-11,-40,3.6e-07,1,5.20684e-07
1.2999999999999998,9.909090909090907e-15,1e-11,0,3.6e-07,1,5.25914e-07
1.2999999999999998,9.909090909090907e-15,1e-11,75,3.6e-07,1,5.38836e-07
1.2999999999999998,9.909090909090907e-15,1e-11,100,3.6e-07,1,5.47413e-07
1.2999999999999998,9.909090909090907e-15,5e-11,75,1.8e-07,1,6.04733e-07
1.2999999999999998,9.909090909090907e-15,1e-10,25,3.6e-07,1,7.49194e-07
1.2999999999999998,9.909090909090907e-15,1e-10,75,3.6e-07,1,7.21792e-07
1.2999999999999998,9.909090909090907e-15,2e-10,25,3.6e-07,1,9.98005e-07
1.2999999999999998,9.909090909090907e-15,2e-10,125,1.8e-07,1,8.27252e-07
1.2999999999999998,9.909090909090907e-15,4e-10,-40,3.6e-07,1,1.47356e-06
1.2999999999999998,9.909090909090907e-15,4e-10,-25,3.6e-07,1,1.41708e-06
1.2999999999999998,9.909090909090907e-15,4e-10,75,1.8e-07,1,1.04637e-06
1.2999999999999998,9.909090909090907e-15,4e-10,125,1.8e-07,1,1.00052e-06
1.2999999999999998,1.436363636363636e-14,1e-11,-25,1.8e-07,1,6.94967e-07
1.2999999999999998,1.436363636363636e-14,1e-11,25,3.6e-07,1,7.23114e-07
1.2999999999999998,1.436363636363636e-14,1e-11,75,1.8e-07,1,7.06887e-07
1.2999999999999998,1.436363636363636e-14,5e-11,75,1.8e-07,1,8.03848e-07
1.2999999999999998,1.436363636363636e-14,1e-10,-25,3.6e-07,1,1.00249e-06
1.2999999999999998,1.436363636363636e-14,1e-10,100,3.6e-07,1,9.25737e-07
1.2999999999999998,1.436363636363636e-14,2e-10,-40,1.8e-07,1,1.29837e-06
1.2999999999999998,1.436363636363636e-14,2e-10,0,3.6e-07,1,1.24296e-06
1.2999999999999998,1.436363636363636e-14,2e-10,25,1.8e-07,1,1.18739e-06
1.2999999999999998,1.436363636363636e-14,2e-10,75,3.6e-07,1,1.11843e-06
1.2999999999999998,1.436363636363636e-14,4e-10,100,3.6e-07,1,1.39223e-06
1.2999999999999998,1.8818181818181816e-14,1e-11,-40,3.6e-07,1,9.13928e-07
1.2999999999999998,1.8818181818181816e-14,1e-11,0,1.8e-07,1,8.8668e-07
1.2999999999999998,1.8818181818181816e-14,1e-11,100,1.8e-07,1,9.08007e-07
1.2999999999999998,1.8818181818181816e-14,1e-11,125,1.8e-07,1,9.17361e-07
1.2999999999999998,1.8818181818181816e-14,5e-11,-25,1.8e-07,1,1.02759e-06
1.2999999999999998,1.8818181818181816e-14,1e-10,0,1.8e-07,1,1.18865e-06
1.2999999999999998,1.8818181818181816e-14,1e-10,75,3.6e-07,1,1.12555e-06
1.2999999999999998,1.8818181818181816e-14,1e-10,125,3.6e-07,1,1.10889e-06
1.2999999999999998,1.8818181818181816e-14,2e-10,0,3.6e-07,1,1.42792e-06
1.2999999999999998,1.8818181818181816e-14,2e-10,100,3.6e-07,1,1.29316e-06
1.2999999999999998,1.8818181818181816e-14,4e-10,0,3.6e-07,1,1.92788e-06
1.2999999999999998,1.8818181818181816e-14,4e-10,25,3.6e-07,1,1.82806e-06
1.2999999999999998,1.8818181818181816e-14,4e-10,100,1.8e-07,1,1.59056e-06
1.2999999999999998,1.8818181818181816e-14,4e-10,125,3.6e-07,1,1.57153e-06
1.2999999999999998,2.3272727272727276e-14,1e-11,-40,3.6e-07,1,1.09727e-06
1.2999999999999998,2.3272727272727276e-14,5e-11,-25,1.8e-07,1,1.22839e-06
1.2999999999999998,2.3272727272727276e-14,5e-11,0,1.8e-07,1,1.21722e-06
1.2999999999999998,2.3272727272727276e-14,5e-11,25,3.6e-07,1,1.2302e-06
1.2999999999999998,2.3272727272727276e-14,5e-11,75,3.6e-07,1,1.22588e-06
1.2999999999999998,2.3272727272727276e-14,1e-10,-40,3.6e-07,1,1.4063e-06
1.2999999999999998,2.3272727272727276e-14,1e-10,-25,3.6e-07,1,1.39832e-06
1.2999999999999998,2.3272727272727276e-14,1e-10,0,1.8e-07,1,1.36449e-06
1.2999999999999998,2.3272727272727276e-14,1e-10,125,1.8e-07,1,1.27276e-06
1.2999999999999998,2.3272727272727276e-14,2e-10,-40,3.6e-07,1,1.71795e-06
1.2999999999999998,2.3272727272727276e-14,2e-10,25,1.8e-07,1,1.61788e-06
1.2999999999999998,2.3272727272727276e-14,2e-10,125,1.8e-07,1,1.44319e-06
1.2999999999999998,2.3272727272727276e-14,4e-10,75,3.6e-07,1,1.8772e-06
1.2999999999999998,2.3272727272727276e-14,4e-10,100,3.6e-07,1,1.84771e-06
1.2999999999999998,2.7727272727272724e-14,1e-11,-40,3.6e-07,1,1.29012e-06
1.2999999999999998,2.7727272727272724e-14,1e-11,25,1.8e-07,1,1.27936e-06
1.2999999999999998,2.7727272727272724e-14,1e-11,100,3.6e-07,1,1.33379e-06
1.2999999999999998,2.7727272727272724e-14,1e-11,125,3.6e-07,1,1.34337e-06
1.2999999999999998,2.7727272727272724e-14,5e-11,75,1.8e-07,1,1.39661e-06
1.2999999999999998,2.7727272727272724e-14,5e-11,125,1.8e-07,1,1.36068e-06
1.2999999999999998,2.7727272727272724e-14,1e-10,0,3.6e-07,1,1.59713e-06
1.2999999999999998,2.7727272727272724e-14,1e-10,100,1.8e-07,1,1.47806e-06
1.2999999999999998,2.7727272727272724e-14,1e-10,125,1.8e-07,1,1.45024e-06
1.2999999999999998,2.7727272727272724e-14,2e-10,-40,3.6e-07,1,1.95046e-06
1.2999999999999998,2.7727272727272724e-14,2e-10,0,3.6e-07,1,1.83531e-06
1.2999999999999998,2.7727272727272724e-14,2e-10,75,1.8e-07,1,1.74171e-06
1.2999999999999998,2.7727272727272724e-14,2e-10,100,3.6e-07,1,1.70333e-06
1.2999999999999998,2.7727272727272724e-14,4e-10,25,3.6e-07,1,2.29069e-06
1.2999999999999998,3.2181818181818185e-14,1e-11,-40,3.6e-07,1,1.49088e-06
1.2999999999999998,3.2181818181818185e-14,1e-11,0,3.6e-07,1,1.49363e-06
1.2999999999999998,3.2181818181818185e-14,1e-11,100,3.6e-07,1,1.52563e-06
1.2999999999999998,3.2181818181818185e-14,1e-11,125,1.8e-07,1,1.46387e-06
1.2999999999999998,3.2181818181818185e-14,5e-11,-25,1.8e-07,1,1.60239e-06
1.2999999999999998,3.2181818181818185e-14,5e-11,75,1.8e-07,1,1.57963e-06
1.2999999999999998,3.2181818181818185e-14,5e-11,75,3.6e-07,1,1.6259e-06
1.2999999999999998,3.2181818181818185e-14,1e-10,-40,3.6e-07,1,1.82729e-06
1.2999999999999998,3.2181818181818185e-14,1e-10,-25,3.6e-07,1,1.78324e-06
1.2999999999999998,3.2181818181818185e-14,1e-10,25,1.8e-07,1,1.74332e-06
1.2999999999999998,3.2181818181818185e-14,1e-10,100,3.6e-07,1,1.71389e-06
1.2999999999999998,3.2181818181818185e-14,2e-10,-25,1.8e-07,1,2.12809e-06
1.2999999999999998,3.2181818181818185e-14,2e-10,0,3.6e-07,1,2.05412e-06
1.2999999999999998,3.2181818181818185e-14,4e-10,-40,1.8e-07,1,2.67461e-06
1.2999999999999998,3.2181818181818185e-14,4e-10,0,1.8e-07,1,2.57243e-06
1.2999999999999998,3.2181818181818185e-14,4e-10,0,3.6e-07,1,2.5829e-06
1.2999999999999998,3.663636363636364e-14,1e-11,-25,3.6e-07,1,1.69291e-06
1.2999999999999998,3.663636363636364e-14,1e-11,75,1.8e-07,1,1.66008e-06
1.2999999999999998,3.663636363636364e-14,5e-11,25,1.8e-07,1,1.79024e-06
1.2999999999999998,3.663636363636364e-14,5e-11,25,3.6e-07,1,1.81524e-06
1.2999999999999998,3.663636363636364e-14,1e-10,-40,1.8e-07,1,1.97278e-06
1.2999999999999998,3.663636363636364e-14,1e-10,25,1.8e-07,1,1.9405e-06
1.2999999999999998,3.663636363636364e-14,2e-10,-40,3.6e-07,1,2.3234e-06
1.2999999999999998,3.663636363636364e-14,2e-10,25,3.6e-07,1,2.21975e-06
1.2999999999999998,3.663636363636364e-14,2e-10,75,3.6e-07,1,2.11367e-06
1.2999999999999998,3.663636363636364e-14,2e-10,125,3.6e-07,1,2.0777e-06
1.2999999999999998,3.663636363636364e-14,4e-10,-25,1.8e-07,1,2.92963e-06
1.2999999999999998,3.663636363636364e-14,4e-10,25,1.8e-07,1,2.70235e-06
1.2999999999999998,3.663636363636364e-14,4e-10,75,1.8e-07,1,2.53681e-06
1.2999999999999998,3.663636363636364e-14,4e-10,100,1.8e-07,1,2.44437e-06
1.2999999999999998,3.663636363636364e-14,4e-10,125,3.6e-07,1,2.40416e-06
1.2999999999999998,4.109090909090909e-14,1e-11,100,3.6e-07,1,1.93194e-06
1.2999999999999998,4.109090909090909e-14,5e-11,-25,3.6e-07,1,2.0214e-06
1.2999999999999998,4.109090909090909e-14,5e-11,25,1.8e-07,1,1.99283e-06
1.2999999999999998,4.109090909090909e-14,5e-11,100,3.6e-07,1,2.01841e-06
1.2999999999999998,4.109090909090909e-14,1e-10,100,3.6e-07,1,2.11638e-06
1.2999999999999998,4.109090909090909e-14,1e-10,125,3.6e-07,1,2.11066e-06
1.2999999999999998,4.109090909090909e-14,2e-10,-25,1.8e-07,1,2.51568e-06
1.2999999999999998,4.109090909090909e-14,2e-10,75,1.8e-07,1,2.28123e-06
1.2999999999999998,4.109090909090909e-14,2e-10,100,3.6e-07,1,2.3051e-06
1.2999999999999998,4.109090909090909e-14,4e-10,0,3.6e-07,1,2.92332e-06
1.2999999999999998,4.109090909090909e-14,4e-10,25,1.8e-07,1,2.92064e-06
1.2999999999999998,4.109090909090909e-14,4e-10,75,1.8e-07,1,2.72603e-06
1.2999999999999998,4.109090909090909e-14,4e-10,100,1.8e-07,1,2.61089e-06
1.2999999999999998,4.5545454545454544e-14,5e-11,-40,1.8e-07,1,2.19607e-06
1.2999999999999998,4.5545454545454544e-14,5e-11,0,3.6e-07,1,2.2182e-06
1.2999999999999998,4.5545454545454544e-14,5e-11,25,1.8e-07,1,2.17546e-06
1.2999999999999998,4.5545454545454544e-14,5e-11,75,3.6e-07,1,2.20639e-06
1.2999999999999998,4.5545454545454544e-14,5e-11,100,1.8e-07,1,2.10662e-06
1.2999999999999998,4.5545454545454544e-14,5e-11,125,3.6e-07,1,2.1974e-06
1.2999999999999998,4.5545454545454544e-14,1e-10,-40,1.8e-07,1,2.39501e-06
1.2999999999999998,4.5545454545454544e-14,1e-10,25,3.6e-07,1,2.36899e-06
1.2999999999999998,4.5545454545454544e-14,1e-10,75,3.6e-07,1,2.3249e-06
1.2999999999999998,4.5545454545454544e-14,1e-10,125,1.8e-07,1,2.18731e-06
1.2999999999999998,4.5545454545454544e-14,2e-10,100,1.8e-07,1,2.41152e-06
1.2999999999999998,4.5545454545454544e-14,4e-10,-25,1.8e-07,1,3.3115e-06
1.2999999999999998,4.5545454545454544e-14,4e-10,0,3.6e-07,1,3.14531e-06
1.2999999999999998,5e-14,1e-11,-40,1.8e-07,1,2.22641e-06
1.2999999999999998,5e-14,1e-11,75,1.8e-07,1,2.21038e-06
1.2999999999999998,5e-14,1e-11,100,3.6e-07,1,2.31799e-06
1.2999999999999998,5e-14,5e-11,-40,1.8e-07,1,2.36786e-06
1.2999999999999998,5e-14,5e-11,-25,3.6e-07,1,2.41759e-06
1.2999999999999998,5e-14,5e-11,0,3.6e-07,1,2.40325e-06
1.2999999999999998,5e-14,5e-11,75,1.8e-07,1,2.30957e-06
1.2999999999999998,5e-14,5e-11,100,3.6e-07,1,2.40692e-06
1.2999999999999998,5e-14,5e-11,125,3.6e-07,1,2.37826e-06
1.2999999999999998,5e-14,1e-10,-40,1.8e-07,1,2.57164e-06
1.2999999999999998,5e-14,1e-10,25,1.8e-07,1,2.50943e-06
1.2999999999999998,5e-14,1e-10,125,1.8e-07,1,2.37612e-06
1.2999999999999998,5e-14,2e-10,100,1.8e-07,1,2.5959e-06
1.2999999999999998,5e-14,2e-10,125,3.6e-07,1,2.6539e-06
1.2999999999999998,5e-14,4e-10,75,1.8e-07,1,3.09272e-06
1.2999999999999998,5e-14,4e-10,100,1.8e-07,1,2.98785e-06
0.7,2.327272727272728e-14,1e-11,-40,1.8e-07,1,3.08624e-07
0.7999999999999999,1e-15,2e-10,125,1.8e-07,1,5.56954e-08
0.7999999999999999,1e-15,4e-10,-40,3.6e-07,1,7.003e-08
0.7999999999999999,1e-15,4e-10,75,1.8e-07,1,5.16036e-08
0.7999999999999999,5.454545454545455e-15,1e-11,0,1.8e-07,1,1.12609e-07
0.7999999999999999,5.454545454545455e-15,1e-11,0,3.6e-07,1,1.21752e-07
0.7999999999999999,5.454545454545455e-15,1e-11,100,3.6e-07,1,1.21322e-07
0.7999999999999999,5.454545454545455e-15,1e-11,125,1.8e-07,1,1.1315e-07
0.7999999999999999,5.454545454545455e-15,5e-11,25,1.8e-07,1,1.34001e-07
0.7999999999999999,5.454545454545455e-15,5e-11,25,3.6e-07,1,1.41783e-07
0.7999999999999999,5.454545454545455e-15,5e-11,75,1.8e-07,1,1.31516e-07
0.7999999999999999,5.454545454545455e-15,5e-11,75,3.6e-07,1,1.41561e-07
0.7999999999999999,5.454545454545455e-15,5e-11,100,1.8e-07,1,1.28251e-07
0.7999999999999999,5.454545454545455e-15,5e-11,100,3.6e-07,1,1.36844e-07
0.7999999999999999,5.454545454545455e-15,1e-10,-25,3.6e-07,1,1.58461e-07
0.7999999999999999,5.454545454545455e-15,1e-10,25,3.6e-07,1,1.63527e-07
0.7999999999999999,5.454545454545455e-15,1e-10,125,1.8e-07,1,1.39409e-07
0.7999999999999999,5.454545454545455e-15,2e-10,-40,1.8e-07,1,2.0535e-07
0.7999999999999999,5.454545454545455e-15,2e-10,-40,3.6e-07,1,2.15157e-07
0.7999999999999999,5.454545454545455e-15,2e-10,75,1.8e-07,1,1.77074e-07
0.7999999999999999,5.454545454545455e-15,2e-10,75,3.6e-07,1,1.78055e-07
0.7999999999999999,5.454545454545455e-15,2e-10,100,3.6e-07,1,1.73888e-07
0.7999999999999999,5.454545454545455e-15,2e-10,125,1.8e-07,1,1.66258e-07
0.7999999999999999,5.454545454545455e-15,2e-10,125,3.6e-07,1,1.734e-07
0.7999999999999999,5.454545454545455e-15,4e-10,-40,1.8e-07,1,1.92751e-07
0.7999999999999999,5.454545454545455e-15,4e-10,-40,3.6e-07,1,1.91742e-07
0.7999999999999999,5.454545454545455e-15,4e-10,-25,1.8e-07,1,1.99307e-07
0.7999999999999999,5.454545454545455e-15,4e-10,-25,3.6e-07,1,1.90032e-07
0.7999999999999999,5.454545454545455e-15,4e-10,0,1.8e-07,1,2.0115e-07
0.7999999999999999,5.454545454545455e-15,4e-10,0,3.6e-07,1,1.99489e-07
0.7999999999999999,5.454545454545455e-15,4e-10,25,3.6e-07,1,1.99977e-07
0.7999999999999999,5.454545454545455e-15,4e-10,125,3.6e-07,1,2.08915e-07
0.7999999999999999,9.909090909090907e-15,1e-11,-40,1.8e-07,1,1.8284e-07
0.7999999999999999,9.909090909090907e-15,1e-11,-40,3.6e-07,1,1.92293e-07
0.7999999999999999,9.909090909090907e-15,1e-11,-25,1.8e-07,1,1.83283e-07
0.7999999999999999,9.909090909090907e-15,1e-11,0,1.8e-07,1,1.8392e-07
0.7999999999999999,9.909090909090907e-15,1e-11,100,3.6e-07,1,1.93767e-07
0.7999999999999999,9.909090909090907e-15,1e-11,125,1.8e-07,1,1.86607e-07
0.7999999999999999,9.909090909090907e-15,5e-11,-40,1.8e-07,1,2.15614e-07
0.7999999999999999,9.909090909090907e-15,5e-11,-40,3.6e-07,1,2.22619e-07
0.7999999999999999,9.909090909090907e-15,5e-11,25,3.6e-07,1,2.12775e-07
0.7999999999999999,9.909090909090907e-15,5e-11,75,1.8e-07,1,2.06508e-07
0.7999999999999999,9.909090909090907e-15,5e-11,75,3.6e-07,1,2.09971e-07
0.7999999999999999,9.909090909090907e-15,5e-11,100,1.8e-07,1,2.02949e-07
0.7999999999999999,9.909090909090907e-15,5e-11,100,3.6e-07,1,2.09655e-07
0.7999999999999999,9.909090909090907e-15,5e-11,125,1.8e-07,1,2.01132e-07
0.7999999999999999,9.909090909090907e-15,5e-11,125,3.6e-07,1,2.10066e-07
0.7999999999999999,9.909090909090907e-15,1e-10,0,3.6e-07,1,2.4739e-07
0.7999999999999999,9.909090909090907e-15,1e-10,25,1.8e-07,1,2.3137e-07
0.7999999999999999,9.909090909090907e-15,1e-10,75,1.8e-07,1,2.22076e-07
0.7999999999999999,9.909090909090907e-15,1e-10,75,3.6e-07,1,2.3074e-07
0.7999999999999999,9.909090909090907e-15,1e-10,100,1.8e-07,1,2.17456e-07
0.7999999999999999,9.909090909090907e-15,1e-10,100,3.6e-07,1,2.27508e-07
0.7999999999999999,9.909090909090907e-15,1e-10,125,1.8e-07,1,2.15735e-07
0.7999999999999999,1.8818181818181816e-14,5e-11,75,1.8e-07,1,3.45826e-07
0.7999999999999999,1.8818181818181816e-14,5e-11,100,3.6e-07,1,3.59405e-07
0.7999999999999999,1.8818181818181816e-14,1e-10,-40,3.6e-07,1,4.07589e-07
0.7999999999999999,1.8818181818181816e-14,1e-10,-25,3.6e-07,1,4.00949e-07
0.7999999999999999,1.8818181818181816e-14,1e-10,0,1.8e-07,1,3.85573e-07
0.7999999999999999,1.8818181818181816e-14,2e-10,-40,3.6e-07,1,4.49861e-07
0.7999999999999999,1.8818181818181816e-14,2e-10,0,3.6e-07,1,4.37956e-07
0.7999999999999999,1.8818181818181816e-14,2e-10,125,1.8e-07,1,3.82926e-07
0.7999999999999999,1.8818181818181816e-14,2e-10,125,3.6e-07,1,4.05378e-07
0.7999999999999999,1.8818181818181816e-14,4e-10,-40,1.8e-07,1,5.60334e-07
0.7999999999999999,1.8818181818181816e-14,4e-10,-40,3.6e-07,1,5.31196e-07
0.7999999999999999,1.8818181818181816e-14,4e-10,-25,3.6e-07,1,5.1913e-07
0.7999999999999999,1.8818181818181816e-14,4e-10,0,3.6e-07,1,5.226e-07
0.7999999999999999,1.8818181818181816e-14,4e-10,25,1.8e-07,1,5.08893e-07
0.7999999999999999,1.8818181818181816e-14,4e-10,75,1.8e-07,1,4.73194e-07
0.7999999999999999,1.8818181818181816e-14,4e-10,75,3.6e-07,1,4.75875e-07
0.7999999999999999,1.8818181818181816e-14,4e-10,100,1.8e-07,1,4.53247e-07
0.7999999999999999,1.8818181818181816e-14,4e-10,125,1.8e-07,1,4.38318e-07
0.7999999999999999,2.327272727272728e-14,1e-11,-40,1.8e-07,1,4.01456e-07
0.7999999999999999,2.327272727272728e-14,1e-11,0,1.8e-07,1,4.04996e-07
0.7999999999999999,2.327272727272728e-14,1e-11,75,3.6e-07,1,4.20121e-07
0.7999999999999999,2.327272727272728e-14,1e-11,100,3.6e-07,1,4.19833e-07
0.7999999999999999,2.327272727272728e-14,1e-11,125,1.8e-07,1,3.94531e-07
0.7999999999999999,2.327272727272728e-14,1e-11,125,3.6e-07,1,4.17855e-07
0.7999999999999999,2.327272727272728e-14,5e-11,-40,3.6e-07,1,4.40807e-07
0.7999999999999999,2.327272727272728e-14,5e-11,-25,1.8e-07,1,4.29878e-07
0.7999999999999999,2.327272727272728e-14,5e-11,0,1.8e-07,1,4.2759e-07
0.7999999999999999,2.327272727272728e-14,5e-11,0,3.6e-07,1,4.42162e-07
0.7999999999999999,2.327272727272728e-14,5e-11,25,1.8e-07,1,4.24209e-07
0.7999999999999999,2.327272727272728e-14,5e-11,75,1.8e-07,1,4.14979e-07
0.7999999999999999,2.327272727272728e-14,5e-11,100,1.8e-07,1,4.11274e-07
0.7999999999999999,2.327272727272728e-14,5e-11,100,3.6e-07,1,4.33362e-07
0.7999999999999999,2.327272727272728e-14,5e-11,125,3.6e-07,1,4.30215e-07
0.7999999999999999,2.327272727272728e-14,1e-10,-40,3.6e-07,1,4.79157e-07
0.7999999999999999,2.327272727272728e-14,1e-10,-25,1.8e-07,1,4.66601e-07
0.7999999999999999,2.327272727272728e-14,1e-10,-25,3.6e-07,1,4.72723e-07
0.7999999999999999,2.327272727272728e-14,1e-10,0,1.8e-07,1,4.6661e-07
0.7999999999999999,2.327272727272728e-14,1e-10,0,3.6e-07,1,4.64947e-07
0.7999999999999999,2.327272727272728e-14,1e-10,25,1.8e-07,1,4.53459e-07
0.7999999999999999,2.327272727272728e-14,1e-10,75,1.8e-07,1,4.3294e-07
0.7999999999999999,2.327272727272728e-14,1e-10,100,3.6e-07,1,4.50661e-07
0.7999999999999999,2.327272727272728e-14,1e-10,125,1.8e-07,1,4.22445e-07
0.7999999999999999,2.327272727272728e-14,2e-10,-40,1.8e-07,1,5.35597e-07
0.7999999999999999,2.327272727272728e-14,2e-10,-40,3.6e-07,1,5.31464e-07
0.7999999999999999,2.327272727272728e-14,2e-10,-25,1.8e-07,1,5.19044e-07
0.7999999999999999,2.327272727272728e-14,2e-10,25,3.6e-07,1,5.14499e-07
0.7999999999999999,2.327272727272728e-14,2e-10,75,3.6e-07,1,4.95753e-07
0.7999999999999999,2.327272727272728e-14,4e-10,-40,3.6e-07,1,6.15263e-07
0.7999999999999999,2.327272727272728e-14,4e-10,-25,1.8e-07,1,6.26223e-07
0.7999999999999999,2.327272727272728e-14,4e-10,-25,3.6e-07,1,6.21042e-07
0.7999999999999999,2.327272727272728e-14,4e-10,0,3.6e-07,1,5.99842e-07
0.7999999999999999,2.327272727272728e-14,4e-10,25,1.8e-07,1,5.86079e-07
0.7999999999999999,2.327272727272728e-14,4e-10,75,1.8e-07,1,5.39566e-07
0.7999999999999999,2.327272727272728e-14,4e-10,75,3.6e-07,1,5.57078e-07
0.7999999999999999,2.327272727272728e-14,4e-10,100,1.8e-07,1,5.23527e-07
0.7999999999999999,2.327272727272728e-14,4e-10,100,3.6e-07,1,5.41654e-07
0.7999999999999999,2.327272727272728e-14,4e-10,125,3.6e-07,1,5.31401e-07
0.7999999999999999,2.7727272727272724e-14,1e-11,-25,3.6e-07,1,4.91344e-07
0.7999999999999999,2.7727272727272724e-14,1e-11,100,1.8e-07,1,4.65707e-07
0.7999999999999999,2.7727272727272724e-14,1e-11,100,3.6e-07,1,4.89888e-07
0.7999999999999999,2.7727272727272724e-14,1e-11,125,3.6e-07,1,4.86137e-07
0.7999999999999999,2.7727272727272724e-14,5e-11,0,1.8e-07,1,5.01222e-07
0.7999999999999999,2.7727272727272724e-14,5e-11,0,3.6e-07,1,5.13319e-07
0.7999999999999999,2.7727272727272724e-14,5e-11,25,3.6e-07,1,5.10679e-07
0.7999999999999999,2.7727272727272724e-14,5e-11,75,3.6e-07,1,5.09543e-07
0.7999999999999999,2.7727272727272724e-14,5e-11,100,3.6e-07,1,5.04725e-07
0.7999999999999999,2.7727272727272724e-14,5e-11,125,1.8e-07,1,4.79036e-07
0.7999999999999999,2.7727272727272724e-14,1e-10,-40,1.8e-07,1,5.41866e-07
0.7999999999999999,2.7727272727272724e-14,1e-10,-25,1.8e-07,1,5.39056e-07
0.7999999999999999,2.7727272727272724e-14,1e-10,25,3.6e-07,1,5.33421e-07
0.7999999999999999,2.7727272727272724e-14,1e-10,75,1.8e-07,1,5.02921e-07
0.7999999999999999,2.7727272727272724e-14,1e-10,100,1.8e-07,1,4.97073e-07
0.7999999999999999,2.7727272727272724e-14,1e-10,125,1.8e-07,1,4.92039e-07
0.7999999999999999,2.7727272727272724e-14,1e-10,125,3.6e-07,1,5.14605e-07
0.7999999999999999,2.7727272727272724e-14,2e-10,-40,3.6e-07,1,6.04532e-07
0.7999999999999999,2.7727272727272724e-14,2e-10,0,1.8e-07,1,5.89672e-07
0.7999999999999999,2.7727272727272724e-14,2e-10,25,1.8e-07,1,5.70714e-07
0.7999999999999999,2.7727272727272724e-14,2e-10,25,3.6e-07,1,5.88455e-07
0.7999999999999999,2.7727272727272724e-14,2e-10,75,1.8e-07,1,5.40818e-07
0.7999999999999999,2.7727272727272724e-14,2e-10,75,3.6e-07,1,5.71317e-07
0.7999999999999999,2.7727272727272724e-14,2e-10,100,1.8e-07,1,5.30196e-07
0.7999999999999999,2.7727272727272724e-14,2e-10,100,3.6e-07,1,5.59763e-07
0.7999999999999999,2.7727272727272724e-14,2e-10,125,1.8e-07,1,5.2257e-07
0.7999999999999999,2.7727272727272724e-14,2e-10,125,3.6e-07,1,5.47451e-07
0.7999999999999999,2.7727272727272724e-14,4e-10,-40,3.6e-07,1,7.15502e-07
0.7999999999999999,2.7727272727272724e-14,4e-10,-25,3.6e-07,1,7.0626e-07
0.7999999999999999,2.7727272727272724e-14,4e-10,0,1.8e-07,1,6.86169e-07
0.7999999999999999,2.7727272727272724e-14,4e-10,25,1.8e-07,1,6.56335e-07
0.7999999999999999,2.7727272727272724e-14,4e-10,25,3.6e-07,1,6.58177e-07
0.7999999999999999,2.7727272727272724e-14,4e-10,75,3.6e-07,1,6.32398e-07
0.7999999999999999,2.7727272727272724e-14,4e-10,100,1.8e-07,1,5.94064e-07
0.7999999999999999,2.7727272727272724e-14,4e-10,100,3.6e-07,1,6.18847e-07
0.7999999999999999,2.7727272727272724e-14,4e-10,125,1.8e-07,1,5.80497e-07
0.7999999999999999,2.7727272727272724e-14,4e-10,125,3.6e-07,1,6.0428e-07
0.7999999999999999,3.2181818181818185e-14,1e-11,-40,1.8e-07,1,5.47019e-07
0.7999999999999999,3.2181818181818185e-14,1e-11,-40,3.6e-07,1,5.56505e-07
0.7999999999999999,3.2181818181818185e-14,1e-11,-25,1.8e-07,1,5.49277e-07
0.7999999999999999,3.2181818181818185e-14,1e-11,-25,3.6e-07,1,5.64747e-07
0.7999999999999999,3.2181818181818185e-14,1e-11,0,3.6e-07,1,5.63531e-07
0.7999999999999999,3.2181818181818185e-14,1e-11,25,3.6e-07,1,5.63917e-07
0.7999999999999999,3.2181818181818185e-14,1e-11,75,1.8e-07,1,5.37402e-07
0.7999999999999999,3.2181818181818185e-14,1e-11,75,3.6e-07,1,5.63544e-07
0.7999999999999999,3.2181818181818185e-14,1e-11,100,3.6e-07,1,5.5836e-07
0.7999999999999999,3.2181818181818185e-14,5e-11,-40,3.6e-07,1,5.86382e-07
0.7999999999999999,3.2181818181818185e-14,5e-11,-25,1.8e-07,1,5.75469e-07
0.7999999999999999,3.2181818181818185e-14,5e-11,0,1.8e-07,1,5.69116e-07
0.7999999999999999,3.2181818181818185e-14,5e-11,25,1.8e-07,1,5.6162e-07
0.7999999999999999,3.2181818181818185e-14,5e-11,25,3.6e-07,1,5.85477e-07
0.7999999999999999,3.2181818181818185e-14,5e-11,75,1.8e-07,1,5.55188e-07
0.7999999999999999,3.2181818181818185e-14,5e-11,100,1.8e-07,1,5.51948e-07
0.7999999999999999,3.2181818181818185e-14,5e-11,100,3.6e-07,1,5.72945e-07
0.7999999999999999,3.2181818181818185e-14,5e-11,125,1.8e-07,1,5.49714e-07
0.7999999999999999,3.2181818181818185e-14,1e-10,-40,1.8e-07,1,6.0714e-07
0.7999999999999999,3.2181818181818185e-14,1e-10,-40,3.6e-07,1,6.22019e-07
0.7999999999999999,3.2181818181818185e-14,1e-10,-25,3.6e-07,1,6.1711e-07
0.7999999999999999,3.2181818181818185e-14,1e-10,25,3.6e-07,1,6.07838e-07
0.7999999999999999,3.2181818181818185e-14,1e-10,75,1.8e-07,1,5.72903e-07
0.7999999999999999,3.2181818181818185e-14,1e-10,75,3.6e-07,1,5.99187e-07
0.7999999999999999,3.2181818181818185e-14,1e-10,100,1.8e-07,1,5.67433e-07
0.7999999999999999,3.2181818181818185e-14,1e-10,125,1.8e-07,1,5.6358e-07
0.7999999999999999,3.2181818181818185e-14,2e-10,-25,1.8e-07,1,6.78747e-07
0.7999999999999999,3.2181818181818185e-14,2e-10,-25,3.6e-07,1,6.79899e-07
0.7999999999999999,3.2181818181818185e-14,2e-10,0,3.6e-07,1,6.67147e-07
0.7999999999999999,3.2181818181818185e-14,2e-10,25,1.8e-07,1,6.38621e-07
0.7999999999999999,3.2181818181818185e-14,2e-10,125,1.8e-07,1,5.92688e-07
0.7999999999999999,3.2181818181818185e-14,4e-10,-40,3.6e-07,1,7.84029e-07
0.7999999999999999,3.2181818181818185e-14,4e-10,-25,3.6e-07,1,7.78035e-07
0.7999999999999999,3.2181818181818185e-14,4e-10,25,1.8e-07,1,7.25467e-07
0.7999999999999999,3.2181818181818185e-14,4e-10,25,3.6e-07,1,7.35896e-07
0.7999999999999999,3.2181818181818185e-14,4e-10,75,1.8e-07,1,6.80285e-07
0.7999999999999999,3.2181818181818185e-14,4e-10,100,1.8e-07,1,6.64276e-07
0.7999999999999999,3.2181818181818185e-14,4e-10,125,1.8e-07,1,6.49973e-07
0.7999999999999999,3.663636363636364e-14,1e-11,-40,1.8e-07,1,6.17912e-07
0.7999999999999999,3.663636363636364e-14,1e-11,25,3.6e-07,1,6.377e-07
0.7999999999999999,3.663636363636364e-14,1e-11,75,1.8e-07,1,6.08067e-07
0.7999999999999999,3.663636363636364e-14,1e-11,75,3.6e-07,1,6.31786e-07
0.7999999999999999,3.663636363636364e-14,1e-11,100,1.8e-07,1,6.07161e-07
0.7999999999999999,3.663636363636364e-14,1e-11,125,1.8e-07,1,6.06801e-07
0.7999999999999999,3.663636363636364e-14,1e-11,125,3.6e-07,1,6.24852e-07
0.7999999999999999,3.663636363636364e-14,5e-11,-40,1.8e-07,1,6.4851e-07
0.7999999999999999,3.663636363636364e-14,5e-11,-40,3.6e-07,1,6.52363e-07
0.7999999999999999,3.663636363636364e-14,5e-11,-25,3.6e-07,1,6.57953e-07
0.7999999999999999,3.663636363636364e-14,5e-11,0,1.8e-07,1,6.38064e-07
0.7999999999999999,3.663636363636364e-14,5e-11,25,1.8e-07,1,6.31447e-07
0.7999999999999999,3.663636363636364e-14,5e-11,75,1.8e-07,1,6.25643e-07
0.7999999999999999,3.663636363636364e-14,5e-11,100,1.8e-07,1,6.2263e-07
0.7999999999999999,3.663636363636364e-14,5e-11,100,3.6e-07,1,6.41826e-07
0.7999999999999999,3.663636363636364e-14,5e-11,125,1.8e-07,1,6.20548e-07
0.7999999999999999,3.663636363636364e-14,5e-11,125,3.6e-07,1,6.37475e-07
0.7999999999999999,3.663636363636364e-14,1e-10,-40,3.6e-07,1,7.027e-07
0.7999999999999999,3.663636363636364e-14,1e-10,-25,1.8e-07,1,6.81646e-07
0.7999999999999999,3.663636363636364e-14,1e-10,-25,3.6e-07,1,6.91403e-07
0.7999999999999999,3.663636363636364e-14,1e-10,0,3.6e-07,1,6.86731e-07
0.7999999999999999,3.663636363636364e-14,1e-10,25,1.8e-07,1,6.59966e-07
0.7999999999999999,3.663636363636364e-14,1e-10,75,3.6e-07,1,6.67095e-07
0.7999999999999999,3.663636363636364e-14,1e-10,100,1.8e-07,1,6.37989e-07
0.7999999999999999,3.663636363636364e-14,2e-10,-25,1.8e-07,1,7.50436e-07
0.7999999999999999,3.663636363636364e-14,2e-10,0,1.8e-07,1,7.27173e-07
0.7999999999999999,3.663636363636364e-14,2e-10,25,1.8e-07,1,6.97781e-07
0.7999999999999999,3.663636363636364e-14,2e-10,75,3.6e-07,1,7.0722e-07
0.7999999999999999,3.663636363636364e-14,2e-10,100,3.6e-07,1,6.96263e-07
0.7999999999999999,3.663636363636364e-14,2e-10,125,3.6e-07,1,6.85797e-07
0.7999999999999999,3.663636363636364e-14,4e-10,-40,1.8e-07,1,8.79842e-07
0.7999999999999999,3.663636363636364e-14,4e-10,-40,3.6e-07,1,8.71522e-07
0.7999999999999999,3.663636363636364e-14,4e-10,-25,1.8e-07,1,8.5742e-07
0.7999999999999999,3.663636363636364e-14,4e-10,-25,3.6e-07,1,8.60845e-07
0.7999999999999999,3.663636363636364e-14,4e-10,0,1.8e-07,1,8.24786e-07
0.7999999999999999,3.663636363636364e-14,4e-10,0,3.6e-07,1,8.35638e-07
0.7999999999999999,3.663636363636364e-14,4e-10,25,1.8e-07,1,7.94658e-07
0.7999999999999999,3.663636363636364e-14,4e-10,75,1.8e-07,1,7.50704e-07
0.7999999999999999,3.663636363636364e-14,4e-10,100,3.6e-07,1,7.57758e-07
0.7999999999999999,3.663636363636364e-14,4e-10,125,1.8e-07,1,7.20812e-07
0.7999999999999999,3.663636363636364e-14,4e-10,125,3.6e-07,1,7.42091e-07
0.7999999999999999,4.109090909090909e-14,1e-11,-40,1.8e-07,1,6.89866e-07
0.7999999999999999,4.109090909090909e-14,1e-11,-40,3.6e-07,1,6.96811e-07
0.7999999999999999,4.109090909090909e-14,1e-11,-25,1.8e-07,1,6.87866e-07
0.7999999999999999,4.109090909090909e-14,1e-11,0,1.8e-07,1,6.8465e-07
0.7999999999999999,4.109090909090909e-14,1e-11,0,3.6e-07,1,7.06088e-07
0.7999999999999999,4.109090909090909e-14,1e-11,25,3.6e-07,1,7.15216e-07
0.7999999999999999,4.109090909090909e-14,1e-11,75,1.8e-07,1,6.78791e-07
0.7999999999999999,4.109090909090909e-14,1e-11,75,3.6e-07,1,7.00716e-07
0.7999999999999999,4.109090909090909e-14,1e-11,100,3.6e-07,1,6.97113e-07
0.7999999999999999,4.109090909090909e-14,1e-11,125,1.8e-07,1,6.77707e-07
0.7999999999999999,4.109090909090909e-14,1e-11,125,3.6e-07,1,6.94857e-07
0.7999999999999999,4.109090909090909e-14,5e-11,-40,3.6e-07,1,7.32798e-07
0.7999999999999999,4.109090909090909e-14,5e-11,-25,3.6e-07,1,7.3965e-07
0.7999999999999999,4.109090909090909e-14,5e-11,0,1.8e-07,1,7.07753e-07
0.7999999999999999,4.109090909090909e-14,5e-11,25,1.8e-07,1,7.01793e-07
0.7999999999999999,4.109090909090909e-14,5e-11,25,3.6e-07,1,7.37181e-07
0.7999999999999999,4.109090909090909e-14,5e-11,75,3.6e-07,1,7.17487e-07
0.7999999999999999,4.109090909090909e-14,5e-11,100,1.8e-07,1,6.93472e-07
0.7999999999999999,4.109090909090909e-14,5e-11,125,1.8e-07,1,6.9143e-07
0.7999999999999999,4.109090909090909e-14,1e-10,-40,1.8e-07,1,7.55676e-07
0.7999999999999999,4.109090909090909e-14,1e-10,-40,3.6e-07,1,7.75379e-07
0.7999999999999999,4.109090909090909e-14,1e-10,0,1.8e-07,1,7.39613e-07
0.7999999999999999,4.109090909090909e-14,1e-10,0,3.6e-07,1,7.63287e-07
0.7999999999999999,4.109090909090909e-14,1e-10,25,3.6e-07,1,7.60774e-07
0.7999999999999999,4.109090909090909e-14,1e-10,75,1.8e-07,1,7.13796e-07
0.7999999999999999,4.109090909090909e-14,1e-10,100,1.8e-07,1,7.08761e-07
0.7999999999999999,4.109090909090909e-14,1e-10,100,3.6e-07,1,7.28166e-07
0.7999999999999999,4.109090909090909e-14,1e-10,125,3.6e-07,1,7.22473e-07
0.7999999999999999,4.109090909090909e-14,2e-10,-40,1.8e-07,1,8.33075e-07
0.7999999999999999,4.109090909090909e-14,2e-10,-40,3.6e-07,1,8.42137e-07
0.7999999999999999,4.109090909090909e-14,2e-10,-25,1.8e-07,1,8.20343e-07
0.7999999999999999,4.109090909090909e-14,2e-10,0,1.8e-07,1,7.95869e-07
0.7999999999999999,4.109090909090909e-14,2e-10,25,1.8e-07,1,7.7712e-07
0.7999999999999999,4.109090909090909e-14,2e-10,25,3.6e-07,1,8.06847e-07
0.7999999999999999,4.109090909090909e-14,2e-10,75,3.6e-07,1,7.78822e-07
0.7999999999999999,4.109090909090909e-14,2e-10,100,3.6e-07,1,7.65276e-07
0.7999999999999999,4.109090909090909e-14,2e-10,125,1.8e-07,1,7.3399e-07
0.7999999999999999,4.109090909090909e-14,2e-10,125,3.6e-07,1,7.55209e-07
0.7999999999999999,4.109090909090909e-14,4e-10,-40,1.8e-07,1,9.48488e-07
0.7999999999999999,4.109090909090909e-14,4e-10,-40,3.6e-07,1,9.38954e-07
0.7999999999999999,4.109090909090909e-14,4e-10,-25,1.8e-07,1,9.28475e-07
0.7999999999999999,4.109090909090909e-14,4e-10,25,1.8e-07,1,8.64487e-07
0.7999999999999999,4.109090909090909e-14,4e-10,25,3.6e-07,1,8.94468e-07
0.7999999999999999,4.109090909090909e-14,4e-10,75,1.8e-07,1,8.21298e-07
0.7999999999999999,4.109090909090909e-14,4e-10,75,3.6e-07,1,8.46275e-07
0.7999999999999999,4.109090909090909e-14,4e-10,100,3.6e-07,1,8.28195e-07
0.7999999999999999,4.109090909090909e-14,4e-10,125,1.8e-07,1,7.92141e-07
0.7999999999999999,4.109090909090909e-14,4e-10,125,3.6e-07,1,8.11923e-07
0.7999999999999999,4.5545454545454544e-14,1e-11,0,1.8e-07,1,7.54868e-07
0.7999999999999999,4.5545454545454544e-14,1e-11,25,3.6e-07,1,7.83312e-07
0.7999999999999999,4.5545454545454544e-14,1e-11,75,1.8e-07,1,7.49654e-07
0.7999999999999999,4.5545454545454544e-14,1e-11,100,1.8e-07,1,7.48989e-07
0.7999999999999999,4.5545454545454544e-14,1e-11,100,3.6e-07,1,7.67051e-07
0.7999999999999999,4.5545454545454544e-14,1e-11,125,1.8e-07,1,7.48747e-07
0.7999999999999999,4.5545454545454544e-14,1e-11,125,3.6e-07,1,7.65149e-07
0.7999999999999999,4.5545454545454544e-14,5e-11,-40,1.8e-07,1,7.89923e-07
0.7999999999999999,4.5545454545454544e-14,5e-11,-25,1.8e-07,1,7.84578e-07
0.7999999999999999,4.5545454545454544e-14,5e-11,-25,3.6e-07,1,8.03912e-07
0.7999999999999999,4.5545454545454544e-14,5e-11,0,1.8e-07,1,7.77938e-07
0.7999999999999999,4.5545454545454544e-14,5e-11,0,3.6e-07,1,8.13677e-07
0.7999999999999999,4.5545454545454544e-14,5e-11,100,1.8e-07,1,7.64382e-07
0.7999999999999999,4.5545454545454544e-14,5e-11,100,3.6e-07,1,7.8019e-07
0.7999999999999999,4.5545454545454544e-14,5e-11,125,1.8e-07,1,7.62411e-07
0.7999999999999999,4.5545454545454544e-14,1e-10,-40,1.8e-07,1,8.24318e-07
0.7999999999999999,4.5545454545454544e-14,1e-10,-25,1.8e-07,1,8.20002e-07
0.7999999999999999,4.5545454545454544e-14,1e-10,25,1.8e-07,1,8.00159e-07
0.7999999999999999,4.5545454545454544e-14,1e-10,75,1.8e-07,1,7.84558e-07
0.7999999999999999,4.5545454545454544e-14,1e-10,75,3.6e-07,1,8.05324e-07
0.7999999999999999,4.5545454545454544e-14,1e-10,100,1.8e-07,1,7.79273e-07
0.7999999999999999,4.5545454545454544e-14,1e-10,125,1.8e-07,1,7.76319e-07
0.7999999999999999,4.5545454545454544e-14,1e-10,125,3.6e-07,1,7.92603e-07
0.7999999999999999,4.5545454545454544e-14,2e-10,-40,3.6e-07,1,9.18403e-07
0.7999999999999999,4.5545454545454544e-14,2e-10,-25,1.8e-07,1,8.87066e-07
0.7999999999999999,4.5545454545454544e-14,2e-10,0,3.6e-07,1,8.78364e-07
0.7999999999999999,4.5545454545454544e-14,2e-10,25,3.6e-07,1,8.85592e-07
0.7999999999999999,4.5545454545454544e-14,2e-10,75,3.6e-07,1,8.47636e-07
0.7999999999999999,4.5545454545454544e-14,2e-10,100,1.8e-07,1,8.1201e-07
0.7999999999999999,4.5545454545454544e-14,2e-10,125,1.8e-07,1,8.04819e-07
0.7999999999999999,4.5545454545454544e-14,2e-10,125,3.6e-07,1,8.20359e-07
0.7999999999999999,4.5545454545454544e-14,4e-10,-40,1.8e-07,1,1.019e-06
0.7999999999999999,4.5545454545454544e-14,4e-10,-40,3.6e-07,1,1.02493e-06
0.7999999999999999,4.5545454545454544e-14,4e-10,-25,1.8e-07,1,9.9417e-07
0.7999999999999999,4.5545454545454544e-14,4e-10,-25,3.6e-07,1,1.00313e-06
0.7999999999999999,4.5545454545454544e-14,4e-10,0,3.6e-07,1,9.86886e-07
0.7999999999999999,4.5545454545454544e-14,4e-10,25,3.6e-07,1,9.70883e-07
0.7999999999999999,4.5545454545454544e-14,4e-10,75,1.8e-07,1,8.91993e-07
0.7999999999999999,4.5545454545454544e-14,4e-10,75,3.6e-07,1,9.15903e-07
0.7999999999999999,4.5545454545454544e-14,4e-10,100,1.8e-07,1,8.77106e-07
0.7999999999999999,4.5545454545454544e-14,4e-10,100,3.6e-07,1,8.96949e-07
0.7999999999999999,5e-14,1e-11,-40,1.8e-07,1,8.29668e-07
0.7999999999999999,5e-14,1e-11,-40,3.6e-07,1,8.51847e-07
0.7999999999999999,5e-14,1e-11,-25,1.8e-07,1,8.27992e-07
0.7999999999999999,5e-14,1e-11,-25,3.6e-07,1,8.52796e-07
0.7999999999999999,5e-14,1e-11,0,3.6e-07,1,8.59704e-07
0.7999999999999999,5e-14,1e-11,25,1.8e-07,1,8.23481e-07
0.7999999999999999,5e-14,1e-11,75,1.8e-07,1,8.20645e-07
0.7999999999999999,5e-14,1e-11,75,3.6e-07,1,8.40096e-07
0.7999999999999999,5e-14,1e-11,100,1.8e-07,1,8.19987e-07
0.7999999999999999,5e-14,1e-11,125,1.8e-07,1,8.19786e-07
0.7999999999999999,5e-14,1e-11,125,3.6e-07,1,8.35512e-07
0.7999999999999999,5e-14,5e-11,-40,1.8e-07,1,8.59063e-07
0.7999999999999999,5e-14,5e-11,-25,1.8e-07,1,8.55021e-07
0.7999999999999999,5e-14,5e-11,-25,3.6e-07,1,8.76351e-07
0.7999999999999999,5e-14,5e-11,0,1.8e-07,1,8.48137e-07
0.7999999999999999,5e-14,5e-11,25,1.8e-07,1,8.42737e-07
0.7999999999999999,5e-14,5e-11,75,1.8e-07,1,8.38005e-07
0.7999999999999999,5e-14,5e-11,75,3.6e-07,1,8.5654e-07
0.7999999999999999,5e-14,5e-11,100,3.6e-07,1,8.51328e-07
0.7999999999999999,5e-14,5e-11,125,3.6e-07,1,8.48005e-07
0.7999999999999999,5e-14,1e-10,-40,3.6e-07,1,9.13549e-07
0.7999999999999999,5e-14,1e-10,-25,1.8e-07,1,8.90059e-07
0.7999999999999999,5e-14,1e-10,-25,3.6e-07,1,9.101e-07
0.7999999999999999,5e-14,1e-10,0,3.6e-07,1,9.06271e-07
0.7999999999999999,5e-14,1e-10,25,1.8e-07,1,8.70545e-07
0.7999999999999999,5e-14,1e-10,25,3.6e-07,1,8.99719e-07
0.7999999999999999,5e-14,1e-10,75,3.6e-07,1,8.74936e-07
0.7999999999999999,5e-14,1e-10,100,1.8e-07,1,8.50529e-07
0.7999999999999999,5e-14,1e-10,100,3.6e-07,1,8.6788e-07
0.7999999999999999,5e-14,1e-10,125,1.8e-07,1,8.47273e-07
0.7999999999999999,5e-14,2e-10,-40,1.8e-07,1,9.70241e-07
0.7999999999999999,5e-14,2e-10,-40,3.6e-07,1,9.84404e-07
0.7999999999999999,5e-14,2e-10,-25,1.8e-07,1,9.55614e-07
0.7999999999999999,5e-14,2e-10,-25,3.6e-07,1,9.80418e-07
0.7999999999999999,5e-14,2e-10,0,1.8e-07,1,9.34579e-07
0.7999999999999999,5e-14,2e-10,25,1.8e-07,1,9.1726e-07
0.7999999999999999,5e-14,2e-10,25,3.6e-07,1,9.51426e-07
0.7999999999999999,5e-14,2e-10,75,1.8e-07,1,8.88844e-07
0.7999999999999999,5e-14,2e-10,75,3.6e-07,1,9.16793e-07
0.7999999999999999,5e-14,2e-10,100,1.8e-07,1,8.82801e-07
0.7999999999999999,5e-14,2e-10,125,1.8e-07,1,8.75728e-07
0.7999999999999999,5e-14,2e-10,125,3.6e-07,1,8.93772e-07
0.7999999999999999,5e-14,4e-10,-40,1.8e-07,1,1.08903e-06
0.7999999999999999,5e-14,4e-10,-40,3.6e-07,1,1.09205e-06
0.7999999999999999,5e-14,4e-10,-25,1.8e-07,1,1.06707e-06
0.7999999999999999,5e-14,4e-10,-25,3.6e-07,1,1.07906e-06
0.7999999999999999,5e-14,4e-10,0,1.8e-07,1,1.03251e-06
0.7999999999999999,5e-14,4e-10,0,3.6e-07,1,1.06969e-06
0.7999999999999999,5e-14,4e-10,25,3.6e-07,1,1.0392e-06
0.7999999999999999,5e-14,4e-10,75,1.8e-07,1,9.62872e-07
0.7999999999999999,5e-14,4e-10,100,1.8e-07,1,9.48099e-07
0.7999999999999999,5e-14,4e-10,125,1.8e-07,1,9.34054e-07
0.8999999999999999,1e-15,1e-11,-40,3.6e-07,1,6.05739e-08
0.8999999999999999,1e-15,1e-11,0,1.8e-07,1,4.92485e-08
0.8999999999999999,1e-15,1e-11,0,3.6e-07,1,5.99354e-08
0.8999999999999999,1e-15,1e-11,25,1.8e-07,1,4.93562e-08
0.8999999999999999,1e-15,1e-11,25,3.6e-07,1,5.95374e-08
0.8999999999999999,1e-15,1e-11,75,1.8e-07,1,4.85893e-08
0.8999999999999999,1e-15,1e-11,75,3.6e-07,1,5.97578e-08
0.8999999999999999,1e-15,1e-11,100,1.8e-07,1,4.89806e-08
0.8999999999999999,1e-15,1e-11,100,3.6e-07,1,6.06522e-08
0.8999999999999999,1e-15,1e-11,125,3.6e-07,1,6.28229e-08
0.8999999999999999,1e-15,5e-11,-40,1.8e-07,1,6.31419e-08
0.8999999999999999,1e-15,5e-11,-25,3.6e-07,1,7.84606e-08
0.8999999999999999,1e-15,5e-11,0,1.8e-07,1,6.98969e-08
0.8999999999999999,1e-15,5e-11,0,3.6e-07,1,7.8344e-08
0.8999999999999999,1e-15,5e-11,25,1.8e-07,1,6.78882e-08
0.8999999999999999,1e-15,5e-11,25,3.6e-07,1,7.98237e-08
0.8999999999999999,1e-15,5e-11,75,1.8e-07,1,6.94621e-08
0.8999999999999999,1e-15,5e-11,75,3.6e-07,1,7.6893e-08
0.8999999999999999,1e-15,5e-11,100,1.8e-07,1,6.77667e-08
0.8999999999999999,1e-15,5e-11,100,3.6e-07,1,7.74176e-08
0.8999999999999999,1e-15,1e-10,-40,1.8e-07,1,5.95151e-08
0.8999999999999999,1e-15,1e-10,-40,3.6e-07,1,8.45248e-08
0.8999999999999999,1e-15,1e-10,-25,1.8e-07,1,6.34697e-08
0.8999999999999999,1e-15,1e-10,-25,3.6e-07,1,8.24968e-08
0.8999999999999999,1e-15,1e-10,0,1.8e-07,1,6.58908e-08
0.8999999999999999,1e-15,1e-10,0,3.6e-07,1,8.54868e-08
0.8999999999999999,1e-15,1e-10,25,1.8e-07,1,6.20547e-08
0.8999999999999999,1e-15,1e-10,75,1.8e-07,1,6.86588e-08
0.8999999999999999,1e-15,1e-10,75,3.6e-07,1,8.58125e-08
0.8999999999999999,1e-15,1e-10,100,3.6e-07,1,8.173e-08
0.8999999999999999,1e-15,1e-10,125,1.8e-07,1,7.25854e-08
0.8999999999999999,1e-15,1e-10,125,3.6e-07,1,8.09361e-08
0.8999999999999999,1e-15,2e-10,-40,3.6e-07,1,9.06409e-08
0.8999999999999999,1e-15,2e-10,-25,1.8e-07,1,7.57692e-08
0.8999999999999999,1e-15,2e-10,0,3.6e-07,1,9.33718e-08
0.8999999999999999,1e-15,2e-10,25,1.8e-07,1,7.23577e-08
0.8999999999999999,1e-15,2e-10,25,3.6e-07,1,8.66411e-08
0.8999999999999999,1e-15,2e-10,75,1.8e-07,1,6.68696e-08
0.8999999999999999,1e-15,2e-10,75,3.6e-07,1,8.94554e-08
0.8999999999999999,1e-15,2e-10,100,1.8e-07,1,6.64239e-08
0.8999999999999999,1e-15,2e-10,125,1.8e-07,1,6.9892e-08
0.8999999999999999,1e-15,2e-10,125,3.6e-07,1,9.02304e-08
0.8999999999999999,1e-15,4e-10,-40,1.8e-07,1,7.45281e-08
0.8999999999999999,1e-15,4e-10,-40,3.6e-07,1,8.56477e-08
0.8999999999999999,1e-15,4e-10,-25,1.8e-07,1,7.47536e-08
0.8999999999999999,1e-15,4e-10,-25,3.6e-07,1,9.10124e-08
0.8999999999999999,1e-15,4e-10,0,1.8e-07,1,6.83133e-08
0.8999999999999999,1e-15,4e-10,0,3.6e-07,1,9.70926e-08
0.8999999999999999,1e-15,4e-10,25,1.8e-07,1,6.91776e-08
0.8999999999999999,1e-15,4e-10,75,1.8e-07,1,7.27597e-08
0.8999999999999999,1e-15,4e-10,75,3.6e-07,1,9.52163e-08
0.8999999999999999,1e-15,4e-10,100,3.6e-07,1,9.121e-08
0.8999999999999999,1e-15,4e-10,125,1.8e-07,1,8.40437e-08
0.8999999999999999,1e-15,4e-10,125,3.6e-07,1,8.79121e-08
0.8999999999999999,5.454545454545455e-15,1e-11,-40,1.8e-07,1,1.46438e-07
0.8999999999999999,5.454545454545455e-15,1e-11,-40,3.6e-07,1,1.5366e-07
0.8999999999999999,5.454545454545455e-15,1e-11,-25,3.6e-07,1,1.54862e-07
0.8999999999999999,5.454545454545455e-15,1e-11,0,1.8e-07,1,1.44501e-07
0.8999999999999999,5.454545454545455e-15,1e-11,0,3.6e-07,1,1.56965e-07
0.8999999999999999,5.454545454545455e-15,1e-11,25,3.6e-07,1,1.54973e-07
0.8999999999999999,5.454545454545455e-15,1e-11,75,3.6e-07,1,1.56366e-07
0.8999999999999999,5.454545454545455e-15,1e-11,100,1.8e-07,1,1.43064e-07
0.8999999999999999,5.454545454545455e-15,1e-11,125,1.8e-07,1,1.43678e-07
0.8999999999999999,5.454545454545455e-15,1e-11,125,3.6e-07,1,1.56268e-07
0.8999999999999999,5.454545454545455e-15,5e-11,-40,1.8e-07,1,1.84133e-07
0.8999999999999999,5.454545454545455e-15,5e-11,-40,3.6e-07,1,1.91666e-07
0.8999999999999999,5.454545454545455e-15,5e-11,-25,1.8e-07,1,1.79998e-07
0.8999999999999999,5.454545454545455e-15,5e-11,-25,3.6e-07,1,1.88612e-07
0.8999999999999999,5.454545454545455e-15,5e-11,0,1.8e-07,1,1.80507e-07
0.8999999999999999,5.454545454545455e-15,5e-11,25,1.8e-07,1,1.77281e-07
0.8999999999999999,5.454545454545455e-15,5e-11,25,3.6e-07,1,1.80774e-07
0.8999999999999999,5.454545454545455e-15,5e-11,75,1.8e-07,1,1.7104e-07
0.8999999999999999,5.454545454545455e-15,5e-11,75,3.6e-07,1,1.79893e-07
0.8999999999999999,5.454545454545455e-15,5e-11,100,1.8e-07,1,1.69364e-07
0.8999999999999999,5.454545454545455e-15,5e-11,100,3.6e-07,1,1.77179e-07
0.8999999999999999,5.454545454545455e-15,5e-11,125,1.8e-07,1,1.6915e-07
0.8999999999999999,5.454545454545455e-15,1e-10,-40,1.8e-07,1,2.27129e-07
0.8999999999999999,5.454545454545455e-15,1e-10,-25,3.6e-07,1,2.2552e-07
0.8999999999999999,5.454545454545455e-15,1e-10,0,1.8e-07,1,2.15097e-07
0.8999999999999999,5.454545454545455e-15,1e-10,0,3.6e-07,1,2.22454e-07
0.8999999999999999,5.454545454545455e-15,1e-10,25,1.8e-07,1,2.0885e-07
0.8999999999999999,5.454545454545455e-15,1e-10,75,1.8e-07,1,1.94777e-07
0.8999999999999999,5.454545454545455e-15,1e-10,75,3.6e-07,1,2.02029e-07
0.8999999999999999,5.454545454545455e-15,1e-10,100,1.8e-07,1,1.94884e-07
0.8999999999999999,5.454545454545455e-15,1e-10,100,3.6e-07,1,1.97841e-07
0.8999999999999999,5.454545454545455e-15,1e-10,125,3.6e-07,1,1.95698e-07
0.8999999999999999,5.454545454545455e-15,2e-10,-40,1.8e-07,1,2.49122e-07
0.8999999999999999,5.454545454545455e-15,2e-10,-40,3.6e-07,1,2.66498e-07
0.8999999999999999,5.454545454545455e-15,2e-10,-25,1.8e-07,1,2.52915e-07
0.8999999999999999,5.454545454545455e-15,2e-10,-25,3.6e-07,1,2.64314e-07
0.8999999999999999,5.454545454545455e-15,2e-10,0,1.8e-07,1,2.63229e-07
0.8999999999999999,5.454545454545455e-15,2e-10,25,1.8e-07,1,2.5432e-07
0.8999999999999999,5.454545454545455e-15,2e-10,25,3.6e-07,1,2.54247e-07
0.8999999999999999,5.454545454545455e-15,2e-10,75,1.8e-07,1,2.42031e-07
0.8999999999999999,5.454545454545455e-15,2e-10,100,3.6e-07,1,2.42575e-07
0.8999999999999999,5.454545454545455e-15,2e-10,125,3.6e-07,1,2.36807e-07
0.8999999999999999,5.454545454545455e-15,4e-10,-40,1.8e-07,1,2.58596e-07
0.8999999999999999,5.454545454545455e-15,4e-10,-25,1.8e-07,1,2.38309e-07
0.8999999999999999,5.454545454545455e-15,4e-10,0,1.8e-07,1,2.5229e-07
0.8999999999999999,5.454545454545455e-15,4e-10,0,3.6e-07,1,2.6485e-07
0.8999999999999999,5.454545454545455e-15,4e-10,25,1.8e-07,1,2.57092e-07
0.8999999999999999,5.454545454545455e-15,4e-10,25,3.6e-07,1,2.70431e-07
0.8999999999999999,5.454545454545455e-15,4e-10,75,3.6e-07,1,2.66219e-07
0.8999999999999999,5.454545454545455e-15,4e-10,100,3.6e-07,1,2.68366e-07
0.8999999999999999,5.454545454545455e-15,4e-10,125,1.8e-07,1,2.65996e-07
0.8999999999999999,5.454545454545455e-15,4e-10,125,3.6e-07,1,2.6833e-07
0.8999999999999999,9.909090909090907e-15,1e-11,-40,1.8e-07,1,2.35677e-07
0.8999999999999999,9.909090909090907e-15,1e-11,-40,3.6e-07,1,2.46955e-07
0.8999999999999999,9.909090909090907e-15,1e-11,-25,3.6e-07,1,2.45737e-07
0.8999999999999999,9.909090909090907e-15,1e-11,0,3.6e-07,1,2.47647e-07
0.8999999999999999,9.909090909090907e-15,1e-11,25,1.8e-07,1,2.35106e-07
0.8999999999999999,9.909090909090907e-15,1e-11,75,1.8e-07,1,2.36442e-07
0.8999999999999999,9.909090909090907e-15,1e-11,75,3.6e-07,1,2.48797e-07
0.8999999999999999,9.909090909090907e-15,1e-11,100,1.8e-07,1,2.39117e-07
0.8999999999999999,9.909090909090907e-15,1e-11,100,3.6e-07,1,2.51517e-07
0.8999999999999999,9.909090909090907e-15,1e-11,125,3.6e-07,1,2.48933e-07
0.8999999999999999,9.909090909090907e-15,5e-11,-40,3.6e-07,1,2.83356e-07
0.8999999999999999,9.909090909090907e-15,5e-11,-25,1.8e-07,1,2.74345e-07
0.8999999999999999,9.909090909090907e-15,5e-11,0,1.8e-07,1,2.69969e-07
0.8999999999999999,9.909090909090907e-15,5e-11,0,3.6e-07,1,2.79847e-07
0.8999999999999999,9.909090909090907e-15,5e-11,25,1.8e-07,1,2.69921e-07
0.8999999999999999,9.909090909090907e-15,5e-11,25,3.6e-07,1,2.79805e-07
0.8999999999999999,9.909090909090907e-15,5e-11,75,1.8e-07,1,2.64977e-07
0.8999999999999999,9.909090909090907e-15,5e-11,75,3.6e-07,1,2.72885e-07
0.8999999999999999,9.909090909090907e-15,5e-11,100,1.8e-07,1,2.62485e-07
0.8999999999999999,9.909090909090907e-15,5e-11,125,1.8e-07,1,2.62486e-07
0.8999999999999999,9.909090909090907e-15,5e-11,125,3.6e-07,1,2.71174e-07
0.8999999999999999,9.909090909090907e-15,1e-10,-40,1.8e-07,1,3.26348e-07
0.8999999999999999,9.909090909090907e-15,1e-10,-25,1.8e-07,1,3.25522e-07
0.8999999999999999,9.909090909090907e-15,1e-10,0,1.8e-07,1,3.14026e-07
0.8999999999999999,9.909090909090907e-15,1e-10,0,3.6e-07,1,3.20239e-07
0.8999999999999999,9.909090909090907e-15,1e-10,25,3.6e-07,1,3.14498e-07
0.8999999999999999,9.909090909090907e-15,1e-10,75,3.6e-07,1,3.01224e-07
0.8999999999999999,9.909090909090907e-15,1e-10,100,1.8e-07,1,2.88805e-07
0.8999999999999999,9.909090909090907e-15,1e-10,125,3.6e-07,1,2.89431e-07
0.8999999999999999,9.909090909090907e-15,2e-10,-40,1.8e-07,1,4.11206e-07
0.8999999999999999,9.909090909090907e-15,2e-10,-25,1.8e-07,1,3.96516e-07
0.8999999999999999,9.909090909090907e-15,2e-10,25,1.8e-07,1,3.72987e-07
0.8999999999999999,9.909090909090907e-15,2e-10,75,1.8e-07,1,3.45668e-07
0.8999999999999999,9.909090909090907e-15,2e-10,125,1.8e-07,1,3.28112e-07
0.8999999999999999,9.909090909090907e-15,2e-10,125,3.6e-07,1,3.36774e-07
0.8999999999999999,9.909090909090907e-15,4e-10,-40,1.8e-07,1,4.30045e-07
0.8999999999999999,9.909090909090907e-15,4e-10,-40,3.6e-07,1,4.64623e-07
0.8999999999999999,9.909090909090907e-15,4e-10,-25,1.8e-07,1,4.37478e-07
0.8999999999999999,9.909090909090907e-15,4e-10,0,1.8e-07,1,4.39152e-07
0.8999999999999999,9.909090909090907e-15,4e-10,0,3.6e-07,1,4.4829e-07
0.8999999999999999,9.909090909090907e-15,4e-10,25,1.8e-07,1,4.43141e-07
0.8999999999999999,9.909090909090907e-15,4e-10,25,3.6e-07,1,4.32492e-07
0.8999999999999999,9.909090909090907e-15,4e-10,75,1.8e-07,1,4.30116e-07
0.8999999999999999,9.909090909090907e-15,4e-10,75,3.6e-07,1,4.16453e-07
0.8999999999999999,9.909090909090907e-15,4e-10,100,3.6e-07,1,4.14783e-07
0.8999999999999999,9.909090909090907e-15,4e-10,125,1.8e-07,1,4.06834e-07
0.8999999999999999,1.436363636363636e-14,1e-11,-40,1.8e-07,1,3.25071e-07
0.8999999999999999,1.436363636363636e-14,1e-11,-25,3.6e-07,1,3.37333e-07
0.8999999999999999,1.436363636363636e-14,1e-11,0,3.6e-07,1,3.37809e-07
0.8999999999999999,1.436363636363636e-14,1e-11,25,1.8e-07,1,3.25554e-07
0.8999999999999999,1.436363636363636e-14,1e-11,100,1.8e-07,1,3.30855e-07
0.8999999999999999,1.436363636363636e-14,1e-11,100,3.6e-07,1,3.44144e-07
0.8999999999999999,1.436363636363636e-14,1e-11,125,1.8e-07,1,3.29042e-07
0.8999999999999999,1.436363636363636e-14,1e-11,125,3.6e-07,1,3.45224e-07
0.8999999999999999,1.436363636363636e-14,5e-11,-40,3.6e-07,1,3.74922e-07
0.8999999999999999,1.436363636363636e-14,5e-11,-25,3.6e-07,1,3.79545e-07
0.8999999999999999,1.436363636363636e-14,5e-11,0,1.8e-07,1,3.63935e-07
0.8999999999999999,1.436363636363636e-14,5e-11,25,1.8e-07,1,3.59595e-07
0.8999999999999999,1.436363636363636e-14,5e-11,25,3.6e-07,1,3.76087e-07
0.8999999999999999,1.436363636363636e-14,5e-11,75,1.8e-07,1,3.58743e-07
0.8999999999999999,1.436363636363636e-14,5e-11,100,1.8e-07,1,3.58064e-07
0.8999999999999999,1.436363636363636e-14,5e-11,100,3.6e-07,1,3.62212e-07
0.8999999999999999,1.436363636363636e-14,5e-11,125,1.8e-07,1,3.52095e-07
0.8999999999999999,1.436363636363636e-14,5e-11,125,3.6e-07,1,3.64367e-07
0.8999999999999999,1.436363636363636e-14,1e-10,-40,1.8e-07,1,4.19371e-07
0.8999999999999999,1.436363636363636e-14,1e-10,-25,1.8e-07,1,4.10516e-07
0.8999999999999999,1.436363636363636e-14,1e-10,-25,3.6e-07,1,4.22477e-07
0.8999999999999999,1.436363636363636e-14,1e-10,0,3.6e-07,1,4.1869e-07
0.8999999999999999,1.436363636363636e-14,1e-10,25,3.6e-07,1,4.07562e-07
0.8999999999999999,1.436363636363636e-14,1e-10,75,1.8e-07,1,3.87773e-07
0.8999999999999999,1.436363636363636e-14,1e-10,75,3.6e-07,1,3.938e-07
0.8999999999999999,1.436363636363636e-14,1e-10,100,1.8e-07,1,3.85748e-07
0.8999999999999999,1.436363636363636e-14,1e-10,125,1.8e-07,1,3.76862e-07
0.8999999999999999,1.436363636363636e-14,2e-10,-40,1.8e-07,1,5.14054e-07
0.8999999999999999,1.436363636363636e-14,2e-10,-40,3.6e-07,1,4.87655e-07
0.8999999999999999,1.436363636363636e-14,2e-10,-25,1.8e-07,1,5.04458e-07
0.8999999999999999,1.436363636363636e-14,2e-10,-25,3.6e-07,1,4.87239e-07
0.8999999999999999,1.436363636363636e-14,2e-10,0,1.8e-07,1,4.91397e-07
0.8999999999999999,1.436363636363636e-14,2e-10,0,3.6e-07,1,4.85816e-07
0.8999999999999999,1.436363636363636e-14,2e-10,25,1.8e-07,1,4.70335e-07
0.8999999999999999,1.436363636363636e-14,2e-10,25,3.6e-07,1,4.77785e-07
0.8999999999999999,1.436363636363636e-14,2e-10,75,1.8e-07,1,4.4355e-07
0.8999999999999999,1.436363636363636e-14,2e-10,75,3.6e-07,1,4.56008e-07
0.8999999999999999,1.436363636363636e-14,2e-10,100,3.6e-07,1,4.34807e-07
0.8999999999999999,1.436363636363636e-14,2e-10,125,1.8e-07,1,4.22562e-07
0.8999999999999999,1.436363636363636e-14,2e-10,125,3.6e-07,1,4.28665e-07
0.8999999999999999,1.436363636363636e-14,4e-10,-25,1.8e-07,1,6.22467e-07
0.8999999999999999,1.436363636363636e-14,4e-10,0,1.8e-07,1,6.06134e-07
0.8999999999999999,1.436363636363636e-14,4e-10,0,3.6e-07,1,5.96527e-07
0.8999999999999999,1.436363636363636e-14,4e-10,25,1.8e-07,1,5.89146e-07
0.8999999999999999,1.436363636363636e-14,4e-10,75,1.8e-07,1,5.45144e-07
0.8999999999999999,1.436363636363636e-14,4e-10,75,3.6e-07,1,5.48328e-07
0.8999999999999999,1.436363636363636e-14,4e-10,100,1.8e-07,1,5.25971e-07
0.8999999999999999,1.436363636363636e-14,4e-10,100,3.6e-07,1,5.32809e-07
0.8999999999999999,1.436363636363636e-14,4e-10,125,3.6e-07,1,5.16736e-07
0.8999999999999999,1.8818181818181816e-14,1e-11,-40,3.6e-07,1,4.28896e-07
0.8999999999999999,1.8818181818181816e-14,1e-11,-25,1.8e-07,1,4.1935e-07
0.8999999999999999,1.8818181818181816e-14,1e-11,-25,3.6e-07,1,4.32121e-07
0.8999999999999999,1.8818181818181816e-14,1e-11,0,1.8e-07,1,4.21598e-07
0.8999999999999999,1.8818181818181816e-14,1e-11,25,1.8e-07,1,4.20971e-07
0.8999999999999999,1.8818181818181816e-14,1e-11,75,3.6e-07,1,4.35223e-07
0.8999999999999999,1.8818181818181816e-14,1e-11,100,1.8e-07,1,4.18333e-07
0.8999999999999999,1.8818181818181816e-14,5e-11,-40,1.8e-07,1,4.60676e-07
0.8999999999999999,1.8818181818181816e-14,5e-11,-25,1.8e-07,1,4.593e-07
0.8999999999999999,1.8818181818181816e-14,5e-11,-25,3.6e-07,1,4.72766e-07
0.8999999999999999,1.8818181818181816e-14,5e-11,0,1.8e-07,1,4.56172e-07
0.8999999999999999,1.8818181818181816e-14,5e-11,0,3.6e-07,1,4.64376e-07
0.8999999999999999,1.8818181818181816e-14,5e-11,25,3.6e-07,1,4.63685e-07
0.8999999999999999,1.8818181818181816e-14,5e-11,75,1.8e-07,1,4.52028e-07
0.8999999999999999,1.8818181818181816e-14,5e-11,100,1.8e-07,1,4.44369e-07
0.8999999999999999,1.8818181818181816e-14,5e-11,100,3.6e-07,1,4.61161e-07
0.8999999999999999,1.8818181818181816e-14,5e-11,125,3.6e-07,1,4.60036e-07
0.8999999999999999,1.8818181818181816e-14,1e-10,-40,1.8e-07,1,5.13889e-07
0.8999999999999999,1.8818181818181816e-14,1e-10,-25,1.8e-07,1,5.0567e-07
0.8999999999999999,1.8818181818181816e-14,1e-10,0,3.6e-07,1,5.06276e-07
0.8999999999999999,1.8818181818181816e-14,1e-10,25,3.6e-07,1,4.99783e-07
0.8999999999999999,1.8818181818181816e-14,1e-10,100,1.8e-07,1,4.71699e-07
0.8999999999999999,1.8818181818181816e-14,1e-10,100,3.6e-07,1,4.89138e-07
0.8999999999999999,1.8818181818181816e-14,1e-10,125,1.8e-07,1,4.6306e-07
0.8999999999999999,1.8818181818181816e-14,1e-10,125,3.6e-07,1,4.84924e-07
0.8999999999999999,1.8818181818181816e-14,2e-10,-40,1.8e-07,1,6.14223e-07
0.8999999999999999,1.8818181818181816e-14,2e-10,-40,3.6e-07,1,5.9781e-07
0.8999999999999999,1.8818181818181816e-14,2e-10,-25,1.8e-07,1,6.00783e-07
0.8999999999999999,1.8818181818181816e-14,2e-10,-25,3.6e-07,1,5.95527e-07
0.8999999999999999,1.8818181818181816e-14,2e-10,0,3.6e-07,1,5.86755e-07
0.8999999999999999,1.8818181818181816e-14,2e-10,25,3.6e-07,1,5.71853e-07
0.8999999999999999,1.8818181818181816e-14,2e-10,75,1.8e-07,1,5.41272e-07
0.8999999999999999,1.8818181818181816e-14,2e-10,75,3.6e-07,1,5.46658e-07
0.8999999999999999,1.8818181818181816e-14,2e-10,100,1.8e-07,1,5.24985e-07
0.8999999999999999,1.8818181818181816e-14,2e-10,125,1.8e-07,1,5.08923e-07
0.8999999999999999,1.8818181818181816e-14,2e-10,125,3.6e-07,1,5.26892e-07
0.8999999999999999,1.8818181818181816e-14,4e-10,-40,3.6e-07,1,7.52923e-07
0.8999999999999999,1.8818181818181816e-14,4e-10,0,1.8e-07,1,7.28323e-07
0.8999999999999999,1.8818181818181816e-14,4e-10,25,1.8e-07,1,6.9788e-07
0.8999999999999999,1.8818181818181816e-14,4e-10,75,1.8e-07,1,6.47118e-07
0.8999999999999999,1.8818181818181816e-14,4e-10,100,1.8e-07,1,6.2318e-07
0.8999999999999999,1.8818181818181816e-14,4e-10,125,1.8e-07,1,6.02884e-07
0.8999999999999999,1.8818181818181816e-14,4e-10,125,3.6e-07,1,6.17276e-07
0.8999999999999999,2.327272727272728e-14,1e-11,-40,1.8e-07,1,5.05769e-07
0.8999999999999999,2.327272727272728e-14,1e-11,-40,3.6e-07,1,5.18629e-07
0.8999999999999999,2.327272727272728e-14,1e-11,-25,3.6e-07,1,5.20165e-07
0.8999999999999999,2.327272727272728e-14,1e-11,0,1.8e-07,1,5.10235e-07
0.8999999999999999,2.327272727272728e-14,1e-11,25,1.8e-07,1,5.13896e-07
0.8999999999999999,2.327272727272728e-14,1e-11,75,3.6e-07,1,5.29504e-07
0.8999999999999999,2.327272727272728e-14,1e-11,100,1.8e-07,1,5.05759e-07
0.8999999999999999,2.327272727272728e-14,1e-11,125,1.8e-07,1,5.03851e-07
0.8999999999999999,2.327272727272728e-14,5e-11,-40,3.6e-07,1,5.67078e-07
0.8999999999999999,2.327272727272728e-14,5e-11,-25,1.8e-07,1,5.56044e-07
0.8999999999999999,2.327272727272728e-14,5e-11,-25,3.6e-07,1,5.63952e-07
0.8999999999999999,2.327272727272728e-14,5e-11,0,1.8e-07,1,5.48092e-07
0.8999999999999999,2.327272727272728e-14,5e-11,25,3.6e-07,1,5.59599e-07
0.8999999999999999,2.327272727272728e-14,5e-11,75,1.8e-07,1,5.35853e-07
0.8999999999999999,2.327272727272728e-14,5e-11,100,1.8e-07,1,5.31414e-07
0.8999999999999999,2.327272727272728e-14,5e-11,125,3.6e-07,1,5.55327e-07
0.8999999999999999,2.327272727272728e-14,1e-10,-40,1.8e-07,1,6.08145e-07
0.8999999999999999,2.327272727272728e-14,1e-10,-25,1.8e-07,1,6.07414e-07
0.8999999999999999,2.327272727272728e-14,1e-10,0,3.6e-07,1,6.00242e-07
0.8999999999999999,2.327272727272728e-14,1e-10,25,1.8e-07,1,5.91419e-07
0.8999999999999999,2.327272727272728e-14,1e-10,25,3.6e-07,1,6.0142e-07
0.8999999999999999,2.327272727272728e-14,1e-10,75,1.8e-07,1,5.68765e-07
0.8999999999999999,2.327272727272728e-14,1e-10,100,3.6e-07,1,5.84541e-07
0.8999999999999999,2.327272727272728e-14,1e-10,125,1.8e-07,1,5.50464e-07
0.8999999999999999,2.327272727272728e-14,1e-10,125,3.6e-07,1,5.83642e-07
0.8999999999999999,2.327272727272728e-14,2e-10,-40,1.8e-07,1,7.05508e-07
0.8999999999999999,2.327272727272728e-14,2e-10,-25,1.8e-07,1,6.97634e-07
0.8999999999999999,2.327272727272728e-14,2e-10,-25,3.6e-07,1,7.02404e-07
0.8999999999999999,2.327272727272728e-14,2e-10,0,3.6e-07,1,6.76817e-07
0.8999999999999999,2.327272727272728e-14,2e-10,25,1.8e-07,1,6.60302e-07
0.8999999999999999,2.327272727272728e-14,2e-10,25,3.6e-07,1,6.70237e-07
0.8999999999999999,2.327272727272728e-14,2e-10,75,3.6e-07,1,6.46466e-07
0.8999999999999999,2.327272727272728e-14,2e-10,100,1.8e-07,1,6.126e-07
0.8999999999999999,2.327272727272728e-14,2e-10,125,1.8e-07,1,5.95953e-07
0.8999999999999999,2.327272727272728e-14,2e-10,125,3.6e-07,1,6.22108e-07
0.8999999999999999,2.327272727272728e-14,4e-10,-40,1.8e-07,1,8.80834e-07
0.8999999999999999,2.327272727272728e-14,4e-10,-25,1.8e-07,1,8.60586e-07
0.8999999999999999,2.327272727272728e-14,4e-10,-25,3.6e-07,1,8.31521e-07
0.8999999999999999,2.327272727272728e-14,4e-10,0,3.6e-07,1,8.06198e-07
0.8999999999999999,2.327272727272728e-14,4e-10,25,1.8e-07,1,7.96034e-07
0.8999999999999999,2.327272727272728e-14,4e-10,25,3.6e-07,1,7.81934e-07
0.8999999999999999,2.327272727272728e-14,4e-10,75,3.6e-07,1,7.34418e-07
0.8999999999999999,2.327272727272728e-14,4e-10,100,3.6e-07,1,7.36073e-07
0.8999999999999999,2.327272727272728e-14,4e-10,125,1.8e-07,1,6.92071e-07
0.8999999999999999,2.327272727272728e-14,4e-10,125,3.6e-07,1,7.21251e-07
0.8999999999999999,2.7727272727272724e-14,1e-11,-40,1.8e-07,1,6.0102e-07
0.8999999999999999,2.7727272727272724e-14,1e-11,-40,3.6e-07,1,6.11813e-07
0.8999999999999999,2.7727272727272724e-14,1e-11,-25,3.6e-07,1,6.13583e-07
0.8999999999999999,2.7727272727272724e-14,1e-11,0,3.6e-07,1,6.15575e-07
0.8999999999999999,2.7727272727272724e-14,1e-11,25,3.6e-07,1,6.14243e-07
0.8999999999999999,2.7727272727272724e-14,1e-11,100,1.8e-07,1,5.94043e-07
0.8999999999999999,2.7727272727272724e-14,1e-11,125,1.8e-07,1,5.92657e-07
0.8999999999999999,2.7727272727272724e-14,1e-11,125,3.6e-07,1,6.27003e-07
0.8999999999999999,2.7727272727272724e-14,5e-11,-40,3.6e-07,1,6.56457e-07
0.8999999999999999,2.7727272727272724e-14,5e-11,-25,3.6e-07,1,6.57266e-07
0.8999999999999999,2.7727272727272724e-14,5e-11,0,3.6e-07,1,6.59525e-07
0.8999999999999999,2.7727272727272724e-14,5e-11,25,1.8e-07,1,6.4062e-07
0.8999999999999999,2.7727272727272724e-14,5e-11,25,3.6e-07,1,6.55455e-07
0.8999999999999999,2.7727272727272724e-14,5e-11,75,1.8e-07,1,6.22639e-07
0.8999999999999999,2.7727272727272724e-14,5e-11,75,3.6e-07,1,6.54823e-07
0.8999999999999999,2.7727272727272724e-14,5e-11,100,3.6e-07,1,6.54399e-07
0.8999999999999999,2.7727272727272724e-14,5e-11,125,3.6e-07,1,6.4822e-07
0.8999999999999999,2.7727272727272724e-14,1e-10,-40,1.8e-07,1,7.0995e-07
0.8999999999999999,2.7727272727272724e-14,1e-10,-40,3.6e-07,1,7.02723e-07
0.8999999999999999,2.7727272727272724e-14,1e-10,-25,1.8e-07,1,7.03975e-07
0.8999999999999999,2.7727272727272724e-14,1e-10,-25,3.6e-07,1,6.97853e-07
0.8999999999999999,2.7727272727272724e-14,1e-10,0,1.8e-07,1,6.98072e-07
0.8999999999999999,2.7727272727272724e-14,1e-10,25,1.8e-07,1,6.85412e-07
0.8999999999999999,2.7727272727272724e-14,1e-10,25,3.6e-07,1,6.97965e-07
0.8999999999999999,2.7727272727272724e-14,1e-10,75,3.6e-07,1,6.90009e-07
0.8999999999999999,2.7727272727272724e-14,1e-10,100,1.8e-07,1,6.46025e-07
0.8999999999999999,2.7727272727272724e-14,1e-10,125,1.8e-07,1,6.38777e-07
0.8999999999999999,2.7727272727272724e-14,2e-10,-40,1.8e-07,1,7.97001e-07
0.8999999999999999,2.7727272727272724e-14,2e-10,-25,1.8e-07,1,7.84719e-07
0.8999999999999999,2.7727272727272724e-14,2e-10,-25,3.6e-07,1,7.84231e-07
0.8999999999999999,2.7727272727272724e-14,2e-10,0,1.8e-07,1,7.68396e-07
0.8999999999999999,2.7727272727272724e-14,2e-10,0,3.6e-07,1,7.7823e-07
0.8999999999999999,2.7727272727272724e-14,2e-10,25,3.6e-07,1,7.63745e-07
0.8999999999999999,2.7727272727272724e-14,2e-10,75,1.8e-07,1,7.20328e-07
0.8999999999999999,2.7727272727272724e-14,2e-10,75,3.6e-07,1,7.3392e-07
0.8999999999999999,2.7727272727272724e-14,2e-10,100,3.6e-07,1,7.31601e-07
0.8999999999999999,2.7727272727272724e-14,2e-10,125,3.6e-07,1,7.26065e-07
0.8999999999999999,2.7727272727272724e-14,4e-10,-25,1.8e-07,1,9.62443e-07
0.8999999999999999,2.7727272727272724e-14,4e-10,0,1.8e-07,1,9.29165e-07
0.8999999999999999,2.7727272727272724e-14,4e-10,0,3.6e-07,1,9.23389e-07
0.8999999999999999,2.7727272727272724e-14,4e-10,25,3.6e-07,1,9.00561e-07
0.8999999999999999,2.7727272727272724e-14,4e-10,75,3.6e-07,1,8.33917e-07
0.8999999999999999,2.7727272727272724e-14,4e-10,100,1.8e-07,1,8.03413e-07
0.8999999999999999,2.7727272727272724e-14,4e-10,100,3.6e-07,1,8.30172e-07
0.8999999999999999,3.2181818181818185e-14,1e-11,-40,1.8e-07,1,6.97806e-07
0.8999999999999999,3.2181818181818185e-14,1e-11,-40,3.6e-07,1,7.1155e-07
0.8999999999999999,3.2181818181818185e-14,1e-11,0,1.8e-07,1,6.99995e-07
0.8999999999999999,3.2181818181818185e-14,1e-11,25,1.8e-07,1,6.93604e-07
0.8999999999999999,3.2181818181818185e-14,1e-11,75,1.8e-07,1,6.84976e-07
0.8999999999999999,3.2181818181818185e-14,1e-11,75,3.6e-07,1,7.24742e-07
0.8999999999999999,3.2181818181818185e-14,1e-11,100,1.8e-07,1,6.82937e-07
0.8999999999999999,3.2181818181818185e-14,1e-11,100,3.6e-07,1,7.19783e-07
0.8999999999999999,3.2181818181818185e-14,5e-11,-40,1.8e-07,1,7.36218e-07
0.8999999999999999,3.2181818181818185e-14,5e-11,-25,3.6e-07,1,7.53901e-07
0.8999999999999999,3.2181818181818185e-14,5e-11,0,3.6e-07,1,7.4527e-07
0.8999999999999999,3.2181818181818185e-14,5e-11,25,3.6e-07,1,7.4386e-07
0.8999999999999999,3.2181818181818185e-14,5e-11,75,1.8e-07,1,7.1077e-07
0.8999999999999999,3.2181818181818185e-14,5e-11,75,3.6e-07,1,7.44521e-07
0.8999999999999999,3.2181818181818185e-14,5e-11,100,3.6e-07,1,7.43669e-07
0.8999999999999999,3.2181818181818185e-14,5e-11,125,3.6e-07,1,7.34753e-07
0.8999999999999999,3.2181818181818185e-14,1e-10,-25,1.8e-07,1,7.95538e-07
0.8999999999999999,3.2181818181818185e-14,1e-10,0,1.8e-07,1,7.81544e-07
0.8999999999999999,3.2181818181818185e-14,1e-10,25,1.8e-07,1,7.71006e-07
0.8999999999999999,3.2181818181818185e-14,1e-10,75,1.8e-07,1,7.42976e-07
0.8999999999999999,3.2181818181818185e-14,1e-10,75,3.6e-07,1,7.85153e-07
0.8999999999999999,3.2181818181818185e-14,1e-10,100,3.6e-07,1,7.70729e-07
0.8999999999999999,3.2181818181818185e-14,1e-10,125,3.6e-07,1,7.6199e-07
0.8999999999999999,3.2181818181818185e-14,2e-10,-40,3.6e-07,1,9.0124e-07
0.8999999999999999,3.2181818181818185e-14,2e-10,-25,1.8e-07,1,8.87277e-07
0.8999999999999999,3.2181818181818185e-14,2e-10,-25,3.6e-07,1,8.88438e-07
0.8999999999999999,3.2181818181818185e-14,2e-10,0,3.6e-07,1,8.71132e-07
0.8999999999999999,3.2181818181818185e-14,2e-10,75,1.8e-07,1,8.07983e-07
0.8999999999999999,3.2181818181818185e-14,2e-10,75,3.6e-07,1,8.4396e-07
0.8999999999999999,3.2181818181818185e-14,2e-10,100,3.6e-07,1,8.32508e-07
0.8999999999999999,3.2181818181818185e-14,2e-10,125,1.8e-07,1,7.78069e-07
0.8999999999999999,3.2181818181818185e-14,2e-10,125,3.6e-07,1,8.13417e-07
0.8999999999999999,3.2181818181818185e-14,4e-10,-25,1.8e-07,1,1.06416e-06
0.8999999999999999,3.2181818181818185e-14,4e-10,-25,3.6e-07,1,1.05079e-06
0.8999999999999999,3.2181818181818185e-14,4e-10,0,3.6e-07,1,1.0273e-06
0.8999999999999999,3.2181818181818185e-14,4e-10,75,1.8e-07,1,9.19796e-07
0.8999999999999999,3.2181818181818185e-14,4e-10,75,3.6e-07,1,9.4893e-07
0.8999999999999999,3.2181818181818185e-14,4e-10,100,3.6e-07,1,9.22189e-07
0.8999999999999999,3.2181818181818185e-14,4e-10,125,1.8e-07,1,8.70302e-07
0.8999999999999999,3.2181818181818185e-14,4e-10,125,3.6e-07,1,9.01747e-07
0.8999999999999999,3.663636363636364e-14,1e-11,-40,1.8e-07,1,7.83858e-07
0.8999999999999999,3.663636363636364e-14,1e-11,-25,3.6e-07,1,8.03484e-07
0.8999999999999999,3.663636363636364e-14,1e-11,0,3.6e-07,1,8.1281e-07
0.8999999999999999,3.663636363636364e-14,1e-11,25,1.8e-07,1,7.80879e-07
0.8999999999999999,3.663636363636364e-14,1e-11,75,1.8e-07,1,7.74007e-07
0.8999999999999999,3.663636363636364e-14,1e-11,100,1.8e-07,1,7.72153e-07
0.8999999999999999,3.663636363636364e-14,1e-11,100,3.6e-07,1,8.06056e-07
0.8999999999999999,3.663636363636364e-14,1e-11,125,3.6e-07,1,8.00345e-07
0.8999999999999999,3.663636363636364e-14,5e-11,-40,3.6e-07,1,8.42162e-07
0.8999999999999999,3.663636363636364e-14,5e-11,-25,3.6e-07,1,8.38359e-07
0.8999999999999999,3.663636363636364e-14,5e-11,0,3.6e-07,1,8.37614e-07
0.8999999999999999,3.663636363636364e-14,5e-11,25,1.8e-07,1,8.13896e-07
0.8999999999999999,3.663636363636364e-14,5e-11,25,3.6e-07,1,8.35859e-07
0.8999999999999999,3.663636363636364e-14,5e-11,75,1.8e-07,1,7.99204e-07
0.8999999999999999,3.663636363636364e-14,5e-11,75,3.6e-07,1,8.4132e-07
0.8999999999999999,3.663636363636364e-14,5e-11,100,1.8e-07,1,7.9713e-07
0.8999999999999999,3.663636363636364e-14,5e-11,125,1.8e-07,1,7.93518e-07
0.8999999999999999,3.663636363636364e-14,1e-10,-40,1.8e-07,1,8.87724e-07
0.8999999999999999,3.663636363636364e-14,1e-10,-25,1.8e-07,1,8.83604e-07
0.8999999999999999,3.663636363636364e-14,1e-10,0,1.8e-07,1,8.75347e-07
0.8999999999999999,3.663636363636364e-14,1e-10,0,3.6e-07,1,8.9081e-07
0.8999999999999999,3.663636363636364e-14,1e-10,25,3.6e-07,1,8.82322e-07
0.8999999999999999,3.663636363636364e-14,1e-10,75,3.6e-07,1,8.73516e-07
0.8999999999999999,3.663636363636364e-14,1e-10,100,1.8e-07,1,8.23267e-07
0.8999999999999999,3.663636363636364e-14,1e-10,125,1.8e-07,1,8.16785e-07
0.8999999999999999,3.663636363636364e-14,2e-10,-40,1.8e-07,1,9.76369e-07
0.8999999999999999,3.663636363636364e-14,2e-10,-40,3.6e-07,1,1.00184e-06
0.8999999999999999,3.663636363636364e-14,2e-10,-25,1.8e-07,1,9.6958e-07
0.8999999999999999,3.663636363636364e-14,2e-10,0,3.6e-07,1,9.60723e-07
0.8999999999999999,3.663636363636364e-14,2e-10,25,1.8e-07,1,9.41317e-07
0.8999999999999999,3.663636363636364e-14,2e-10,25,3.6e-07,1,9.46837e-07
0.8999999999999999,3.663636363636364e-14,2e-10,75,1.8e-07,1,8.96258e-07
0.8999999999999999,3.663636363636364e-14,2e-10,75,3.6e-07,1,9.38878e-07
0.8999999999999999,3.663636363636364e-14,2e-10,100,1.8e-07,1,8.80245e-07
0.8999999999999999,3.663636363636364e-14,2e-10,100,3.6e-07,1,9.18595e-07
0.8999999999999999,3.663636363636364e-14,2e-10,125,3.6e-07,1,9.00391e-07
0.8999999999999999,3.663636363636364e-14,4e-10,-25,3.6e-07,1,1.16335e-06
0.8999999999999999,3.663636363636364e-14,4e-10,0,1.8e-07,1,1.13107e-06
0.8999999999999999,3.663636363636364e-14,4e-10,0,3.6e-07,1,1.12819e-06
0.8999999999999999,3.663636363636364e-14,4e-10,25,3.6e-07,1,1.10483e-06
0.8999999999999999,3.663636363636364e-14,4e-10,75,1.8e-07,1,1.00857e-06
0.8999999999999999,3.663636363636364e-14,4e-10,100,1.8e-07,1,9.81464e-07
0.8999999999999999,3.663636363636364e-14,4e-10,100,3.6e-07,1,1.02062e-06
0.8999999999999999,3.663636363636364e-14,4e-10,125,1.8e-07,1,9.59514e-07
0.8999999999999999,4.109090909090909e-14,1e-11,-40,1.8e-07,1,8.74496e-07
0.8999999999999999,4.109090909090909e-14,1e-11,-25,3.6e-07,1,8.96339e-07
0.8999999999999999,4.109090909090909e-14,1e-11,0,3.6e-07,1,8.95633e-07
0.8999999999999999,4.109090909090909e-14,1e-11,75,3.6e-07,1,9.00852e-07
0.8999999999999999,4.109090909090909e-14,1e-11,100,3.6e-07,1,8.92925e-07
0.8999999999999999,4.109090909090909e-14,1e-11,125,1.8e-07,1,8.60875e-07
0.8999999999999999,4.109090909090909e-14,5e-11,-40,1.8e-07,1,9.16527e-07
0.8999999999999999,4.109090909090909e-14,5e-11,-25,1.8e-07,1,9.19696e-07
0.8999999999999999,4.109090909090909e-14,5e-11,-25,3.6e-07,1,9.41294e-07
0.8999999999999999,4.109090909090909e-14,5e-11,0,3.6e-07,1,9.32836e-07
0.8999999999999999,4.109090909090909e-14,5e-11,25,1.8e-07,1,9.02225e-07
0.8999999999999999,4.109090909090909e-14,5e-11,25,3.6e-07,1,9.32338e-07
0.8999999999999999,4.109090909090909e-14,5e-11,75,3.6e-07,1,9.26328e-07
0.8999999999999999,4.109090909090909e-14,5e-11,100,3.6e-07,1,9.16063e-07
0.8999999999999999,4.109090909090909e-14,5e-11,125,1.8e-07,1,8.83047e-07
0.8999999999999999,4.109090909090909e-14,5e-11,125,3.6e-07,1,9.0897e-07
0.8999999999999999,4.109090909090909e-14,1e-10,-40,3.6e-07,1,9.96523e-07
0.8999999999999999,4.109090909090909e-14,1e-10,-25,1.8e-07,1,9.78316e-07
0.8999999999999999,4.109090909090909e-14,1e-10,-25,3.6e-07,1,9.87721e-07
0.8999999999999999,4.109090909090909e-14,1e-10,0,1.8e-07,1,9.61804e-07
0.8999999999999999,4.109090909090909e-14,1e-10,0,3.6e-07,1,9.76031e-07
0.8999999999999999,4.109090909090909e-14,1e-10,25,1.8e-07,1,9.44772e-07
0.8999999999999999,4.109090909090909e-14,1e-10,75,1.8e-07,1,9.20257e-07
0.8999999999999999,4.109090909090909e-14,1e-10,100,1.8e-07,1,9.12397e-07
0.8999999999999999,4.109090909090909e-14,1e-10,100,3.6e-07,1,9.46391e-07
0.8999999999999999,4.109090909090909e-14,1e-10,125,1.8e-07,1,9.06216e-07
0.8999999999999999,4.109090909090909e-14,1e-10,125,3.6e-07,1,9.36249e-07
0.8999999999999999,4.109090909090909e-14,2e-10,-40,1.8e-07,1,1.08894e-06
0.8999999999999999,4.109090909090909e-14,2e-10,-40,3.6e-07,1,1.08851e-06
0.8999999999999999,4.109090909090909e-14,2e-10,-25,3.6e-07,1,1.06675e-06
0.8999999999999999,4.109090909090909e-14,2e-10,0,1.8e-07,1,1.05091e-06
0.8999999999999999,4.109090909090909e-14,2e-10,25,1.8e-07,1,1.02783e-06
0.8999999999999999,4.109090909090909e-14,2e-10,75,1.8e-07,1,9.84322e-07
0.8999999999999999,4.109090909090909e-14,2e-10,100,1.8e-07,1,9.67561e-07
0.8999999999999999,4.109090909090909e-14,4e-10,-40,3.6e-07,1,1.25651e-06
0.8999999999999999,4.109090909090909e-14,4e-10,-25,3.6e-07,1,1.25636e-06
0.8999999999999999,4.109090909090909e-14,4e-10,0,3.6e-07,1,1.22724e-06
0.8999999999999999,4.109090909090909e-14,4e-10,25,1.8e-07,1,1.17847e-06
0.8999999999999999,4.109090909090909e-14,4e-10,75,1.8e-07,1,1.09749e-06
0.8999999999999999,4.109090909090909e-14,4e-10,100,1.8e-07,1,1.07074e-06
0.8999999999999999,4.5545454545454544e-14,1e-11,-40,1.8e-07,1,9.64733e-07
0.8999999999999999,4.5545454545454544e-14,1e-11,-25,1.8e-07,1,9.6749e-07
0.8999999999999999,4.5545454545454544e-14,1e-11,0,3.6e-07,1,9.84992e-07
0.8999999999999999,4.5545454545454544e-14,1e-11,25,3.6e-07,1,9.9161e-07
0.8999999999999999,4.5545454545454544e-14,1e-11,75,3.6e-07,1,9.87307e-07
0.8999999999999999,4.5545454545454544e-14,1e-11,100,1.8e-07,1,9.51254e-07
0.8999999999999999,4.5545454545454544e-14,1e-11,125,1.8e-07,1,9.50689e-07
0.8999999999999999,4.5545454545454544e-14,5e-11,-40,1.8e-07,1,1.01232e-06
0.8999999999999999,4.5545454545454544e-14,5e-11,-25,1.8e-07,1,1.01208e-06
0.8999999999999999,4.5545454545454544e-14,5e-11,0,3.6e-07,1,1.02621e-06
0.8999999999999999,4.5545454545454544e-14,5e-11,25,1.8e-07,1,9.89333e-07
0.8999999999999999,4.5545454545454544e-14,5e-11,75,3.6e-07,1,1.01372e-06
0.8999999999999999,4.5545454545454544e-14,5e-11,100,3.6e-07,1,1.00398e-06
0.8999999999999999,4.5545454545454544e-14,5e-11,125,1.8e-07,1,9.72709e-07
0.8999999999999999,4.5545454545454544e-14,1e-10,-40,3.6e-07,1,1.09118e-06
0.8999999999999999,4.5545454545454544e-14,1e-10,-25,3.6e-07,1,1.07513e-06
0.8999999999999999,4.5545454545454544e-14,1e-10,0,1.8e-07,1,1.04856e-06
0.8999999999999999,4.5545454545454544e-14,1e-10,0,3.6e-07,1,1.07705e-06
0.8999999999999999,4.5545454545454544e-14,1e-10,25,3.6e-07,1,1.07097e-06
0.8999999999999999,4.5545454545454544e-14,1e-10,75,1.8e-07,1,1.00783e-06
0.8999999999999999,4.5545454545454544e-14,1e-10,100,3.6e-07,1,1.03489e-06
0.8999999999999999,4.5545454545454544e-14,1e-10,125,1.8e-07,1,9.95801e-07
0.8999999999999999,4.5545454545454544e-14,1e-10,125,3.6e-07,1,1.02419e-06
0.8999999999999999,4.5545454545454544e-14,2e-10,-40,3.6e-07,1,1.17609e-06
0.8999999999999999,4.5545454545454544e-14,2e-10,-25,1.8e-07,1,1.17415e-06
0.8999999999999999,4.5545454545454544e-14,2e-10,0,1.8e-07,1,1.14475e-06
0.8999999999999999,4.5545454545454544e-14,2e-10,25,1.8e-07,1,1.11511e-06
0.8999999999999999,4.5545454545454544e-14,2e-10,75,1.8e-07,1,1.07331e-06
0.8999999999999999,4.5545454545454544e-14,2e-10,75,3.6e-07,1,1.11412e-06
0.8999999999999999,4.5545454545454544e-14,2e-10,100,1.8e-07,1,1.05787e-06
0.8999999999999999,4.5545454545454544e-14,2e-10,125,1.8e-07,1,1.04563e-06
0.8999999999999999,4.5545454545454544e-14,4e-10,-40,1.8e-07,1,1.3748e-06
0.8999999999999999,4.5545454545454544e-14,4e-10,-25,1.8e-07,1,1.35423e-06
0.8999999999999999,4.5545454545454544e-14,4e-10,-25,3.6e-07,1,1.36129e-06
0.8999999999999999,4.5545454545454544e-14,4e-10,0,1.8e-07,1,1.305e-06
0.8999999999999999,4.5545454545454544e-14,4e-10,25,3.6e-07,1,1.30133e-06
0.8999999999999999,4.5545454545454544e-14,4e-10,75,3.6e-07,1,1.22452e-06
0.8999999999999999,4.5545454545454544e-14,4e-10,100,1.8e-07,1,1.16038e-06
0.8999999999999999,4.5545454545454544e-14,4e-10,125,3.6e-07,1,1.16737e-06
0.8999999999999999,5e-14,1e-11,-40,3.6e-07,1,1.06475e-06
0.8999999999999999,5e-14,1e-11,0,3.6e-07,1,1.07776e-06
0.8999999999999999,5e-14,1e-11,25,3.6e-07,1,1.08749e-06
0.8999999999999999,5e-14,1e-11,75,3.6e-07,1,1.07443e-06
0.8999999999999999,5e-14,1e-11,100,1.8e-07,1,1.04095e-06
0.8999999999999999,5e-14,1e-11,125,1.8e-07,1,1.04048e-06
0.8999999999999999,5e-14,5e-11,-40,1.8e-07,1,1.10406e-06
0.8999999999999999,5e-14,5e-11,-40,3.6e-07,1,1.12357e-06
0.8999999999999999,5e-14,5e-11,-25,3.6e-07,1,1.13044e-06
0.8999999999999999,5e-14,5e-11,0,1.8e-07,1,1.08794e-06
0.8999999999999999,5e-14,5e-11,25,3.6e-07,1,1.1286e-06
0.8999999999999999,5e-14,5e-11,75,3.6e-07,1,1.10005e-06
0.8999999999999999,5e-14,5e-11,125,1.8e-07,1,1.06247e-06
0.8999999999999999,5e-14,1e-10,-40,1.8e-07,1,1.16228e-06
0.8999999999999999,5e-14,1e-10,-25,3.6e-07,1,1.18281e-06
0.8999999999999999,5e-14,1e-10,0,3.6e-07,1,1.17992e-06
0.8999999999999999,5e-14,1e-10,25,3.6e-07,1,1.17358e-06
0.8999999999999999,5e-14,1e-10,100,3.6e-07,1,1.12336e-06
0.8999999999999999,5e-14,2e-10,-40,3.6e-07,1,1.27484e-06
0.8999999999999999,5e-14,2e-10,0,1.8e-07,1,1.22212e-06
0.8999999999999999,5e-14,2e-10,75,1.8e-07,1,1.16205e-06
0.8999999999999999,5e-14,2e-10,100,1.8e-07,1,1.14463e-06
0.8999999999999999,5e-14,2e-10,100,3.6e-07,1,1.18043e-06
0.8999999999999999,5e-14,4e-10,-40,1.8e-07,1,1.46466e-06
0.8999999999999999,5e-14,4e-10,-25,1.8e-07,1,1.44232e-06
0.8999999999999999,5e-14,4e-10,0,1.8e-07,1,1.39093e-06
0.8999999999999999,5e-14,4e-10,25,3.6e-07,1,1.37794e-06
0.8999999999999999,5e-14,4e-10,75,3.6e-07,1,1.31276e-06
0.8999999999999999,5e-14,4e-10,125,1.8e-07,1,1.22876e-06
1.0,1e-15,1e-11,-25,1.8e-07,1,6.31772e-08
1.0,1e-15,1e-11,0,1.8e-07,1,6.27542e-08
1.0,1e-15,1e-11,25,3.6e-07,1,7.35757e-08
1.0,1e-15,1e-11,75,1.8e-07,1,6.21245e-08
1.0,1e-15,1e-11,75,3.6e-07,1,7.62859e-08
1.0,1e-15,1e-11,100,1.8e-07,1,6.28863e-08
1.0,1e-15,1e-11,125,1.8e-07,1,6.36854e-08
1.0,1e-15,5e-11,-40,1.8e-07,1,7.85141e-08
1.0,1e-15,5e-11,-25,3.6e-07,1,1.05827e-07
1.0,1e-15,5e-11,0,3.6e-07,1,1.01015e-07
1.0,1e-15,5e-11,75,1.8e-07,1,8.57924e-08
1.0,1e-15,5e-11,100,1.8e-07,1,8.61986e-08
1.0,1e-15,5e-11,100,3.6e-07,1,9.72659e-08
1.0,1e-15,5e-11,125,1.8e-07,1,8.59298e-08
1.0,1e-15,1e-10,-40,3.6e-07,1,1.01029e-07
1.0,1e-15,1e-10,0,1.8e-07,1,8.1012e-08
1.0,1e-15,1e-10,25,3.6e-07,1,1.0504e-07
1.0,1e-15,1e-10,100,1.8e-07,1,8.46388e-08
1.0,1e-15,2e-10,-40,1.8e-07,1,9.40319e-08
1.0,1e-15,2e-10,-25,3.6e-07,1,1.14454e-07
1.0,1e-15,2e-10,0,3.6e-07,1,1.04823e-07
1.0,1e-15,2e-10,25,1.8e-07,1,9.8898e-08
1.0,1e-15,2e-10,75,1.8e-07,1,9.65653e-08
1.0,1e-15,2e-10,100,1.8e-07,1,9.64962e-08
1.0,1e-15,2e-10,125,3.6e-07,1,1.15224e-07
1.0,1e-15,4e-10,-25,1.8e-07,1,1.35956e-07
1.0,1e-15,4e-10,0,1.8e-07,1,1.21257e-07
1.0,1e-15,4e-10,0,3.6e-07,1,1.41136e-07
1.0,1e-15,4e-10,25,3.6e-07,1,1.40503e-07
1.0,1e-15,4e-10,75,3.6e-07,1,1.28187e-07
1.0,1e-15,4e-10,100,1.8e-07,1,9.95993e-08
1.0,1e-15,4e-10,100,3.6e-07,1,1.23472e-07
1.0,1e-15,4e-10,125,1.8e-07,1,1.08927e-07
1.0,1e-15,4e-10,125,3.6e-07,1,1.53497e-07
1.0,5.454545454545455e-15,1e-11,-25,1.8e-07,1,1.77897e-07
1.0,5.454545454545455e-15,1e-11,0,1.8e-07,1,1.8056e-07
1.0,5.454545454545455e-15,1e-11,0,3.6e-07,1,1.90434e-07
1.0,5.454545454545455e-15,1e-11,25,1.8e-07,1,1.82588e-07
1.0,5.454545454545455e-15,1e-11,25,3.6e-07,1,1.93397e-07
1.0,5.454545454545455e-15,1e-11,75,3.6e-07,1,1.96649e-07
1.0,5.454545454545455e-15,1e-11,100,1.8e-07,1,1.82198e-07
1.0,5.454545454545455e-15,1e-11,100,3.6e-07,1,1.95169e-07
1.0,5.454545454545455e-15,1e-11,125,3.6e-07,1,1.96366e-07
1.0,5.454545454545455e-15,5e-11,-40,3.6e-07,1,2.46371e-07
1.0,5.454545454545455e-15,5e-11,-25,3.6e-07,1,2.43335e-07
1.0,5.454545454545455e-15,5e-11,0,3.6e-07,1,2.35807e-07
1.0,5.454545454545455e-15,5e-11,25,3.6e-07,1,2.32944e-07
1.0,5.454545454545455e-15,5e-11,75,1.8e-07,1,2.13025e-07
1.0,5.454545454545455e-15,5e-11,75,3.6e-07,1,2.26095e-07
1.0,5.454545454545455e-15,5e-11,100,1.8e-07,1,2.11184e-07
1.0,5.454545454545455e-15,5e-11,125,3.6e-07,1,2.24703e-07
1.0,5.454545454545455e-15,1e-10,-40,1.8e-07,1,3.00203e-07
1.0,5.454545454545455e-15,1e-10,-25,1.8e-07,1,2.91246e-07
1.0,5.454545454545455e-15,1e-10,-25,3.6e-07,1,2.77726e-07
1.0,5.454545454545455e-15,1e-10,0,3.6e-07,1,2.7472e-07
1.0,5.454545454545455e-15,1e-10,25,1.8e-07,1,2.73223e-07
1.0,5.454545454545455e-15,1e-10,75,3.6e-07,1,2.68289e-07
1.0,5.454545454545455e-15,1e-10,100,1.8e-07,1,2.50666e-07
1.0,5.454545454545455e-15,2e-10,-40,1.8e-07,1,3.27051e-07
1.0,5.454545454545455e-15,2e-10,-25,1.8e-07,1,3.22222e-07
1.0,5.454545454545455e-15,2e-10,0,1.8e-07,1,3.1534e-07
1.0,5.454545454545455e-15,2e-10,25,1.8e-07,1,3.17891e-07
1.0,5.454545454545455e-15,2e-10,25,3.6e-07,1,3.23777e-07
1.0,5.454545454545455e-15,2e-10,100,1.8e-07,1,3.03507e-07
1.0,5.454545454545455e-15,2e-10,100,3.6e-07,1,3.09098e-07
1.0,5.454545454545455e-15,2e-10,125,1.8e-07,1,2.98448e-07
1.0,5.454545454545455e-15,2e-10,125,3.6e-07,1,3.03854e-07
1.0,5.454545454545455e-15,4e-10,-40,1.8e-07,1,3.57542e-07
1.0,5.454545454545455e-15,4e-10,-25,1.8e-07,1,3.52606e-07
1.0,5.454545454545455e-15,4e-10,-25,3.6e-07,1,3.86822e-07
1.0,5.454545454545455e-15,4e-10,25,1.8e-07,1,3.25937e-07
1.0,5.454545454545455e-15,4e-10,25,3.6e-07,1,3.6419e-07
1.0,5.454545454545455e-15,4e-10,100,1.8e-07,1,3.27475e-07
1.0,5.454545454545455e-15,4e-10,125,1.8e-07,1,3.30856e-07
1.0,5.454545454545455e-15,4e-10,125,3.6e-07,1,3.35185e-07
1.0,9.909090909090907e-15,1e-11,-40,1.8e-07,1,2.90946e-07
1.0,9.909090909090907e-15,1e-11,-25,3.6e-07,1,3.05792e-07
1.0,9.909090909090907e-15,1e-11,0,3.6e-07,1,3.03663e-07
1.0,9.909090909090907e-15,1e-11,25,3.6e-07,1,3.06907e-07
1.0,9.909090909090907e-15,1e-11,75,3.6e-07,1,3.10268e-07
1.0,9.909090909090907e-15,1e-11,100,1.8e-07,1,2.94599e-07
1.0,9.909090909090907e-15,1e-11,125,1.8e-07,1,2.97486e-07
1.0,9.909090909090907e-15,5e-11,-40,3.6e-07,1,3.64828e-07
1.0,9.909090909090907e-15,5e-11,-25,3.6e-07,1,3.64353e-07
1.0,9.909090909090907e-15,5e-11,0,1.8e-07,1,3.44815e-07
1.0,9.909090909090907e-15,5e-11,25,1.8e-07,1,3.38281e-07
1.0,9.909090909090907e-15,5e-11,75,3.6e-07,1,3.42253e-07
1.0,9.909090909090907e-15,5e-11,100,3.6e-07,1,3.4452e-07
1.0,9.909090909090907e-15,1e-10,-40,1.8e-07,1,4.2223e-07
1.0,9.909090909090907e-15,1e-10,0,1.8e-07,1,4.06663e-07
1.0,9.909090909090907e-15,1e-10,25,1.8e-07,1,3.96092e-07
1.0,9.909090909090907e-15,1e-10,75,1.8e-07,1,3.74901e-07
1.0,9.909090909090907e-15,1e-10,75,3.6e-07,1,3.84567e-07
1.0,9.909090909090907e-15,1e-10,100,3.6e-07,1,3.80798e-07
1.0,9.909090909090907e-15,1e-10,125,3.6e-07,1,3.7623e-07
1.0,9.909090909090907e-15,2e-10,-40,1.8e-07,1,5.30202e-07
1.0,9.909090909090907e-15,2e-10,-40,3.6e-07,1,5.42348e-07
1.0,9.909090909090907e-15,2e-10,0,1.8e-07,1,5.03248e-07
1.0,9.909090909090907e-15,2e-10,75,1.8e-07,1,4.57194e-07
1.0,9.909090909090907e-15,2e-10,100,1.8e-07,1,4.43789e-07
1.0,9.909090909090907e-15,2e-10,100,3.6e-07,1,4.43465e-07
1.0,9.909090909090907e-15,2e-10,125,1.8e-07,1,4.27221e-07
1.0,9.909090909090907e-15,4e-10,-40,1.8e-07,1,5.84875e-07
1.0,9.909090909090907e-15,4e-10,-25,1.8e-07,1,5.65604e-07
1.0,9.909090909090907e-15,4e-10,-25,3.6e-07,1,6.10907e-07
1.0,9.909090909090907e-15,4e-10,0,1.8e-07,1,5.57356e-07
1.0,9.909090909090907e-15,4e-10,25,1.8e-07,1,5.42083e-07
1.0,9.909090909090907e-15,4e-10,75,1.8e-07,1,5.45393e-07
1.0,9.909090909090907e-15,4e-10,100,1.8e-07,1,5.38965e-07
1.0,9.909090909090907e-15,4e-10,100,3.6e-07,1,5.46468e-07
1.0,9.909090909090907e-15,4e-10,125,1.8e-07,1,5.27609e-07
1.0,9.909090909090907e-15,4e-10,125,3.6e-07,1,5.22301e-07
1.0,1.436363636363636e-14,1e-11,-40,1.8e-07,1,4.00512e-07
1.0,1.436363636363636e-14,1e-11,-40,3.6e-07,1,4.15042e-07
1.0,1.436363636363636e-14,1e-11,0,1.8e-07,1,4.03083e-07
1.0,1.436363636363636e-14,1e-11,25,1.8e-07,1,4.03697e-07
1.0,1.436363636363636e-14,1e-11,75,3.6e-07,1,4.21135e-07
1.0,1.436363636363636e-14,1e-11,100,1.8e-07,1,4.11887e-07
1.0,1.436363636363636e-14,1e-11,100,3.6e-07,1,4.24492e-07
1.0,1.436363636363636e-14,1e-11,125,1.8e-07,1,4.12436e-07
1.0,1.436363636363636e-14,5e-11,-40,1.8e-07,1,4.65861e-07
1.0,1.436363636363636e-14,5e-11,-25,1.8e-07,1,4.635e-07
1.0,1.436363636363636e-14,5e-11,0,1.8e-07,1,4.56483e-07
1.0,1.436363636363636e-14,5e-11,25,1.8e-07,1,4.56194e-07
1.0,1.436363636363636e-14,5e-11,25,3.6e-07,1,4.71086e-07
1.0,1.436363636363636e-14,5e-11,75,1.8e-07,1,4.45753e-07
1.0,1.436363636363636e-14,5e-11,75,3.6e-07,1,4.65006e-07
1.0,1.436363636363636e-14,5e-11,125,1.8e-07,1,4.47081e-07
1.0,1.436363636363636e-14,1e-10,-40,3.6e-07,1,5.40507e-07
1.0,1.436363636363636e-14,1e-10,-25,1.8e-07,1,5.41089e-07
1.0,1.436363636363636e-14,1e-10,-25,3.6e-07,1,5.39664e-07
1.0,1.436363636363636e-14,1e-10,25,3.6e-07,1,5.23997e-07
1.0,1.436363636363636e-14,1e-10,75,1.8e-07,1,4.9239e-07
1.0,1.436363636363636e-14,1e-10,75,3.6e-07,1,5.03555e-07
1.0,1.436363636363636e-14,1e-10,100,3.6e-07,1,4.95591e-07
1.0,1.436363636363636e-14,1e-10,125,3.6e-07,1,4.93365e-07
1.0,1.436363636363636e-14,2e-10,-40,3.6e-07,1,6.62977e-07
1.0,1.436363636363636e-14,2e-10,0,1.8e-07,1,6.37323e-07
1.0,1.436363636363636e-14,2e-10,25,1.8e-07,1,6.09285e-07
1.0,1.436363636363636e-14,2e-10,75,1.8e-07,1,5.80308e-07
1.0,1.436363636363636e-14,2e-10,100,3.6e-07,1,5.70433e-07
1.0,1.436363636363636e-14,2e-10,125,1.8e-07,1,5.51999e-07
1.0,1.436363636363636e-14,2e-10,125,3.6e-07,1,5.55124e-07
1.0,1.436363636363636e-14,4e-10,-25,1.8e-07,1,7.75477e-07
1.0,1.436363636363636e-14,4e-10,0,3.6e-07,1,7.78114e-07
1.0,1.436363636363636e-14,4e-10,25,3.6e-07,1,7.57099e-07
1.0,1.436363636363636e-14,4e-10,75,3.6e-07,1,7.15878e-07
1.0,1.436363636363636e-14,4e-10,100,1.8e-07,1,6.90072e-07
1.0,1.436363636363636e-14,4e-10,100,3.6e-07,1,6.90253e-07
1.0,1.436363636363636e-14,4e-10,125,1.8e-07,1,6.7141e-07
1.0,1.436363636363636e-14,4e-10,125,3.6e-07,1,6.65919e-07
1.0,1.8818181818181816e-14,1e-11,-25,3.6e-07,1,5.37184e-07
1.0,1.8818181818181816e-14,1e-11,0,1.8e-07,1,5.25286e-07
1.0,1.8818181818181816e-14,1e-11,0,3.6e-07,1,5.36327e-07
1.0,1.8818181818181816e-14,1e-11,25,3.6e-07,1,5.36818e-07
1.0,1.8818181818181816e-14,1e-11,75,3.6e-07,1,5.4645e-07
1.0,1.8818181818181816e-14,1e-11,125,1.8e-07,1,5.2032e-07
1.0,1.8818181818181816e-14,5e-11,-40,1.8e-07,1,5.76555e-07
1.0,1.8818181818181816e-14,5e-11,-40,3.6e-07,1,5.90674e-07
1.0,1.8818181818181816e-14,5e-11,-25,1.8e-07,1,5.77968e-07
1.0,1.8818181818181816e-14,5e-11,-25,3.6e-07,1,5.90777e-07
1.0,1.8818181818181816e-14,5e-11,0,1.8e-07,1,5.76772e-07
1.0,1.8818181818181816e-14,5e-11,25,1.8e-07,1,5.67961e-07
1.0,1.8818181818181816e-14,5e-11,75,3.6e-07,1,5.76371e-07
1.0,1.8818181818181816e-14,5e-11,100,3.6e-07,1,5.75705e-07
1.0,1.8818181818181816e-14,5e-11,125,1.8e-07,1,5.54055e-07
1.0,1.8818181818181816e-14,1e-10,-40,1.8e-07,1,6.5154e-07
1.0,1.8818181818181816e-14,1e-10,0,1.8e-07,1,6.37848e-07
1.0,1.8818181818181816e-14,1e-10,25,3.6e-07,1,6.35654e-07
1.0,1.8818181818181816e-14,1e-10,75,3.6e-07,1,6.21856e-07
1.0,1.8818181818181816e-14,1e-10,100,1.8e-07,1,6.05253e-07
1.0,1.8818181818181816e-14,1e-10,125,1.8e-07,1,5.91935e-07
1.0,1.8818181818181816e-14,1e-10,125,3.6e-07,1,6.09306e-07
1.0,1.8818181818181816e-14,2e-10,-25,3.6e-07,1,7.6541e-07
1.0,1.8818181818181816e-14,2e-10,0,1.8e-07,1,7.5414e-07
1.0,1.8818181818181816e-14,2e-10,0,3.6e-07,1,7.47174e-07
1.0,1.8818181818181816e-14,2e-10,25,1.8e-07,1,7.4212e-07
1.0,1.8818181818181816e-14,2e-10,75,1.8e-07,1,7.01212e-07
1.0,1.8818181818181816e-14,2e-10,75,3.6e-07,1,7.06199e-07
1.0,1.8818181818181816e-14,2e-10,100,3.6e-07,1,6.91723e-07
1.0,1.8818181818181816e-14,2e-10,125,3.6e-07,1,6.80431e-07
1.0,1.8818181818181816e-14,4e-10,-40,1.8e-07,1,9.76773e-07
1.0,1.8818181818181816e-14,4e-10,-40,3.6e-07,1,1.00692e-06
1.0,1.8818181818181816e-14,4e-10,0,1.8e-07,1,9.37818e-07
1.0,1.8818181818181816e-14,4e-10,25,1.8e-07,1,9.14578e-07
1.0,1.8818181818181816e-14,4e-10,25,3.6e-07,1,8.98337e-07
1.0,1.8818181818181816e-14,4e-10,75,3.6e-07,1,8.40696e-07
1.0,1.8818181818181816e-14,4e-10,100,1.8e-07,1,8.26458e-07
1.0,1.8818181818181816e-14,4e-10,125,1.8e-07,1,7.95913e-07
1.0,2.327272727272728e-14,1e-11,-40,1.8e-07,1,6.28659e-07
1.0,2.327272727272728e-14,1e-11,-40,3.6e-07,1,6.41472e-07
1.0,2.327272727272728e-14,1e-11,-25,1.8e-07,1,6.31367e-07
1.0,2.327272727272728e-14,1e-11,-25,3.6e-07,1,6.46963e-07
1.0,2.327272727272728e-14,1e-11,0,3.6e-07,1,6.51272e-07
1.0,2.327272727272728e-14,1e-11,75,1.8e-07,1,6.37209e-07
1.0,2.327272727272728e-14,1e-11,75,3.6e-07,1,6.52406e-07
1.0,2.327272727272728e-14,1e-11,100,3.6e-07,1,6.55485e-07
1.0,2.327272727272728e-14,1e-11,125,1.8e-07,1,6.28145e-07
1.0,2.327272727272728e-14,1e-11,125,3.6e-07,1,6.65114e-07
1.0,2.327272727272728e-14,5e-11,-40,1.8e-07,1,7.00533e-07
1.0,2.327272727272728e-14,5e-11,-25,1.8e-07,1,6.97468e-07
1.0,2.327272727272728e-14,5e-11,0,1.8e-07,1,6.9343e-07
1.0,2.327272727272728e-14,5e-11,25,1.8e-07,1,6.90118e-07
1.0,2.327272727272728e-14,5e-11,25,3.6e-07,1,7.02013e-07
1.0,2.327272727272728e-14,5e-11,75,1.8e-07,1,6.77712e-07
1.0,2.327272727272728e-14,5e-11,75,3.6e-07,1,6.96291e-07
1.0,2.327272727272728e-14,5e-11,100,1.8e-07,1,6.66993e-07
1.0,2.327272727272728e-14,5e-11,125,1.8e-07,1,6.6143e-07
1.0,2.327272727272728e-14,5e-11,125,3.6e-07,1,6.92065e-07
1.0,2.327272727272728e-14,1e-10,-40,1.8e-07,1,7.69309e-07
1.0,2.327272727272728e-14,1e-10,-25,3.6e-07,1,7.75985e-07
1.0,2.327272727272728e-14,1e-10,25,3.6e-07,1,7.55563e-07
1.0,2.327272727272728e-14,1e-10,75,1.8e-07,1,7.28029e-07
1.0,2.327272727272728e-14,1e-10,75,3.6e-07,1,7.37072e-07
1.0,2.327272727272728e-14,1e-10,100,3.6e-07,1,7.31835e-07
1.0,2.327272727272728e-14,2e-10,-40,1.8e-07,1,9.13443e-07
1.0,2.327272727272728e-14,2e-10,-40,3.6e-07,1,8.92377e-07
1.0,2.327272727272728e-14,2e-10,-25,3.6e-07,1,8.87273e-07
1.0,2.327272727272728e-14,2e-10,0,3.6e-07,1,8.73088e-07
1.0,2.327272727272728e-14,2e-10,75,1.8e-07,1,8.13986e-07
1.0,2.327272727272728e-14,2e-10,100,1.8e-07,1,7.90763e-07
1.0,2.327272727272728e-14,2e-10,125,3.6e-07,1,7.92181e-07
1.0,2.327272727272728e-14,4e-10,-40,1.8e-07,1,1.10421e-06
1.0,2.327272727272728e-14,4e-10,-25,1.8e-07,1,1.11268e-06
1.0,2.327272727272728e-14,4e-10,-25,3.6e-07,1,1.10967e-06
1.0,2.327272727272728e-14,4e-10,0,1.8e-07,1,1.08942e-06
1.0,2.327272727272728e-14,4e-10,25,1.8e-07,1,1.04623e-06
1.0,2.327272727272728e-14,4e-10,25,3.6e-07,1,1.03674e-06
1.0,2.327272727272728e-14,4e-10,75,1.8e-07,1,9.80944e-07
1.0,2.327272727272728e-14,4e-10,75,3.6e-07,1,9.71095e-07
1.0,2.327272727272728e-14,4e-10,100,3.6e-07,1,9.48734e-07
1.0,2.327272727272728e-14,4e-10,125,1.8e-07,1,9.04441e-07
1.0,2.327272727272728e-14,4e-10,125,3.6e-07,1,9.23031e-07
1.0,2.7727272727272724e-14,1e-11,-25,3.6e-07,1,7.57469e-07
1.0,2.7727272727272724e-14,1e-11,25,1.8e-07,1,7.5106e-07
1.0,2.7727272727272724e-14,1e-11,25,3.6e-07,1,7.62123e-07
1.0,2.7727272727272724e-14,1e-11,75,1.8e-07,1,7.44175e-07
1.0,2.7727272727272724e-14,1e-11,100,1.8e-07,1,7.39612e-07
1.0,2.7727272727272724e-14,1e-11,125,1.8e-07,1,7.36983e-07
1.0,2.7727272727272724e-14,1e-11,125,3.6e-07,1,7.84645e-07
1.0,2.7727272727272724e-14,5e-11,-40,1.8e-07,1,8.11809e-07
1.0,2.7727272727272724e-14,5e-11,-40,3.6e-07,1,8.23314e-07
1.0,2.7727272727272724e-14,5e-11,-25,3.6e-07,1,8.20562e-07
1.0,2.7727272727272724e-14,5e-11,0,1.8e-07,1,8.06421e-07
1.0,2.7727272727272724e-14,5e-11,25,1.8e-07,1,8.02297e-07
1.0,2.7727272727272724e-14,5e-11,25,3.6e-07,1,8.19793e-07
1.0,2.7727272727272724e-14,5e-11,75,3.6e-07,1,8.15883e-07
1.0,2.7727272727272724e-14,5e-11,100,1.8e-07,1,7.74736e-07
1.0,2.7727272727272724e-14,5e-11,125,1.8e-07,1,7.70092e-07
1.0,2.7727272727272724e-14,1e-10,-40,3.6e-07,1,8.95887e-07
1.0,2.7727272727272724e-14,1e-10,0,1.8e-07,1,8.6638e-07
1.0,2.7727272727272724e-14,1e-10,0,3.6e-07,1,8.80202e-07
1.0,2.7727272727272724e-14,1e-10,25,1.8e-07,1,8.67968e-07
1.0,2.7727272727272724e-14,1e-10,25,3.6e-07,1,8.67958e-07
1.0,2.7727272727272724e-14,1e-10,75,1.8e-07,1,8.33508e-07
1.0,2.7727272727272724e-14,1e-10,75,3.6e-07,1,8.53476e-07
1.0,2.7727272727272724e-14,1e-10,100,1.8e-07,1,8.21852e-07
1.0,2.7727272727272724e-14,1e-10,100,3.6e-07,1,8.53412e-07
1.0,2.7727272727272724e-14,2e-10,-40,3.6e-07,1,1.03724e-06
1.0,2.7727272727272724e-14,2e-10,-25,1.8e-07,1,1.02036e-06
1.0,2.7727272727272724e-14,2e-10,0,1.8e-07,1,9.95961e-07
1.0,2.7727272727272724e-14,2e-10,0,3.6e-07,1,9.98412e-07
1.0,2.7727272727272724e-14,2e-10,75,3.6e-07,1,9.42003e-07
1.0,2.7727272727272724e-14,2e-10,100,1.8e-07,1,8.98025e-07
1.0,2.7727272727272724e-14,2e-10,100,3.6e-07,1,9.28902e-07
1.0,2.7727272727272724e-14,2e-10,125,1.8e-07,1,8.80974e-07
1.0,2.7727272727272724e-14,2e-10,125,3.6e-07,1,9.15517e-07
1.0,2.7727272727272724e-14,4e-10,-40,1.8e-07,1,1.27372e-06
1.0,2.7727272727272724e-14,4e-10,-40,3.6e-07,1,1.24229e-06
1.0,2.7727272727272724e-14,4e-10,-25,3.6e-07,1,1.23012e-06
1.0,2.7727272727272724e-14,4e-10,0,3.6e-07,1,1.19657e-06
1.0,2.7727272727272724e-14,4e-10,25,1.8e-07,1,1.18301e-06
1.0,2.7727272727272724e-14,4e-10,75,1.8e-07,1,1.08773e-06
1.0,2.7727272727272724e-14,4e-10,75,3.6e-07,1,1.10301e-06
1.0,2.7727272727272724e-14,4e-10,100,1.8e-07,1,1.04998e-06
1.0,2.7727272727272724e-14,4e-10,100,3.6e-07,1,1.07923e-06
1.0,2.7727272727272724e-14,4e-10,125,1.8e-07,1,1.01924e-06
1.0,3.2181818181818185e-14,1e-11,-40,1.8e-07,1,8.57732e-07
1.0,3.2181818181818185e-14,1e-11,-25,1.8e-07,1,8.59712e-07
1.0,3.2181818181818185e-14,1e-11,0,3.6e-07,1,8.76449e-07
1.0,3.2181818181818185e-14,1e-11,25,3.6e-07,1,8.76722e-07
1.0,3.2181818181818185e-14,1e-11,75,3.6e-07,1,8.92104e-07
1.0,3.2181818181818185e-14,1e-11,100,1.8e-07,1,8.48566e-07
1.0,3.2181818181818185e-14,1e-11,100,3.6e-07,1,8.99591e-07
1.0,3.2181818181818185e-14,1e-11,125,3.6e-07,1,8.94056e-07
1.0,3.2181818181818185e-14,5e-11,-40,3.6e-07,1,9.42946e-07
1.0,3.2181818181818185e-14,5e-11,-25,1.8e-07,1,9.31696e-07
1.0,3.2181818181818185e-14,5e-11,0,1.8e-07,1,9.28919e-07
1.0,3.2181818181818185e-14,5e-11,25,1.8e-07,1,9.19219e-07
1.0,3.2181818181818185e-14,5e-11,25,3.6e-07,1,9.26666e-07
1.0,3.2181818181818185e-14,5e-11,75,3.6e-07,1,9.29316e-07
1.0,3.2181818181818185e-14,5e-11,100,1.8e-07,1,8.83479e-07
1.0,3.2181818181818185e-14,5e-11,100,3.6e-07,1,9.37252e-07
1.0,3.2181818181818185e-14,5e-11,125,1.8e-07,1,8.79462e-07
1.0,3.2181818181818185e-14,5e-11,125,3.6e-07,1,9.26342e-07
1.0,3.2181818181818185e-14,1e-10,-40,3.6e-07,1,1.00782e-06
1.0,3.2181818181818185e-14,1e-10,0,3.6e-07,1,9.95493e-07
1.0,3.2181818181818185e-14,1e-10,25,1.8e-07,1,9.82617e-07
1.0,3.2181818181818185e-14,1e-10,25,3.6e-07,1,9.83158e-07
1.0,3.2181818181818185e-14,1e-10,75,3.6e-07,1,9.85795e-07
1.0,3.2181818181818185e-14,1e-10,100,1.8e-07,1,9.27652e-07
1.0,3.2181818181818185e-14,1e-10,100,3.6e-07,1,9.77941e-07
1.0,3.2181818181818185e-14,1e-10,125,1.8e-07,1,9.16542e-07
1.0,3.2181818181818185e-14,1e-10,125,3.6e-07,1,9.6607e-07
1.0,3.2181818181818185e-14,2e-10,-40,1.8e-07,1,1.15133e-06
1.0,3.2181818181818185e-14,2e-10,-40,3.6e-07,1,1.15298e-06
1.0,3.2181818181818185e-14,2e-10,-25,1.8e-07,1,1.14046e-06
1.0,3.2181818181818185e-14,2e-10,0,3.6e-07,1,1.1243e-06
1.0,3.2181818181818185e-14,2e-10,25,1.8e-07,1,1.09264e-06
1.0,3.2181818181818185e-14,2e-10,75,1.8e-07,1,1.02963e-06
1.0,3.2181818181818185e-14,2e-10,75,3.6e-07,1,1.06327e-06
1.0,3.2181818181818185e-14,2e-10,100,1.8e-07,1,1.00525e-06
1.0,3.2181818181818185e-14,2e-10,125,3.6e-07,1,1.0343e-06
1.0,3.2181818181818185e-14,4e-10,-40,3.6e-07,1,1.37768e-06
1.0,3.2181818181818185e-14,4e-10,-25,1.8e-07,1,1.38817e-06
1.0,3.2181818181818185e-14,4e-10,0,1.8e-07,1,1.35075e-06
1.0,3.2181818181818185e-14,4e-10,25,1.8e-07,1,1.30168e-06
1.0,3.2181818181818185e-14,4e-10,75,1.8e-07,1,1.20492e-06
1.0,3.2181818181818185e-14,4e-10,75,3.6e-07,1,1.23926e-06
1.0,3.2181818181818185e-14,4e-10,100,1.8e-07,1,1.16385e-06
1.0,3.2181818181818185e-14,4e-10,100,3.6e-07,1,1.1998e-06
1.0,3.2181818181818185e-14,4e-10,125,3.6e-07,1,1.17463e-06
1.0,3.663636363636364e-14,1e-11,-40,1.8e-07,1,9.71959e-07
1.0,3.663636363636364e-14,1e-11,-25,1.8e-07,1,9.80441e-07
1.0,3.663636363636364e-14,1e-11,-25,3.6e-07,1,9.9755e-07
1.0,3.663636363636364e-14,1e-11,0,1.8e-07,1,9.81935e-07
1.0,3.663636363636364e-14,1e-11,25,1.8e-07,1,9.73793e-07
1.0,3.663636363636364e-14,1e-11,25,3.6e-07,1,9.93662e-07
1.0,3.663636363636364e-14,1e-11,75,1.8e-07,1,9.61248e-07
1.0,3.663636363636364e-14,1e-11,75,3.6e-07,1,1.01721e-06
1.0,3.663636363636364e-14,1e-11,100,1.8e-07,1,9.58237e-07
1.0,3.663636363636364e-14,1e-11,100,3.6e-07,1,1.00981e-06
1.0,3.663636363636364e-14,1e-11,125,1.8e-07,1,9.56601e-07
1.0,3.663636363636364e-14,1e-11,125,3.6e-07,1,1.00059e-06
1.0,3.663636363636364e-14,5e-11,-40,1.8e-07,1,1.03657e-06
1.0,3.663636363636364e-14,5e-11,-25,1.8e-07,1,1.04163e-06
1.0,3.663636363636364e-14,5e-11,-25,3.6e-07,1,1.0601e-06
1.0,3.663636363636364e-14,5e-11,0,1.8e-07,1,1.0362e-06
1.0,3.663636363636364e-14,5e-11,25,1.8e-07,1,1.02541e-06
1.0,3.663636363636364e-14,5e-11,25,3.6e-07,1,1.05646e-06
1.0,3.663636363636364e-14,5e-11,75,1.8e-07,1,1.00117e-06
1.0,3.663636363636364e-14,5e-11,75,3.6e-07,1,1.04909e-06
1.0,3.663636363636364e-14,5e-11,100,3.6e-07,1,1.04569e-06
1.0,3.663636363636364e-14,5e-11,125,3.6e-07,1,1.03357e-06
1.0,3.663636363636364e-14,1e-10,-40,1.8e-07,1,1.11124e-06
1.0,3.663636363636364e-14,1e-10,-40,3.6e-07,1,1.12983e-06
1.0,3.663636363636364e-14,1e-10,-25,1.8e-07,1,1.11183e-06
1.0,3.663636363636364e-14,1e-10,-25,3.6e-07,1,1.12516e-06
1.0,3.663636363636364e-14,1e-10,0,1.8e-07,1,1.10355e-06
1.0,3.663636363636364e-14,1e-10,0,3.6e-07,1,1.11641e-06
1.0,3.663636363636364e-14,1e-10,25,1.8e-07,1,1.08879e-06
1.0,3.663636363636364e-14,1e-10,75,1.8e-07,1,1.04967e-06
1.0,3.663636363636364e-14,1e-10,75,3.6e-07,1,1.09358e-06
1.0,3.663636363636364e-14,1e-10,100,1.8e-07,1,1.03644e-06
1.0,3.663636363636364e-14,1e-10,100,3.6e-07,1,1.09024e-06
1.0,3.663636363636364e-14,1e-10,125,3.6e-07,1,1.07349e-06
1.0,3.663636363636364e-14,2e-10,-40,1.8e-07,1,1.25816e-06
1.0,3.663636363636364e-14,2e-10,-40,3.6e-07,1,1.27191e-06
1.0,3.663636363636364e-14,2e-10,-25,1.8e-07,1,1.25173e-06
1.0,3.663636363636364e-14,2e-10,0,1.8e-07,1,1.22843e-06
1.0,3.663636363636364e-14,2e-10,0,3.6e-07,1,1.25252e-06
1.0,3.663636363636364e-14,2e-10,25,3.6e-07,1,1.20815e-06
1.0,3.663636363636364e-14,2e-10,75,1.8e-07,1,1.1378e-06
1.0,3.663636363636364e-14,2e-10,100,1.8e-07,1,1.11515e-06
1.0,3.663636363636364e-14,2e-10,100,3.6e-07,1,1.16908e-06
1.0,3.663636363636364e-14,2e-10,125,1.8e-07,1,1.10079e-06
1.0,3.663636363636364e-14,2e-10,125,3.6e-07,1,1.14365e-06
1.0,3.663636363636364e-14,4e-10,-40,1.8e-07,1,1.53778e-06
1.0,3.663636363636364e-14,4e-10,-40,3.6e-07,1,1.52431e-06
1.0,3.663636363636364e-14,4e-10,-25,1.8e-07,1,1.51779e-06
1.0,3.663636363636364e-14,4e-10,-25,3.6e-07,1,1.46355e-06
1.0,3.663636363636364e-14,4e-10,25,3.6e-07,1,1.40307e-06
1.0,3.663636363636364e-14,4e-10,75,1.8e-07,1,1.31537e-06
1.0,3.663636363636364e-14,4e-10,75,3.6e-07,1,1.35343e-06
1.0,3.663636363636364e-14,4e-10,100,1.8e-07,1,1.27379e-06
1.0,3.663636363636364e-14,4e-10,100,3.6e-07,1,1.32329e-06
1.0,3.663636363636364e-14,4e-10,125,1.8e-07,1,1.23978e-06
1.0,3.663636363636364e-14,4e-10,125,3.6e-07,1,1.29234e-06
1.0,4.109090909090909e-14,1e-11,-40,1.8e-07,1,1.08287e-06
1.0,4.109090909090909e-14,1e-11,-25,1.8e-07,1,1.08987e-06
1.0,4.109090909090909e-14,1e-11,-25,3.6e-07,1,1.10672e-06
1.0,4.109090909090909e-14,1e-11,0,1.8e-07,1,1.08998e-06
1.0,4.109090909090909e-14,1e-11,25,1.8e-07,1,1.08124e-06
1.0,4.109090909090909e-14,1e-11,25,3.6e-07,1,1.12263e-06
1.0,4.109090909090909e-14,1e-11,75,3.6e-07,1,1.12373e-06
1.0,4.109090909090909e-14,1e-11,100,3.6e-07,1,1.11635e-06
1.0,4.109090909090909e-14,1e-11,125,1.8e-07,1,1.06707e-06
1.0,4.109090909090909e-14,5e-11,-40,1.8e-07,1,1.15128e-06
1.0,4.109090909090909e-14,5e-11,-40,3.6e-07,1,1.15626e-06
1.0,4.109090909090909e-14,5e-11,0,1.8e-07,1,1.14706e-06
1.0,4.109090909090909e-14,5e-11,0,3.6e-07,1,1.16473e-06
1.0,4.109090909090909e-14,5e-11,25,1.8e-07,1,1.13212e-06
1.0,4.109090909090909e-14,5e-11,75,1.8e-07,1,1.10969e-06
1.0,4.109090909090909e-14,5e-11,100,1.8e-07,1,1.1026e-06
1.0,4.109090909090909e-14,5e-11,100,3.6e-07,1,1.15383e-06
1.0,4.109090909090909e-14,5e-11,125,3.6e-07,1,1.14067e-06
1.0,4.109090909090909e-14,1e-10,-40,1.8e-07,1,1.22279e-06
1.0,4.109090909090909e-14,1e-10,-40,3.6e-07,1,1.22822e-06
1.0,4.109090909090909e-14,1e-10,-25,1.8e-07,1,1.22891e-06
1.0,4.109090909090909e-14,1e-10,-25,3.6e-07,1,1.2324e-06
1.0,4.109090909090909e-14,1e-10,0,1.8e-07,1,1.22103e-06
1.0,4.109090909090909e-14,1e-10,0,3.6e-07,1,1.22152e-06
1.0,4.109090909090909e-14,1e-10,25,1.8e-07,1,1.19539e-06
1.0,4.109090909090909e-14,1e-10,75,1.8e-07,1,1.15868e-06
1.0,4.109090909090909e-14,1e-10,75,3.6e-07,1,1.21001e-06
1.0,4.109090909090909e-14,1e-10,100,1.8e-07,1,1.14575e-06
1.0,4.109090909090909e-14,1e-10,100,3.6e-07,1,1.19784e-06
1.0,4.109090909090909e-14,1e-10,125,1.8e-07,1,1.13622e-06
1.0,4.109090909090909e-14,1e-10,125,3.6e-07,1,1.18077e-06
1.0,4.109090909090909e-14,2e-10,-40,1.8e-07,1,1.379e-06
1.0,4.109090909090909e-14,2e-10,-25,1.8e-07,1,1.36847e-06
1.0,4.109090909090909e-14,2e-10,-25,3.6e-07,1,1.38157e-06
1.0,4.109090909090909e-14,2e-10,0,1.8e-07,1,1.35033e-06
1.0,4.109090909090909e-14,2e-10,25,1.8e-07,1,1.30712e-06
1.0,4.109090909090909e-14,2e-10,25,3.6e-07,1,1.34391e-06
1.0,4.109090909090909e-14,2e-10,75,1.8e-07,1,1.24652e-06
1.0,4.109090909090909e-14,2e-10,75,3.6e-07,1,1.30277e-06
1.0,4.109090909090909e-14,2e-10,100,1.8e-07,1,1.2294e-06
1.0,4.109090909090909e-14,2e-10,100,3.6e-07,1,1.27491e-06
1.0,4.109090909090909e-14,2e-10,125,1.8e-07,1,1.20511e-06
1.0,4.109090909090909e-14,2e-10,125,3.6e-07,1,1.25088e-06
1.0,4.109090909090909e-14,4e-10,-40,1.8e-07,1,1.67525e-06
1.0,4.109090909090909e-14,4e-10,-25,1.8e-07,1,1.64205e-06
1.0,4.109090909090909e-14,4e-10,0,1.8e-07,1,1.58601e-06
1.0,4.109090909090909e-14,4e-10,0,3.6e-07,1,1.56962e-06
1.0,4.109090909090909e-14,4e-10,25,3.6e-07,1,1.53991e-06
1.0,4.109090909090909e-14,4e-10,75,1.8e-07,1,1.42491e-06
1.0,4.109090909090909e-14,4e-10,75,3.6e-07,1,1.47003e-06
1.0,4.109090909090909e-14,4e-10,100,1.8e-07,1,1.38399e-06
1.0,4.109090909090909e-14,4e-10,100,3.6e-07,1,1.44327e-06
1.0,4.109090909090909e-14,4e-10,125,1.8e-07,1,1.35011e-06
1.0,4.5545454545454544e-14,1e-11,-40,1.8e-07,1,1.19417e-06
1.0,4.5545454545454544e-14,1e-11,-40,3.6e-07,1,1.22328e-06
1.0,4.5545454545454544e-14,1e-11,-25,1.8e-07,1,1.20155e-06
1.0,4.5545454545454544e-14,1e-11,-25,3.6e-07,1,1.21675e-06
1.0,4.5545454545454544e-14,1e-11,0,1.8e-07,1,1.19734e-06
1.0,4.5545454545454544e-14,1e-11,25,1.8e-07,1,1.1897e-06
1.0,4.5545454545454544e-14,1e-11,75,1.8e-07,1,1.18069e-06
1.0,4.5545454545454544e-14,1e-11,75,3.6e-07,1,1.23561e-06
1.0,4.5545454545454544e-14,1e-11,100,3.6e-07,1,1.22326e-06
1.0,4.5545454545454544e-14,1e-11,125,1.8e-07,1,1.17759e-06
1.0,4.5545454545454544e-14,1e-11,125,3.6e-07,1,1.21567e-06
1.0,4.5545454545454544e-14,5e-11,-40,1.8e-07,1,1.26409e-06
1.0,4.5545454545454544e-14,5e-11,-40,3.6e-07,1,1.27588e-06
1.0,4.5545454545454544e-14,5e-11,-25,1.8e-07,1,1.26768e-06
1.0,4.5545454545454544e-14,5e-11,-25,3.6e-07,1,1.27195e-06
1.0,4.5545454545454544e-14,5e-11,25,1.8e-07,1,1.24015e-06
1.0,4.5545454545454544e-14,5e-11,25,3.6e-07,1,1.27382e-06
1.0,4.5545454545454544e-14,5e-11,75,1.8e-07,1,1.2193e-06
1.0,4.5545454545454544e-14,5e-11,75,3.6e-07,1,1.27557e-06
1.0,4.5545454545454544e-14,5e-11,100,1.8e-07,1,1.21269e-06
1.0,4.5545454545454544e-14,5e-11,100,3.6e-07,1,1.25968e-06
1.0,4.5545454545454544e-14,5e-11,125,1.8e-07,1,1.20996e-06
1.0,4.5545454545454544e-14,5e-11,125,3.6e-07,1,1.24828e-06
1.0,4.5545454545454544e-14,1e-10,-40,1.8e-07,1,1.34429e-06
1.0,4.5545454545454544e-14,1e-10,-40,3.6e-07,1,1.34755e-06
1.0,4.5545454545454544e-14,1e-10,-25,1.8e-07,1,1.33834e-06
1.0,4.5545454545454544e-14,1e-10,-25,3.6e-07,1,1.34532e-06
1.0,4.5545454545454544e-14,1e-10,0,1.8e-07,1,1.32735e-06
1.0,4.5545454545454544e-14,1e-10,25,1.8e-07,1,1.30258e-06
1.0,4.5545454545454544e-14,1e-10,75,1.8e-07,1,1.26805e-06
1.0,4.5545454545454544e-14,1e-10,75,3.6e-07,1,1.32684e-06
1.0,4.5545454545454544e-14,1e-10,100,1.8e-07,1,1.25682e-06
1.0,4.5545454545454544e-14,1e-10,125,1.8e-07,1,1.24651e-06
1.0,4.5545454545454544e-14,1e-10,125,3.6e-07,1,1.28841e-06
1.0,4.5545454545454544e-14,2e-10,-40,1.8e-07,1,1.48789e-06
1.0,4.5545454545454544e-14,2e-10,-40,3.6e-07,1,1.51423e-06
1.0,4.5545454545454544e-14,2e-10,-25,3.6e-07,1,1.49962e-06
1.0,4.5545454545454544e-14,2e-10,0,3.6e-07,1,1.47737e-06
1.0,4.5545454545454544e-14,2e-10,25,1.8e-07,1,1.41515e-06
1.0,4.5545454545454544e-14,2e-10,25,3.6e-07,1,1.4529e-06
1.0,4.5545454545454544e-14,2e-10,75,1.8e-07,1,1.36158e-06
1.0,4.5545454545454544e-14,2e-10,75,3.6e-07,1,1.41709e-06
1.0,4.5545454545454544e-14,2e-10,100,3.6e-07,1,1.38629e-06
1.0,4.5545454545454544e-14,2e-10,125,1.8e-07,1,1.32239e-06
1.0,4.5545454545454544e-14,4e-10,-40,1.8e-07,1,1.78857e-06
1.0,4.5545454545454544e-14,4e-10,-40,3.6e-07,1,1.71462e-06
1.0,4.5545454545454544e-14,4e-10,-25,1.8e-07,1,1.74553e-06
1.0,4.5545454545454544e-14,4e-10,-25,3.6e-07,1,1.7127e-06
1.0,4.5545454545454544e-14,4e-10,0,1.8e-07,1,1.71202e-06
1.0,4.5545454545454544e-14,4e-10,25,1.8e-07,1,1.64315e-06
1.0,4.5545454545454544e-14,4e-10,25,3.6e-07,1,1.66413e-06
1.0,4.5545454545454544e-14,4e-10,75,1.8e-07,1,1.53481e-06
1.0,4.5545454545454544e-14,4e-10,75,3.6e-07,1,1.57454e-06
1.0,4.5545454545454544e-14,4e-10,100,1.8e-07,1,1.49426e-06
1.0,4.5545454545454544e-14,4e-10,100,3.6e-07,1,1.55621e-06
1.0,4.5545454545454544e-14,4e-10,125,1.8e-07,1,1.4608e-06
1.0,5e-14,1e-11,-40,1.8e-07,1,1.30574e-06
1.0,5e-14,1e-11,-25,1.8e-07,1,1.31303e-06
1.0,5e-14,1e-11,-25,3.6e-07,1,1.33024e-06
1.0,5e-14,1e-11,0,1.8e-07,1,1.30506e-06
1.0,5e-14,1e-11,0,3.6e-07,1,1.33304e-06
1.0,5e-14,1e-11,25,1.8e-07,1,1.29887e-06
1.0,5e-14,1e-11,25,3.6e-07,1,1.33879e-06
1.0,5e-14,1e-11,75,3.6e-07,1,1.34159e-06
1.0,5e-14,1e-11,100,1.8e-07,1,1.28912e-06
1.0,5e-14,1e-11,100,3.6e-07,1,1.33082e-06
1.0,5e-14,1e-11,125,1.8e-07,1,1.28829e-06
1.0,5e-14,5e-11,-40,1.8e-07,1,1.37573e-06
1.0,5e-14,5e-11,-40,3.6e-07,1,1.40481e-06
1.0,5e-14,5e-11,-25,3.6e-07,1,1.3931e-06
1.0,5e-14,5e-11,0,1.8e-07,1,1.36309e-06
1.0,5e-14,5e-11,25,1.8e-07,1,1.34874e-06
1.0,5e-14,5e-11,75,1.8e-07,1,1.32951e-06
1.0,5e-14,5e-11,100,1.8e-07,1,1.32319e-06
1.0,5e-14,5e-11,100,3.6e-07,1,1.36643e-06
1.0,5e-14,5e-11,125,1.8e-07,1,1.32056e-06
1.0,5e-14,5e-11,125,3.6e-07,1,1.35662e-06
1.0,5e-14,1e-10,-40,1.8e-07,1,1.46036e-06
1.0,5e-14,1e-10,-40,3.6e-07,1,1.46637e-06
1.0,5e-14,1e-10,-25,1.8e-07,1,1.46452e-06
1.0,5e-14,1e-10,-25,3.6e-07,1,1.47324e-06
1.0,5e-14,1e-10,0,1.8e-07,1,1.43398e-06
1.0,5e-14,1e-10,0,3.6e-07,1,1.45666e-06
1.0,5e-14,1e-10,25,1.8e-07,1,1.4123e-06
1.0,5e-14,1e-10,75,3.6e-07,1,1.43356e-06
1.0,5e-14,1e-10,100,1.8e-07,1,1.36621e-06
1.0,5e-14,1e-10,125,1.8e-07,1,1.35711e-06
1.0,5e-14,2e-10,-40,1.8e-07,1,1.60817e-06
1.0,5e-14,2e-10,-25,1.8e-07,1,1.60088e-06
1.0,5e-14,2e-10,-25,3.6e-07,1,1.61218e-06
1.0,5e-14,2e-10,0,1.8e-07,1,1.56047e-06
1.0,5e-14,2e-10,0,3.6e-07,1,1.60104e-06
1.0,5e-14,2e-10,25,1.8e-07,1,1.52277e-06
1.0,5e-14,2e-10,25,3.6e-07,1,1.56433e-06
1.0,5e-14,2e-10,75,1.8e-07,1,1.47105e-06
1.0,5e-14,2e-10,75,3.6e-07,1,1.52331e-06
1.0,5e-14,2e-10,100,1.8e-07,1,1.44912e-06
1.0,5e-14,2e-10,100,3.6e-07,1,1.49269e-06
1.0,5e-14,2e-10,125,1.8e-07,1,1.43164e-06
1.0,5e-14,2e-10,125,3.6e-07,1,1.47146e-06
1.0,5e-14,4e-10,-40,1.8e-07,1,1.88105e-06
1.0,5e-14,4e-10,-40,3.6e-07,1,1.81933e-06
1.0,5e-14,4e-10,-25,3.6e-07,1,1.84066e-06
1.0,5e-14,4e-10,0,1.8e-07,1,1.81608e-06
1.0,5e-14,4e-10,0,3.6e-07,1,1.83507e-06
1.0,5e-14,4e-10,25,1.8e-07,1,1.75764e-06
1.0,5e-14,4e-10,75,1.8e-07,1,1.64481e-06
1.0,5e-14,4e-10,75,3.6e-07,1,1.70921e-06
1.0,5e-14,4e-10,100,1.8e-07,1,1.60469e-06
1.0,5e-14,4e-10,100,3.6e-07,1,1.65581e-06
1.0,5e-14,4e-10,125,1.8e-07,1,1.57153e-06
1.0,5e-14,4e-10,125,3.6e-07,1,1.61597e-06
1.1,1e-15,1e-11,-40,1.8e-07,1,7.78877e-08
1.1,1e-15,1e-11,-25,1.8e-07,1,7.81216e-08
1.1,1e-15,1e-11,-25,3.6e-07,1,8.82298e-08
1.1,1e-15,1e-11,0,3.6e-07,1,8.82429e-08
1.1,1e-15,1e-11,25,1.8e-07,1,7.67178e-08
1.1,1e-15,1e-11,75,1.8e-07,1,7.71746e-08
1.1,1e-15,1e-11,100,3.6e-07,1,9.4118e-08
1.1,1e-15,1e-11,125,1.8e-07,1,8.0453e-08
1.1,1e-15,1e-11,125,3.6e-07,1,9.83066e-08
1.1,1e-15,5e-11,-40,1.8e-07,1,9.97485e-08
1.1,1e-15,5e-11,-40,3.6e-07,1,1.38774e-07
1.1,1e-15,5e-11,-25,1.8e-07,1,1.03823e-07
1.1,1e-15,5e-11,-25,3.6e-07,1,1.17138e-07
1.1,1e-15,5e-11,0,3.6e-07,1,1.26295e-07
1.1,1e-15,5e-11,25,1.8e-07,1,9.80134e-08
1.1,1e-15,5e-11,75,1.8e-07,1,1.04765e-07
1.1,1e-15,5e-11,75,3.6e-07,1,1.28759e-07
1.1,1e-15,5e-11,100,1.8e-07,1,1.04737e-07
1.1,1e-15,5e-11,125,1.8e-07,1,1.06267e-07
1.1,1e-15,5e-11,125,3.6e-07,1,1.27762e-07
1.1,1e-15,1e-10,-40,1.8e-07,1,1.26599e-07
1.1,1e-15,1e-10,-40,3.6e-07,1,1.42548e-07
1.1,1e-15,1e-10,-25,1.8e-07,1,1.17084e-07
1.1,1e-15,1e-10,-25,3.6e-07,1,1.28622e-07
1.1,1e-15,1e-10,0,1.8e-07,1,1.16287e-07
1.1,1e-15,1e-10,0,3.6e-07,1,1.37203e-07
1.1,1e-15,1e-10,25,1.8e-07,1,1.18406e-07
1.1,1e-15,1e-10,25,3.6e-07,1,1.33831e-07
1.1,1e-15,1e-10,75,1.8e-07,1,1.12022e-07
1.1,1e-15,1e-10,75,3.6e-07,1,1.42245e-07
1.1,1e-15,1e-10,100,1.8e-07,1,1.06353e-07
1.1,1e-15,1e-10,100,3.6e-07,1,1.43956e-07
1.1,1e-15,1e-10,125,3.6e-07,1,1.43353e-07
1.1,1e-15,2e-10,-40,1.8e-07,1,1.40448e-07
1.1,1e-15,2e-10,-40,3.6e-07,1,1.93855e-07
1.1,1e-15,2e-10,-25,3.6e-07,1,2.01737e-07
1.1,1e-15,2e-10,0,1.8e-07,1,1.33924e-07
1.1,1e-15,2e-10,25,1.8e-07,1,1.30336e-07
1.1,1e-15,2e-10,25,3.6e-07,1,1.5798e-07
1.1,1e-15,2e-10,75,1.8e-07,1,1.28672e-07
1.1,1e-15,2e-10,100,1.8e-07,1,1.34953e-07
1.1,1e-15,2e-10,100,3.6e-07,1,1.60749e-07
1.1,1e-15,2e-10,125,1.8e-07,1,1.29911e-07
1.1,1e-15,2e-10,125,3.6e-07,1,1.64511e-07
1.1,1e-15,4e-10,-40,1.8e-07,1,2.39298e-07
1.1,1e-15,4e-10,-40,3.6e-07,1,3.04232e-07
1.1,1e-15,4e-10,-25,1.8e-07,1,2.19361e-07
1.1,1e-15,4e-10,0,1.8e-07,1,2.10744e-07
1.1,1e-15,4e-10,0,3.6e-07,1,2.56505e-07
1.1,1e-15,4e-10,25,1.8e-07,1,1.89818e-07
1.1,1e-15,4e-10,25,3.6e-07,1,2.30372e-07
1.1,1e-15,4e-10,75,1.8e-07,1,1.68725e-07
1.1,1e-15,4e-10,75,3.6e-07,1,2.05565e-07
1.1,1e-15,4e-10,100,1.8e-07,1,1.67142e-07
1.1,1e-15,4e-10,100,3.6e-07,1,1.99554e-07
1.1,1e-15,4e-10,125,3.6e-07,1,1.83805e-07
1.1,5.454545454545455e-15,1e-11,-40,1.8e-07,1,2.16249e-07
1.1,5.454545454545455e-15,1e-11,-40,3.6e-07,1,2.29874e-07
1.1,5.454545454545455e-15,1e-11,-25,1.8e-07,1,2.16108e-07
1.1,5.454545454545455e-15,1e-11,0,1.8e-07,1,2.1601e-07
1.1,5.454545454545455e-15,1e-11,0,3.6e-07,1,2.32035e-07
1.1,5.454545454545455e-15,1e-11,25,1.8e-07,1,2.18484e-07
1.1,5.454545454545455e-15,1e-11,25,3.6e-07,1,2.33554e-07
1.1,5.454545454545455e-15,1e-11,75,3.6e-07,1,2.37329e-07
1.1,5.454545454545455e-15,1e-11,100,1.8e-07,1,2.22064e-07
1.1,5.454545454545455e-15,1e-11,100,3.6e-07,1,2.40459e-07
1.1,5.454545454545455e-15,1e-11,125,1.8e-07,1,2.24013e-07
1.1,5.454545454545455e-15,5e-11,-40,1.8e-07,1,2.96582e-07
1.1,5.454545454545455e-15,5e-11,-40,3.6e-07,1,3.05981e-07
1.1,5.454545454545455e-15,5e-11,-25,1.8e-07,1,2.92669e-07
1.1,5.454545454545455e-15,5e-11,-25,3.6e-07,1,3.00313e-07
1.1,5.454545454545455e-15,5e-11,0,3.6e-07,1,2.9775e-07
1.1,5.454545454545455e-15,5e-11,25,1.8e-07,1,2.82176e-07
1.1,5.454545454545455e-15,5e-11,25,3.6e-07,1,2.93428e-07
1.1,5.454545454545455e-15,5e-11,100,3.6e-07,1,2.81642e-07
1.1,5.454545454545455e-15,5e-11,125,3.6e-07,1,2.82212e-07
1.1,5.454545454545455e-15,1e-10,-40,3.6e-07,1,3.81093e-07
1.1,5.454545454545455e-15,1e-10,-25,1.8e-07,1,3.72717e-07
1.1,5.454545454545455e-15,1e-10,-25,3.6e-07,1,3.73307e-07
1.1,5.454545454545455e-15,1e-10,0,1.8e-07,1,3.63375e-07
1.1,5.454545454545455e-15,1e-10,0,3.6e-07,1,3.60541e-07
1.1,5.454545454545455e-15,1e-10,25,1.8e-07,1,3.49755e-07
1.1,5.454545454545455e-15,1e-10,25,3.6e-07,1,3.39022e-07
1.1,5.454545454545455e-15,1e-10,75,3.6e-07,1,3.37136e-07
1.1,5.454545454545455e-15,1e-10,100,1.8e-07,1,3.16839e-07
1.1,5.454545454545455e-15,1e-10,125,1.8e-07,1,3.10531e-07
1.1,5.454545454545455e-15,2e-10,-40,1.8e-07,1,4.19268e-07
1.1,5.454545454545455e-15,2e-10,-40,3.6e-07,1,4.62908e-07
1.1,5.454545454545455e-15,2e-10,-25,1.8e-07,1,4.04686e-07
1.1,5.454545454545455e-15,2e-10,-25,3.6e-07,1,4.54964e-07
1.1,5.454545454545455e-15,2e-10,0,1.8e-07,1,3.96111e-07
1.1,5.454545454545455e-15,2e-10,25,1.8e-07,1,3.99734e-07
1.1,5.454545454545455e-15,2e-10,25,3.6e-07,1,4.19251e-07
1.1,5.454545454545455e-15,2e-10,75,3.6e-07,1,3.98686e-07
1.1,5.454545454545455e-15,2e-10,100,1.8e-07,1,3.8775e-07
1.1,5.454545454545455e-15,2e-10,100,3.6e-07,1,3.839e-07
1.1,5.454545454545455e-15,2e-10,125,1.8e-07,1,3.82475e-07
1.1,5.454545454545455e-15,4e-10,-40,1.8e-07,1,5.14517e-07
1.1,5.454545454545455e-15,4e-10,0,1.8e-07,1,4.64535e-07
1.1,5.454545454545455e-15,4e-10,0,3.6e-07,1,5.41146e-07
1.1,5.454545454545455e-15,4e-10,25,3.6e-07,1,5.10051e-07
1.1,5.454545454545455e-15,4e-10,75,1.8e-07,1,4.24995e-07
1.1,5.454545454545455e-15,4e-10,100,1.8e-07,1,4.05872e-07
1.1,5.454545454545455e-15,4e-10,100,3.6e-07,1,4.64274e-07
1.1,5.454545454545455e-15,4e-10,125,1.8e-07,1,4.0164e-07
1.1,5.454545454545455e-15,4e-10,125,3.6e-07,1,4.59774e-07
1.1,9.909090909090907e-15,1e-11,-25,1.8e-07,1,3.55695e-07
1.1,9.909090909090907e-15,1e-11,-25,3.6e-07,1,3.67531e-07
1.1,9.909090909090907e-15,1e-11,0,3.6e-07,1,3.6886e-07
1.1,9.909090909090907e-15,1e-11,25,1.8e-07,1,3.54918e-07
1.1,9.909090909090907e-15,1e-11,75,3.6e-07,1,3.77497e-07
1.1,9.909090909090907e-15,1e-11,125,1.8e-07,1,3.62267e-07
1.1,9.909090909090907e-15,1e-11,125,3.6e-07,1,3.85297e-07
1.1,9.909090909090907e-15,5e-11,-40,3.6e-07,1,4.44898e-07
1.1,9.909090909090907e-15,5e-11,-25,1.8e-07,1,4.33123e-07
1.1,9.909090909090907e-15,5e-11,0,1.8e-07,1,4.28149e-07
1.1,9.909090909090907e-15,5e-11,0,3.6e-07,1,4.43675e-07
1.1,9.909090909090907e-15,5e-11,25,1.8e-07,1,4.22251e-07
1.1,9.909090909090907e-15,5e-11,75,1.8e-07,1,4.07874e-07
1.1,9.909090909090907e-15,5e-11,100,1.8e-07,1,4.06531e-07
1.1,9.909090909090907e-15,1e-10,-40,1.8e-07,1,5.35764e-07
1.1,9.909090909090907e-15,1e-10,-25,1.8e-07,1,5.29244e-07
1.1,9.909090909090907e-15,1e-10,0,1.8e-07,1,5.16179e-07
1.1,9.909090909090907e-15,1e-10,0,3.6e-07,1,5.18002e-07
1.1,9.909090909090907e-15,1e-10,25,1.8e-07,1,5.0203e-07
1.1,9.909090909090907e-15,1e-10,75,3.6e-07,1,4.83254e-07
1.1,9.909090909090907e-15,1e-10,125,1.8e-07,1,4.51984e-07
1.1,9.909090909090907e-15,1e-10,125,3.6e-07,1,4.71583e-07
1.1,9.909090909090907e-15,2e-10,-40,3.6e-07,1,6.90595e-07
1.1,9.909090909090907e-15,2e-10,-25,3.6e-07,1,6.90603e-07
1.1,9.909090909090907e-15,2e-10,0,1.8e-07,1,6.34769e-07
1.1,9.909090909090907e-15,2e-10,0,3.6e-07,1,6.6468e-07
1.1,9.909090909090907e-15,2e-10,25,3.6e-07,1,6.22639e-07
1.1,9.909090909090907e-15,2e-10,75,3.6e-07,1,5.7514e-07
1.1,9.909090909090907e-15,2e-10,100,3.6e-07,1,5.61603e-07
1.1,9.909090909090907e-15,4e-10,-40,3.6e-07,1,8.45707e-07
1.1,9.909090909090907e-15,4e-10,-25,1.8e-07,1,7.56937e-07
1.1,9.909090909090907e-15,4e-10,-25,3.6e-07,1,8.24616e-07
1.1,9.909090909090907e-15,4e-10,0,3.6e-07,1,7.97943e-07
1.1,9.909090909090907e-15,4e-10,25,1.8e-07,1,6.94997e-07
1.1,9.909090909090907e-15,4e-10,25,3.6e-07,1,7.65367e-07
1.1,9.909090909090907e-15,4e-10,75,1.8e-07,1,6.63581e-07
1.1,9.909090909090907e-15,4e-10,100,3.6e-07,1,6.97185e-07
1.1,9.909090909090907e-15,4e-10,125,3.6e-07,1,6.72883e-07
1.1,1.436363636363636e-14,1e-11,-40,3.6e-07,1,5.04416e-07
1.1,1.436363636363636e-14,1e-11,-25,1.8e-07,1,4.89057e-07
1.1,1.436363636363636e-14,1e-11,-25,3.6e-07,1,5.0468e-07
1.1,1.436363636363636e-14,1e-11,25,3.6e-07,1,5.10082e-07
1.1,1.436363636363636e-14,1e-11,75,1.8e-07,1,4.94707e-07
1.1,1.436363636363636e-14,1e-11,100,1.8e-07,1,4.9816e-07
1.1,1.436363636363636e-14,1e-11,100,3.6e-07,1,5.16032e-07
1.1,1.436363636363636e-14,5e-11,-40,1.8e-07,1,5.75431e-07
1.1,1.436363636363636e-14,5e-11,-25,3.6e-07,1,5.89417e-07
1.1,1.436363636363636e-14,5e-11,25,1.8e-07,1,5.62278e-07
1.1,1.436363636363636e-14,5e-11,75,1.8e-07,1,5.56358e-07
1.1,1.436363636363636e-14,5e-11,75,3.6e-07,1,5.71752e-07
1.1,1.436363636363636e-14,5e-11,100,1.8e-07,1,5.50873e-07
1.1,1.436363636363636e-14,5e-11,125,1.8e-07,1,5.46896e-07
1.1,1.436363636363636e-14,5e-11,125,3.6e-07,1,5.66092e-07
1.1,1.436363636363636e-14,1e-10,-40,1.8e-07,1,6.70232e-07
1.1,1.436363636363636e-14,1e-10,-25,1.8e-07,1,6.66751e-07
1.1,1.436363636363636e-14,1e-10,-25,3.6e-07,1,6.72743e-07
1.1,1.436363636363636e-14,1e-10,0,3.6e-07,1,6.58732e-07
1.1,1.436363636363636e-14,1e-10,25,1.8e-07,1,6.465e-07
1.1,1.436363636363636e-14,1e-10,75,3.6e-07,1,6.30953e-07
1.1,1.436363636363636e-14,1e-10,100,3.6e-07,1,6.24447e-07
1.1,1.436363636363636e-14,1e-10,125,3.6e-07,1,6.10607e-07
1.1,1.436363636363636e-14,2e-10,-40,3.6e-07,1,8.59437e-07
1.1,1.436363636363636e-14,2e-10,-25,1.8e-07,1,8.35571e-07
1.1,1.436363636363636e-14,2e-10,-25,3.6e-07,1,8.36467e-07
1.1,1.436363636363636e-14,2e-10,25,1.8e-07,1,7.86949e-07
1.1,1.436363636363636e-14,2e-10,25,3.6e-07,1,7.91974e-07
1.1,1.436363636363636e-14,2e-10,75,3.6e-07,1,7.2981e-07
1.1,1.436363636363636e-14,2e-10,100,1.8e-07,1,7.10718e-07
1.1,1.436363636363636e-14,2e-10,125,1.8e-07,1,6.93974e-07
1.1,1.436363636363636e-14,4e-10,-40,1.8e-07,1,1.00484e-06
1.1,1.436363636363636e-14,4e-10,-40,3.6e-07,1,1.07914e-06
1.1,1.436363636363636e-14,4e-10,25,1.8e-07,1,9.48008e-07
1.1,1.436363636363636e-14,4e-10,25,3.6e-07,1,9.51967e-07
1.1,1.436363636363636e-14,4e-10,75,1.8e-07,1,8.97072e-07
1.1,1.436363636363636e-14,4e-10,75,3.6e-07,1,9.15484e-07
1.1,1.436363636363636e-14,4e-10,100,1.8e-07,1,8.7067e-07
1.1,1.436363636363636e-14,4e-10,125,1.8e-07,1,8.59283e-07
1.1,1.436363636363636e-14,4e-10,125,3.6e-07,1,8.63823e-07
1.1,1.8818181818181816e-14,1e-11,-40,3.6e-07,1,6.44052e-07
1.1,1.8818181818181816e-14,1e-11,-25,3.6e-07,1,6.46018e-07
1.1,1.8818181818181816e-14,1e-11,0,1.8e-07,1,6.32395e-07
1.1,1.8818181818181816e-14,1e-11,25,1.8e-07,1,6.31557e-07
1.1,1.8818181818181816e-14,1e-11,25,3.6e-07,1,6.47241e-07
1.1,1.8818181818181816e-14,1e-11,75,1.8e-07,1,6.40776e-07
1.1,1.8818181818181816e-14,1e-11,75,3.6e-07,1,6.57823e-07
1.1,1.8818181818181816e-14,1e-11,100,3.6e-07,1,6.62817e-07
1.1,1.8818181818181816e-14,1e-11,125,3.6e-07,1,6.6988e-07
1.1,1.8818181818181816e-14,5e-11,-40,1.8e-07,1,7.1458e-07
1.1,1.8818181818181816e-14,5e-11,-25,1.8e-07,1,7.11617e-07
1.1,1.8818181818181816e-14,5e-11,0,1.8e-07,1,7.03675e-07
1.1,1.8818181818181816e-14,5e-11,0,3.6e-07,1,7.21483e-07
1.1,1.8818181818181816e-14,5e-11,25,1.8e-07,1,7.03162e-07
1.1,1.8818181818181816e-14,5e-11,75,1.8e-07,1,6.92169e-07
1.1,1.8818181818181816e-14,5e-11,75,3.6e-07,1,7.06988e-07
1.1,1.8818181818181816e-14,5e-11,100,1.8e-07,1,6.90891e-07
1.1,1.8818181818181816e-14,5e-11,125,1.8e-07,1,6.84006e-07
1.1,1.8818181818181816e-14,5e-11,125,3.6e-07,1,7.03604e-07
1.1,1.8818181818181816e-14,1e-10,-40,1.8e-07,1,8.24305e-07
1.1,1.8818181818181816e-14,1e-10,-40,3.6e-07,1,8.25511e-07
1.1,1.8818181818181816e-14,1e-10,-25,1.8e-07,1,8.13102e-07
1.1,1.8818181818181816e-14,1e-10,0,1.8e-07,1,7.94612e-07
1.1,1.8818181818181816e-14,1e-10,25,1.8e-07,1,7.78906e-07
1.1,1.8818181818181816e-14,1e-10,25,3.6e-07,1,8.03863e-07
1.1,1.8818181818181816e-14,1e-10,75,3.6e-07,1,7.65182e-07
1.1,1.8818181818181816e-14,1e-10,100,3.6e-07,1,7.63259e-07
1.1,1.8818181818181816e-14,1e-10,125,1.8e-07,1,7.35502e-07
1.1,1.8818181818181816e-14,2e-10,-40,1.8e-07,1,1.008e-06
1.1,1.8818181818181816e-14,2e-10,-25,3.6e-07,1,9.87665e-07
1.1,1.8818181818181816e-14,2e-10,0,1.8e-07,1,9.62333e-07
1.1,1.8818181818181816e-14,2e-10,25,1.8e-07,1,9.33284e-07
1.1,1.8818181818181816e-14,2e-10,25,3.6e-07,1,9.28049e-07
1.1,1.8818181818181816e-14,2e-10,75,1.8e-07,1,8.85453e-07
1.1,1.8818181818181816e-14,2e-10,100,1.8e-07,1,8.5702e-07
1.1,1.8818181818181816e-14,2e-10,125,3.6e-07,1,8.51479e-07
1.1,1.8818181818181816e-14,4e-10,-40,1.8e-07,1,1.23707e-06
1.1,1.8818181818181816e-14,4e-10,-40,3.6e-07,1,1.28711e-06
1.1,1.8818181818181816e-14,4e-10,-25,1.8e-07,1,1.23078e-06
1.1,1.8818181818181816e-14,4e-10,-25,3.6e-07,1,1.25922e-06
1.1,1.8818181818181816e-14,4e-10,0,1.8e-07,1,1.18421e-06
1.1,1.8818181818181816e-14,4e-10,0,3.6e-07,1,1.21192e-06
1.1,1.8818181818181816e-14,4e-10,25,1.8e-07,1,1.15218e-06
1.1,1.8818181818181816e-14,4e-10,25,3.6e-07,1,1.16541e-06
1.1,1.8818181818181816e-14,4e-10,75,1.8e-07,1,1.09054e-06
1.1,1.8818181818181816e-14,4e-10,75,3.6e-07,1,1.05883e-06
1.1,1.8818181818181816e-14,4e-10,100,1.8e-07,1,1.04678e-06
1.1,1.8818181818181816e-14,4e-10,100,3.6e-07,1,1.04838e-06
1.1,1.8818181818181816e-14,4e-10,125,3.6e-07,1,1.02632e-06
1.1,2.327272727272728e-14,1e-11,-40,1.8e-07,1,7.63761e-07
1.1,2.327272727272728e-14,1e-11,-40,3.6e-07,1,7.86481e-07
1.1,2.327272727272728e-14,1e-11,-25,1.8e-07,1,7.6709e-07
1.1,2.327272727272728e-14,1e-11,-25,3.6e-07,1,7.81652e-07
1.1,2.327272727272728e-14,1e-11,0,1.8e-07,1,7.74366e-07
1.1,2.327272727272728e-14,1e-11,0,3.6e-07,1,7.93337e-07
1.1,2.327272727272728e-14,1e-11,25,1.8e-07,1,7.72115e-07
1.1,2.327272727272728e-14,1e-11,75,1.8e-07,1,7.78461e-07
1.1,2.327272727272728e-14,1e-11,75,3.6e-07,1,7.99612e-07
1.1,2.327272727272728e-14,1e-11,100,3.6e-07,1,7.98118e-07
1.1,2.327272727272728e-14,1e-11,125,1.8e-07,1,7.67934e-07
1.1,2.327272727272728e-14,1e-11,125,3.6e-07,1,8.02796e-07
1.1,2.327272727272728e-14,5e-11,-40,1.8e-07,1,8.49582e-07
1.1,2.327272727272728e-14,5e-11,-25,1.8e-07,1,8.52989e-07
1.1,2.327272727272728e-14,5e-11,0,1.8e-07,1,8.49251e-07
1.1,2.327272727272728e-14,5e-11,25,1.8e-07,1,8.41683e-07
1.1,2.327272727272728e-14,5e-11,100,1.8e-07,1,8.23849e-07
1.1,2.327272727272728e-14,5e-11,100,3.6e-07,1,8.48231e-07
1.1,2.327272727272728e-14,5e-11,125,3.6e-07,1,8.50673e-07
1.1,2.327272727272728e-14,1e-10,-40,1.8e-07,1,9.56144e-07
1.1,2.327272727272728e-14,1e-10,-40,3.6e-07,1,9.65934e-07
1.1,2.327272727272728e-14,1e-10,-25,1.8e-07,1,9.49791e-07
1.1,2.327272727272728e-14,1e-10,0,3.6e-07,1,9.62251e-07
1.1,2.327272727272728e-14,1e-10,25,3.6e-07,1,9.31164e-07
1.1,2.327272727272728e-14,1e-10,75,3.6e-07,1,9.15503e-07
1.1,2.327272727272728e-14,1e-10,100,3.6e-07,1,9.04336e-07
1.1,2.327272727272728e-14,1e-10,125,3.6e-07,1,8.98702e-07
1.1,2.327272727272728e-14,2e-10,-40,3.6e-07,1,1.13611e-06
1.1,2.327272727272728e-14,2e-10,0,3.6e-07,1,1.09972e-06
1.1,2.327272727272728e-14,2e-10,25,3.6e-07,1,1.06132e-06
1.1,2.327272727272728e-14,2e-10,75,3.6e-07,1,1.03502e-06
1.1,2.327272727272728e-14,2e-10,100,3.6e-07,1,1.01996e-06
1.1,2.327272727272728e-14,2e-10,125,3.6e-07,1,9.94259e-07
1.1,2.327272727272728e-14,4e-10,-40,1.8e-07,1,1.43498e-06
1.1,2.327272727272728e-14,4e-10,-25,3.6e-07,1,1.42844e-06
1.1,2.327272727272728e-14,4e-10,25,1.8e-07,1,1.34233e-06
1.1,2.327272727272728e-14,4e-10,75,1.8e-07,1,1.2481e-06
1.1,2.327272727272728e-14,4e-10,100,1.8e-07,1,1.20703e-06
1.1,2.327272727272728e-14,4e-10,100,3.6e-07,1,1.19744e-06
1.1,2.327272727272728e-14,4e-10,125,1.8e-07,1,1.16444e-06
1.1,2.327272727272728e-14,4e-10,125,3.6e-07,1,1.15793e-06
1.1,2.7727272727272724e-14,1e-11,-40,3.6e-07,1,9.12717e-07
1.1,2.7727272727272724e-14,1e-11,0,1.8e-07,1,9.06564e-07
1.1,2.7727272727272724e-14,1e-11,0,3.6e-07,1,9.32583e-07
1.1,2.7727272727272724e-14,1e-11,25,3.6e-07,1,9.27027e-07
1.1,2.7727272727272724e-14,1e-11,75,3.6e-07,1,9.31448e-07
1.1,2.7727272727272724e-14,1e-11,100,3.6e-07,1,9.38099e-07
1.1,2.7727272727272724e-14,1e-11,125,3.6e-07,1,9.49941e-07
1.1,2.7727272727272724e-14,5e-11,-40,1.8e-07,1,9.95084e-07
1.1,2.7727272727272724e-14,5e-11,25,1.8e-07,1,9.90783e-07
1.1,2.7727272727272724e-14,5e-11,75,1.8e-07,1,9.67146e-07
1.1,2.7727272727272724e-14,5e-11,100,1.8e-07,1,9.53351e-07
1.1,2.7727272727272724e-14,5e-11,125,3.6e-07,1,9.91738e-07
1.1,2.7727272727272724e-14,1e-10,-25,3.6e-07,1,1.11856e-06
1.1,2.7727272727272724e-14,1e-10,0,3.6e-07,1,1.09603e-06
1.1,2.7727272727272724e-14,1e-10,25,1.8e-07,1,1.06272e-06
1.1,2.7727272727272724e-14,1e-10,75,3.6e-07,1,1.05607e-06
1.1,2.7727272727272724e-14,1e-10,100,3.6e-07,1,1.04401e-06
1.1,2.7727272727272724e-14,1e-10,125,1.8e-07,1,9.97571e-07
1.1,2.7727272727272724e-14,1e-10,125,3.6e-07,1,1.04174e-06
1.1,2.7727272727272724e-14,2e-10,-40,1.8e-07,1,1.30185e-06
1.1,2.7727272727272724e-14,2e-10,-25,1.8e-07,1,1.2717e-06
1.1,2.7727272727272724e-14,2e-10,-25,3.6e-07,1,1.28119e-06
1.1,2.7727272727272724e-14,2e-10,0,1.8e-07,1,1.26544e-06
1.1,2.7727272727272724e-14,2e-10,0,3.6e-07,1,1.24918e-06
1.1,2.7727272727272724e-14,2e-10,25,1.8e-07,1,1.23395e-06
1.1,2.7727272727272724e-14,2e-10,75,1.8e-07,1,1.16014e-06
1.1,2.7727272727272724e-14,2e-10,100,1.8e-07,1,1.1265e-06
1.1,2.7727272727272724e-14,2e-10,125,1.8e-07,1,1.10072e-06
1.1,2.7727272727272724e-14,2e-10,125,3.6e-07,1,1.13247e-06
1.1,2.7727272727272724e-14,4e-10,-40,1.8e-07,1,1.61782e-06
1.1,2.7727272727272724e-14,4e-10,-25,3.6e-07,1,1.58661e-06
1.1,2.7727272727272724e-14,4e-10,0,1.8e-07,1,1.55614e-06
1.1,2.7727272727272724e-14,4e-10,75,1.8e-07,1,1.40296e-06
1.1,2.7727272727272724e-14,4e-10,75,3.6e-07,1,1.37691e-06
1.1,2.7727272727272724e-14,4e-10,100,1.8e-07,1,1.34893e-06
1.1,2.7727272727272724e-14,4e-10,125,1.8e-07,1,1.29035e-06
1.1,2.7727272727272724e-14,4e-10,125,3.6e-07,1,1.32134e-06
1.1,3.2181818181818185e-14,1e-11,-40,3.6e-07,1,1.0517e-06
1.1,3.2181818181818185e-14,1e-11,-25,1.8e-07,1,1.036e-06
1.1,3.2181818181818185e-14,1e-11,-25,3.6e-07,1,1.06375e-06
1.1,3.2181818181818185e-14,1e-11,25,1.8e-07,1,1.0509e-06
1.1,3.2181818181818185e-14,1e-11,25,3.6e-07,1,1.06326e-06
1.1,3.2181818181818185e-14,1e-11,75,3.6e-07,1,1.07272e-06
1.1,3.2181818181818185e-14,1e-11,100,3.6e-07,1,1.08553e-06
1.1,3.2181818181818185e-14,1e-11,125,1.8e-07,1,1.0309e-06
1.1,3.2181818181818185e-14,5e-11,-40,3.6e-07,1,1.1444e-06
1.1,3.2181818181818185e-14,5e-11,-25,3.6e-07,1,1.1424e-06
1.1,3.2181818181818185e-14,5e-11,0,1.8e-07,1,1.12381e-06
1.1,3.2181818181818185e-14,5e-11,25,1.8e-07,1,1.12226e-06
1.1,3.2181818181818185e-14,5e-11,75,1.8e-07,1,1.09651e-06
1.1,3.2181818181818185e-14,5e-11,75,3.6e-07,1,1.13026e-06
1.1,3.2181818181818185e-14,5e-11,100,1.8e-07,1,1.08399e-06
1.1,3.2181818181818185e-14,5e-11,125,1.8e-07,1,1.07589e-06
1.1,3.2181818181818185e-14,5e-11,125,3.6e-07,1,1.1428e-06
1.1,3.2181818181818185e-14,1e-10,-40,1.8e-07,1,1.24575e-06
1.1,3.2181818181818185e-14,1e-10,-25,3.6e-07,1,1.24979e-06
1.1,3.2181818181818185e-14,1e-10,25,1.8e-07,1,1.2051e-06
1.1,3.2181818181818185e-14,1e-10,75,1.8e-07,1,1.16597e-06
1.1,3.2181818181818185e-14,1e-10,100,1.8e-07,1,1.14538e-06
1.1,3.2181818181818185e-14,1e-10,125,3.6e-07,1,1.18828e-06
1.1,3.2181818181818185e-14,2e-10,-25,1.8e-07,1,1.43205e-06
1.1,3.2181818181818185e-14,2e-10,-25,3.6e-07,1,1.43474e-06
1.1,3.2181818181818185e-14,2e-10,0,3.6e-07,1,1.3966e-06
1.1,3.2181818181818185e-14,2e-10,25,1.8e-07,1,1.36425e-06
1.1,3.2181818181818185e-14,2e-10,25,3.6e-07,1,1.38633e-06
1.1,3.2181818181818185e-14,2e-10,75,3.6e-07,1,1.31388e-06
1.1,3.2181818181818185e-14,2e-10,100,1.8e-07,1,1.26056e-06
1.1,3.2181818181818185e-14,2e-10,100,3.6e-07,1,1.29367e-06
1.1,3.2181818181818185e-14,2e-10,125,1.8e-07,1,1.23137e-06
1.1,3.2181818181818185e-14,4e-10,-25,1.8e-07,1,1.76364e-06
1.1,3.2181818181818185e-14,4e-10,-25,3.6e-07,1,1.732e-06
1.1,3.2181818181818185e-14,4e-10,0,3.6e-07,1,1.67673e-06
1.1,3.2181818181818185e-14,4e-10,25,1.8e-07,1,1.65419e-06
1.1,3.2181818181818185e-14,4e-10,25,3.6e-07,1,1.62979e-06
1.1,3.2181818181818185e-14,4e-10,100,1.8e-07,1,1.47244e-06
1.1,3.2181818181818185e-14,4e-10,100,3.6e-07,1,1.49698e-06
1.1,3.2181818181818185e-14,4e-10,125,1.8e-07,1,1.42761e-06
1.1,3.663636363636364e-14,1e-11,-40,1.8e-07,1,1.18058e-06
1.1,3.663636363636364e-14,1e-11,-40,3.6e-07,1,1.18676e-06
1.1,3.663636363636364e-14,1e-11,-25,1.8e-07,1,1.18194e-06
1.1,3.663636363636364e-14,1e-11,0,1.8e-07,1,1.18621e-06
1.1,3.663636363636364e-14,1e-11,0,3.6e-07,1,1.19721e-06
1.1,3.663636363636364e-14,1e-11,25,3.6e-07,1,1.20325e-06
1.1,3.663636363636364e-14,1e-11,100,1.8e-07,1,1.16596e-06
1.1,3.663636363636364e-14,1e-11,100,3.6e-07,1,1.23357e-06
1.1,3.663636363636364e-14,1e-11,125,1.8e-07,1,1.1636e-06
1.1,3.663636363636364e-14,5e-11,-40,1.8e-07,1,1.27917e-06
1.1,3.663636363636364e-14,5e-11,-25,1.8e-07,1,1.27465e-06
1.1,3.663636363636364e-14,5e-11,-25,3.6e-07,1,1.29416e-06
1.1,3.663636363636364e-14,5e-11,0,3.6e-07,1,1.282e-06
1.1,3.663636363636364e-14,5e-11,25,1.8e-07,1,1.26291e-06
1.1,3.663636363636364e-14,5e-11,25,3.6e-07,1,1.2858e-06
1.1,3.663636363636364e-14,5e-11,75,3.6e-07,1,1.27385e-06
1.1,3.663636363636364e-14,5e-11,100,1.8e-07,1,1.21565e-06
1.1,3.663636363636364e-14,5e-11,100,3.6e-07,1,1.27648e-06
1.1,3.663636363636364e-14,5e-11,125,1.8e-07,1,1.20766e-06
1.1,3.663636363636364e-14,1e-10,-40,1.8e-07,1,1.37949e-06
1.1,3.663636363636364e-14,1e-10,-25,3.6e-07,1,1.38589e-06
1.1,3.663636363636364e-14,1e-10,0,1.8e-07,1,1.36104e-06
1.1,3.663636363636364e-14,1e-10,0,3.6e-07,1,1.36835e-06
1.1,3.663636363636364e-14,1e-10,25,3.6e-07,1,1.35881e-06
1.1,3.663636363636364e-14,1e-10,75,1.8e-07,1,1.29431e-06
1.1,3.663636363636364e-14,1e-10,100,3.6e-07,1,1.33227e-06
1.1,3.663636363636364e-14,1e-10,125,1.8e-07,1,1.26564e-06
1.1,3.663636363636364e-14,2e-10,-40,1.8e-07,1,1.58596e-06
1.1,3.663636363636364e-14,2e-10,-25,1.8e-07,1,1.56769e-06
1.1,3.663636363636364e-14,2e-10,-25,3.6e-07,1,1.56252e-06
1.1,3.663636363636364e-14,2e-10,0,3.6e-07,1,1.54004e-06
1.1,3.663636363636364e-14,2e-10,25,3.6e-07,1,1.53282e-06
1.1,3.663636363636364e-14,2e-10,100,1.8e-07,1,1.39063e-06
1.1,3.663636363636364e-14,2e-10,100,3.6e-07,1,1.44199e-06
1.1,3.663636363636364e-14,2e-10,125,3.6e-07,1,1.42887e-06
1.1,3.663636363636364e-14,4e-10,-40,1.8e-07,1,1.95435e-06
1.1,3.663636363636364e-14,4e-10,-25,3.6e-07,1,1.85976e-06
1.1,3.663636363636364e-14,4e-10,0,1.8e-07,1,1.86522e-06
1.1,3.663636363636364e-14,4e-10,0,3.6e-07,1,1.80854e-06
1.1,3.663636363636364e-14,4e-10,25,1.8e-07,1,1.81767e-06
1.1,3.663636363636364e-14,4e-10,75,1.8e-07,1,1.66373e-06
1.1,3.663636363636364e-14,4e-10,125,1.8e-07,1,1.56595e-06
1.1,3.663636363636364e-14,4e-10,125,3.6e-07,1,1.5794e-06
1.1,4.109090909090909e-14,1e-11,-40,1.8e-07,1,1.32012e-06
1.1,4.109090909090909e-14,1e-11,-25,1.8e-07,1,1.32435e-06
1.1,4.109090909090909e-14,1e-11,0,1.8e-07,1,1.32922e-06
1.1,4.109090909090909e-14,1e-11,0,3.6e-07,1,1.35173e-06
1.1,4.109090909090909e-14,1e-11,25,3.6e-07,1,1.34184e-06
1.1,4.109090909090909e-14,1e-11,75,1.8e-07,1,1.30256e-06
1.1,4.109090909090909e-14,1e-11,100,3.6e-07,1,1.36725e-06
1.1,4.109090909090909e-14,1e-11,125,1.8e-07,1,1.29667e-06
1.1,4.109090909090909e-14,5e-11,-40,1.8e-07,1,1.40857e-06
1.1,4.109090909090909e-14,5e-11,-25,1.8e-07,1,1.40881e-06
1.1,4.109090909090909e-14,5e-11,-25,3.6e-07,1,1.42576e-06
1.1,4.109090909090909e-14,5e-11,0,1.8e-07,1,1.41016e-06
1.1,4.109090909090909e-14,5e-11,25,1.8e-07,1,1.39172e-06
1.1,4.109090909090909e-14,5e-11,25,3.6e-07,1,1.42277e-06
1.1,4.109090909090909e-14,5e-11,75,1.8e-07,1,1.35841e-06
1.1,4.109090909090909e-14,5e-11,100,1.8e-07,1,1.34801e-06
1.1,4.109090909090909e-14,5e-11,100,3.6e-07,1,1.41979e-06
1.1,4.109090909090909e-14,5e-11,125,1.8e-07,1,1.34122e-06
1.1,4.109090909090909e-14,5e-11,125,3.6e-07,1,1.40159e-06
1.1,4.109090909090909e-14,1e-10,-40,3.6e-07,1,1.52893e-06
1.1,4.109090909090909e-14,1e-10,-25,1.8e-07,1,1.51555e-06
1.1,4.109090909090909e-14,1e-10,0,3.6e-07,1,1.51196e-06
1.1,4.109090909090909e-14,1e-10,25,1.8e-07,1,1.47934e-06
1.1,4.109090909090909e-14,1e-10,25,3.6e-07,1,1.49426e-06
1.1,4.109090909090909e-14,1e-10,75,1.8e-07,1,1.4281e-06
1.1,4.109090909090909e-14,1e-10,100,1.8e-07,1,1.40879e-06
1.1,4.109090909090909e-14,1e-10,125,3.6e-07,1,1.4561e-06
1.1,4.109090909090909e-14,2e-10,-40,1.8e-07,1,1.73082e-06
1.1,4.109090909090909e-14,2e-10,-25,3.6e-07,1,1.71231e-06
1.1,4.109090909090909e-14,2e-10,0,3.6e-07,1,1.69645e-06
1.1,4.109090909090909e-14,2e-10,25,1.8e-07,1,1.63946e-06
1.1,4.109090909090909e-14,2e-10,75,1.8e-07,1,1.55379e-06
1.1,4.109090909090909e-14,2e-10,75,3.6e-07,1,1.61201e-06
1.1,4.109090909090909e-14,2e-10,100,1.8e-07,1,1.52202e-06
1.1,4.109090909090909e-14,2e-10,100,3.6e-07,1,1.59374e-06
1.1,4.109090909090909e-14,2e-10,125,1.8e-07,1,1.49781e-06
1.1,4.109090909090909e-14,4e-10,-25,1.8e-07,1,2.08353e-06
1.1,4.109090909090909e-14,4e-10,0,1.8e-07,1,2.0247e-06
1.1,4.109090909090909e-14,4e-10,25,3.6e-07,1,1.91266e-06
1.1,4.109090909090909e-14,4e-10,75,3.6e-07,1,1.83322e-06
1.1,4.109090909090909e-14,4e-10,100,3.6e-07,1,1.76784e-06
1.1,4.109090909090909e-14,4e-10,125,1.8e-07,1,1.70003e-06
1.1,4.5545454545454544e-14,1e-11,-40,1.8e-07,1,1.44943e-06
1.1,4.5545454545454544e-14,1e-11,-40,3.6e-07,1,1.48092e-06
1.1,4.5545454545454544e-14,1e-11,0,1.8e-07,1,1.46193e-06
1.1,4.5545454545454544e-14,1e-11,25,3.6e-07,1,1.50171e-06
1.1,4.5545454545454544e-14,1e-11,75,1.8e-07,1,1.43509e-06
1.1,4.5545454545454544e-14,1e-11,75,3.6e-07,1,1.5047e-06
1.1,4.5545454545454544e-14,1e-11,100,1.8e-07,1,1.43163e-06
1.1,4.5545454545454544e-14,1e-11,100,3.6e-07,1,1.49654e-06
1.1,4.5545454545454544e-14,1e-11,125,3.6e-07,1,1.48469e-06
1.1,4.5545454545454544e-14,5e-11,-40,1.8e-07,1,1.54991e-06
1.1,4.5545454545454544e-14,5e-11,-40,3.6e-07,1,1.55615e-06
1.1,4.5545454545454544e-14,5e-11,0,1.8e-07,1,1.54244e-06
1.1,4.5545454545454544e-14,5e-11,0,3.6e-07,1,1.55428e-06
1.1,4.5545454545454544e-14,5e-11,25,3.6e-07,1,1.55374e-06
1.1,4.5545454545454544e-14,5e-11,75,3.6e-07,1,1.56134e-06
1.1,4.5545454545454544e-14,5e-11,100,1.8e-07,1,1.48081e-06
1.1,4.5545454545454544e-14,5e-11,125,3.6e-07,1,1.53112e-06
1.1,4.5545454545454544e-14,1e-10,-25,3.6e-07,1,1.67327e-06
1.1,4.5545454545454544e-14,1e-10,0,3.6e-07,1,1.66237e-06
1.1,4.5545454545454544e-14,1e-10,25,3.6e-07,1,1.65493e-06
1.1,4.5545454545454544e-14,1e-10,75,1.8e-07,1,1.56033e-06
1.1,4.5545454545454544e-14,1e-10,75,3.6e-07,1,1.62094e-06
1.1,4.5545454545454544e-14,1e-10,100,3.6e-07,1,1.60937e-06
1.1,4.5545454545454544e-14,1e-10,125,3.6e-07,1,1.5859e-06
1.1,4.5545454545454544e-14,2e-10,-25,3.6e-07,1,1.85548e-06
1.1,4.5545454545454544e-14,2e-10,0,1.8e-07,1,1.81729e-06
1.1,4.5545454545454544e-14,2e-10,0,3.6e-07,1,1.85622e-06
1.1,4.5545454545454544e-14,2e-10,25,1.8e-07,1,1.7731e-06
1.1,4.5545454545454544e-14,2e-10,25,3.6e-07,1,1.83325e-06
1.1,4.5545454545454544e-14,2e-10,75,3.6e-07,1,1.75535e-06
1.1,4.5545454545454544e-14,2e-10,100,1.8e-07,1,1.65342e-06
1.1,4.5545454545454544e-14,2e-10,100,3.6e-07,1,1.72428e-06
1.1,4.5545454545454544e-14,2e-10,125,1.8e-07,1,1.62943e-06
1.1,4.5545454545454544e-14,2e-10,125,3.6e-07,1,1.69109e-06
1.1,4.5545454545454544e-14,4e-10,-25,3.6e-07,1,2.13819e-06
1.1,4.5545454545454544e-14,4e-10,0,3.6e-07,1,2.10602e-06
1.1,4.5545454545454544e-14,4e-10,25,1.8e-07,1,2.06782e-06
1.1,4.5545454545454544e-14,4e-10,25,3.6e-07,1,2.0664e-06
1.1,4.5545454545454544e-14,4e-10,100,1.8e-07,1,1.88155e-06
1.1,4.5545454545454544e-14,4e-10,100,3.6e-07,1,1.94212e-06
1.1,4.5545454545454544e-14,4e-10,125,3.6e-07,1,1.87489e-06
1.1,5e-14,1e-11,-40,1.8e-07,1,1.584e-06
1.1,5e-14,1e-11,-40,3.6e-07,1,1.60788e-06
1.1,5e-14,1e-11,-25,3.6e-07,1,1.60513e-06
1.1,5e-14,1e-11,0,1.8e-07,1,1.59023e-06
1.1,5e-14,1e-11,0,3.6e-07,1,1.63035e-06
1.1,5e-14,1e-11,25,1.8e-07,1,1.57997e-06
1.1,5e-14,1e-11,25,3.6e-07,1,1.6294e-06
1.1,5e-14,1e-11,75,3.6e-07,1,1.64133e-06
1.1,5e-14,1e-11,100,1.8e-07,1,1.56519e-06
1.1,5e-14,1e-11,100,3.6e-07,1,1.62532e-06
1.1,5e-14,1e-11,125,1.8e-07,1,1.56393e-06
1.1,5e-14,1e-11,125,3.6e-07,1,1.61496e-06
1.1,5e-14,5e-11,-40,1.8e-07,1,1.68189e-06
1.1,5e-14,5e-11,-25,3.6e-07,1,1.69194e-06
1.1,5e-14,5e-11,0,1.8e-07,1,1.67501e-06
1.1,5e-14,5e-11,0,3.6e-07,1,1.68908e-06
1.1,5e-14,5e-11,25,1.8e-07,1,1.65296e-06
1.1,5e-14,5e-11,25,3.6e-07,1,1.69439e-06
1.1,5e-14,5e-11,75,1.8e-07,1,1.62318e-06
1.1,5e-14,5e-11,75,3.6e-07,1,1.69707e-06
1.1,5e-14,5e-11,100,1.8e-07,1,1.61388e-06
1.1,5e-14,5e-11,100,3.6e-07,1,1.67704e-06
1.1,5e-14,5e-11,125,1.8e-07,1,1.60757e-06
1.1,5e-14,5e-11,125,3.6e-07,1,1.66139e-06
1.1,5e-14,1e-10,-40,1.8e-07,1,1.78342e-06
1.1,5e-14,1e-10,-40,3.6e-07,1,1.79768e-06
1.1,5e-14,1e-10,-25,1.8e-07,1,1.782e-06
1.1,5e-14,1e-10,-25,3.6e-07,1,1.7941e-06
1.1,5e-14,1e-10,0,1.8e-07,1,1.76764e-06
1.1,5e-14,1e-10,25,1.8e-07,1,1.7381e-06
1.1,5e-14,1e-10,25,3.6e-07,1,1.77891e-06
1.1,5e-14,1e-10,75,1.8e-07,1,1.68983e-06
1.1,5e-14,1e-10,100,1.8e-07,1,1.67375e-06
1.1,5e-14,1e-10,100,3.6e-07,1,1.73878e-06
1.1,5e-14,1e-10,125,1.8e-07,1,1.66074e-06
1.1,5e-14,2e-10,-40,1.8e-07,1,1.9924e-06
1.1,5e-14,2e-10,-40,3.6e-07,1,2.0083e-06
1.1,5e-14,2e-10,-25,1.8e-07,1,2.00548e-06
1.1,5e-14,2e-10,0,1.8e-07,1,1.95665e-06
1.1,5e-14,2e-10,0,3.6e-07,1,1.97851e-06
1.1,5e-14,2e-10,25,1.8e-07,1,1.9006e-06
1.1,5e-14,2e-10,25,3.6e-07,1,1.93734e-06
1.1,5e-14,2e-10,75,1.8e-07,1,1.81704e-06
1.1,5e-14,2e-10,75,3.6e-07,1,1.89693e-06
1.1,5e-14,2e-10,100,1.8e-07,1,1.78466e-06
1.1,5e-14,2e-10,125,1.8e-07,1,1.7672e-06
1.1,5e-14,4e-10,-40,1.8e-07,1,2.39283e-06
1.1,5e-14,4e-10,-40,3.6e-07,1,2.31788e-06
1.1,5e-14,4e-10,-25,1.8e-07,1,2.38281e-06
1.1,5e-14,4e-10,0,3.6e-07,1,2.22958e-06
1.1,5e-14,4e-10,25,1.8e-07,1,2.2028e-06
1.1,5e-14,4e-10,25,3.6e-07,1,2.22645e-06
1.1,5e-14,4e-10,75,3.6e-07,1,2.09529e-06
1.1,5e-14,4e-10,100,3.6e-07,1,2.07756e-06
1.1,5e-14,4e-10,125,1.8e-07,1,1.96739e-06
1.1999999999999995,1e-15,1e-11,-40,1.8e-07,1,9.48084e-08
1.1999999999999995,1e-15,1e-11,-40,3.6e-07,1,1.04785e-07
1.1999999999999995,1e-15,1e-11,-25,1.8e-07,1,9.43788e-08
1.1999999999999995,1e-15,1e-11,-25,3.6e-07,1,1.05757e-07
1.1999999999999995,1e-15,1e-11,0,1.8e-07,1,9.41694e-08
1.1999999999999995,1e-15,1e-11,0,3.6e-07,1,1.08865e-07
1.1999999999999995,1e-15,1e-11,25,3.6e-07,1,1.08778e-07
1.1999999999999995,1e-15,1e-11,75,1.8e-07,1,9.48432e-08
1.1999999999999995,1e-15,1e-11,75,3.6e-07,1,1.1459e-07
1.1999999999999995,1e-15,1e-11,100,3.6e-07,1,1.18845e-07
1.1999999999999995,1e-15,1e-11,125,1.8e-07,1,1.01119e-07
1.1999999999999995,1e-15,1e-11,125,3.6e-07,1,1.25141e-07
1.1999999999999995,1e-15,5e-11,-40,1.8e-07,1,1.44555e-07
1.1999999999999995,1e-15,5e-11,-40,3.6e-07,1,1.63846e-07
1.1999999999999995,1e-15,5e-11,-25,1.8e-07,1,1.34754e-07
1.1999999999999995,1e-15,5e-11,-25,3.6e-07,1,1.68927e-07
1.1999999999999995,1e-15,5e-11,0,1.8e-07,1,1.27225e-07
1.1999999999999995,1e-15,5e-11,0,3.6e-07,1,1.67342e-07
1.1999999999999995,1e-15,5e-11,25,3.6e-07,1,1.64205e-07
1.1999999999999995,1e-15,5e-11,75,1.8e-07,1,1.23688e-07
1.1999999999999995,1e-15,5e-11,100,1.8e-07,1,1.27917e-07
1.1999999999999995,1e-15,5e-11,100,3.6e-07,1,1.63496e-07
1.1999999999999995,1e-15,5e-11,125,1.8e-07,1,1.31056e-07
1.1999999999999995,1e-15,5e-11,125,3.6e-07,1,1.64724e-07
1.1999999999999995,1e-15,1e-10,-40,3.6e-07,1,2.04373e-07
1.1999999999999995,1e-15,1e-10,-25,1.8e-07,1,1.43901e-07
1.1999999999999995,1e-15,1e-10,-25,3.6e-07,1,1.77941e-07
1.1999999999999995,1e-15,1e-10,0,3.6e-07,1,1.83572e-07
1.1999999999999995,1e-15,1e-10,25,3.6e-07,1,1.77027e-07
1.1999999999999995,1e-15,1e-10,75,1.8e-07,1,1.42565e-07
1.1999999999999995,1e-15,1e-10,75,3.6e-07,1,1.81556e-07
1.1999999999999995,1e-15,1e-10,100,1.8e-07,1,1.43408e-07
1.1999999999999995,1e-15,1e-10,100,3.6e-07,1,1.76389e-07
1.1999999999999995,1e-15,1e-10,125,1.8e-07,1,1.44642e-07
1.1999999999999995,1e-15,1e-10,125,3.6e-07,1,1.85875e-07
1.1999999999999995,1e-15,2e-10,-40,1.8e-07,1,2.35374e-07
1.1999999999999995,1e-15,2e-10,-40,3.6e-07,1,3.17647e-07
1.1999999999999995,1e-15,2e-10,-25,3.6e-07,1,2.93424e-07
1.1999999999999995,1e-15,2e-10,0,3.6e-07,1,2.76579e-07
1.1999999999999995,1e-15,2e-10,25,3.6e-07,1,2.47983e-07
1.1999999999999995,1e-15,2e-10,75,1.8e-07,1,1.84127e-07
1.1999999999999995,1e-15,2e-10,75,3.6e-07,1,2.07426e-07
1.1999999999999995,1e-15,2e-10,100,1.8e-07,1,1.81777e-07
1.1999999999999995,1e-15,2e-10,100,3.6e-07,1,2.01341e-07
1.1999999999999995,1e-15,2e-10,125,3.6e-07,1,2.30741e-07
1.1999999999999995,1e-15,4e-10,-40,1.8e-07,1,4.33662e-07
1.1999999999999995,1e-15,4e-10,-25,1.8e-07,1,3.71996e-07
1.1999999999999995,1e-15,4e-10,0,1.8e-07,1,3.48117e-07
1.1999999999999995,1e-15,4e-10,25,1.8e-07,1,3.0555e-07
1.1999999999999995,1e-15,4e-10,75,1.8e-07,1,2.55782e-07
1.1999999999999995,1e-15,4e-10,75,3.6e-07,1,3.3099e-07
1.1999999999999995,1e-15,4e-10,100,1.8e-07,1,2.43932e-07
1.1999999999999995,1e-15,4e-10,125,1.8e-07,1,2.38284e-07
1.1999999999999995,1e-15,4e-10,125,3.6e-07,1,3.03997e-07
1.1999999999999995,5.454545454545455e-15,1e-11,-40,1.8e-07,1,2.58854e-07
1.1999999999999995,5.454545454545455e-15,1e-11,-40,3.6e-07,1,2.76633e-07
1.1999999999999995,5.454545454545455e-15,1e-11,-25,1.8e-07,1,2.59581e-07
1.1999999999999995,5.454545454545455e-15,1e-11,-25,3.6e-07,1,2.77818e-07
1.1999999999999995,5.454545454545455e-15,1e-11,0,1.8e-07,1,2.60263e-07
1.1999999999999995,5.454545454545455e-15,1e-11,0,3.6e-07,1,2.79684e-07
1.1999999999999995,5.454545454545455e-15,1e-11,25,1.8e-07,1,2.60368e-07
1.1999999999999995,5.454545454545455e-15,1e-11,25,3.6e-07,1,2.80518e-07
1.1999999999999995,5.454545454545455e-15,1e-11,75,1.8e-07,1,2.63882e-07
1.1999999999999995,5.454545454545455e-15,1e-11,75,3.6e-07,1,2.85514e-07
1.1999999999999995,5.454545454545455e-15,1e-11,100,1.8e-07,1,2.66765e-07
1.1999999999999995,5.454545454545455e-15,1e-11,125,1.8e-07,1,2.71269e-07
1.1999999999999995,5.454545454545455e-15,1e-11,125,3.6e-07,1,2.9924e-07
1.1999999999999995,5.454545454545455e-15,5e-11,-40,1.8e-07,1,3.73125e-07
1.1999999999999995,5.454545454545455e-15,5e-11,-25,1.8e-07,1,3.69359e-07
1.1999999999999995,5.454545454545455e-15,5e-11,-25,3.6e-07,1,3.74402e-07
1.1999999999999995,5.454545454545455e-15,5e-11,0,3.6e-07,1,3.62886e-07
1.1999999999999995,5.454545454545455e-15,5e-11,25,3.6e-07,1,3.58599e-07
1.1999999999999995,5.454545454545455e-15,5e-11,75,1.8e-07,1,3.31717e-07
1.1999999999999995,5.454545454545455e-15,5e-11,75,3.6e-07,1,3.4785e-07
1.1999999999999995,5.454545454545455e-15,5e-11,100,1.8e-07,1,3.28483e-07
1.1999999999999995,5.454545454545455e-15,5e-11,100,3.6e-07,1,3.43333e-07
1.1999999999999995,5.454545454545455e-15,5e-11,125,3.6e-07,1,3.47079e-07
1.1999999999999995,5.454545454545455e-15,1e-10,-40,1.8e-07,1,4.58589e-07
1.1999999999999995,5.454545454545455e-15,1e-10,-25,1.8e-07,1,4.58568e-07
1.1999999999999995,5.454545454545455e-15,1e-10,0,1.8e-07,1,4.46196e-07
1.1999999999999995,5.454545454545455e-15,1e-10,25,1.8e-07,1,4.33186e-07
1.1999999999999995,5.454545454545455e-15,1e-10,75,1.8e-07,1,4.06398e-07
1.1999999999999995,5.454545454545455e-15,1e-10,75,3.6e-07,1,4.07809e-07
1.1999999999999995,5.454545454545455e-15,1e-10,100,1.8e-07,1,3.95817e-07
1.1999999999999995,5.454545454545455e-15,1e-10,100,3.6e-07,1,4.13514e-07
1.1999999999999995,5.454545454545455e-15,1e-10,125,1.8e-07,1,3.85933e-07
1.1999999999999995,5.454545454545455e-15,1e-10,125,3.6e-07,1,4.10419e-07
1.1999999999999995,5.454545454545455e-15,2e-10,-40,1.8e-07,1,5.42339e-07
1.1999999999999995,5.454545454545455e-15,2e-10,-40,3.6e-07,1,6.16576e-07
1.1999999999999995,5.454545454545455e-15,2e-10,-25,1.8e-07,1,4.98885e-07
1.1999999999999995,5.454545454545455e-15,2e-10,-25,3.6e-07,1,5.92309e-07
1.1999999999999995,5.454545454545455e-15,2e-10,0,3.6e-07,1,5.60222e-07
1.1999999999999995,5.454545454545455e-15,2e-10,25,3.6e-07,1,5.44814e-07
1.1999999999999995,5.454545454545455e-15,2e-10,75,1.8e-07,1,4.80297e-07
1.1999999999999995,5.454545454545455e-15,2e-10,75,3.6e-07,1,5.07126e-07
1.1999999999999995,5.454545454545455e-15,2e-10,100,1.8e-07,1,4.82825e-07
1.1999999999999995,5.454545454545455e-15,2e-10,125,1.8e-07,1,4.69137e-07
1.1999999999999995,5.454545454545455e-15,2e-10,125,3.6e-07,1,4.86075e-07
1.1999999999999995,5.454545454545455e-15,4e-10,-40,3.6e-07,1,8.31957e-07
1.1999999999999995,5.454545454545455e-15,4e-10,-25,1.8e-07,1,6.93091e-07
1.1999999999999995,5.454545454545455e-15,4e-10,0,1.8e-07,1,6.53441e-07
1.1999999999999995,5.454545454545455e-15,4e-10,0,3.6e-07,1,7.48021e-07
1.1999999999999995,5.454545454545455e-15,4e-10,25,1.8e-07,1,6.09793e-07
1.1999999999999995,5.454545454545455e-15,4e-10,25,3.6e-07,1,7.04823e-07
1.1999999999999995,5.454545454545455e-15,4e-10,75,1.8e-07,1,5.54959e-07
1.1999999999999995,5.454545454545455e-15,4e-10,75,3.6e-07,1,6.43211e-07
1.1999999999999995,5.454545454545455e-15,4e-10,100,1.8e-07,1,5.29991e-07
1.1999999999999995,5.454545454545455e-15,4e-10,100,3.6e-07,1,6.08729e-07
1.1999999999999995,5.454545454545455e-15,4e-10,125,3.6e-07,1,5.95351e-07
1.1999999999999995,9.909090909090907e-15,1e-11,-40,1.8e-07,1,4.21012e-07
1.1999999999999995,9.909090909090907e-15,1e-11,-40,3.6e-07,1,4.39954e-07
1.1999999999999995,9.909090909090907e-15,1e-11,-25,3.6e-07,1,4.41008e-07
1.1999999999999995,9.909090909090907e-15,1e-11,0,3.6e-07,1,4.42933e-07
1.1999999999999995,9.909090909090907e-15,1e-11,25,1.8e-07,1,4.23593e-07
1.1999999999999995,9.909090909090907e-15,1e-11,25,3.6e-07,1,4.43694e-07
1.1999999999999995,9.909090909090907e-15,1e-11,75,3.6e-07,1,4.52267e-07
1.1999999999999995,9.909090909090907e-15,1e-11,100,3.6e-07,1,4.5566e-07
1.1999999999999995,9.909090909090907e-15,1e-11,125,1.8e-07,1,4.35978e-07
1.1999999999999995,9.909090909090907e-15,5e-11,-40,1.8e-07,1,5.42299e-07
1.1999999999999995,9.909090909090907e-15,5e-11,-40,3.6e-07,1,5.3695e-07
1.1999999999999995,9.909090909090907e-15,5e-11,-25,3.6e-07,1,5.40272e-07
1.1999999999999995,9.909090909090907e-15,5e-11,0,1.8e-07,1,5.21345e-07
1.1999999999999995,9.909090909090907e-15,5e-11,0,3.6e-07,1,5.33684e-07
1.1999999999999995,9.909090909090907e-15,5e-11,25,1.8e-07,1,5.13643e-07
1.1999999999999995,9.909090909090907e-15,5e-11,25,3.6e-07,1,5.32535e-07
1.1999999999999995,9.909090909090907e-15,5e-11,75,1.8e-07,1,4.98778e-07
1.1999999999999995,9.909090909090907e-15,5e-11,100,1.8e-07,1,4.96891e-07
1.1999999999999995,9.909090909090907e-15,5e-11,100,3.6e-07,1,5.18792e-07
1.1999999999999995,9.909090909090907e-15,5e-11,125,1.8e-07,1,4.91654e-07
1.1999999999999995,9.909090909090907e-15,5e-11,125,3.6e-07,1,5.15286e-07
1.1999999999999995,9.909090909090907e-15,1e-10,-40,1.8e-07,1,6.61134e-07
1.1999999999999995,9.909090909090907e-15,1e-10,-40,3.6e-07,1,6.70532e-07
1.1999999999999995,9.909090909090907e-15,1e-10,-25,1.8e-07,1,6.55239e-07
1.1999999999999995,9.909090909090907e-15,1e-10,-25,3.6e-07,1,6.47801e-07
1.1999999999999995,9.909090909090907e-15,1e-10,0,1.8e-07,1,6.33753e-07
1.1999999999999995,9.909090909090907e-15,1e-10,0,3.6e-07,1,6.36154e-07
1.1999999999999995,9.909090909090907e-15,1e-10,25,1.8e-07,1,6.15737e-07
1.1999999999999995,9.909090909090907e-15,1e-10,25,3.6e-07,1,6.17952e-07
1.1999999999999995,9.909090909090907e-15,1e-10,75,1.8e-07,1,5.87736e-07
1.1999999999999995,9.909090909090907e-15,1e-10,75,3.6e-07,1,5.99095e-07
1.1999999999999995,9.909090909090907e-15,1e-10,100,3.6e-07,1,5.85948e-07
1.1999999999999995,9.909090909090907e-15,1e-10,125,1.8e-07,1,5.5686e-07
1.1999999999999995,9.909090909090907e-15,1e-10,125,3.6e-07,1,5.7663e-07
1.1999999999999995,9.909090909090907e-15,2e-10,-40,1.8e-07,1,8.17718e-07
1.1999999999999995,9.909090909090907e-15,2e-10,-25,1.8e-07,1,8.02536e-07
1.1999999999999995,9.909090909090907e-15,2e-10,-25,3.6e-07,1,8.73102e-07
1.1999999999999995,9.909090909090907e-15,2e-10,0,1.8e-07,1,7.8439e-07
1.1999999999999995,9.909090909090907e-15,2e-10,0,3.6e-07,1,8.30104e-07
1.1999999999999995,9.909090909090907e-15,2e-10,25,1.8e-07,1,7.70957e-07
1.1999999999999995,9.909090909090907e-15,2e-10,25,3.6e-07,1,8.03599e-07
1.1999999999999995,9.909090909090907e-15,2e-10,75,1.8e-07,1,7.22096e-07
1.1999999999999995,9.909090909090907e-15,2e-10,75,3.6e-07,1,7.21182e-07
1.1999999999999995,9.909090909090907e-15,2e-10,100,1.8e-07,1,6.99216e-07
1.1999999999999995,9.909090909090907e-15,2e-10,100,3.6e-07,1,7.01786e-07
1.1999999999999995,9.909090909090907e-15,2e-10,125,1.8e-07,1,6.78674e-07
1.1999999999999995,9.909090909090907e-15,4e-10,-40,1.8e-07,1,1.00835e-06
1.1999999999999995,9.909090909090907e-15,4e-10,-40,3.6e-07,1,1.12163e-06
1.1999999999999995,9.909090909090907e-15,4e-10,-25,1.8e-07,1,9.84161e-07
1.1999999999999995,9.909090909090907e-15,4e-10,0,1.8e-07,1,9.37834e-07
1.1999999999999995,9.909090909090907e-15,4e-10,0,3.6e-07,1,1.03706e-06
1.1999999999999995,9.909090909090907e-15,4e-10,25,1.8e-07,1,8.95947e-07
1.1999999999999995,9.909090909090907e-15,4e-10,25,3.6e-07,1,1.00693e-06
1.1999999999999995,9.909090909090907e-15,4e-10,75,1.8e-07,1,8.46908e-07
1.1999999999999995,9.909090909090907e-15,4e-10,75,3.6e-07,1,9.1599e-07
1.1999999999999995,9.909090909090907e-15,4e-10,100,1.8e-07,1,8.30742e-07
1.1999999999999995,9.909090909090907e-15,4e-10,100,3.6e-07,1,8.88681e-07
1.1999999999999995,9.909090909090907e-15,4e-10,125,1.8e-07,1,8.22575e-07
1.1999999999999995,9.909090909090907e-15,4e-10,125,3.6e-07,1,8.5402e-07
1.1999999999999995,1.436363636363636e-14,1e-11,-40,1.8e-07,1,5.84687e-07
1.1999999999999995,1.436363636363636e-14,1e-11,-40,3.6e-07,1,6.03259e-07
1.1999999999999995,1.436363636363636e-14,1e-11,-25,3.6e-07,1,6.07581e-07
1.1999999999999995,1.436363636363636e-14,1e-11,0,1.8e-07,1,5.91251e-07
1.1999999999999995,1.436363636363636e-14,1e-11,0,3.6e-07,1,6.09478e-07
1.1999999999999995,1.436363636363636e-14,1e-11,25,3.6e-07,1,6.1163e-07
1.1999999999999995,1.436363636363636e-14,1e-11,75,1.8e-07,1,5.92611e-07
1.1999999999999995,1.436363636363636e-14,1e-11,75,3.6e-07,1,6.18651e-07
1.1999999999999995,1.436363636363636e-14,1e-11,100,1.8e-07,1,5.96058e-07
1.1999999999999995,1.436363636363636e-14,1e-11,100,3.6e-07,1,6.21316e-07
1.1999999999999995,1.436363636363636e-14,1e-11,125,3.6e-07,1,6.2762e-07
1.1999999999999995,1.436363636363636e-14,5e-11,-40,1.8e-07,1,6.958e-07
1.1999999999999995,1.436363636363636e-14,5e-11,-40,3.6e-07,1,7.20572e-07
1.1999999999999995,1.436363636363636e-14,5e-11,-25,1.8e-07,1,6.97031e-07
1.1999999999999995,1.436363636363636e-14,5e-11,-25,3.6e-07,1,7.21842e-07
1.1999999999999995,1.436363636363636e-14,5e-11,0,1.8e-07,1,6.8708e-07
1.1999999999999995,1.436363636363636e-14,5e-11,0,3.6e-07,1,7.08634e-07
1.1999999999999995,1.436363636363636e-14,5e-11,25,1.8e-07,1,6.84338e-07
1.1999999999999995,1.436363636363636e-14,5e-11,25,3.6e-07,1,6.94893e-07
1.1999999999999995,1.436363636363636e-14,5e-11,75,3.6e-07,1,6.92164e-07
1.1999999999999995,1.436363636363636e-14,5e-11,100,1.8e-07,1,6.62823e-07
1.1999999999999995,1.436363636363636e-14,5e-11,125,1.8e-07,1,6.63575e-07
1.1999999999999995,1.436363636363636e-14,5e-11,125,3.6e-07,1,6.92137e-07
1.1999999999999995,1.436363636363636e-14,1e-10,-40,1.8e-07,1,8.36678e-07
1.1999999999999995,1.436363636363636e-14,1e-10,-40,3.6e-07,1,8.40188e-07
1.1999999999999995,1.436363636363636e-14,1e-10,-25,1.8e-07,1,8.2991e-07
1.1999999999999995,1.436363636363636e-14,1e-10,-25,3.6e-07,1,8.32813e-07
1.1999999999999995,1.436363636363636e-14,1e-10,0,1.8e-07,1,8.12376e-07
1.1999999999999995,1.436363636363636e-14,1e-10,25,1.8e-07,1,7.91996e-07
1.1999999999999995,1.436363636363636e-14,1e-10,25,3.6e-07,1,7.95078e-07
1.1999999999999995,1.436363636363636e-14,1e-10,75,1.8e-07,1,7.50809e-07
1.1999999999999995,1.436363636363636e-14,1e-10,75,3.6e-07,1,7.71457e-07
1.1999999999999995,1.436363636363636e-14,1e-10,100,1.8e-07,1,7.43878e-07
1.1999999999999995,1.436363636363636e-14,1e-10,100,3.6e-07,1,7.61763e-07
1.1999999999999995,1.436363636363636e-14,1e-10,125,1.8e-07,1,7.34254e-07
1.1999999999999995,1.436363636363636e-14,1e-10,125,3.6e-07,1,7.51057e-07
1.1999999999999995,1.436363636363636e-14,2e-10,-40,1.8e-07,1,1.05915e-06
1.1999999999999995,1.436363636363636e-14,2e-10,-40,3.6e-07,1,1.08872e-06
1.1999999999999995,1.436363636363636e-14,2e-10,-25,1.8e-07,1,1.04964e-06
1.1999999999999995,1.436363636363636e-14,2e-10,-25,3.6e-07,1,1.05209e-06
1.1999999999999995,1.436363636363636e-14,2e-10,0,1.8e-07,1,1.01473e-06
1.1999999999999995,1.436363636363636e-14,2e-10,0,3.6e-07,1,1.02243e-06
1.1999999999999995,1.436363636363636e-14,2e-10,25,1.8e-07,1,9.71063e-07
1.1999999999999995,1.436363636363636e-14,2e-10,25,3.6e-07,1,9.73639e-07
1.1999999999999995,1.436363636363636e-14,2e-10,75,1.8e-07,1,9.15851e-07
1.1999999999999995,1.436363636363636e-14,2e-10,75,3.6e-07,1,9.10629e-07
1.1999999999999995,1.436363636363636e-14,2e-10,100,1.8e-07,1,8.86387e-07
1.1999999999999995,1.436363636363636e-14,2e-10,125,1.8e-07,1,8.61477e-07
1.1999999999999995,1.436363636363636e-14,2e-10,125,3.6e-07,1,8.75189e-07
1.1999999999999995,1.436363636363636e-14,4e-10,-40,1.8e-07,1,1.26911e-06
1.1999999999999995,1.436363636363636e-14,4e-10,-25,1.8e-07,1,1.23258e-06
1.1999999999999995,1.436363636363636e-14,4e-10,0,1.8e-07,1,1.20396e-06
1.1999999999999995,1.436363636363636e-14,4e-10,25,1.8e-07,1,1.18955e-06
1.1999999999999995,1.436363636363636e-14,4e-10,75,3.6e-07,1,1.16013e-06
1.1999999999999995,1.436363636363636e-14,4e-10,100,1.8e-07,1,1.08795e-06
1.1999999999999995,1.436363636363636e-14,4e-10,100,3.6e-07,1,1.11047e-06
1.1999999999999995,1.436363636363636e-14,4e-10,125,1.8e-07,1,1.06194e-06
1.1999999999999995,1.436363636363636e-14,4e-10,125,3.6e-07,1,1.07865e-06
1.1999999999999995,1.8818181818181816e-14,1e-11,-40,1.8e-07,1,7.47311e-07
1.1999999999999995,1.8818181818181816e-14,1e-11,-25,1.8e-07,1,7.49455e-07
1.1999999999999995,1.8818181818181816e-14,1e-11,-25,3.6e-07,1,7.70204e-07
1.1999999999999995,1.8818181818181816e-14,1e-11,0,1.8e-07,1,7.52489e-07
1.1999999999999995,1.8818181818181816e-14,1e-11,25,1.8e-07,1,7.53863e-07
1.1999999999999995,1.8818181818181816e-14,1e-11,25,3.6e-07,1,7.81987e-07
1.1999999999999995,1.8818181818181816e-14,1e-11,75,1.8e-07,1,7.60304e-07
1.1999999999999995,1.8818181818181816e-14,1e-11,75,3.6e-07,1,7.82762e-07
1.1999999999999995,1.8818181818181816e-14,1e-11,100,1.8e-07,1,7.75548e-07
1.1999999999999995,1.8818181818181816e-14,1e-11,100,3.6e-07,1,7.9093e-07
1.1999999999999995,1.8818181818181816e-14,1e-11,125,1.8e-07,1,7.70747e-07
1.1999999999999995,1.8818181818181816e-14,5e-11,-40,1.8e-07,1,8.66277e-07
1.1999999999999995,1.8818181818181816e-14,5e-11,-40,3.6e-07,1,8.81241e-07
1.1999999999999995,1.8818181818181816e-14,5e-11,-25,1.8e-07,1,8.60593e-07
1.1999999999999995,1.8818181818181816e-14,5e-11,0,1.8e-07,1,8.53719e-07
1.1999999999999995,1.8818181818181816e-14,5e-11,0,3.6e-07,1,8.71624e-07
1.1999999999999995,1.8818181818181816e-14,5e-11,25,1.8e-07,1,8.45966e-07
1.1999999999999995,1.8818181818181816e-14,5e-11,75,3.6e-07,1,8.60562e-07
1.1999999999999995,1.8818181818181816e-14,5e-11,100,1.8e-07,1,8.33625e-07
1.1999999999999995,1.8818181818181816e-14,5e-11,100,3.6e-07,1,8.56039e-07
1.1999999999999995,1.8818181818181816e-14,5e-11,125,1.8e-07,1,8.32274e-07
1.1999999999999995,1.8818181818181816e-14,5e-11,125,3.6e-07,1,8.52683e-07
1.1999999999999995,1.8818181818181816e-14,1e-10,-40,3.6e-07,1,1.00626e-06
1.1999999999999995,1.8818181818181816e-14,1e-10,-25,1.8e-07,1,1.00303e-06
1.1999999999999995,1.8818181818181816e-14,1e-10,-25,3.6e-07,1,1.00408e-06
1.1999999999999995,1.8818181818181816e-14,1e-10,0,3.6e-07,1,9.88893e-07
1.1999999999999995,1.8818181818181816e-14,1e-10,25,1.8e-07,1,9.52295e-07
1.1999999999999995,1.8818181818181816e-14,1e-10,25,3.6e-07,1,9.68622e-07
1.1999999999999995,1.8818181818181816e-14,1e-10,75,1.8e-07,1,9.22713e-07
1.1999999999999995,1.8818181818181816e-14,1e-10,75,3.6e-07,1,9.39544e-07
1.1999999999999995,1.8818181818181816e-14,1e-10,100,3.6e-07,1,9.27474e-07
1.1999999999999995,1.8818181818181816e-14,1e-10,125,1.8e-07,1,9.0103e-07
1.1999999999999995,1.8818181818181816e-14,2e-10,-40,1.8e-07,1,1.24578e-06
1.1999999999999995,1.8818181818181816e-14,2e-10,-40,3.6e-07,1,1.22587e-06
1.1999999999999995,1.8818181818181816e-14,2e-10,-25,3.6e-07,1,1.23913e-06
1.1999999999999995,1.8818181818181816e-14,2e-10,0,1.8e-07,1,1.19442e-06
1.1999999999999995,1.8818181818181816e-14,2e-10,0,3.6e-07,1,1.18538e-06
1.1999999999999995,1.8818181818181816e-14,2e-10,25,1.8e-07,1,1.15833e-06
1.1999999999999995,1.8818181818181816e-14,2e-10,25,3.6e-07,1,1.12792e-06
1.1999999999999995,1.8818181818181816e-14,2e-10,75,1.8e-07,1,1.09113e-06
1.1999999999999995,1.8818181818181816e-14,2e-10,75,3.6e-07,1,1.08892e-06
1.1999999999999995,1.8818181818181816e-14,2e-10,100,1.8e-07,1,1.05779e-06
1.1999999999999995,1.8818181818181816e-14,2e-10,100,3.6e-07,1,1.05567e-06
1.1999999999999995,1.8818181818181816e-14,2e-10,125,1.8e-07,1,1.04013e-06
1.1999999999999995,1.8818181818181816e-14,2e-10,125,3.6e-07,1,1.05012e-06
1.1999999999999995,1.8818181818181816e-14,4e-10,-25,1.8e-07,1,1.53063e-06
1.1999999999999995,1.8818181818181816e-14,4e-10,0,1.8e-07,1,1.46042e-06
1.1999999999999995,1.8818181818181816e-14,4e-10,0,3.6e-07,1,1.51471e-06
1.1999999999999995,1.8818181818181816e-14,4e-10,25,1.8e-07,1,1.43152e-06
1.1999999999999995,1.8818181818181816e-14,4e-10,25,3.6e-07,1,1.46699e-06
1.1999999999999995,1.8818181818181816e-14,4e-10,75,1.8e-07,1,1.34895e-06
1.1999999999999995,1.8818181818181816e-14,4e-10,100,1.8e-07,1,1.30816e-06
1.1999999999999995,1.8818181818181816e-14,4e-10,125,1.8e-07,1,1.25971e-06
1.1999999999999995,1.8818181818181816e-14,4e-10,125,3.6e-07,1,1.27251e-06
1.1999999999999995,2.327272727272728e-14,1e-11,-40,3.6e-07,1,9.38209e-07
1.1999999999999995,2.327272727272728e-14,1e-11,-25,1.8e-07,1,9.17678e-07
1.1999999999999995,2.327272727272728e-14,1e-11,-25,3.6e-07,1,9.38895e-07
1.1999999999999995,2.327272727272728e-14,1e-11,0,1.8e-07,1,9.26463e-07
1.1999999999999995,2.327272727272728e-14,1e-11,25,1.8e-07,1,9.22552e-07
1.1999999999999995,2.327272727272728e-14,1e-11,75,1.8e-07,1,9.37203e-07
1.1999999999999995,2.327272727272728e-14,1e-11,75,3.6e-07,1,9.68449e-07
1.1999999999999995,2.327272727272728e-14,1e-11,100,3.6e-07,1,9.65461e-07
1.1999999999999995,2.327272727272728e-14,1e-11,125,1.8e-07,1,9.24272e-07
1.1999999999999995,2.327272727272728e-14,1e-11,125,3.6e-07,1,9.65869e-07
1.1999999999999995,2.327272727272728e-14,5e-11,-40,1.8e-07,1,1.03128e-06
1.1999999999999995,2.327272727272728e-14,5e-11,-40,3.6e-07,1,1.04698e-06
1.1999999999999995,2.327272727272728e-14,5e-11,-25,1.8e-07,1,1.02832e-06
1.1999999999999995,2.327272727272728e-14,5e-11,0,1.8e-07,1,1.02484e-06
1.1999999999999995,2.327272727272728e-14,5e-11,25,1.8e-07,1,1.01576e-06
1.1999999999999995,2.327272727272728e-14,5e-11,75,3.6e-07,1,1.02718e-06
1.1999999999999995,2.327272727272728e-14,5e-11,100,1.8e-07,1,9.99271e-07
1.1999999999999995,2.327272727272728e-14,5e-11,100,3.6e-07,1,1.02211e-06
1.1999999999999995,2.327272727272728e-14,5e-11,125,1.8e-07,1,9.87198e-07
1.1999999999999995,2.327272727272728e-14,5e-11,125,3.6e-07,1,1.03207e-06
1.1999999999999995,2.327272727272728e-14,1e-10,-40,1.8e-07,1,1.17382e-06
1.1999999999999995,2.327272727272728e-14,1e-10,-40,3.6e-07,1,1.17793e-06
1.1999999999999995,2.327272727272728e-14,1e-10,-25,1.8e-07,1,1.15955e-06
1.1999999999999995,2.327272727272728e-14,1e-10,-25,3.6e-07,1,1.17506e-06
1.1999999999999995,2.327272727272728e-14,1e-10,0,1.8e-07,1,1.14452e-06
1.1999999999999995,2.327272727272728e-14,1e-10,25,1.8e-07,1,1.12521e-06
1.1999999999999995,2.327272727272728e-14,1e-10,75,1.8e-07,1,1.10394e-06
1.1999999999999995,2.327272727272728e-14,1e-10,75,3.6e-07,1,1.10498e-06
1.1999999999999995,2.327272727272728e-14,1e-10,100,1.8e-07,1,1.07858e-06
1.1999999999999995,2.327272727272728e-14,1e-10,100,3.6e-07,1,1.10273e-06
1.1999999999999995,2.327272727272728e-14,1e-10,125,1.8e-07,1,1.0552e-06
1.1999999999999995,2.327272727272728e-14,1e-10,125,3.6e-07,1,1.09938e-06
1.1999999999999995,2.327272727272728e-14,2e-10,-40,1.8e-07,1,1.4242e-06
1.1999999999999995,2.327272727272728e-14,2e-10,-25,1.8e-07,1,1.40717e-06
1.1999999999999995,2.327272727272728e-14,2e-10,-25,3.6e-07,1,1.41127e-06
1.1999999999999995,2.327272727272728e-14,2e-10,0,1.8e-07,1,1.375e-06
1.1999999999999995,2.327272727272728e-14,2e-10,25,1.8e-07,1,1.34064e-06
1.1999999999999995,2.327272727272728e-14,2e-10,25,3.6e-07,1,1.31845e-06
1.1999999999999995,2.327272727272728e-14,2e-10,75,3.6e-07,1,1.25357e-06
1.1999999999999995,2.327272727272728e-14,2e-10,100,1.8e-07,1,1.23161e-06
1.1999999999999995,2.327272727272728e-14,2e-10,125,1.8e-07,1,1.20042e-06
1.1999999999999995,2.327272727272728e-14,2e-10,125,3.6e-07,1,1.22071e-06
1.1999999999999995,2.327272727272728e-14,4e-10,-40,1.8e-07,1,1.80281e-06
1.1999999999999995,2.327272727272728e-14,4e-10,-40,3.6e-07,1,1.86002e-06
1.1999999999999995,2.327272727272728e-14,4e-10,-25,1.8e-07,1,1.76059e-06
1.1999999999999995,2.327272727272728e-14,4e-10,-25,3.6e-07,1,1.82927e-06
1.1999999999999995,2.327272727272728e-14,4e-10,0,1.8e-07,1,1.71465e-06
1.1999999999999995,2.327272727272728e-14,4e-10,0,3.6e-07,1,1.74847e-06
1.1999999999999995,2.327272727272728e-14,4e-10,75,1.8e-07,1,1.55585e-06
1.1999999999999995,2.327272727272728e-14,4e-10,100,1.8e-07,1,1.48928e-06
1.1999999999999995,2.327272727272728e-14,4e-10,100,3.6e-07,1,1.50032e-06
1.1999999999999995,2.327272727272728e-14,4e-10,125,1.8e-07,1,1.44315e-06
1.1999999999999995,2.7727272727272724e-14,1e-11,-40,1.8e-07,1,1.07334e-06
1.1999999999999995,2.7727272727272724e-14,1e-11,-25,1.8e-07,1,1.07543e-06
1.1999999999999995,2.7727272727272724e-14,1e-11,-25,3.6e-07,1,1.09795e-06
1.1999999999999995,2.7727272727272724e-14,1e-11,0,1.8e-07,1,1.08073e-06
1.1999999999999995,2.7727272727272724e-14,1e-11,25,1.8e-07,1,1.08869e-06
1.1999999999999995,2.7727272727272724e-14,1e-11,25,3.6e-07,1,1.10548e-06
1.1999999999999995,2.7727272727272724e-14,1e-11,75,3.6e-07,1,1.11781e-06
1.1999999999999995,2.7727272727272724e-14,1e-11,100,1.8e-07,1,1.08481e-06
1.1999999999999995,2.7727272727272724e-14,1e-11,100,3.6e-07,1,1.12197e-06
1.1999999999999995,2.7727272727272724e-14,1e-11,125,1.8e-07,1,1.07937e-06
1.1999999999999995,2.7727272727272724e-14,1e-11,125,3.6e-07,1,1.13211e-06
1.1999999999999995,2.7727272727272724e-14,5e-11,-40,3.6e-07,1,1.21525e-06
1.1999999999999995,2.7727272727272724e-14,5e-11,-25,1.8e-07,1,1.18784e-06
1.1999999999999995,2.7727272727272724e-14,5e-11,-25,3.6e-07,1,1.21504e-06
1.1999999999999995,2.7727272727272724e-14,5e-11,0,1.8e-07,1,1.19252e-06
1.1999999999999995,2.7727272727272724e-14,5e-11,25,1.8e-07,1,1.18785e-06
1.1999999999999995,2.7727272727272724e-14,5e-11,25,3.6e-07,1,1.20133e-06
1.1999999999999995,2.7727272727272724e-14,5e-11,75,1.8e-07,1,1.17275e-06
1.1999999999999995,2.7727272727272724e-14,5e-11,75,3.6e-07,1,1.19419e-06
1.1999999999999995,2.7727272727272724e-14,5e-11,100,1.8e-07,1,1.153e-06
1.1999999999999995,2.7727272727272724e-14,5e-11,100,3.6e-07,1,1.19359e-06
1.1999999999999995,2.7727272727272724e-14,5e-11,125,1.8e-07,1,1.14015e-06
1.1999999999999995,2.7727272727272724e-14,5e-11,125,3.6e-07,1,1.19123e-06
1.1999999999999995,2.7727272727272724e-14,1e-10,-25,3.6e-07,1,1.34991e-06
1.1999999999999995,2.7727272727272724e-14,1e-10,0,1.8e-07,1,1.31117e-06
1.1999999999999995,2.7727272727272724e-14,1e-10,0,3.6e-07,1,1.31762e-06
1.1999999999999995,2.7727272727272724e-14,1e-10,25,1.8e-07,1,1.29421e-06
1.1999999999999995,2.7727272727272724e-14,1e-10,75,3.6e-07,1,1.28071e-06
1.1999999999999995,2.7727272727272724e-14,1e-10,100,3.6e-07,1,1.2716e-06
1.1999999999999995,2.7727272727272724e-14,1e-10,125,1.8e-07,1,1.20886e-06
1.1999999999999995,2.7727272727272724e-14,1e-10,125,3.6e-07,1,1.2599e-06
1.1999999999999995,2.7727272727272724e-14,2e-10,-40,3.6e-07,1,1.57446e-06
1.1999999999999995,2.7727272727272724e-14,2e-10,-25,1.8e-07,1,1.57945e-06
1.1999999999999995,2.7727272727272724e-14,2e-10,-25,3.6e-07,1,1.548e-06
1.1999999999999995,2.7727272727272724e-14,2e-10,0,1.8e-07,1,1.55257e-06
1.1999999999999995,2.7727272727272724e-14,2e-10,0,3.6e-07,1,1.50294e-06
1.1999999999999995,2.7727272727272724e-14,2e-10,25,1.8e-07,1,1.50952e-06
1.1999999999999995,2.7727272727272724e-14,2e-10,75,1.8e-07,1,1.43379e-06
1.1999999999999995,2.7727272727272724e-14,2e-10,75,3.6e-07,1,1.44233e-06
1.1999999999999995,2.7727272727272724e-14,2e-10,100,3.6e-07,1,1.42415e-06
1.1999999999999995,2.7727272727272724e-14,2e-10,125,1.8e-07,1,1.34985e-06
1.1999999999999995,2.7727272727272724e-14,2e-10,125,3.6e-07,1,1.38393e-06
1.1999999999999995,2.7727272727272724e-14,4e-10,-40,1.8e-07,1,2.01634e-06
1.1999999999999995,2.7727272727272724e-14,4e-10,-40,3.6e-07,1,2.04201e-06
1.1999999999999995,2.7727272727272724e-14,4e-10,-25,1.8e-07,1,1.988e-06
1.1999999999999995,2.7727272727272724e-14,4e-10,-25,3.6e-07,1,1.93747e-06
1.1999999999999995,2.7727272727272724e-14,4e-10,0,1.8e-07,1,1.91923e-06
1.1999999999999995,2.7727272727272724e-14,4e-10,25,1.8e-07,1,1.86114e-06
1.1999999999999995,2.7727272727272724e-14,4e-10,25,3.6e-07,1,1.84024e-06
1.1999999999999995,2.7727272727272724e-14,4e-10,75,1.8e-07,1,1.7417e-06
1.1999999999999995,2.7727272727272724e-14,4e-10,75,3.6e-07,1,1.73001e-06
1.1999999999999995,2.7727272727272724e-14,4e-10,100,3.6e-07,1,1.65265e-06
1.1999999999999995,2.7727272727272724e-14,4e-10,125,1.8e-07,1,1.61415e-06
1.1999999999999995,3.2181818181818185e-14,1e-11,-40,1.8e-07,1,1.2334e-06
1.1999999999999995,3.2181818181818185e-14,1e-11,-40,3.6e-07,1,1.25502e-06
1.1999999999999995,3.2181818181818185e-14,1e-11,-25,3.6e-07,1,1.2588e-06
1.1999999999999995,3.2181818181818185e-14,1e-11,0,1.8e-07,1,1.24436e-06
1.1999999999999995,3.2181818181818185e-14,1e-11,0,3.6e-07,1,1.27405e-06
1.1999999999999995,3.2181818181818185e-14,1e-11,25,1.8e-07,1,1.25091e-06
1.1999999999999995,3.2181818181818185e-14,1e-11,25,3.6e-07,1,1.27557e-06
1.1999999999999995,3.2181818181818185e-14,1e-11,75,3.6e-07,1,1.28016e-06
1.1999999999999995,3.2181818181818185e-14,1e-11,100,1.8e-07,1,1.23998e-06
1.1999999999999995,3.2181818181818185e-14,1e-11,100,3.6e-07,1,1.29068e-06
1.1999999999999995,3.2181818181818185e-14,1e-11,125,1.8e-07,1,1.23578e-06
1.1999999999999995,3.2181818181818185e-14,1e-11,125,3.6e-07,1,1.30774e-06
1.1999999999999995,3.2181818181818185e-14,5e-11,-40,1.8e-07,1,1.35309e-06
1.1999999999999995,3.2181818181818185e-14,5e-11,-40,3.6e-07,1,1.37908e-06
1.1999999999999995,3.2181818181818185e-14,5e-11,-25,1.8e-07,1,1.352e-06
1.1999999999999995,3.2181818181818185e-14,5e-11,0,1.8e-07,1,1.35054e-06
1.1999999999999995,3.2181818181818185e-14,5e-11,0,3.6e-07,1,1.36606e-06
1.1999999999999995,3.2181818181818185e-14,5e-11,25,1.8e-07,1,1.34884e-06
1.1999999999999995,3.2181818181818185e-14,5e-11,25,3.6e-07,1,1.36433e-06
1.1999999999999995,3.2181818181818185e-14,5e-11,75,3.6e-07,1,1.35813e-06
1.1999999999999995,3.2181818181818185e-14,5e-11,100,3.6e-07,1,1.35919e-06
1.1999999999999995,3.2181818181818185e-14,5e-11,125,1.8e-07,1,1.2958e-06
1.1999999999999995,3.2181818181818185e-14,5e-11,125,3.6e-07,1,1.36434e-06
1.1999999999999995,3.2181818181818185e-14,1e-10,-40,1.8e-07,1,1.49423e-06
1.1999999999999995,3.2181818181818185e-14,1e-10,-40,3.6e-07,1,1.52732e-06
1.1999999999999995,3.2181818181818185e-14,1e-10,0,1.8e-07,1,1.47379e-06
1.1999999999999995,3.2181818181818185e-14,1e-10,0,3.6e-07,1,1.48485e-06
1.1999999999999995,3.2181818181818185e-14,1e-10,25,1.8e-07,1,1.45845e-06
1.1999999999999995,3.2181818181818185e-14,1e-10,75,1.8e-07,1,1.4128e-06
1.1999999999999995,3.2181818181818185e-14,1e-10,75,3.6e-07,1,1.45248e-06
1.1999999999999995,3.2181818181818185e-14,1e-10,100,1.8e-07,1,1.38752e-06
1.1999999999999995,3.2181818181818185e-14,1e-10,125,1.8e-07,1,1.36597e-06
1.1999999999999995,3.2181818181818185e-14,1e-10,125,3.6e-07,1,1.4292e-06
1.1999999999999995,3.2181818181818185e-14,2e-10,-40,1.8e-07,1,1.77444e-06
1.1999999999999995,3.2181818181818185e-14,2e-10,-40,3.6e-07,1,1.74751e-06
1.1999999999999995,3.2181818181818185e-14,2e-10,-25,1.8e-07,1,1.77001e-06
1.1999999999999995,3.2181818181818185e-14,2e-10,25,1.8e-07,1,1.68615e-06
1.1999999999999995,3.2181818181818185e-14,2e-10,25,3.6e-07,1,1.6602e-06
1.1999999999999995,3.2181818181818185e-14,2e-10,75,1.8e-07,1,1.58842e-06
1.1999999999999995,3.2181818181818185e-14,2e-10,75,3.6e-07,1,1.62754e-06
1.1999999999999995,3.2181818181818185e-14,2e-10,100,1.8e-07,1,1.54345e-06
1.1999999999999995,3.2181818181818185e-14,2e-10,100,3.6e-07,1,1.57894e-06
1.1999999999999995,3.2181818181818185e-14,2e-10,125,1.8e-07,1,1.50853e-06
1.1999999999999995,3.2181818181818185e-14,2e-10,125,3.6e-07,1,1.55773e-06
1.1999999999999995,3.2181818181818185e-14,4e-10,-40,1.8e-07,1,2.22536e-06
1.1999999999999995,3.2181818181818185e-14,4e-10,-40,3.6e-07,1,2.26005e-06
1.1999999999999995,3.2181818181818185e-14,4e-10,-25,1.8e-07,1,2.18255e-06
1.1999999999999995,3.2181818181818185e-14,4e-10,0,1.8e-07,1,2.12303e-06
1.1999999999999995,3.2181818181818185e-14,4e-10,0,3.6e-07,1,2.07488e-06
1.1999999999999995,3.2181818181818185e-14,4e-10,25,1.8e-07,1,2.05232e-06
1.1999999999999995,3.2181818181818185e-14,4e-10,25,3.6e-07,1,2.03403e-06
1.1999999999999995,3.2181818181818185e-14,4e-10,75,1.8e-07,1,1.91669e-06
1.1999999999999995,3.2181818181818185e-14,4e-10,75,3.6e-07,1,1.90675e-06
1.1999999999999995,3.2181818181818185e-14,4e-10,100,1.8e-07,1,1.84111e-06
1.1999999999999995,3.2181818181818185e-14,4e-10,125,1.8e-07,1,1.76157e-06
1.1999999999999995,3.2181818181818185e-14,4e-10,125,3.6e-07,1,1.81191e-06
1.1999999999999995,3.663636363636364e-14,1e-11,-40,3.6e-07,1,1.41421e-06
1.1999999999999995,3.663636363636364e-14,1e-11,-25,3.6e-07,1,1.442e-06
1.1999999999999995,3.663636363636364e-14,1e-11,0,1.8e-07,1,1.4098e-06
1.1999999999999995,3.663636363636364e-14,1e-11,0,3.6e-07,1,1.43694e-06
1.1999999999999995,3.663636363636364e-14,1e-11,25,1.8e-07,1,1.42315e-06
1.1999999999999995,3.663636363636364e-14,1e-11,25,3.6e-07,1,1.43401e-06
1.1999999999999995,3.663636363636364e-14,1e-11,75,1.8e-07,1,1.40306e-06
1.1999999999999995,3.663636363636364e-14,1e-11,75,3.6e-07,1,1.449e-06
1.1999999999999995,3.663636363636364e-14,1e-11,100,1.8e-07,1,1.39639e-06
1.1999999999999995,3.663636363636364e-14,1e-11,100,3.6e-07,1,1.46632e-06
1.1999999999999995,3.663636363636364e-14,1e-11,125,1.8e-07,1,1.39316e-06
1.1999999999999995,3.663636363636364e-14,5e-11,-40,1.8e-07,1,1.53546e-06
1.1999999999999995,3.663636363636364e-14,5e-11,-25,1.8e-07,1,1.53302e-06
1.1999999999999995,3.663636363636364e-14,5e-11,-25,3.6e-07,1,1.53687e-06
1.1999999999999995,3.663636363636364e-14,5e-11,0,1.8e-07,1,1.51811e-06
1.1999999999999995,3.663636363636364e-14,5e-11,0,3.6e-07,1,1.53401e-06
1.1999999999999995,3.663636363636364e-14,5e-11,25,1.8e-07,1,1.51856e-06
1.1999999999999995,3.663636363636364e-14,5e-11,25,3.6e-07,1,1.53302e-06
1.1999999999999995,3.663636363636364e-14,5e-11,100,1.8e-07,1,1.46356e-06
1.1999999999999995,3.663636363636364e-14,5e-11,100,3.6e-07,1,1.52744e-06
1.1999999999999995,3.663636363636364e-14,5e-11,125,1.8e-07,1,1.45285e-06
1.1999999999999995,3.663636363636364e-14,1e-10,-40,1.8e-07,1,1.66599e-06
1.1999999999999995,3.663636363636364e-14,1e-10,-40,3.6e-07,1,1.68667e-06
1.1999999999999995,3.663636363636364e-14,1e-10,-25,1.8e-07,1,1.66318e-06
1.1999999999999995,3.663636363636364e-14,1e-10,-25,3.6e-07,1,1.68665e-06
1.1999999999999995,3.663636363636364e-14,1e-10,0,1.8e-07,1,1.64168e-06
1.1999999999999995,3.663636363636364e-14,1e-10,0,3.6e-07,1,1.65465e-06
1.1999999999999995,3.663636363636364e-14,1e-10,25,1.8e-07,1,1.62957e-06
1.1999999999999995,3.663636363636364e-14,1e-10,25,3.6e-07,1,1.6609e-06
1.1999999999999995,3.663636363636364e-14,1e-10,75,1.8e-07,1,1.57102e-06
1.1999999999999995,3.663636363636364e-14,1e-10,75,3.6e-07,1,1.61496e-06
1.1999999999999995,3.663636363636364e-14,1e-10,100,3.6e-07,1,1.60708e-06
1.1999999999999995,3.663636363636364e-14,1e-10,125,3.6e-07,1,1.60423e-06
1.1999999999999995,3.663636363636364e-14,2e-10,-25,1.8e-07,1,1.92307e-06
1.1999999999999995,3.663636363636364e-14,2e-10,-25,3.6e-07,1,1.88107e-06
1.1999999999999995,3.663636363636364e-14,2e-10,0,1.8e-07,1,1.90333e-06
1.1999999999999995,3.663636363636364e-14,2e-10,0,3.6e-07,1,1.87468e-06
1.1999999999999995,3.663636363636364e-14,2e-10,25,1.8e-07,1,1.84596e-06
1.1999999999999995,3.663636363636364e-14,2e-10,25,3.6e-07,1,1.83786e-06
1.1999999999999995,3.663636363636364e-14,2e-10,75,1.8e-07,1,1.74351e-06
1.1999999999999995,3.663636363636364e-14,2e-10,75,3.6e-07,1,1.76846e-06
1.1999999999999995,3.663636363636364e-14,2e-10,100,1.8e-07,1,1.70194e-06
1.1999999999999995,3.663636363636364e-14,2e-10,125,1.8e-07,1,1.66417e-06
1.1999999999999995,3.663636363636364e-14,2e-10,125,3.6e-07,1,1.72476e-06
1.1999999999999995,3.663636363636364e-14,4e-10,-40,1.8e-07,1,2.42204e-06
1.1999999999999995,3.663636363636364e-14,4e-10,-40,3.6e-07,1,2.38547e-06
1.1999999999999995,3.663636363636364e-14,4e-10,-25,1.8e-07,1,2.374e-06
1.1999999999999995,3.663636363636364e-14,4e-10,-25,3.6e-07,1,2.3432e-06
1.1999999999999995,3.663636363636364e-14,4e-10,0,3.6e-07,1,2.24227e-06
1.1999999999999995,3.663636363636364e-14,4e-10,25,1.8e-07,1,2.23282e-06
1.1999999999999995,3.663636363636364e-14,4e-10,25,3.6e-07,1,2.18234e-06
1.1999999999999995,3.663636363636364e-14,4e-10,75,1.8e-07,1,2.07585e-06
1.1999999999999995,3.663636363636364e-14,4e-10,75,3.6e-07,1,2.08347e-06
1.1999999999999995,3.663636363636364e-14,4e-10,100,1.8e-07,1,1.9843e-06
1.1999999999999995,3.663636363636364e-14,4e-10,100,3.6e-07,1,2.01686e-06
1.1999999999999995,3.663636363636364e-14,4e-10,125,1.8e-07,1,1.92409e-06
1.1999999999999995,3.663636363636364e-14,4e-10,125,3.6e-07,1,1.97516e-06
1.1999999999999995,4.109090909090909e-14,1e-11,-40,3.6e-07,1,1.58496e-06
1.1999999999999995,4.109090909090909e-14,1e-11,-25,1.8e-07,1,1.57716e-06
1.1999999999999995,4.109090909090909e-14,1e-11,0,1.8e-07,1,1.58073e-06
1.1999999999999995,4.109090909090909e-14,1e-11,0,3.6e-07,1,1.59866e-06
1.1999999999999995,4.109090909090909e-14,1e-11,25,1.8e-07,1,1.58201e-06
1.1999999999999995,4.109090909090909e-14,1e-11,25,3.6e-07,1,1.60064e-06
1.1999999999999995,4.109090909090909e-14,1e-11,75,1.8e-07,1,1.55915e-06
1.1999999999999995,4.109090909090909e-14,1e-11,75,3.6e-07,1,1.6234e-06
1.1999999999999995,4.109090909090909e-14,1e-11,100,1.8e-07,1,1.55367e-06
1.1999999999999995,4.109090909090909e-14,1e-11,100,3.6e-07,1,1.64027e-06
1.1999999999999995,4.109090909090909e-14,1e-11,125,1.8e-07,1,1.55123e-06
1.1999999999999995,4.109090909090909e-14,1e-11,125,3.6e-07,1,1.63192e-06
1.1999999999999995,4.109090909090909e-14,5e-11,-40,3.6e-07,1,1.7037e-06
1.1999999999999995,4.109090909090909e-14,5e-11,-25,1.8e-07,1,1.68685e-06
1.1999999999999995,4.109090909090909e-14,5e-11,-25,3.6e-07,1,1.70788e-06
1.1999999999999995,4.109090909090909e-14,5e-11,0,1.8e-07,1,1.69209e-06
1.1999999999999995,4.109090909090909e-14,5e-11,0,3.6e-07,1,1.71871e-06
1.1999999999999995,4.109090909090909e-14,5e-11,25,3.6e-07,1,1.71563e-06
1.1999999999999995,4.109090909090909e-14,5e-11,75,1.8e-07,1,1.63433e-06
1.1999999999999995,4.109090909090909e-14,5e-11,100,1.8e-07,1,1.62044e-06
1.1999999999999995,4.109090909090909e-14,5e-11,125,1.8e-07,1,1.61051e-06
1.1999999999999995,4.109090909090909e-14,5e-11,125,3.6e-07,1,1.69216e-06
1.1999999999999995,4.109090909090909e-14,1e-10,-40,1.8e-07,1,1.83204e-06
1.1999999999999995,4.109090909090909e-14,1e-10,-40,3.6e-07,1,1.85309e-06
1.1999999999999995,4.109090909090909e-14,1e-10,-25,1.8e-07,1,1.83225e-06
1.1999999999999995,4.109090909090909e-14,1e-10,0,1.8e-07,1,1.81747e-06
1.1999999999999995,4.109090909090909e-14,1e-10,0,3.6e-07,1,1.82827e-06
1.1999999999999995,4.109090909090909e-14,1e-10,25,3.6e-07,1,1.81066e-06
1.1999999999999995,4.109090909090909e-14,1e-10,75,1.8e-07,1,1.72627e-06
1.1999999999999995,4.109090909090909e-14,1e-10,75,3.6e-07,1,1.78624e-06
1.1999999999999995,4.109090909090909e-14,1e-10,100,3.6e-07,1,1.78216e-06
1.1999999999999995,4.109090909090909e-14,1e-10,125,1.8e-07,1,1.68193e-06
1.1999999999999995,4.109090909090909e-14,2e-10,-40,1.8e-07,1,2.11563e-06
1.1999999999999995,4.109090909090909e-14,2e-10,-40,3.6e-07,1,2.06736e-06
1.1999999999999995,4.109090909090909e-14,2e-10,-25,3.6e-07,1,2.08105e-06
1.1999999999999995,4.109090909090909e-14,2e-10,0,1.8e-07,1,2.06196e-06
1.1999999999999995,4.109090909090909e-14,2e-10,0,3.6e-07,1,2.07854e-06
1.1999999999999995,4.109090909090909e-14,2e-10,25,1.8e-07,1,2.01148e-06
1.1999999999999995,4.109090909090909e-14,2e-10,75,3.6e-07,1,1.94434e-06
1.1999999999999995,4.109090909090909e-14,2e-10,100,1.8e-07,1,1.85672e-06
1.1999999999999995,4.109090909090909e-14,2e-10,125,3.6e-07,1,1.90082e-06
1.1999999999999995,4.109090909090909e-14,4e-10,-40,3.6e-07,1,2.52418e-06
1.1999999999999995,4.109090909090909e-14,4e-10,-25,1.8e-07,1,2.5676e-06
1.1999999999999995,4.109090909090909e-14,4e-10,-25,3.6e-07,1,2.48307e-06
1.1999999999999995,4.109090909090909e-14,4e-10,0,1.8e-07,1,2.48237e-06
1.1999999999999995,4.109090909090909e-14,4e-10,0,3.6e-07,1,2.44846e-06
1.1999999999999995,4.109090909090909e-14,4e-10,25,1.8e-07,1,2.4224e-06
1.1999999999999995,4.109090909090909e-14,4e-10,25,3.6e-07,1,2.36371e-06
1.1999999999999995,4.109090909090909e-14,4e-10,75,1.8e-07,1,2.22051e-06
1.1999999999999995,4.109090909090909e-14,4e-10,75,3.6e-07,1,2.26513e-06
1.1999999999999995,4.109090909090909e-14,4e-10,100,1.8e-07,1,2.14653e-06
1.1999999999999995,4.109090909090909e-14,4e-10,125,1.8e-07,1,2.08633e-06
1.1999999999999995,4.109090909090909e-14,4e-10,125,3.6e-07,1,2.15414e-06
1.1999999999999995,4.5545454545454544e-14,1e-11,-40,3.6e-07,1,1.76319e-06
1.1999999999999995,4.5545454545454544e-14,1e-11,-25,3.6e-07,1,1.75641e-06
1.1999999999999995,4.5545454545454544e-14,1e-11,0,1.8e-07,1,1.74993e-06
1.1999999999999995,4.5545454545454544e-14,1e-11,0,3.6e-07,1,1.77657e-06
1.1999999999999995,4.5545454545454544e-14,1e-11,25,3.6e-07,1,1.76246e-06
1.1999999999999995,4.5545454545454544e-14,1e-11,75,1.8e-07,1,1.71617e-06
1.1999999999999995,4.5545454545454544e-14,1e-11,75,3.6e-07,1,1.81035e-06
1.1999999999999995,4.5545454545454544e-14,1e-11,100,1.8e-07,1,1.71165e-06
1.1999999999999995,4.5545454545454544e-14,1e-11,100,3.6e-07,1,1.79989e-06
1.1999999999999995,4.5545454545454544e-14,1e-11,125,1.8e-07,1,1.70962e-06
1.1999999999999995,4.5545454545454544e-14,5e-11,-40,3.6e-07,1,1.87596e-06
1.1999999999999995,4.5545454545454544e-14,5e-11,-25,1.8e-07,1,1.85266e-06
1.1999999999999995,4.5545454545454544e-14,5e-11,0,1.8e-07,1,1.84456e-06
1.1999999999999995,4.5545454545454544e-14,5e-11,0,3.6e-07,1,1.87141e-06
1.1999999999999995,4.5545454545454544e-14,5e-11,75,1.8e-07,1,1.79298e-06
1.1999999999999995,4.5545454545454544e-14,5e-11,75,3.6e-07,1,1.88217e-06
1.1999999999999995,4.5545454545454544e-14,5e-11,100,1.8e-07,1,1.77804e-06
1.1999999999999995,4.5545454545454544e-14,5e-11,100,3.6e-07,1,1.86748e-06
1.1999999999999995,4.5545454545454544e-14,5e-11,125,1.8e-07,1,1.76859e-06
1.1999999999999995,4.5545454545454544e-14,1e-10,-40,1.8e-07,1,1.99948e-06
1.1999999999999995,4.5545454545454544e-14,1e-10,-40,3.6e-07,1,1.99554e-06
1.1999999999999995,4.5545454545454544e-14,1e-10,-25,1.8e-07,1,1.99558e-06
1.1999999999999995,4.5545454545454544e-14,1e-10,-25,3.6e-07,1,2.00869e-06
1.1999999999999995,4.5545454545454544e-14,1e-10,0,1.8e-07,1,1.97802e-06
1.1999999999999995,4.5545454545454544e-14,1e-10,0,3.6e-07,1,2.00605e-06
1.1999999999999995,4.5545454545454544e-14,1e-10,25,3.6e-07,1,1.98771e-06
1.1999999999999995,4.5545454545454544e-14,1e-10,75,1.8e-07,1,1.88386e-06
1.1999999999999995,4.5545454545454544e-14,1e-10,75,3.6e-07,1,1.95747e-06
1.1999999999999995,4.5545454545454544e-14,1e-10,100,1.8e-07,1,1.85749e-06
1.1999999999999995,4.5545454545454544e-14,2e-10,-40,3.6e-07,1,2.26637e-06
1.1999999999999995,4.5545454545454544e-14,2e-10,-25,3.6e-07,1,2.25387e-06
1.1999999999999995,4.5545454545454544e-14,2e-10,0,1.8e-07,1,2.20893e-06
1.1999999999999995,4.5545454545454544e-14,2e-10,0,3.6e-07,1,2.225e-06
1.1999999999999995,4.5545454545454544e-14,2e-10,25,1.8e-07,1,2.16833e-06
1.1999999999999995,4.5545454545454544e-14,2e-10,75,1.8e-07,1,2.05845e-06
1.1999999999999995,4.5545454545454544e-14,2e-10,75,3.6e-07,1,2.12088e-06
1.1999999999999995,4.5545454545454544e-14,2e-10,100,3.6e-07,1,2.103e-06
1.1999999999999995,4.5545454545454544e-14,2e-10,125,3.6e-07,1,2.05554e-06
1.1999999999999995,4.5545454545454544e-14,4e-10,-40,1.8e-07,1,2.78363e-06
1.1999999999999995,4.5545454545454544e-14,4e-10,-25,1.8e-07,1,2.74624e-06
1.1999999999999995,4.5545454545454544e-14,4e-10,-25,3.6e-07,1,2.69835e-06
1.1999999999999995,4.5545454545454544e-14,4e-10,0,1.8e-07,1,2.66656e-06
1.1999999999999995,4.5545454545454544e-14,4e-10,25,1.8e-07,1,2.585e-06
1.1999999999999995,4.5545454545454544e-14,4e-10,25,3.6e-07,1,2.53841e-06
1.1999999999999995,4.5545454545454544e-14,4e-10,75,1.8e-07,1,2.40253e-06
1.1999999999999995,4.5545454545454544e-14,4e-10,75,3.6e-07,1,2.43434e-06
1.1999999999999995,4.5545454545454544e-14,4e-10,100,1.8e-07,1,2.30851e-06
1.1999999999999995,4.5545454545454544e-14,4e-10,100,3.6e-07,1,2.3773e-06
1.1999999999999995,4.5545454545454544e-14,4e-10,125,3.6e-07,1,2.29595e-06
1.1999999999999995,5e-14,1e-11,-25,1.8e-07,1,1.90095e-06
1.1999999999999995,5e-14,1e-11,-25,3.6e-07,1,1.91896e-06
1.1999999999999995,5e-14,1e-11,0,3.6e-07,1,1.92753e-06
1.1999999999999995,5e-14,1e-11,25,3.6e-07,1,1.92815e-06
1.1999999999999995,5e-14,1e-11,75,1.8e-07,1,1.87387e-06
1.1999999999999995,5e-14,1e-11,75,3.6e-07,1,1.96403e-06
1.1999999999999995,5e-14,1e-11,100,1.8e-07,1,1.86985e-06
1.1999999999999995,5e-14,1e-11,100,3.6e-07,1,1.95369e-06
1.1999999999999995,5e-14,1e-11,125,3.6e-07,1,1.93918e-06
1.1999999999999995,5e-14,5e-11,-40,1.8e-07,1,2.00964e-06
1.1999999999999995,5e-14,5e-11,-25,1.8e-07,1,2.01997e-06
1.1999999999999995,5e-14,5e-11,-25,3.6e-07,1,2.03977e-06
1.1999999999999995,5e-14,5e-11,0,3.6e-07,1,2.02919e-06
1.1999999999999995,5e-14,5e-11,25,1.8e-07,1,1.98695e-06
1.1999999999999995,5e-14,5e-11,25,3.6e-07,1,2.02801e-06
1.1999999999999995,5e-14,5e-11,75,1.8e-07,1,1.94844e-06
1.1999999999999995,5e-14,5e-11,75,3.6e-07,1,2.03783e-06
1.1999999999999995,5e-14,5e-11,100,1.8e-07,1,1.93683e-06
1.1999999999999995,5e-14,5e-11,100,3.6e-07,1,2.02105e-06
1.1999999999999995,5e-14,5e-11,125,3.6e-07,1,2.00173e-06
1.1999999999999995,5e-14,1e-10,-40,1.8e-07,1,2.15725e-06
1.1999999999999995,5e-14,1e-10,-40,3.6e-07,1,2.17305e-06
1.1999999999999995,5e-14,1e-10,-25,3.6e-07,1,2.17967e-06
1.1999999999999995,5e-14,1e-10,0,1.8e-07,1,2.13598e-06
1.1999999999999995,5e-14,1e-10,0,3.6e-07,1,2.16568e-06
1.1999999999999995,5e-14,1e-10,25,3.6e-07,1,2.13721e-06
1.1999999999999995,5e-14,1e-10,75,1.8e-07,1,2.03599e-06
1.1999999999999995,5e-14,1e-10,75,3.6e-07,1,2.1307e-06
1.1999999999999995,5e-14,1e-10,100,1.8e-07,1,2.01627e-06
1.1999999999999995,5e-14,1e-10,100,3.6e-07,1,2.10405e-06
1.1999999999999995,5e-14,1e-10,125,1.8e-07,1,1.99664e-06
1.1999999999999995,5e-14,1e-10,125,3.6e-07,1,2.07458e-06
1.1999999999999995,5e-14,2e-10,-40,1.8e-07,1,2.43241e-06
1.1999999999999995,5e-14,2e-10,-40,3.6e-07,1,2.4207e-06
1.1999999999999995,5e-14,2e-10,-25,3.6e-07,1,2.44768e-06
1.1999999999999995,5e-14,2e-10,0,1.8e-07,1,2.38111e-06
1.1999999999999995,5e-14,2e-10,0,3.6e-07,1,2.41211e-06
1.1999999999999995,5e-14,2e-10,25,1.8e-07,1,2.3224e-06
1.1999999999999995,5e-14,2e-10,25,3.6e-07,1,2.37548e-06
1.1999999999999995,5e-14,2e-10,75,1.8e-07,1,2.21359e-06
1.1999999999999995,5e-14,2e-10,100,1.8e-07,1,2.1717e-06
1.1999999999999995,5e-14,2e-10,100,3.6e-07,1,2.26046e-06
1.1999999999999995,5e-14,2e-10,125,1.8e-07,1,2.13662e-06
1.1999999999999995,5e-14,4e-10,-40,1.8e-07,1,2.95663e-06
1.1999999999999995,5e-14,4e-10,-40,3.6e-07,1,2.91626e-06
1.1999999999999995,5e-14,4e-10,-25,1.8e-07,1,2.93455e-06
1.1999999999999995,5e-14,4e-10,-25,3.6e-07,1,2.89916e-06
1.1999999999999995,5e-14,4e-10,0,1.8e-07,1,2.85232e-06
1.1999999999999995,5e-14,4e-10,0,3.6e-07,1,2.78072e-06
1.1999999999999995,5e-14,4e-10,25,1.8e-07,1,2.74674e-06
1.1999999999999995,5e-14,4e-10,25,3.6e-07,1,2.72479e-06
1.1999999999999995,5e-14,4e-10,75,1.8e-07,1,2.54334e-06
1.1999999999999995,5e-14,4e-10,100,1.8e-07,1,2.47535e-06
1.1999999999999995,5e-14,4e-10,100,3.6e-07,1,2.55015e-06
1.1999999999999995,5e-14,4e-10,125,1.8e-07,1,2.40903e-06
1.1999999999999995,5e-14,4e-10,125,3.6e-07,1,2.46699e-06
1.2999999999999998,1e-15,1e-11,-40,1.8e-07,1,1.13881e-07
1.2999999999999998,1e-15,1e-11,-40,3.6e-07,1,1.28494e-07
1.2999999999999998,1e-15,1e-11,-25,1.8e-07,1,1.13902e-07
1.2999999999999998,1e-15,1e-11,-25,3.6e-07,1,1.29754e-07
1.2999999999999998,1e-15,1e-11,0,1.8e-07,1,1.1399e-07
1.2999999999999998,1e-15,1e-11,0,3.6e-07,1,1.2863e-07
1.2999999999999998,1e-15,1e-11,25,1.8e-07,1,1.14835e-07
1.2999999999999998,1e-15,1e-11,25,3.6e-07,1,1.31697e-07
1.2999999999999998,1e-15,1e-11,75,3.6e-07,1,1.44363e-07
1.2999999999999998,1e-15,1e-11,100,1.8e-07,1,1.21924e-07
1.2999999999999998,1e-15,1e-11,100,3.6e-07,1,1.52971e-07
1.2999999999999998,1e-15,1e-11,125,1.8e-07,1,1.28202e-07
1.2999999999999998,1e-15,1e-11,125,3.6e-07,1,1.6307e-07
1.2999999999999998,1e-15,5e-11,-40,3.6e-07,1,2.24928e-07
1.2999999999999998,1e-15,5e-11,-25,1.8e-07,1,1.71213e-07
1.2999999999999998,1e-15,5e-11,0,3.6e-07,1,1.94076e-07
1.2999999999999998,1e-15,5e-11,25,1.8e-07,1,1.6163e-07
1.2999999999999998,1e-15,5e-11,25,3.6e-07,1,2.07585e-07
1.2999999999999998,1e-15,5e-11,75,3.6e-07,1,2.09376e-07
1.2999999999999998,1e-15,5e-11,100,1.8e-07,1,1.58385e-07
1.2999999999999998,1e-15,5e-11,100,3.6e-07,1,2.09775e-07
1.2999999999999998,1e-15,5e-11,125,3.6e-07,1,2.15593e-07
1.2999999999999998,1e-15,1e-10,-40,1.8e-07,1,2.20906e-07
1.2999999999999998,1e-15,1e-10,-25,1.8e-07,1,2.24855e-07
1.2999999999999998,1e-15,1e-10,-25,3.6e-07,1,2.29266e-07
1.2999999999999998,1e-15,1e-10,0,1.8e-07,1,2.03e-07
1.2999999999999998,1e-15,1e-10,0,3.6e-07,1,2.33336e-07
1.2999999999999998,1e-15,1e-10,25,3.6e-07,1,2.02145e-07
1.2999999999999998,1e-15,1e-10,75,1.8e-07,1,1.95158e-07
1.2999999999999998,1e-15,1e-10,75,3.6e-07,1,2.33025e-07
1.2999999999999998,1e-15,1e-10,100,1.8e-07,1,1.90193e-07
1.2999999999999998,1e-15,1e-10,100,3.6e-07,1,2.29243e-07
1.2999999999999998,1e-15,1e-10,125,1.8e-07,1,1.91379e-07
1.2999999999999998,1e-15,1e-10,125,3.6e-07,1,2.34537e-07
1.2999999999999998,1e-15,2e-10,-40,3.6e-07,1,4.1528e-07
1.2999999999999998,1e-15,2e-10,-25,3.6e-07,1,4.18876e-07
1.2999999999999998,1e-15,2e-10,0,1.8e-07,1,3.23542e-07
1.2999999999999998,1e-15,2e-10,0,3.6e-07,1,4.1011e-07
1.2999999999999998,1e-15,2e-10,25,3.6e-07,1,3.42533e-07
1.2999999999999998,1e-15,2e-10,75,3.6e-07,1,3.25901e-07
1.2999999999999998,1e-15,2e-10,100,1.8e-07,1,2.61758e-07
1.2999999999999998,1e-15,2e-10,100,3.6e-07,1,3.02161e-07
1.2999999999999998,1e-15,2e-10,125,1.8e-07,1,2.45403e-07
1.2999999999999998,1e-15,2e-10,125,3.6e-07,1,2.9749e-07
1.2999999999999998,1e-15,4e-10,-40,1.8e-07,1,6.56566e-07
1.2999999999999998,1e-15,4e-10,-40,3.6e-07,1,8.73588e-07
1.2999999999999998,1e-15,4e-10,-25,1.8e-07,1,5.97696e-07
1.2999999999999998,1e-15,4e-10,-25,3.6e-07,1,7.69844e-07
1.2999999999999998,1e-15,4e-10,0,1.8e-07,1,5.37327e-07
1.2999999999999998,1e-15,4e-10,0,3.6e-07,1,6.90689e-07
1.2999999999999998,1e-15,4e-10,25,1.8e-07,1,4.62129e-07
1.2999999999999998,1e-15,4e-10,25,3.6e-07,1,6.31797e-07
1.2999999999999998,1e-15,4e-10,75,1.8e-07,1,3.98876e-07
1.2999999999999998,1e-15,4e-10,100,1.8e-07,1,3.76189e-07
1.2999999999999998,1e-15,4e-10,100,3.6e-07,1,4.79423e-07
1.2999999999999998,1e-15,4e-10,125,1.8e-07,1,3.48837e-07
1.2999999999999998,5.454545454545455e-15,1e-11,-40,1.8e-07,1,3.07227e-07
1.2999999999999998,5.454545454545455e-15,1e-11,-40,3.6e-07,1,3.30473e-07
1.2999999999999998,5.454545454545455e-15,1e-11,-25,1.8e-07,1,3.09614e-07
1.2999999999999998,5.454545454545455e-15,1e-11,-25,3.6e-07,1,3.32597e-07
1.2999999999999998,5.454545454545455e-15,1e-11,0,1.8e-07,1,3.09589e-07
1.2999999999999998,5.454545454545455e-15,1e-11,25,1.8e-07,1,3.10008e-07
1.2999999999999998,5.454545454545455e-15,1e-11,25,3.6e-07,1,3.35787e-07
1.2999999999999998,5.454545454545455e-15,1e-11,75,3.6e-07,1,3.48769e-07
1.2999999999999998,5.454545454545455e-15,1e-11,100,1.8e-07,1,3.19393e-07
1.2999999999999998,5.454545454545455e-15,1e-11,100,3.6e-07,1,3.52386e-07
1.2999999999999998,5.454545454545455e-15,1e-11,125,1.8e-07,1,3.25452e-07
1.2999999999999998,5.454545454545455e-15,1e-11,125,3.6e-07,1,3.62964e-07
1.2999999999999998,5.454545454545455e-15,5e-11,-40,1.8e-07,1,4.51476e-07
1.2999999999999998,5.454545454545455e-15,5e-11,-25,1.8e-07,1,4.45684e-07
1.2999999999999998,5.454545454545455e-15,5e-11,-25,3.6e-07,1,4.42685e-07
1.2999999999999998,5.454545454545455e-15,5e-11,0,1.8e-07,1,4.3674e-07
1.2999999999999998,5.454545454545455e-15,5e-11,25,1.8e-07,1,4.18294e-07
1.2999999999999998,5.454545454545455e-15,5e-11,75,1.8e-07,1,4.05165e-07
1.2999999999999998,5.454545454545455e-15,5e-11,75,3.6e-07,1,4.14086e-07
1.2999999999999998,5.454545454545455e-15,5e-11,100,1.8e-07,1,4.01765e-07
1.2999999999999998,5.454545454545455e-15,5e-11,100,3.6e-07,1,4.25908e-07
1.2999999999999998,5.454545454545455e-15,5e-11,125,1.8e-07,1,3.99489e-07
1.2999999999999998,5.454545454545455e-15,5e-11,125,3.6e-07,1,4.23155e-07
1.2999999999999998,5.454545454545455e-15,1e-10,-40,3.6e-07,1,6.30542e-07
1.2999999999999998,5.454545454545455e-15,1e-10,-25,3.6e-07,1,6.03335e-07
1.2999999999999998,5.454545454545455e-15,1e-10,0,3.6e-07,1,5.58672e-07
1.2999999999999998,5.454545454545455e-15,1e-10,25,1.8e-07,1,5.28127e-07
1.2999999999999998,5.454545454545455e-15,1e-10,25,3.6e-07,1,5.49699e-07
1.2999999999999998,5.454545454545455e-15,1e-10,75,1.8e-07,1,4.98814e-07
1.2999999999999998,5.454545454545455e-15,1e-10,100,1.8e-07,1,4.866e-07
1.2999999999999998,5.454545454545455e-15,1e-10,100,3.6e-07,1,5.04819e-07
1.2999999999999998,5.454545454545455e-15,1e-10,125,3.6e-07,1,5.07403e-07
1.2999999999999998,5.454545454545455e-15,2e-10,-40,3.6e-07,1,7.74973e-07
1.2999999999999998,5.454545454545455e-15,2e-10,-25,3.6e-07,1,7.62136e-07
1.2999999999999998,5.454545454545455e-15,2e-10,0,1.8e-07,1,6.26198e-07
1.2999999999999998,5.454545454545455e-15,2e-10,0,3.6e-07,1,7.30798e-07
1.2999999999999998,5.454545454545455e-15,2e-10,25,1.8e-07,1,6.21626e-07
1.2999999999999998,5.454545454545455e-15,2e-10,25,3.6e-07,1,6.8674e-07
1.2999999999999998,5.454545454545455e-15,2e-10,75,1.8e-07,1,5.78962e-07
1.2999999999999998,5.454545454545455e-15,2e-10,75,3.6e-07,1,6.53666e-07
1.2999999999999998,5.454545454545455e-15,2e-10,100,1.8e-07,1,5.69778e-07
1.2999999999999998,5.454545454545455e-15,2e-10,100,3.6e-07,1,6.43941e-07
1.2999999999999998,5.454545454545455e-15,2e-10,125,1.8e-07,1,5.68903e-07
1.2999999999999998,5.454545454545455e-15,2e-10,125,3.6e-07,1,6.22185e-07
1.2999999999999998,5.454545454545455e-15,4e-10,-40,1.8e-07,1,1.00581e-06
1.2999999999999998,5.454545454545455e-15,4e-10,-25,1.8e-07,1,9.58209e-07
1.2999999999999998,5.454545454545455e-15,4e-10,0,1.8e-07,1,8.62744e-07
1.2999999999999998,5.454545454545455e-15,4e-10,25,1.8e-07,1,8.1901e-07
1.2999999999999998,5.454545454545455e-15,4e-10,25,3.6e-07,1,9.62409e-07
1.2999999999999998,5.454545454545455e-15,4e-10,75,1.8e-07,1,7.25077e-07
1.2999999999999998,5.454545454545455e-15,4e-10,100,3.6e-07,1,7.94877e-07
1.2999999999999998,5.454545454545455e-15,4e-10,125,1.8e-07,1,6.72507e-07
1.2999999999999998,5.454545454545455e-15,4e-10,125,3.6e-07,1,7.7397e-07
1.2999999999999998,9.909090909090907e-15,1e-11,-25,1.8e-07,1,4.98659e-07
1.2999999999999998,9.909090909090907e-15,1e-11,-25,3.6e-07,1,5.22638e-07
1.2999999999999998,9.909090909090907e-15,1e-11,0,1.8e-07,1,5.0102e-07
1.2999999999999998,9.909090909090907e-15,1e-11,25,1.8e-07,1,5.02453e-07
1.2999999999999998,9.909090909090907e-15,1e-11,25,3.6e-07,1,5.30377e-07
1.2999999999999998,9.909090909090907e-15,1e-11,75,1.8e-07,1,5.07666e-07
1.2999999999999998,9.909090909090907e-15,1e-11,100,1.8e-07,1,5.15021e-07
1.2999999999999998,9.909090909090907e-15,1e-11,125,1.8e-07,1,5.20408e-07
1.2999999999999998,9.909090909090907e-15,1e-11,125,3.6e-07,1,5.57064e-07
1.2999999999999998,9.909090909090907e-15,5e-11,-40,3.6e-07,1,6.52981e-07
1.2999999999999998,9.909090909090907e-15,5e-11,-25,1.8e-07,1,6.42222e-07
1.2999999999999998,9.909090909090907e-15,5e-11,-25,3.6e-07,1,6.50906e-07
1.2999999999999998,9.909090909090907e-15,5e-11,0,1.8e-07,1,6.30929e-07
1.2999999999999998,9.909090909090907e-15,5e-11,0,3.6e-07,1,6.47618e-07
1.2999999999999998,9.909090909090907e-15,5e-11,25,1.8e-07,1,6.18774e-07
1.2999999999999998,9.909090909090907e-15,5e-11,25,3.6e-07,1,6.39332e-07
1.2999999999999998,9.909090909090907e-15,5e-11,75,3.6e-07,1,6.23768e-07
1.2999999999999998,9.909090909090907e-15,5e-11,100,1.8e-07,1,5.9688e-07
1.2999999999999998,9.909090909090907e-15,5e-11,125,1.8e-07,1,5.95151e-07
1.2999999999999998,9.909090909090907e-15,5e-11,125,3.6e-07,1,6.31191e-07
1.2999999999999998,9.909090909090907e-15,1e-10,-40,1.8e-07,1,8.14864e-07
1.2999999999999998,9.909090909090907e-15,1e-10,-40,3.6e-07,1,8.33467e-07
1.2999999999999998,9.909090909090907e-15,1e-10,-25,1.8e-07,1,7.91653e-07
1.2999999999999998,9.909090909090907e-15,1e-10,-25,3.6e-07,1,8.07852e-07
1.2999999999999998,9.909090909090907e-15,1e-10,0,1.8e-07,1,7.78133e-07
1.2999999999999998,9.909090909090907e-15,1e-10,0,3.6e-07,1,7.71389e-07
1.2999999999999998,9.909090909090907e-15,1e-10,25,1.8e-07,1,7.48934e-07
1.2999999999999998,9.909090909090907e-15,1e-10,75,1.8e-07,1,7.12017e-07
1.2999999999999998,9.909090909090907e-15,1e-10,100,1.8e-07,1,6.97976e-07
1.2999999999999998,9.909090909090907e-15,1e-10,100,3.6e-07,1,7.18385e-07
1.2999999999999998,9.909090909090907e-15,1e-10,125,1.8e-07,1,6.86028e-07
1.2999999999999998,9.909090909090907e-15,1e-10,125,3.6e-07,1,7.01962e-07
1.2999999999999998,9.909090909090907e-15,2e-10,-40,1.8e-07,1,9.88946e-07
1.2999999999999998,9.909090909090907e-15,2e-10,-40,3.6e-07,1,1.08819e-06
1.2999999999999998,9.909090909090907e-15,2e-10,-25,1.8e-07,1,9.79372e-07
1.2999999999999998,9.909090909090907e-15,2e-10,-25,3.6e-07,1,1.08458e-06
1.2999999999999998,9.909090909090907e-15,2e-10,0,1.8e-07,1,9.57941e-07
1.2999999999999998,9.909090909090907e-15,2e-10,0,3.6e-07,1,1.01064e-06
1.2999999999999998,9.909090909090907e-15,2e-10,25,1.8e-07,1,9.28065e-07
1.2999999999999998,9.909090909090907e-15,2e-10,75,1.8e-07,1,8.89115e-07
1.2999999999999998,9.909090909090907e-15,2e-10,75,3.6e-07,1,9.11195e-07
1.2999999999999998,9.909090909090907e-15,2e-10,100,1.8e-07,1,8.59083e-07
1.2999999999999998,9.909090909090907e-15,2e-10,100,3.6e-07,1,8.73944e-07
1.2999999999999998,9.909090909090907e-15,2e-10,125,3.6e-07,1,8.67711e-07
1.2999999999999998,9.909090909090907e-15,4e-10,-25,1.8e-07,1,1.26292e-06
1.2999999999999998,9.909090909090907e-15,4e-10,0,1.8e-07,1,1.1969e-06
1.2999999999999998,9.909090909090907e-15,4e-10,0,3.6e-07,1,1.33502e-06
1.2999999999999998,9.909090909090907e-15,4e-10,25,1.8e-07,1,1.14167e-06
1.2999999999999998,9.909090909090907e-15,4e-10,25,3.6e-07,1,1.28357e-06
1.2999999999999998,9.909090909090907e-15,4e-10,75,3.6e-07,1,1.15332e-06
1.2999999999999998,9.909090909090907e-15,4e-10,100,1.8e-07,1,1.01879e-06
1.2999999999999998,9.909090909090907e-15,4e-10,100,3.6e-07,1,1.12713e-06
1.2999999999999998,9.909090909090907e-15,4e-10,125,3.6e-07,1,1.07774e-06
1.2999999999999998,1.436363636363636e-14,1e-11,-40,1.8e-07,1,6.90356e-07
1.2999999999999998,1.436363636363636e-14,1e-11,-40,3.6e-07,1,7.13464e-07
1.2999999999999998,1.436363636363636e-14,1e-11,-25,3.6e-07,1,7.21451e-07
1.2999999999999998,1.436363636363636e-14,1e-11,0,1.8e-07,1,7.00074e-07
1.2999999999999998,1.436363636363636e-14,1e-11,0,3.6e-07,1,7.23515e-07
1.2999999999999998,1.436363636363636e-14,1e-11,25,1.8e-07,1,7.03075e-07
1.2999999999999998,1.436363636363636e-14,1e-11,75,3.6e-07,1,7.39782e-07
1.2999999999999998,1.436363636363636e-14,1e-11,100,1.8e-07,1,7.11688e-07
1.2999999999999998,1.436363636363636e-14,1e-11,100,3.6e-07,1,7.46198e-07
1.2999999999999998,1.436363636363636e-14,1e-11,125,3.6e-07,1,7.54371e-07
1.2999999999999998,1.436363636363636e-14,5e-11,-40,1.8e-07,1,8.30079e-07
1.2999999999999998,1.436363636363636e-14,5e-11,-25,1.8e-07,1,8.30421e-07
1.2999999999999998,1.436363636363636e-14,5e-11,-25,3.6e-07,1,8.63483e-07
1.2999999999999998,1.436363636363636e-14,5e-11,0,1.8e-07,1,8.21988e-07
1.2999999999999998,1.436363636363636e-14,5e-11,0,3.6e-07,1,8.50585e-07
1.2999999999999998,1.436363636363636e-14,5e-11,25,3.6e-07,1,8.35985e-07
1.2999999999999998,1.436363636363636e-14,5e-11,75,3.6e-07,1,8.28114e-07
1.2999999999999998,1.436363636363636e-14,5e-11,100,1.8e-07,1,7.98039e-07
1.2999999999999998,1.436363636363636e-14,5e-11,100,3.6e-07,1,8.28056e-07
1.2999999999999998,1.436363636363636e-14,5e-11,125,1.8e-07,1,7.93618e-07
1.2999999999999998,1.436363636363636e-14,5e-11,125,3.6e-07,1,8.31275e-07
1.2999999999999998,1.436363636363636e-14,1e-10,-40,1.8e-07,1,1.02232e-06
1.2999999999999998,1.436363636363636e-14,1e-10,-40,3.6e-07,1,9.99865e-07
1.2999999999999998,1.436363636363636e-14,1e-10,-25,1.8e-07,1,1.01174e-06
1.2999999999999998,1.436363636363636e-14,1e-10,0,1.8e-07,1,9.85627e-07
1.2999999999999998,1.436363636363636e-14,1e-10,0,3.6e-07,1,9.8733e-07
1.2999999999999998,1.436363636363636e-14,1e-10,25,1.8e-07,1,9.55785e-07
1.2999999999999998,1.436363636363636e-14,1e-10,25,3.6e-07,1,9.67097e-07
1.2999999999999998,1.436363636363636e-14,1e-10,75,1.8e-07,1,9.08902e-07
1.2999999999999998,1.436363636363636e-14,1e-10,75,3.6e-07,1,9.24874e-07
1.2999999999999998,1.436363636363636e-14,1e-10,100,1.8e-07,1,8.93848e-07
1.2999999999999998,1.436363636363636e-14,1e-10,125,1.8e-07,1,8.82108e-07
1.2999999999999998,1.436363636363636e-14,1e-10,125,3.6e-07,1,9.08481e-07
1.2999999999999998,1.436363636363636e-14,2e-10,-40,3.6e-07,1,1.36627e-06
1.2999999999999998,1.436363636363636e-14,2e-10,-25,1.8e-07,1,1.26743e-06
1.2999999999999998,1.436363636363636e-14,2e-10,-25,3.6e-07,1,1.32631e-06
1.2999999999999998,1.436363636363636e-14,2e-10,0,1.8e-07,1,1.23911e-06
1.2999999999999998,1.436363636363636e-14,2e-10,25,3.6e-07,1,1.18984e-06
1.2999999999999998,1.436363636363636e-14,2e-10,75,1.8e-07,1,1.11512e-06
1.2999999999999998,1.436363636363636e-14,2e-10,100,1.8e-07,1,1.07616e-06
1.2999999999999998,1.436363636363636e-14,2e-10,100,3.6e-07,1,1.09362e-06
1.2999999999999998,1.436363636363636e-14,2e-10,125,1.8e-07,1,1.04794e-06
1.2999999999999998,1.436363636363636e-14,2e-10,125,3.6e-07,1,1.06515e-06
1.2999999999999998,1.436363636363636e-14,4e-10,-40,1.8e-07,1,1.61393e-06
1.2999999999999998,1.436363636363636e-14,4e-10,-40,3.6e-07,1,1.77924e-06
1.2999999999999998,1.436363636363636e-14,4e-10,-25,1.8e-07,1,1.59242e-06
1.2999999999999998,1.436363636363636e-14,4e-10,-25,3.6e-07,1,1.72036e-06
1.2999999999999998,1.436363636363636e-14,4e-10,0,1.8e-07,1,1.49437e-06
1.2999999999999998,1.436363636363636e-14,4e-10,0,3.6e-07,1,1.64146e-06
1.2999999999999998,1.436363636363636e-14,4e-10,25,1.8e-07,1,1.43992e-06
1.2999999999999998,1.436363636363636e-14,4e-10,25,3.6e-07,1,1.56723e-06
1.2999999999999998,1.436363636363636e-14,4e-10,75,1.8e-07,1,1.36235e-06
1.2999999999999998,1.436363636363636e-14,4e-10,75,3.6e-07,1,1.44921e-06
1.2999999999999998,1.436363636363636e-14,4e-10,100,1.8e-07,1,1.32925e-06
1.2999999999999998,1.436363636363636e-14,4e-10,125,1.8e-07,1,1.29419e-06
1.2999999999999998,1.436363636363636e-14,4e-10,125,3.6e-07,1,1.34424e-06
1.2999999999999998,1.8818181818181816e-14,1e-11,-40,1.8e-07,1,8.78775e-07
1.2999999999999998,1.8818181818181816e-14,1e-11,-25,1.8e-07,1,8.82219e-07
1.2999999999999998,1.8818181818181816e-14,1e-11,-25,3.6e-07,1,9.17417e-07
1.2999999999999998,1.8818181818181816e-14,1e-11,0,3.6e-07,1,9.15187e-07
1.2999999999999998,1.8818181818181816e-14,1e-11,25,1.8e-07,1,8.90048e-07
1.2999999999999998,1.8818181818181816e-14,1e-11,25,3.6e-07,1,9.18117e-07
1.2999999999999998,1.8818181818181816e-14,1e-11,75,1.8e-07,1,9.00754e-07
1.2999999999999998,1.8818181818181816e-14,1e-11,75,3.6e-07,1,9.29382e-07
1.2999999999999998,1.8818181818181816e-14,1e-11,100,3.6e-07,1,9.38225e-07
1.2999999999999998,1.8818181818181816e-14,1e-11,125,3.6e-07,1,9.48637e-07
1.2999999999999998,1.8818181818181816e-14,5e-11,-40,1.8e-07,1,1.03171e-06
1.2999999999999998,1.8818181818181816e-14,5e-11,-40,3.6e-07,1,1.05525e-06
1.2999999999999998,1.8818181818181816e-14,5e-11,-25,3.6e-07,1,1.04048e-06
1.2999999999999998,1.8818181818181816e-14,5e-11,0,1.8e-07,1,1.02167e-06
1.2999999999999998,1.8818181818181816e-14,5e-11,0,3.6e-07,1,1.0459e-06
1.2999999999999998,1.8818181818181816e-14,5e-11,25,1.8e-07,1,1.01193e-06
1.2999999999999998,1.8818181818181816e-14,5e-11,25,3.6e-07,1,1.04621e-06
1.2999999999999998,1.8818181818181816e-14,5e-11,75,1.8e-07,1,9.97287e-07
1.2999999999999998,1.8818181818181816e-14,5e-11,75,3.6e-07,1,1.03563e-06
1.2999999999999998,1.8818181818181816e-14,5e-11,100,1.8e-07,1,9.94619e-07
1.2999999999999998,1.8818181818181816e-14,5e-11,100,3.6e-07,1,1.02152e-06
1.2999999999999998,1.8818181818181816e-14,5e-11,125,3.6e-07,1,1.02365e-06
1.2999999999999998,1.8818181818181816e-14,1e-10,-40,1.8e-07,1,1.21902e-06
1.2999999999999998,1.8818181818181816e-14,1e-10,-40,3.6e-07,1,1.18736e-06
1.2999999999999998,1.8818181818181816e-14,1e-10,-25,1.8e-07,1,1.2127e-06
1.2999999999999998,1.8818181818181816e-14,1e-10,-25,3.6e-07,1,1.20322e-06
1.2999999999999998,1.8818181818181816e-14,1e-10,0,3.6e-07,1,1.19021e-06
1.2999999999999998,1.8818181818181816e-14,1e-10,25,1.8e-07,1,1.15141e-06
1.2999999999999998,1.8818181818181816e-14,1e-10,25,3.6e-07,1,1.15667e-06
1.2999999999999998,1.8818181818181816e-14,1e-10,75,1.8e-07,1,1.10885e-06
1.2999999999999998,1.8818181818181816e-14,1e-10,100,1.8e-07,1,1.09581e-06
1.2999999999999998,1.8818181818181816e-14,1e-10,100,3.6e-07,1,1.11734e-06
1.2999999999999998,1.8818181818181816e-14,1e-10,125,1.8e-07,1,1.08651e-06
1.2999999999999998,1.8818181818181816e-14,2e-10,-40,1.8e-07,1,1.53571e-06
1.2999999999999998,1.8818181818181816e-14,2e-10,-40,3.6e-07,1,1.52677e-06
1.2999999999999998,1.8818181818181816e-14,2e-10,-25,1.8e-07,1,1.49918e-06
1.2999999999999998,1.8818181818181816e-14,2e-10,-25,3.6e-07,1,1.52077e-06
1.2999999999999998,1.8818181818181816e-14,2e-10,0,1.8e-07,1,1.46406e-06
1.2999999999999998,1.8818181818181816e-14,2e-10,25,1.8e-07,1,1.40507e-06
1.2999999999999998,1.8818181818181816e-14,2e-10,25,3.6e-07,1,1.42226e-06
1.2999999999999998,1.8818181818181816e-14,2e-10,75,1.8e-07,1,1.32796e-06
1.2999999999999998,1.8818181818181816e-14,2e-10,75,3.6e-07,1,1.32841e-06
1.2999999999999998,1.8818181818181816e-14,2e-10,100,1.8e-07,1,1.27975e-06
1.2999999999999998,1.8818181818181816e-14,2e-10,125,1.8e-07,1,1.25697e-06
1.2999999999999998,1.8818181818181816e-14,2e-10,125,3.6e-07,1,1.27113e-06
1.2999999999999998,1.8818181818181816e-14,4e-10,-40,1.8e-07,1,1.93942e-06
1.2999999999999998,1.8818181818181816e-14,4e-10,-40,3.6e-07,1,2.0395e-06
1.2999999999999998,1.8818181818181816e-14,4e-10,-25,1.8e-07,1,1.88668e-06
1.2999999999999998,1.8818181818181816e-14,4e-10,-25,3.6e-07,1,2.01497e-06
1.2999999999999998,1.8818181818181816e-14,4e-10,0,1.8e-07,1,1.79065e-06
1.2999999999999998,1.8818181818181816e-14,4e-10,25,1.8e-07,1,1.73543e-06
1.2999999999999998,1.8818181818181816e-14,4e-10,75,1.8e-07,1,1.64744e-06
1.2999999999999998,1.8818181818181816e-14,4e-10,75,3.6e-07,1,1.66001e-06
1.2999999999999998,1.8818181818181816e-14,4e-10,100,3.6e-07,1,1.60767e-06
1.2999999999999998,1.8818181818181816e-14,4e-10,125,1.8e-07,1,1.55407e-06
1.2999999999999998,2.327272727272728e-14,1e-11,-40,1.8e-07,1,1.07822e-06
1.2999999999999998,2.327272727272728e-14,1e-11,-25,1.8e-07,1,1.08026e-06
1.2999999999999998,2.327272727272728e-14,1e-11,-25,3.6e-07,1,1.10214e-06
1.2999999999999998,2.327272727272728e-14,1e-11,0,1.8e-07,1,1.08889e-06
1.2999999999999998,2.327272727272728e-14,1e-11,0,3.6e-07,1,1.11441e-06
1.2999999999999998,2.327272727272728e-14,1e-11,25,1.8e-07,1,1.08782e-06
1.2999999999999998,2.327272727272728e-14,1e-11,25,3.6e-07,1,1.11808e-06
1.2999999999999998,2.327272727272728e-14,1e-11,75,1.8e-07,1,1.10356e-06
1.2999999999999998,2.327272727272728e-14,1e-11,75,3.6e-07,1,1.13268e-06
1.2999999999999998,2.327272727272728e-14,1e-11,100,1.8e-07,1,1.10756e-06
1.2999999999999998,2.327272727272728e-14,1e-11,100,3.6e-07,1,1.14559e-06
1.2999999999999998,2.327272727272728e-14,1e-11,125,1.8e-07,1,1.09982e-06
1.2999999999999998,2.327272727272728e-14,1e-11,125,3.6e-07,1,1.15668e-06
1.2999999999999998,2.327272727272728e-14,5e-11,-40,1.8e-07,1,1.22901e-06
1.2999999999999998,2.327272727272728e-14,5e-11,-40,3.6e-07,1,1.23241e-06
1.2999999999999998,2.327272727272728e-14,5e-11,-25,3.6e-07,1,1.2381e-06
1.2999999999999998,2.327272727272728e-14,5e-11,0,3.6e-07,1,1.23772e-06
1.2999999999999998,2.327272727272728e-14,5e-11,25,1.8e-07,1,1.20382e-06
1.2999999999999998,2.327272727272728e-14,5e-11,75,1.8e-07,1,1.20242e-06
1.2999999999999998,2.327272727272728e-14,5e-11,100,1.8e-07,1,1.19618e-06
1.2999999999999998,2.327272727272728e-14,5e-11,100,3.6e-07,1,1.22289e-06
1.2999999999999998,2.327272727272728e-14,5e-11,125,1.8e-07,1,1.17863e-06
1.2999999999999998,2.327272727272728e-14,5e-11,125,3.6e-07,1,1.22771e-06
1.2999999999999998,2.327272727272728e-14,1e-10,-40,1.8e-07,1,1.40613e-06
1.2999999999999998,2.327272727272728e-14,1e-10,-25,1.8e-07,1,1.40228e-06
1.2999999999999998,2.327272727272728e-14,1e-10,0,3.6e-07,1,1.39442e-06
1.2999999999999998,2.327272727272728e-14,1e-10,25,1.8e-07,1,1.34394e-06
1.2999999999999998,2.327272727272728e-14,1e-10,25,3.6e-07,1,1.35657e-06
1.2999999999999998,2.327272727272728e-14,1e-10,75,1.8e-07,1,1.3142e-06
1.2999999999999998,2.327272727272728e-14,1e-10,75,3.6e-07,1,1.32623e-06
1.2999999999999998,2.327272727272728e-14,1e-10,100,1.8e-07,1,1.2962e-06
1.2999999999999998,2.327272727272728e-14,1e-10,100,3.6e-07,1,1.31804e-06
1.2999999999999998,2.327272727272728e-14,1e-10,125,3.6e-07,1,1.31469e-06
1.2999999999999998,2.327272727272728e-14,2e-10,-40,1.8e-07,1,1.71881e-06
1.2999999999999998,2.327272727272728e-14,2e-10,-25,1.8e-07,1,1.70851e-06
1.2999999999999998,2.327272727272728e-14,2e-10,-25,3.6e-07,1,1.67947e-06
1.2999999999999998,2.327272727272728e-14,2e-10,0,1.8e-07,1,1.65861e-06
1.2999999999999998,2.327272727272728e-14,2e-10,0,3.6e-07,1,1.6462e-06
1.2999999999999998,2.327272727272728e-14,2e-10,25,3.6e-07,1,1.60541e-06
1.2999999999999998,2.327272727272728e-14,2e-10,75,1.8e-07,1,1.52595e-06
1.2999999999999998,2.327272727272728e-14,2e-10,75,3.6e-07,1,1.52498e-06
1.2999999999999998,2.327272727272728e-14,2e-10,100,1.8e-07,1,1.49348e-06
1.2999999999999998,2.327272727272728e-14,2e-10,100,3.6e-07,1,1.49315e-06
1.2999999999999998,2.327272727272728e-14,2e-10,125,3.6e-07,1,1.48239e-06
1.2999999999999998,2.327272727272728e-14,4e-10,-40,1.8e-07,1,2.22084e-06
1.2999999999999998,2.327272727272728e-14,4e-10,-40,3.6e-07,1,2.33557e-06
1.2999999999999998,2.327272727272728e-14,4e-10,-25,1.8e-07,1,2.19421e-06
1.2999999999999998,2.327272727272728e-14,4e-10,-25,3.6e-07,1,2.29235e-06
1.2999999999999998,2.327272727272728e-14,4e-10,0,1.8e-07,1,2.09008e-06
1.2999999999999998,2.327272727272728e-14,4e-10,0,3.6e-07,1,2.16489e-06
1.2999999999999998,2.327272727272728e-14,4e-10,25,1.8e-07,1,2.01906e-06
1.2999999999999998,2.327272727272728e-14,4e-10,25,3.6e-07,1,2.05693e-06
1.2999999999999998,2.327272727272728e-14,4e-10,75,1.8e-07,1,1.89681e-06
1.2999999999999998,2.327272727272728e-14,4e-10,100,1.8e-07,1,1.83537e-06
1.2999999999999998,2.327272727272728e-14,4e-10,125,1.8e-07,1,1.76861e-06
1.2999999999999998,2.327272727272728e-14,4e-10,125,3.6e-07,1,1.7989e-06
1.2999999999999998,2.7727272727272724e-14,1e-11,-40,1.8e-07,1,1.26552e-06
1.2999999999999998,2.7727272727272724e-14,1e-11,-25,1.8e-07,1,1.27314e-06
1.2999999999999998,2.7727272727272724e-14,1e-11,-25,3.6e-07,1,1.30121e-06
1.2999999999999998,2.7727272727272724e-14,1e-11,0,1.8e-07,1,1.28211e-06
1.2999999999999998,2.7727272727272724e-14,1e-11,0,3.6e-07,1,1.31362e-06
1.2999999999999998,2.7727272727272724e-14,1e-11,25,3.6e-07,1,1.30719e-06
1.2999999999999998,2.7727272727272724e-14,1e-11,75,1.8e-07,1,1.29838e-06
1.2999999999999998,2.7727272727272724e-14,1e-11,75,3.6e-07,1,1.33364e-06
1.2999999999999998,2.7727272727272724e-14,1e-11,100,1.8e-07,1,1.28753e-06
1.2999999999999998,2.7727272727272724e-14,1e-11,125,1.8e-07,1,1.2811e-06
1.2999999999999998,2.7727272727272724e-14,5e-11,-40,1.8e-07,1,1.41065e-06
1.2999999999999998,2.7727272727272724e-14,5e-11,-40,3.6e-07,1,1.43739e-06
1.2999999999999998,2.7727272727272724e-14,5e-11,-25,1.8e-07,1,1.42043e-06
1.2999999999999998,2.7727272727272724e-14,5e-11,-25,3.6e-07,1,1.44049e-06
1.2999999999999998,2.7727272727272724e-14,5e-11,0,1.8e-07,1,1.41497e-06
1.2999999999999998,2.7727272727272724e-14,5e-11,0,3.6e-07,1,1.43611e-06
1.2999999999999998,2.7727272727272724e-14,5e-11,25,1.8e-07,1,1.41496e-06
1.2999999999999998,2.7727272727272724e-14,5e-11,25,3.6e-07,1,1.44334e-06
1.2999999999999998,2.7727272727272724e-14,5e-11,75,3.6e-07,1,1.42176e-06
1.2999999999999998,2.7727272727272724e-14,5e-11,100,1.8e-07,1,1.37491e-06
1.2999999999999998,2.7727272727272724e-14,5e-11,100,3.6e-07,1,1.42375e-06
1.2999999999999998,2.7727272727272724e-14,5e-11,125,3.6e-07,1,1.42117e-06
1.2999999999999998,2.7727272727272724e-14,1e-10,-40,1.8e-07,1,1.59058e-06
1.2999999999999998,2.7727272727272724e-14,1e-10,-40,3.6e-07,1,1.60625e-06
1.2999999999999998,2.7727272727272724e-14,1e-10,-25,1.8e-07,1,1.59976e-06
1.2999999999999998,2.7727272727272724e-14,1e-10,-25,3.6e-07,1,1.62426e-06
1.2999999999999998,2.7727272727272724e-14,1e-10,0,1.8e-07,1,1.58165e-06
1.2999999999999998,2.7727272727272724e-14,1e-10,25,1.8e-07,1,1.55532e-06
1.2999999999999998,2.7727272727272724e-14,1e-10,25,3.6e-07,1,1.55918e-06
1.2999999999999998,2.7727272727272724e-14,1e-10,75,1.8e-07,1,1.51016e-06
1.2999999999999998,2.7727272727272724e-14,1e-10,75,3.6e-07,1,1.52946e-06
1.2999999999999998,2.7727272727272724e-14,1e-10,100,3.6e-07,1,1.52754e-06
1.2999999999999998,2.7727272727272724e-14,1e-10,125,3.6e-07,1,1.51421e-06
1.2999999999999998,2.7727272727272724e-14,2e-10,-40,1.8e-07,1,1.94804e-06
1.2999999999999998,2.7727272727272724e-14,2e-10,-25,1.8e-07,1,1.92253e-06
1.2999999999999998,2.7727272727272724e-14,2e-10,-25,3.6e-07,1,1.88985e-06
1.2999999999999998,2.7727272727272724e-14,2e-10,0,1.8e-07,1,1.87595e-06
1.2999999999999998,2.7727272727272724e-14,2e-10,25,1.8e-07,1,1.81984e-06
1.2999999999999998,2.7727272727272724e-14,2e-10,25,3.6e-07,1,1.83455e-06
1.2999999999999998,2.7727272727272724e-14,2e-10,75,3.6e-07,1,1.71958e-06
1.2999999999999998,2.7727272727272724e-14,2e-10,100,1.8e-07,1,1.67889e-06
1.2999999999999998,2.7727272727272724e-14,2e-10,125,1.8e-07,1,1.63699e-06
1.2999999999999998,2.7727272727272724e-14,2e-10,125,3.6e-07,1,1.66385e-06
1.2999999999999998,2.7727272727272724e-14,4e-10,-40,1.8e-07,1,2.47716e-06
1.2999999999999998,2.7727272727272724e-14,4e-10,-40,3.6e-07,1,2.55179e-06
1.2999999999999998,2.7727272727272724e-14,4e-10,-25,1.8e-07,1,2.43274e-06
1.2999999999999998,2.7727272727272724e-14,4e-10,-25,3.6e-07,1,2.50418e-06
1.2999999999999998,2.7727272727272724e-14,4e-10,0,1.8e-07,1,2.34531e-06
1.2999999999999998,2.7727272727272724e-14,4e-10,0,3.6e-07,1,2.36667e-06
1.2999999999999998,2.7727272727272724e-14,4e-10,25,1.8e-07,1,2.27591e-06
1.2999999999999998,2.7727272727272724e-14,4e-10,75,1.8e-07,1,2.11349e-06
1.2999999999999998,2.7727272727272724e-14,4e-10,75,3.6e-07,1,2.09683e-06
1.2999999999999998,2.7727272727272724e-14,4e-10,100,1.8e-07,1,2.04776e-06
1.2999999999999998,2.7727272727272724e-14,4e-10,100,3.6e-07,1,2.04411e-06
1.2999999999999998,2.7727272727272724e-14,4e-10,125,1.8e-07,1,1.96694e-06
1.2999999999999998,2.7727272727272724e-14,4e-10,125,3.6e-07,1,1.98159e-06
1.2999999999999998,3.2181818181818185e-14,1e-11,-40,1.8e-07,1,1.45068e-06
1.2999999999999998,3.2181818181818185e-14,1e-11,-25,1.8e-07,1,1.46023e-06
1.2999999999999998,3.2181818181818185e-14,1e-11,-25,3.6e-07,1,1.48516e-06
1.2999999999999998,3.2181818181818185e-14,1e-11,0,1.8e-07,1,1.4691e-06
1.2999999999999998,3.2181818181818185e-14,1e-11,25,1.8e-07,1,1.47411e-06
1.2999999999999998,3.2181818181818185e-14,1e-11,25,3.6e-07,1,1.50695e-06
1.2999999999999998,3.2181818181818185e-14,1e-11,75,1.8e-07,1,1.47908e-06
1.2999999999999998,3.2181818181818185e-14,1e-11,75,3.6e-07,1,1.51434e-06
1.2999999999999998,3.2181818181818185e-14,1e-11,100,1.8e-07,1,1.46887e-06
1.2999999999999998,3.2181818181818185e-14,1e-11,125,3.6e-07,1,1.543e-06
1.2999999999999998,3.2181818181818185e-14,5e-11,-40,1.8e-07,1,1.59943e-06
1.2999999999999998,3.2181818181818185e-14,5e-11,-40,3.6e-07,1,1.64336e-06
1.2999999999999998,3.2181818181818185e-14,5e-11,-25,3.6e-07,1,1.63789e-06
1.2999999999999998,3.2181818181818185e-14,5e-11,0,1.8e-07,1,1.60841e-06
1.2999999999999998,3.2181818181818185e-14,5e-11,0,3.6e-07,1,1.62739e-06
1.2999999999999998,3.2181818181818185e-14,5e-11,25,1.8e-07,1,1.59814e-06
1.2999999999999998,3.2181818181818185e-14,5e-11,25,3.6e-07,1,1.62364e-06
1.2999999999999998,3.2181818181818185e-14,5e-11,100,1.8e-07,1,1.55749e-06
1.2999999999999998,3.2181818181818185e-14,5e-11,100,3.6e-07,1,1.61473e-06
1.2999999999999998,3.2181818181818185e-14,5e-11,125,1.8e-07,1,1.54196e-06
1.2999999999999998,3.2181818181818185e-14,5e-11,125,3.6e-07,1,1.62024e-06
1.2999999999999998,3.2181818181818185e-14,1e-10,-40,1.8e-07,1,1.79485e-06
1.2999999999999998,3.2181818181818185e-14,1e-10,-25,1.8e-07,1,1.78078e-06
1.2999999999999998,3.2181818181818185e-14,1e-10,0,1.8e-07,1,1.76396e-06
1.2999999999999998,3.2181818181818185e-14,1e-10,0,3.6e-07,1,1.77632e-06
1.2999999999999998,3.2181818181818185e-14,1e-10,25,3.6e-07,1,1.7693e-06
1.2999999999999998,3.2181818181818185e-14,1e-10,75,1.8e-07,1,1.69431e-06
1.2999999999999998,3.2181818181818185e-14,1e-10,75,3.6e-07,1,1.74284e-06
1.2999999999999998,3.2181818181818185e-14,1e-10,100,1.8e-07,1,1.6576e-06
1.2999999999999998,3.2181818181818185e-14,1e-10,125,1.8e-07,1,1.63597e-06
1.2999999999999998,3.2181818181818185e-14,1e-10,125,3.6e-07,1,1.70813e-06
1.2999999999999998,3.2181818181818185e-14,2e-10,-40,1.8e-07,1,2.15924e-06
1.2999999999999998,3.2181818181818185e-14,2e-10,-40,3.6e-07,1,2.10972e-06
1.2999999999999998,3.2181818181818185e-14,2e-10,-25,3.6e-07,1,2.09001e-06
1.2999999999999998,3.2181818181818185e-14,2e-10,0,1.8e-07,1,2.06585e-06
1.2999999999999998,3.2181818181818185e-14,2e-10,25,1.8e-07,1,2.02663e-06
1.2999999999999998,3.2181818181818185e-14,2e-10,25,3.6e-07,1,2.01793e-06
1.2999999999999998,3.2181818181818185e-14,2e-10,75,1.8e-07,1,1.91323e-06
1.2999999999999998,3.2181818181818185e-14,2e-10,75,3.6e-07,1,1.94573e-06
1.2999999999999998,3.2181818181818185e-14,2e-10,100,1.8e-07,1,1.85979e-06
1.2999999999999998,3.2181818181818185e-14,2e-10,100,3.6e-07,1,1.8917e-06
1.2999999999999998,3.2181818181818185e-14,2e-10,125,1.8e-07,1,1.81425e-06
1.2999999999999998,3.2181818181818185e-14,2e-10,125,3.6e-07,1,1.86915e-06
1.2999999999999998,3.2181818181818185e-14,4e-10,-40,3.6e-07,1,2.74887e-06
1.2999999999999998,3.2181818181818185e-14,4e-10,-25,1.8e-07,1,2.7045e-06
1.2999999999999998,3.2181818181818185e-14,4e-10,-25,3.6e-07,1,2.65057e-06
1.2999999999999998,3.2181818181818185e-14,4e-10,25,1.8e-07,1,2.5055e-06
1.2999999999999998,3.2181818181818185e-14,4e-10,25,3.6e-07,1,2.49454e-06
1.2999999999999998,3.2181818181818185e-14,4e-10,75,1.8e-07,1,2.33714e-06
1.2999999999999998,3.2181818181818185e-14,4e-10,75,3.6e-07,1,2.30149e-06
1.2999999999999998,3.2181818181818185e-14,4e-10,100,1.8e-07,1,2.24829e-06
1.2999999999999998,3.2181818181818185e-14,4e-10,100,3.6e-07,1,2.24875e-06
1.2999999999999998,3.2181818181818185e-14,4e-10,125,1.8e-07,1,2.16464e-06
1.2999999999999998,3.2181818181818185e-14,4e-10,125,3.6e-07,1,2.19025e-06
1.2999999999999998,3.663636363636364e-14,1e-11,-40,1.8e-07,1,1.63952e-06
1.2999999999999998,3.663636363636364e-14,1e-11,-40,3.6e-07,1,1.68752e-06
1.2999999999999998,3.663636363636364e-14,1e-11,-25,1.8e-07,1,1.64745e-06
1.2999999999999998,3.663636363636364e-14,1e-11,0,1.8e-07,1,1.65818e-06
1.2999999999999998,3.663636363636364e-14,1e-11,0,3.6e-07,1,1.68483e-06
1.2999999999999998,3.663636363636364e-14,1e-11,25,1.8e-07,1,1.66872e-06
1.2999999999999998,3.663636363636364e-14,1e-11,25,3.6e-07,1,1.69388e-06
1.2999999999999998,3.663636363636364e-14,1e-11,75,3.6e-07,1,1.70838e-06
1.2999999999999998,3.663636363636364e-14,1e-11,100,1.8e-07,1,1.6516e-06
1.2999999999999998,3.663636363636364e-14,1e-11,100,3.6e-07,1,1.72549e-06
1.2999999999999998,3.663636363636364e-14,1e-11,125,1.8e-07,1,1.64791e-06
1.2999999999999998,3.663636363636364e-14,1e-11,125,3.6e-07,1,1.75871e-06
1.2999999999999998,3.663636363636364e-14,5e-11,-40,1.8e-07,1,1.80368e-06
1.2999999999999998,3.663636363636364e-14,5e-11,-40,3.6e-07,1,1.82209e-06
1.2999999999999998,3.663636363636364e-14,5e-11,-25,1.8e-07,1,1.79933e-06
1.2999999999999998,3.663636363636364e-14,5e-11,-25,3.6e-07,1,1.81581e-06
1.2999999999999998,3.663636363636364e-14,5e-11,0,1.8e-07,1,1.79684e-06
1.2999999999999998,3.663636363636364e-14,5e-11,0,3.6e-07,1,1.8146e-06
1.2999999999999998,3.663636363636364e-14,5e-11,75,1.8e-07,1,1.75886e-06
1.2999999999999998,3.663636363636364e-14,5e-11,75,3.6e-07,1,1.80923e-06
1.2999999999999998,3.663636363636364e-14,5e-11,100,1.8e-07,1,1.7388e-06
1.2999999999999998,3.663636363636364e-14,5e-11,100,3.6e-07,1,1.81333e-06
1.2999999999999998,3.663636363636364e-14,5e-11,125,1.8e-07,1,1.72554e-06
1.2999999999999998,3.663636363636364e-14,5e-11,125,3.6e-07,1,1.82577e-06
1.2999999999999998,3.663636363636364e-14,1e-10,-40,3.6e-07,1,1.96827e-06
1.2999999999999998,3.663636363636364e-14,1e-10,-25,1.8e-07,1,1.97818e-06
1.2999999999999998,3.663636363636364e-14,1e-10,-25,3.6e-07,1,2.01811e-06
1.2999999999999998,3.663636363636364e-14,1e-10,0,1.8e-07,1,1.95507e-06
1.2999999999999998,3.663636363636364e-14,1e-10,0,3.6e-07,1,1.97686e-06
1.2999999999999998,3.663636363636364e-14,1e-10,25,3.6e-07,1,1.95791e-06
1.2999999999999998,3.663636363636364e-14,1e-10,75,1.8e-07,1,1.87451e-06
1.2999999999999998,3.663636363636364e-14,1e-10,75,3.6e-07,1,1.92953e-06
1.2999999999999998,3.663636363636364e-14,1e-10,100,1.8e-07,1,1.84218e-06
1.2999999999999998,3.663636363636364e-14,1e-10,100,3.6e-07,1,1.91438e-06
1.2999999999999998,3.663636363636364e-14,1e-10,125,1.8e-07,1,1.82077e-06
1.2999999999999998,3.663636363636364e-14,1e-10,125,3.6e-07,1,1.9086e-06
1.2999999999999998,3.663636363636364e-14,2e-10,-40,1.8e-07,1,2.34451e-06
1.2999999999999998,3.663636363636364e-14,2e-10,-25,1.8e-07,1,2.30388e-06
1.2999999999999998,3.663636363636364e-14,2e-10,-25,3.6e-07,1,2.30566e-06
1.2999999999999998,3.663636363636364e-14,2e-10,0,1.8e-07,1,2.27361e-06
1.2999999999999998,3.663636363636364e-14,2e-10,0,3.6e-07,1,2.24285e-06
1.2999999999999998,3.663636363636364e-14,2e-10,25,1.8e-07,1,2.23652e-06
1.2999999999999998,3.663636363636364e-14,2e-10,75,1.8e-07,1,2.0971e-06
1.2999999999999998,3.663636363636364e-14,2e-10,100,1.8e-07,1,2.04565e-06
1.2999999999999998,3.663636363636364e-14,2e-10,100,3.6e-07,1,2.10045e-06
1.2999999999999998,3.663636363636364e-14,2e-10,125,1.8e-07,1,1.99826e-06
1.2999999999999998,3.663636363636364e-14,4e-10,-40,1.8e-07,1,2.94446e-06
1.2999999999999998,3.663636363636364e-14,4e-10,-40,3.6e-07,1,2.92685e-06
1.2999999999999998,3.663636363636364e-14,4e-10,-25,3.6e-07,1,2.89914e-06
1.2999999999999998,3.663636363636364e-14,4e-10,0,1.8e-07,1,2.828e-06
1.2999999999999998,3.663636363636364e-14,4e-10,0,3.6e-07,1,2.75727e-06
1.2999999999999998,3.663636363636364e-14,4e-10,25,3.6e-07,1,2.70694e-06
1.2999999999999998,3.663636363636364e-14,4e-10,75,3.6e-07,1,2.50075e-06
1.2999999999999998,3.663636363636364e-14,4e-10,100,3.6e-07,1,2.45584e-06
1.2999999999999998,3.663636363636364e-14,4e-10,125,1.8e-07,1,2.33533e-06
1.2999999999999998,4.109090909090909e-14,1e-11,-40,1.8e-07,1,1.84219e-06
1.2999999999999998,4.109090909090909e-14,1e-11,-40,3.6e-07,1,1.87085e-06
1.2999999999999998,4.109090909090909e-14,1e-11,-25,1.8e-07,1,1.85495e-06
1.2999999999999998,4.109090909090909e-14,1e-11,-25,3.6e-07,1,1.86582e-06
1.2999999999999998,4.109090909090909e-14,1e-11,0,1.8e-07,1,1.8539e-06
1.2999999999999998,4.109090909090909e-14,1e-11,0,3.6e-07,1,1.8889e-06
1.2999999999999998,4.109090909090909e-14,1e-11,25,1.8e-07,1,1.86846e-06
1.2999999999999998,4.109090909090909e-14,1e-11,25,3.6e-07,1,1.88529e-06
1.2999999999999998,4.109090909090909e-14,1e-11,75,1.8e-07,1,1.84239e-06
1.2999999999999998,4.109090909090909e-14,1e-11,75,3.6e-07,1,1.90785e-06
1.2999999999999998,4.109090909090909e-14,1e-11,100,1.8e-07,1,1.83547e-06
1.2999999999999998,4.109090909090909e-14,1e-11,125,1.8e-07,1,1.83288e-06
1.2999999999999998,4.109090909090909e-14,1e-11,125,3.6e-07,1,1.94047e-06
1.2999999999999998,4.109090909090909e-14,5e-11,-40,1.8e-07,1,2.00055e-06
1.2999999999999998,4.109090909090909e-14,5e-11,-40,3.6e-07,1,2.01379e-06
1.2999999999999998,4.109090909090909e-14,5e-11,-25,1.8e-07,1,2.00302e-06
1.2999999999999998,4.109090909090909e-14,5e-11,0,1.8e-07,1,1.99774e-06
1.2999999999999998,4.109090909090909e-14,5e-11,0,3.6e-07,1,2.02524e-06
1.2999999999999998,4.109090909090909e-14,5e-11,25,3.6e-07,1,2.01284e-06
1.2999999999999998,4.109090909090909e-14,5e-11,75,1.8e-07,1,1.944e-06
1.2999999999999998,4.109090909090909e-14,5e-11,75,3.6e-07,1,2.02627e-06
1.2999999999999998,4.109090909090909e-14,5e-11,100,1.8e-07,1,1.92164e-06
1.2999999999999998,4.109090909090909e-14,5e-11,125,1.8e-07,1,1.91014e-06
1.2999999999999998,4.109090909090909e-14,5e-11,125,3.6e-07,1,2.01667e-06
1.2999999999999998,4.109090909090909e-14,1e-10,-40,1.8e-07,1,2.17809e-06
1.2999999999999998,4.109090909090909e-14,1e-10,-40,3.6e-07,1,2.20635e-06
1.2999999999999998,4.109090909090909e-14,1e-10,-25,1.8e-07,1,2.17839e-06
1.2999999999999998,4.109090909090909e-14,1e-10,-25,3.6e-07,1,2.182e-06
1.2999999999999998,4.109090909090909e-14,1e-10,0,1.8e-07,1,2.15584e-06
1.2999999999999998,4.109090909090909e-14,1e-10,0,3.6e-07,1,2.17081e-06
1.2999999999999998,4.109090909090909e-14,1e-10,25,1.8e-07,1,2.1391e-06
1.2999999999999998,4.109090909090909e-14,1e-10,25,3.6e-07,1,2.1679e-06
1.2999999999999998,4.109090909090909e-14,1e-10,75,1.8e-07,1,2.05844e-06
1.2999999999999998,4.109090909090909e-14,1e-10,75,3.6e-07,1,2.12825e-06
1.2999999999999998,4.109090909090909e-14,1e-10,100,1.8e-07,1,2.02403e-06
1.2999999999999998,4.109090909090909e-14,1e-10,125,1.8e-07,1,2.00268e-06
1.2999999999999998,4.109090909090909e-14,2e-10,-40,1.8e-07,1,2.53363e-06
1.2999999999999998,4.109090909090909e-14,2e-10,-40,3.6e-07,1,2.49939e-06
1.2999999999999998,4.109090909090909e-14,2e-10,-25,3.6e-07,1,2.4813e-06
1.2999999999999998,4.109090909090909e-14,2e-10,0,1.8e-07,1,2.48881e-06
1.2999999999999998,4.109090909090909e-14,2e-10,0,3.6e-07,1,2.4733e-06
1.2999999999999998,4.109090909090909e-14,2e-10,25,1.8e-07,1,2.41683e-06
1.2999999999999998,4.109090909090909e-14,2e-10,25,3.6e-07,1,2.41183e-06
1.2999999999999998,4.109090909090909e-14,2e-10,75,3.6e-07,1,2.31842e-06
1.2999999999999998,4.109090909090909e-14,2e-10,100,1.8e-07,1,2.2324e-06
1.2999999999999998,4.109090909090909e-14,2e-10,125,1.8e-07,1,2.18256e-06
1.2999999999999998,4.109090909090909e-14,2e-10,125,3.6e-07,1,2.27991e-06
1.2999999999999998,4.109090909090909e-14,4e-10,-40,1.8e-07,1,3.19001e-06
1.2999999999999998,4.109090909090909e-14,4e-10,-40,3.6e-07,1,3.04081e-06
1.2999999999999998,4.109090909090909e-14,4e-10,-25,1.8e-07,1,3.14018e-06
1.2999999999999998,4.109090909090909e-14,4e-10,-25,3.6e-07,1,3.02886e-06
1.2999999999999998,4.109090909090909e-14,4e-10,0,1.8e-07,1,3.02614e-06
1.2999999999999998,4.109090909090909e-14,4e-10,25,3.6e-07,1,2.92781e-06
1.2999999999999998,4.109090909090909e-14,4e-10,75,3.6e-07,1,2.7413e-06
1.2999999999999998,4.109090909090909e-14,4e-10,100,3.6e-07,1,2.68169e-06
1.2999999999999998,4.109090909090909e-14,4e-10,125,1.8e-07,1,2.52552e-06
1.2999999999999998,4.109090909090909e-14,4e-10,125,3.6e-07,1,2.60842e-06
1.2999999999999998,4.5545454545454544e-14,1e-11,-40,1.8e-07,1,2.03629e-06
1.2999999999999998,4.5545454545454544e-14,1e-11,-40,3.6e-07,1,2.06582e-06
1.2999999999999998,4.5545454545454544e-14,1e-11,-25,1.8e-07,1,2.05889e-06
1.2999999999999998,4.5545454545454544e-14,1e-11,-25,3.6e-07,1,2.08104e-06
1.2999999999999998,4.5545454545454544e-14,1e-11,0,1.8e-07,1,2.06731e-06
1.2999999999999998,4.5545454545454544e-14,1e-11,0,3.6e-07,1,2.0923e-06
1.2999999999999998,4.5545454545454544e-14,1e-11,25,1.8e-07,1,2.05195e-06
1.2999999999999998,4.5545454545454544e-14,1e-11,25,3.6e-07,1,2.09032e-06
1.2999999999999998,4.5545454545454544e-14,1e-11,75,1.8e-07,1,2.0259e-06
1.2999999999999998,4.5545454545454544e-14,1e-11,75,3.6e-07,1,2.1132e-06
1.2999999999999998,4.5545454545454544e-14,1e-11,100,1.8e-07,1,2.02029e-06
1.2999999999999998,4.5545454545454544e-14,1e-11,100,3.6e-07,1,2.13148e-06
1.2999999999999998,4.5545454545454544e-14,1e-11,125,1.8e-07,1,2.01819e-06
1.2999999999999998,4.5545454545454544e-14,1e-11,125,3.6e-07,1,2.12096e-06
1.2999999999999998,4.5545454545454544e-14,5e-11,-40,3.6e-07,1,2.23241e-06
1.2999999999999998,4.5545454545454544e-14,5e-11,-25,1.8e-07,1,2.18289e-06
1.2999999999999998,4.5545454545454544e-14,5e-11,-25,3.6e-07,1,2.2326e-06
1.2999999999999998,4.5545454545454544e-14,5e-11,0,1.8e-07,1,2.20753e-06
1.2999999999999998,4.5545454545454544e-14,5e-11,25,3.6e-07,1,2.22992e-06
1.2999999999999998,4.5545454545454544e-14,5e-11,75,1.8e-07,1,2.12584e-06
1.2999999999999998,4.5545454545454544e-14,5e-11,100,3.6e-07,1,2.21603e-06
1.2999999999999998,4.5545454545454544e-14,5e-11,125,1.8e-07,1,2.09506e-06
1.2999999999999998,4.5545454545454544e-14,1e-10,-40,3.6e-07,1,2.37916e-06
1.2999999999999998,4.5545454545454544e-14,1e-10,-25,1.8e-07,1,2.3845e-06
1.2999999999999998,4.5545454545454544e-14,1e-10,-25,3.6e-07,1,2.38153e-06
1.2999999999999998,4.5545454545454544e-14,1e-10,0,1.8e-07,1,2.35537e-06
1.2999999999999998,4.5545454545454544e-14,1e-10,0,3.6e-07,1,2.38827e-06
1.2999999999999998,4.5545454545454544e-14,1e-10,25,1.8e-07,1,2.32523e-06
1.2999999999999998,4.5545454545454544e-14,1e-10,75,1.8e-07,1,2.24008e-06
1.2999999999999998,4.5545454545454544e-14,1e-10,100,1.8e-07,1,2.20754e-06
1.2999999999999998,4.5545454545454544e-14,1e-10,100,3.6e-07,1,2.32242e-06
1.2999999999999998,4.5545454545454544e-14,1e-10,125,3.6e-07,1,2.29389e-06
1.2999999999999998,4.5545454545454544e-14,2e-10,-40,1.8e-07,1,2.73519e-06
1.2999999999999998,4.5545454545454544e-14,2e-10,-40,3.6e-07,1,2.69023e-06
1.2999999999999998,4.5545454545454544e-14,2e-10,-25,1.8e-07,1,2.71428e-06
1.2999999999999998,4.5545454545454544e-14,2e-10,-25,3.6e-07,1,2.69352e-06
1.2999999999999998,4.5545454545454544e-14,2e-10,0,1.8e-07,1,2.66767e-06
1.2999999999999998,4.5545454545454544e-14,2e-10,0,3.6e-07,1,2.64961e-06
1.2999999999999998,4.5545454545454544e-14,2e-10,25,1.8e-07,1,2.6011e-06
1.2999999999999998,4.5545454545454544e-14,2e-10,25,3.6e-07,1,2.61675e-06
1.2999999999999998,4.5545454545454544e-14,2e-10,75,1.8e-07,1,2.46483e-06
1.2999999999999998,4.5545454545454544e-14,2e-10,75,3.6e-07,1,2.53303e-06
1.2999999999999998,4.5545454545454544e-14,2e-10,100,3.6e-07,1,2.50877e-06
1.2999999999999998,4.5545454545454544e-14,2e-10,125,1.8e-07,1,2.36671e-06
1.2999999999999998,4.5545454545454544e-14,2e-10,125,3.6e-07,1,2.46424e-06
1.2999999999999998,4.5545454545454544e-14,4e-10,-40,1.8e-07,1,3.41467e-06
1.2999999999999998,4.5545454545454544e-14,4e-10,-40,3.6e-07,1,3.261e-06
1.2999999999999998,4.5545454545454544e-14,4e-10,-25,3.6e-07,1,3.19037e-06
1.2999999999999998,4.5545454545454544e-14,4e-10,0,1.8e-07,1,3.23393e-06
1.2999999999999998,4.5545454545454544e-14,4e-10,25,1.8e-07,1,3.14694e-06
1.2999999999999998,4.5545454545454544e-14,4e-10,25,3.6e-07,1,3.10026e-06
1.2999999999999998,4.5545454545454544e-14,4e-10,75,1.8e-07,1,2.89373e-06
1.2999999999999998,4.5545454545454544e-14,4e-10,75,3.6e-07,1,2.95155e-06
1.2999999999999998,4.5545454545454544e-14,4e-10,100,1.8e-07,1,2.79885e-06
1.2999999999999998,4.5545454545454544e-14,4e-10,100,3.6e-07,1,2.88516e-06
1.2999999999999998,4.5545454545454544e-14,4e-10,125,1.8e-07,1,2.71544e-06
1.2999999999999998,4.5545454545454544e-14,4e-10,125,3.6e-07,1,2.80163e-06
1.2999999999999998,5e-14,1e-11,-40,3.6e-07,1,2.2471e-06
1.2999999999999998,5e-14,1e-11,-25,1.8e-07,1,2.23882e-06
1.2999999999999998,5e-14,1e-11,-25,3.6e-07,1,2.27114e-06
1.2999999999999998,5e-14,1e-11,0,1.8e-07,1,2.25402e-06
1.2999999999999998,5e-14,1e-11,0,3.6e-07,1,2.27936e-06
1.2999999999999998,5e-14,1e-11,25,1.8e-07,1,2.23326e-06
1.2999999999999998,5e-14,1e-11,25,3.6e-07,1,2.26967e-06
1.2999999999999998,5e-14,1e-11,75,3.6e-07,1,2.32734e-06
1.2999999999999998,5e-14,1e-11,100,1.8e-07,1,2.20577e-06
1.2999999999999998,5e-14,1e-11,125,1.8e-07,1,2.20442e-06
1.2999999999999998,5e-14,1e-11,125,3.6e-07,1,2.30072e-06
1.2999999999999998,5e-14,5e-11,-40,3.6e-07,1,2.4076e-06
1.2999999999999998,5e-14,5e-11,-25,1.8e-07,1,2.38949e-06
1.2999999999999998,5e-14,5e-11,0,1.8e-07,1,2.38815e-06
1.2999999999999998,5e-14,5e-11,25,1.8e-07,1,2.35857e-06
1.2999999999999998,5e-14,5e-11,25,3.6e-07,1,2.40952e-06
1.2999999999999998,5e-14,5e-11,75,3.6e-07,1,2.41145e-06
1.2999999999999998,5e-14,5e-11,100,1.8e-07,1,2.29096e-06
1.2999999999999998,5e-14,5e-11,125,1.8e-07,1,2.28095e-06
1.2999999999999998,5e-14,1e-10,-40,3.6e-07,1,2.57709e-06
1.2999999999999998,5e-14,1e-10,-25,1.8e-07,1,2.56961e-06
1.2999999999999998,5e-14,1e-10,-25,3.6e-07,1,2.59529e-06
1.2999999999999998,5e-14,1e-10,0,1.8e-07,1,2.5454e-06
1.2999999999999998,5e-14,1e-10,0,3.6e-07,1,2.57574e-06
1.2999999999999998,5e-14,1e-10,25,3.6e-07,1,2.54904e-06
1.2999999999999998,5e-14,1e-10,75,1.8e-07,1,2.42511e-06
1.2999999999999998,5e-14,1e-10,75,3.6e-07,1,2.54131e-06
1.2999999999999998,5e-14,1e-10,100,1.8e-07,1,2.39425e-06
1.2999999999999998,5e-14,1e-10,100,3.6e-07,1,2.51263e-06
1.2999999999999998,5e-14,1e-10,125,3.6e-07,1,2.47534e-06
1.2999999999999998,5e-14,2e-10,-40,1.8e-07,1,2.92264e-06
1.2999999999999998,5e-14,2e-10,-40,3.6e-07,1,2.90918e-06
1.2999999999999998,5e-14,2e-10,-25,1.8e-07,1,2.9064e-06
1.2999999999999998,5e-14,2e-10,-25,3.6e-07,1,2.90011e-06
1.2999999999999998,5e-14,2e-10,0,1.8e-07,1,2.85213e-06
1.2999999999999998,5e-14,2e-10,0,3.6e-07,1,2.86833e-06
1.2999999999999998,5e-14,2e-10,25,1.8e-07,1,2.78372e-06
1.2999999999999998,5e-14,2e-10,25,3.6e-07,1,2.79299e-06
1.2999999999999998,5e-14,2e-10,75,1.8e-07,1,2.64987e-06
1.2999999999999998,5e-14,2e-10,75,3.6e-07,1,2.72923e-06
1.2999999999999998,5e-14,2e-10,100,3.6e-07,1,2.70538e-06
1.2999999999999998,5e-14,2e-10,125,1.8e-07,1,2.55331e-06
1.2999999999999998,5e-14,4e-10,-40,1.8e-07,1,3.61015e-06
1.2999999999999998,5e-14,4e-10,-40,3.6e-07,1,3.4394e-06
1.2999999999999998,5e-14,4e-10,-25,1.8e-07,1,3.55617e-06
1.2999999999999998,5e-14,4e-10,-25,3.6e-07,1,3.41816e-06
1.2999999999999998,5e-14,4e-10,0,1.8e-07,1,3.46519e-06
1.2999999999999998,5e-14,4e-10,0,3.6e-07,1,3.34127e-06
1.2999999999999998,5e-14,4e-10,25,1.8e-07,1,3.33966e-06
1.2999999999999998,5e-14,4e-10,25,3.6e-07,1,3.31178e-06
1.2999999999999998,5e-14,4e-10,75,3.6e-07,1,3.17056e-06
1.2999999999999998,5e-14,4e-10,100,3.6e-07,1,3.03945e-06
1.2999999999999998,5e-14,4e-10,125,1.8e-07,1,2.90665e-06
1.2999999999999998,5e-14,4e-10,125,3.6e-07,1,2.97441e-06
