Title: * D:\fyp\inverter_ml.log.raw
Date: N/A
Plotname: unknown
Flags: real forward
No. Variables: 2
No. Points: 5000
Offset:   0.0000000000000000e+000
Command: Analog Devices Inc. LTspice
Variables:
	0	run	step
	1	p_avg	unknown
Values:
0		0.000000000000000e+00
	3.075999074960383e-05
1		1.000000000000000e+00
	5.231393088217781e-06
2		2.000000000000000e+00
	1.812589995477809e-05
3		3.000000000000000e+00
	2.456545033061197e-05
4		4.000000000000000e+00
	4.156299726596467e-05
5		5.000000000000000e+00
	2.653295132260356e-05
6		6.000000000000000e+00
	2.729870863436819e-05
7		7.000000000000000e+00
	4.018657611019750e-05
8		8.000000000000000e+00
	2.766789590601180e-06
9		9.000000000000000e+00
	5.378436070201285e-06
10		1.000000000000000e+01
	1.661183449571692e-05
11		1.100000000000000e+01
	6.231747084492486e-05
12		1.200000000000000e+01
	6.212711687548146e-05
13		1.300000000000000e+01
	4.900776856788361e-06
14		1.400000000000000e+01
	3.915886783149543e-05
15		1.500000000000000e+01
	2.346076875108134e-05
16		1.600000000000000e+01
	6.191550304823144e-06
17		1.700000000000000e+01
	6.270776107654846e-05
18		1.800000000000000e+01
	3.276983675470625e-05
19		1.900000000000000e+01
	4.463948969173560e-05
20		2.000000000000000e+01
	3.152604439256925e-05
21		2.100000000000000e+01
	5.973475228280525e-06
22		2.200000000000000e+01
	1.277079991346508e-04
23		2.300000000000000e+01
	4.610005487859219e-05
24		2.400000000000000e+01
	2.169730800527621e-05
25		2.500000000000000e+01
	1.118814974678859e-05
26		2.600000000000000e+01
	9.950275441098996e-06
27		2.700000000000000e+01
	8.067019910499948e-05
28		2.800000000000000e+01
	7.285697275428601e-06
29		2.900000000000000e+01
	3.108121352199738e-05
30		3.000000000000000e+01
	3.249957899848683e-05
31		3.100000000000000e+01
	7.715259293637305e-06
32		3.200000000000000e+01
	5.741085955011898e-06
33		3.300000000000000e+01
	1.878988898648853e-05
34		3.400000000000000e+01
	4.326329803433263e-05
35		3.500000000000000e+01
	4.188753996454170e-05
36		3.600000000000000e+01
	2.016004875033407e-05
37		3.700000000000000e+01
	5.048935876382562e-05
38		3.800000000000000e+01
	4.683488470824108e-05
39		3.900000000000000e+01
	2.685310553007561e-05
40		4.000000000000000e+01
	2.095770971691786e-05
41		4.100000000000000e+01
	8.972710929340856e-05
42		4.200000000000000e+01
	4.184915168661698e-05
43		4.300000000000000e+01
	1.234316287596162e-05
44		4.400000000000000e+01
	1.814064306424756e-05
45		4.500000000000000e+01
	1.767886557480364e-05
46		4.600000000000000e+01
	3.467500293989791e-06
47		4.700000000000000e+01
	4.815627026973535e-06
48		4.800000000000000e+01
	9.386821988974267e-06
49		4.900000000000000e+01
	2.931362324355200e-05
50		5.000000000000000e+01
	4.116060097911035e-06
51		5.100000000000000e+01
	8.864053972097557e-06
52		5.200000000000000e+01
	7.728869876341116e-06
53		5.300000000000000e+01
	5.477503256211411e-05
54		5.400000000000000e+01
	1.329807018013766e-05
55		5.500000000000000e+01
	5.605567381100799e-05
56		5.600000000000000e+01
	3.644182345331665e-05
57		5.700000000000000e+01
	1.615529304402928e-05
58		5.800000000000000e+01
	6.636464000589544e-05
59		5.900000000000000e+01
	4.535493316822314e-05
60		6.000000000000000e+01
	1.671337803818074e-05
61		6.100000000000000e+01
	7.451655378277909e-05
62		6.200000000000000e+01
	6.006297542148889e-05
63		6.300000000000000e+01
	8.705606012815671e-05
64		6.400000000000000e+01
	3.443101488116926e-05
65		6.500000000000000e+01
	9.721347622221443e-05
66		6.600000000000000e+01
	8.469502217218366e-05
67		6.700000000000000e+01
	6.002396670581083e-05
68		6.800000000000000e+01
	5.104557221397417e-05
69		6.900000000000000e+01
	4.995032759594205e-05
70		7.000000000000000e+01
	9.741232986318543e-05
71		7.100000000000000e+01
	1.303653672389554e-05
72		7.200000000000000e+01
	8.838219260901585e-05
73		7.300000000000000e+01
	1.173005166731157e-04
74		7.400000000000000e+01
	8.768844786332893e-05
75		7.500000000000000e+01
	1.351759745190514e-05
76		7.600000000000000e+01
	9.484733813443180e-05
77		7.700000000000000e+01
	1.227441728282541e-05
78		7.800000000000000e+01
	2.027036888613471e-05
79		7.900000000000000e+01
	3.535410101707932e-05
80		8.000000000000000e+01
	7.449696119811412e-05
81		8.100000000000000e+01
	1.765576902778219e-05
82		8.200000000000000e+01
	4.284908675716033e-05
83		8.300000000000000e+01
	1.272819575626144e-04
84		8.400000000000000e+01
	1.711978256112626e-05
85		8.500000000000000e+01
	6.400598772998661e-05
86		8.600000000000000e+01
	1.705525490980882e-05
87		8.700000000000000e+01
	2.780918774533538e-05
88		8.800000000000000e+01
	2.310390248712246e-05
89		8.900000000000000e+01
	6.250759596697345e-06
90		9.000000000000000e+01
	6.063308449789790e-05
91		9.100000000000000e+01
	1.418408382448376e-05
92		9.200000000000000e+01
	1.376232367713611e-05
93		9.300000000000000e+01
	2.062889153876712e-05
94		9.400000000000000e+01
	1.086142375695268e-04
95		9.500000000000000e+01
	6.033835314789853e-06
96		9.600000000000000e+01
	1.989117344307551e-05
97		9.700000000000000e+01
	1.414791349986341e-05
98		9.800000000000000e+01
	8.023656899094340e-05
99		9.900000000000000e+01
	7.507677376401152e-06
100		1.000000000000000e+02
	1.344978808664810e-05
101		1.010000000000000e+02
	1.626937177693674e-05
102		1.020000000000000e+02
	5.877408210120198e-06
103		1.030000000000000e+02
	6.965580580704770e-05
104		1.040000000000000e+02
	1.177000218404782e-05
105		1.050000000000000e+02
	6.072647943498212e-05
106		1.060000000000000e+02
	8.588462141479330e-05
107		1.070000000000000e+02
	3.275944966252831e-05
108		1.080000000000000e+02
	1.964970586801342e-05
109		1.090000000000000e+02
	5.640102469669688e-05
110		1.100000000000000e+02
	2.466590799532452e-05
111		1.110000000000000e+02
	2.014311038889840e-05
112		1.120000000000000e+02
	1.836784852422715e-05
113		1.130000000000000e+02
	1.589381569545453e-05
114		1.140000000000000e+02
	3.882076339344957e-05
115		1.150000000000000e+02
	7.015086955737143e-05
116		1.160000000000000e+02
	1.087626186556902e-05
117		1.170000000000000e+02
	4.317122043649778e-05
118		1.180000000000000e+02
	3.512564140927574e-05
119		1.190000000000000e+02
	1.635281044268385e-05
120		1.200000000000000e+02
	2.196661707026070e-06
121		1.210000000000000e+02
	5.981073389501477e-05
122		1.220000000000000e+02
	1.661572000935980e-05
123		1.230000000000000e+02
	5.502628125540681e-06
124		1.240000000000000e+02
	1.978470393829156e-05
125		1.250000000000000e+02
	5.211195235713718e-05
126		1.260000000000000e+02
	7.552460857340272e-06
127		1.270000000000000e+02
	1.641217986817317e-05
128		1.280000000000000e+02
	9.866895292718393e-06
129		1.290000000000000e+02
	1.276577708600486e-05
130		1.300000000000000e+02
	1.922835403820965e-05
131		1.310000000000000e+02
	7.759990598154138e-06
132		1.320000000000000e+02
	5.863349918307326e-06
133		1.330000000000000e+02
	3.589957517988237e-06
134		1.340000000000000e+02
	9.371908512247392e-06
135		1.350000000000000e+02
	2.325460004499983e-06
136		1.360000000000000e+02
	7.849161860535468e-06
137		1.370000000000000e+02
	2.753614145125792e-05
138		1.380000000000000e+02
	6.850896575413073e-05
139		1.390000000000000e+02
	1.832564343632310e-05
140		1.400000000000000e+02
	1.315572129942580e-06
141		1.410000000000000e+02
	1.350561716708853e-05
142		1.420000000000000e+02
	9.365485603202192e-06
143		1.430000000000000e+02
	1.652422531332824e-05
144		1.440000000000000e+02
	7.703464824002833e-05
145		1.450000000000000e+02
	7.707665742192503e-06
146		1.460000000000000e+02
	7.806694695665249e-05
147		1.470000000000000e+02
	8.474849263757881e-05
148		1.480000000000000e+02
	1.582026843317400e-05
149		1.490000000000000e+02
	9.215563433605283e-05
150		1.500000000000000e+02
	1.037180406067827e-06
151		1.510000000000000e+02
	9.551288340436811e-05
152		1.520000000000000e+02
	1.641763640430141e-05
153		1.530000000000000e+02
	1.132473210482594e-05
154		1.540000000000000e+02
	1.438340500871422e-05
155		1.550000000000000e+02
	3.458276799678084e-05
156		1.560000000000000e+02
	8.284903152073033e-05
157		1.570000000000000e+02
	3.685605810623560e-05
158		1.580000000000000e+02
	6.562342808365018e-05
159		1.590000000000000e+02
	3.531153012344383e-05
160		1.600000000000000e+02
	1.604323103546496e-05
161		1.610000000000000e+02
	2.171940815881111e-05
162		1.620000000000000e+02
	7.534268237548972e-05
163		1.630000000000000e+02
	6.353728325864272e-05
164		1.640000000000000e+02
	8.663721212606449e-06
165		1.650000000000000e+02
	2.171827722911401e-06
166		1.660000000000000e+02
	6.827652175467237e-06
167		1.670000000000000e+02
	3.495783569491532e-05
168		1.680000000000000e+02
	1.003107164596711e-04
169		1.690000000000000e+02
	2.256478523237344e-05
170		1.700000000000000e+02
	1.568278152874000e-05
171		1.710000000000000e+02
	2.678623040188710e-05
172		1.720000000000000e+02
	2.509383947451884e-05
173		1.730000000000000e+02
	2.978322848857414e-05
174		1.740000000000000e+02
	6.680844876365597e-05
175		1.750000000000000e+02
	2.023791305715429e-05
176		1.760000000000000e+02
	6.038210387610687e-05
177		1.770000000000000e+02
	7.120354304455383e-06
178		1.780000000000000e+02
	3.142924656932703e-06
179		1.790000000000000e+02
	4.434316003897435e-05
180		1.800000000000000e+02
	1.916017510689478e-05
181		1.810000000000000e+02
	4.947773936060071e-05
182		1.820000000000000e+02
	3.372886164181998e-05
183		1.830000000000000e+02
	1.565287187920118e-05
184		1.840000000000000e+02
	9.574730020040420e-05
185		1.850000000000000e+02
	5.407844084578930e-05
186		1.860000000000000e+02
	8.600783152338309e-06
187		1.870000000000000e+02
	2.926312601756232e-05
188		1.880000000000000e+02
	3.470278189554961e-05
189		1.890000000000000e+02
	2.007078814887690e-05
190		1.900000000000000e+02
	1.142973817190544e-05
191		1.910000000000000e+02
	1.571173983427777e-05
192		1.920000000000000e+02
	3.442797782353812e-05
193		1.930000000000000e+02
	1.376543431624481e-05
194		1.940000000000000e+02
	2.140422750470954e-05
195		1.950000000000000e+02
	8.514877226051449e-06
196		1.960000000000000e+02
	7.881499354973014e-05
197		1.970000000000000e+02
	5.030516417796853e-05
198		1.980000000000000e+02
	2.383807904030112e-05
199		1.990000000000000e+02
	6.580992792543943e-05
200		2.000000000000000e+02
	6.363637423323765e-05
201		2.010000000000000e+02
	4.346282738600973e-05
202		2.020000000000000e+02
	1.116958712232697e-04
203		2.030000000000000e+02
	6.820057744331143e-05
204		2.040000000000000e+02
	3.830830717192268e-05
205		2.050000000000000e+02
	5.752742087430924e-06
206		2.060000000000000e+02
	9.464141380236649e-06
207		2.070000000000000e+02
	2.625792701526766e-05
208		2.080000000000000e+02
	2.508766651242031e-05
209		2.090000000000000e+02
	6.868153247359691e-05
210		2.100000000000000e+02
	1.164412907302578e-05
211		2.110000000000000e+02
	7.018844402990052e-06
212		2.120000000000000e+02
	1.148218124620156e-05
213		2.130000000000000e+02
	4.878697513724519e-05
214		2.140000000000000e+02
	2.725041715665495e-06
215		2.150000000000000e+02
	7.580075722299017e-06
216		2.160000000000000e+02
	2.824415414496783e-05
217		2.170000000000000e+02
	1.378481080373896e-05
218		2.180000000000000e+02
	1.100853850695771e-05
219		2.190000000000000e+02
	1.519190512023773e-05
220		2.200000000000000e+02
	3.276457168056043e-05
221		2.210000000000000e+02
	7.423038738372019e-06
222		2.220000000000000e+02
	1.188038521002975e-05
223		2.230000000000000e+02
	9.030237104954428e-05
224		2.240000000000000e+02
	7.016488025809050e-06
225		2.250000000000000e+02
	2.564623204559501e-06
226		2.260000000000000e+02
	1.759367819661885e-05
227		2.270000000000000e+02
	3.786478436816019e-05
228		2.280000000000000e+02
	1.655607703056118e-05
229		2.290000000000000e+02
	4.271957944836775e-06
230		2.300000000000000e+02
	7.922502564548404e-06
231		2.310000000000000e+02
	1.073884654323776e-05
232		2.320000000000000e+02
	4.223619866174047e-07
233		2.330000000000000e+02
	2.451856673113033e-06
234		2.340000000000000e+02
	2.123495586111151e-05
235		2.350000000000000e+02
	6.731189946079212e-06
236		2.360000000000000e+02
	2.307037782978557e-05
237		2.370000000000000e+02
	9.559798137018520e-06
238		2.380000000000000e+02
	3.737533107161380e-05
239		2.390000000000000e+02
	1.626125106154460e-05
240		2.400000000000000e+02
	2.865193620521410e-06
241		2.410000000000000e+02
	4.245370477552103e-05
242		2.420000000000000e+02
	1.931678833718910e-05
243		2.430000000000000e+02
	1.152863318739967e-04
244		2.440000000000000e+02
	9.376033014413962e-05
245		2.450000000000000e+02
	7.336588693723453e-06
246		2.460000000000000e+02
	5.256136150341221e-05
247		2.470000000000000e+02
	1.237282256159469e-04
248		2.480000000000000e+02
	9.910916857962451e-05
249		2.490000000000000e+02
	3.631179438738741e-05
250		2.500000000000000e+02
	9.713947315158163e-06
251		2.510000000000000e+02
	1.028080306199844e-05
252		2.520000000000000e+02
	3.707320764349702e-05
253		2.530000000000000e+02
	1.272592316030845e-04
254		2.540000000000000e+02
	1.004523201870172e-05
255		2.550000000000000e+02
	7.533145285250922e-06
256		2.560000000000000e+02
	3.771682354975991e-05
257		2.570000000000000e+02
	4.008485467115964e-06
258		2.580000000000000e+02
	3.026507443506671e-05
259		2.590000000000000e+02
	7.545475665087324e-06
260		2.600000000000000e+02
	1.286016405419559e-04
261		2.610000000000000e+02
	1.002656793873811e-04
262		2.620000000000000e+02
	1.038828304641344e-05
263		2.630000000000000e+02
	1.308657568096150e-05
264		2.640000000000000e+02
	1.853983564829151e-05
265		2.650000000000000e+02
	7.929149455767618e-06
266		2.660000000000000e+02
	1.300786877584501e-05
267		2.670000000000000e+02
	8.254826221375513e-05
268		2.680000000000000e+02
	2.434726237059566e-05
269		2.690000000000000e+02
	9.770693451103986e-06
270		2.700000000000000e+02
	2.717467940420982e-05
271		2.710000000000000e+02
	1.107869786673911e-05
272		2.720000000000000e+02
	1.440914423260990e-05
273		2.730000000000000e+02
	1.040605542923808e-04
274		2.740000000000000e+02
	1.875496228930223e-05
275		2.750000000000000e+02
	3.710422110713559e-05
276		2.760000000000000e+02
	6.705339385750830e-06
277		2.770000000000000e+02
	3.321130122044525e-05
278		2.780000000000000e+02
	3.005024858028645e-05
279		2.790000000000000e+02
	2.845794356889192e-05
280		2.800000000000000e+02
	1.037553231551647e-05
281		2.810000000000000e+02
	9.687086745777911e-06
282		2.820000000000000e+02
	1.115223340028058e-05
283		2.830000000000000e+02
	3.168150279462054e-05
284		2.840000000000000e+02
	6.358864484302059e-06
285		2.850000000000000e+02
	2.783386602181033e-06
286		2.860000000000000e+02
	5.543668322906503e-05
287		2.870000000000000e+02
	6.575818413978756e-06
288		2.880000000000000e+02
	1.810802145796184e-05
289		2.890000000000000e+02
	3.122394226418277e-05
290		2.900000000000000e+02
	2.974066447314371e-05
291		2.910000000000000e+02
	8.474646468785816e-05
292		2.920000000000000e+02
	4.024242869717192e-05
293		2.930000000000000e+02
	9.079190968833785e-06
294		2.940000000000000e+02
	4.507734469428394e-05
295		2.950000000000000e+02
	8.316871836825368e-05
296		2.960000000000000e+02
	7.666433120765962e-06
297		2.970000000000000e+02
	1.290939761353199e-05
298		2.980000000000000e+02
	1.091666630726431e-05
299		2.990000000000000e+02
	1.218910368055638e-05
300		3.000000000000000e+02
	3.956019337947495e-05
301		3.010000000000000e+02
	9.177233862001847e-05
302		3.020000000000000e+02
	4.182156472269344e-05
303		3.030000000000000e+02
	3.676614126671467e-05
304		3.040000000000000e+02
	4.436234201157227e-05
305		3.050000000000000e+02
	9.332848769530123e-06
306		3.060000000000000e+02
	1.162035515606319e-05
307		3.070000000000000e+02
	1.286672953482006e-05
308		3.080000000000000e+02
	3.677078885643370e-05
309		3.090000000000000e+02
	5.069088202750901e-06
310		3.100000000000000e+02
	1.288157390548455e-05
311		3.110000000000000e+02
	7.484681539683753e-06
312		3.120000000000000e+02
	4.141298565842735e-05
313		3.130000000000000e+02
	1.085028486041134e-05
314		3.140000000000000e+02
	6.804381695562863e-06
315		3.150000000000000e+02
	1.325821744597889e-05
316		3.160000000000000e+02
	1.128394000838063e-05
317		3.170000000000000e+02
	3.223324494445831e-06
318		3.180000000000000e+02
	3.972240396732618e-05
319		3.190000000000000e+02
	1.169455661547326e-04
320		3.200000000000000e+02
	6.443697451814360e-06
321		3.210000000000000e+02
	3.356623634154382e-06
322		3.220000000000000e+02
	6.096005052653647e-06
323		3.230000000000000e+02
	1.816876300598799e-05
324		3.240000000000000e+02
	4.054304595063303e-05
325		3.250000000000000e+02
	6.388723423415533e-06
326		3.260000000000000e+02
	2.401431887809558e-05
327		3.270000000000000e+02
	2.865724394514314e-05
328		3.280000000000000e+02
	1.218979039164104e-05
329		3.290000000000000e+02
	9.615151739359286e-05
330		3.300000000000000e+02
	9.464959156244498e-05
331		3.310000000000000e+02
	7.111519628397460e-06
332		3.320000000000000e+02
	3.179409795759209e-05
333		3.330000000000000e+02
	4.052122548940304e-05
334		3.340000000000000e+02
	1.197388139695070e-05
335		3.350000000000000e+02
	3.359295317217097e-05
336		3.360000000000000e+02
	3.284530473916506e-05
337		3.370000000000000e+02
	3.181484373242326e-05
338		3.380000000000000e+02
	3.505665167015357e-05
339		3.390000000000000e+02
	8.531435048325588e-06
340		3.400000000000000e+02
	1.422403718210713e-05
341		3.410000000000000e+02
	7.494499292237276e-05
342		3.420000000000000e+02
	8.113092612676922e-05
343		3.430000000000000e+02
	2.069768849391079e-05
344		3.440000000000000e+02
	5.310232474941485e-05
345		3.450000000000000e+02
	4.555229397486282e-05
346		3.460000000000000e+02
	8.381840479271050e-06
347		3.470000000000000e+02
	4.435588471528645e-06
348		3.480000000000000e+02
	1.096766901708649e-05
349		3.490000000000000e+02
	4.190729391587996e-05
350		3.500000000000000e+02
	1.309229676280965e-06
351		3.510000000000000e+02
	2.263995972647823e-05
352		3.520000000000000e+02
	5.758227124492710e-05
353		3.530000000000000e+02
	1.181336726417408e-05
354		3.540000000000000e+02
	8.206998923243198e-06
355		3.550000000000000e+02
	5.260374846533831e-05
356		3.560000000000000e+02
	6.442567791487878e-06
357		3.570000000000000e+02
	9.185357283376022e-06
358		3.580000000000000e+02
	2.367053940780604e-05
359		3.590000000000000e+02
	5.061246142113013e-05
360		3.600000000000000e+02
	8.015870552607144e-06
361		3.610000000000000e+02
	5.576149594745641e-05
362		3.620000000000000e+02
	8.380234655910025e-06
363		3.630000000000000e+02
	3.503320637154668e-06
364		3.640000000000000e+02
	5.945537976878297e-06
365		3.650000000000000e+02
	1.288415971109176e-05
366		3.660000000000000e+02
	4.695232914514980e-05
367		3.670000000000000e+02
	7.695409228186607e-06
368		3.680000000000000e+02
	1.926304072104691e-05
369		3.690000000000000e+02
	4.221560257077044e-05
370		3.700000000000000e+02
	1.660844155958508e-05
371		3.710000000000000e+02
	1.064176365174377e-05
372		3.720000000000000e+02
	6.555637517352177e-05
373		3.730000000000000e+02
	9.304694204915571e-05
374		3.740000000000000e+02
	5.556259240828827e-05
375		3.750000000000000e+02
	2.861471215019510e-05
376		3.760000000000000e+02
	1.469707486187083e-05
377		3.770000000000000e+02
	1.048972102441259e-05
378		3.780000000000000e+02
	1.293332609525652e-05
379		3.790000000000000e+02
	2.948616733832689e-05
380		3.800000000000000e+02
	4.762107480863045e-05
381		3.810000000000000e+02
	6.897770810080881e-06
382		3.820000000000000e+02
	8.864135697634206e-06
383		3.830000000000000e+02
	3.323779387487941e-05
384		3.840000000000000e+02
	1.300072607262821e-05
385		3.850000000000000e+02
	3.211290413734442e-05
386		3.860000000000000e+02
	1.321985086334473e-05
387		3.870000000000000e+02
	3.118645379812216e-05
388		3.880000000000000e+02
	1.061931324962005e-05
389		3.890000000000000e+02
	3.499130451681082e-06
390		3.900000000000000e+02
	9.993412914020474e-05
391		3.910000000000000e+02
	1.088190825055017e-04
392		3.920000000000000e+02
	5.449266360044702e-06
393		3.930000000000000e+02
	5.370870532174770e-06
394		3.940000000000000e+02
	1.129260696879134e-05
395		3.950000000000000e+02
	7.265555513580800e-06
396		3.960000000000000e+02
	3.319366902217261e-05
397		3.970000000000000e+02
	1.199118712778727e-05
398		3.980000000000000e+02
	2.695119453692219e-06
399		3.990000000000000e+02
	1.440349898157750e-05
400		4.000000000000000e+02
	6.930918536445967e-05
401		4.010000000000000e+02
	2.766941675217575e-05
402		4.020000000000000e+02
	1.516966037568705e-05
403		4.030000000000000e+02
	3.958269792570476e-05
404		4.040000000000000e+02
	3.081053196366668e-05
405		4.050000000000000e+02
	5.951696599643613e-05
406		4.060000000000000e+02
	7.509527052100913e-06
407		4.070000000000000e+02
	2.820347225586783e-05
408		4.080000000000000e+02
	3.645894372690213e-05
409		4.090000000000000e+02
	1.935723276109447e-05
410		4.100000000000000e+02
	5.641825075120704e-06
411		4.110000000000000e+02
	1.375922277994451e-05
412		4.120000000000000e+02
	4.445293591659339e-05
413		4.130000000000000e+02
	6.687703539356722e-05
414		4.140000000000000e+02
	8.818194881514212e-06
415		4.150000000000000e+02
	1.390173896950691e-05
416		4.160000000000000e+02
	1.146517311949225e-05
417		4.170000000000000e+02
	3.674796078265452e-05
418		4.180000000000000e+02
	2.158777982967008e-05
419		4.190000000000000e+02
	1.076568191359753e-05
420		4.200000000000000e+02
	1.254347787485147e-05
421		4.210000000000000e+02
	4.761970281171680e-05
422		4.220000000000000e+02
	4.889235320842485e-05
423		4.230000000000000e+02
	1.161190431988853e-05
424		4.240000000000000e+02
	5.369845003615019e-05
425		4.250000000000000e+02
	3.984234923477405e-05
426		4.260000000000000e+02
	3.371149020503199e-05
427		4.270000000000000e+02
	4.492667547720795e-05
428		4.280000000000000e+02
	8.752499310761213e-06
429		4.290000000000000e+02
	2.163984875787164e-06
430		4.300000000000000e+02
	1.758191608732928e-05
431		4.310000000000000e+02
	9.837990739161467e-06
432		4.320000000000000e+02
	9.080486294884202e-05
433		4.330000000000000e+02
	3.375158072473127e-06
434		4.340000000000000e+02
	1.435976581929146e-05
435		4.350000000000000e+02
	4.580391932898893e-05
436		4.360000000000000e+02
	4.725221073538272e-05
437		4.370000000000000e+02
	5.563001806223322e-05
438		4.380000000000000e+02
	1.418249754860294e-05
439		4.390000000000000e+02
	1.290164761999185e-05
440		4.400000000000000e+02
	1.701746816292932e-05
441		4.410000000000000e+02
	3.855338268021594e-05
442		4.420000000000000e+02
	1.916729609530257e-05
443		4.430000000000000e+02
	5.130799567970993e-05
444		4.440000000000000e+02
	5.939944830470441e-06
445		4.450000000000000e+02
	1.456883156357428e-05
446		4.460000000000000e+02
	4.161771360978725e-05
447		4.470000000000000e+02
	1.909497160461092e-05
448		4.480000000000000e+02
	7.251073507592769e-05
449		4.490000000000000e+02
	1.991364089540425e-05
450		4.500000000000000e+02
	9.548575055639570e-06
451		4.510000000000000e+02
	2.475555221590013e-05
452		4.520000000000000e+02
	9.913667780393012e-06
453		4.530000000000000e+02
	1.116573575096069e-04
454		4.540000000000000e+02
	1.063154786765180e-05
455		4.550000000000000e+02
	5.358986579852470e-05
456		4.560000000000000e+02
	6.097587310433908e-05
457		4.570000000000000e+02
	3.874086387827992e-05
458		4.580000000000000e+02
	2.126577886978048e-05
459		4.590000000000000e+02
	3.277033299914907e-05
460		4.600000000000000e+02
	2.638744381244373e-06
461		4.610000000000000e+02
	5.304150956437492e-06
462		4.620000000000000e+02
	4.550796101900621e-05
463		4.630000000000000e+02
	4.752978030530804e-06
464		4.640000000000000e+02
	6.740270472574171e-05
465		4.650000000000000e+02
	1.779959717061332e-05
466		4.660000000000000e+02
	4.294606242328262e-05
467		4.670000000000000e+02
	1.075129980796147e-05
468		4.680000000000000e+02
	1.563612387760003e-05
469		4.690000000000000e+02
	7.480973710401400e-05
470		4.700000000000000e+02
	9.354307972930596e-05
471		4.710000000000000e+02
	1.176221391244718e-05
472		4.720000000000000e+02
	5.219110096421715e-05
473		4.730000000000000e+02
	1.581373140567831e-05
474		4.740000000000000e+02
	2.255055434781131e-06
475		4.750000000000000e+02
	1.197542030087243e-05
476		4.760000000000000e+02
	4.514629419914916e-05
477		4.770000000000000e+02
	7.265616135520279e-06
478		4.780000000000000e+02
	2.330373624716726e-05
479		4.790000000000000e+02
	6.341900157599365e-06
480		4.800000000000000e+02
	2.822599987450418e-05
481		4.810000000000000e+02
	5.778984529453834e-05
482		4.820000000000000e+02
	1.099599981990589e-05
483		4.830000000000000e+02
	2.301841741805869e-05
484		4.840000000000000e+02
	6.230967327859064e-06
485		4.850000000000000e+02
	1.451352790574934e-05
486		4.860000000000000e+02
	2.227307602625611e-06
487		4.870000000000000e+02
	1.339721352793794e-05
488		4.880000000000000e+02
	1.386491603371723e-05
489		4.890000000000000e+02
	7.374620627614498e-05
490		4.900000000000000e+02
	8.245637992553632e-07
491		4.910000000000000e+02
	2.998109317304518e-06
492		4.920000000000000e+02
	1.171337618689107e-05
493		4.930000000000000e+02
	7.930622495610108e-06
494		4.940000000000000e+02
	3.301063462241784e-05
495		4.950000000000000e+02
	9.125986882304724e-06
496		4.960000000000000e+02
	2.644727035078354e-05
497		4.970000000000000e+02
	1.154156781497804e-05
498		4.980000000000000e+02
	2.170158098508111e-05
499		4.990000000000000e+02
	3.606354926367589e-05
500		5.000000000000000e+02
	4.857922730721561e-05
501		5.010000000000000e+02
	1.391682298758991e-05
502		5.020000000000000e+02
	2.112121077052468e-05
503		5.030000000000000e+02
	7.425930676547011e-06
504		5.040000000000000e+02
	7.978378945230564e-06
505		5.050000000000000e+02
	2.997992004040003e-05
506		5.060000000000000e+02
	5.688125134184718e-05
507		5.070000000000000e+02
	4.972044800558630e-05
508		5.080000000000000e+02
	7.276115350766162e-06
509		5.090000000000000e+02
	6.359857729102153e-05
510		5.100000000000000e+02
	6.050606398615950e-05
511		5.110000000000000e+02
	1.079508568925507e-05
512		5.120000000000000e+02
	6.081555480379869e-06
513		5.130000000000000e+02
	4.730921182376255e-05
514		5.140000000000000e+02
	1.861694008210938e-05
515		5.150000000000000e+02
	1.908746736076531e-05
516		5.160000000000000e+02
	2.866937430973031e-05
517		5.170000000000000e+02
	4.628725052922485e-05
518		5.180000000000000e+02
	2.095853840835812e-05
519		5.190000000000000e+02
	2.738153224964693e-05
520		5.200000000000000e+02
	4.570082424377618e-05
521		5.210000000000000e+02
	1.155375482238222e-05
522		5.220000000000000e+02
	1.237072249663126e-05
523		5.230000000000000e+02
	6.528167974461446e-05
524		5.240000000000000e+02
	1.738627147075983e-05
525		5.250000000000000e+02
	3.297800329235774e-05
526		5.260000000000000e+02
	7.194145488250002e-05
527		5.270000000000000e+02
	1.424356561449879e-05
528		5.280000000000000e+02
	7.010939301592005e-06
529		5.290000000000000e+02
	5.433281417511403e-05
530		5.300000000000000e+02
	4.740403701402107e-05
531		5.310000000000000e+02
	4.211432091300455e-05
532		5.320000000000000e+02
	7.118147873872659e-06
533		5.330000000000000e+02
	2.503564491479213e-05
534		5.340000000000000e+02
	1.083710261563600e-04
535		5.350000000000000e+02
	5.077431513761715e-06
536		5.360000000000000e+02
	3.270359985669769e-05
537		5.370000000000000e+02
	3.964223149397805e-05
538		5.380000000000000e+02
	3.559384925272323e-05
539		5.390000000000000e+02
	5.457975255753403e-05
540		5.400000000000000e+02
	6.474257427863155e-06
541		5.410000000000000e+02
	7.646814935587654e-06
542		5.420000000000000e+02
	2.338498944706848e-05
543		5.430000000000000e+02
	1.114149821069753e-04
544		5.440000000000000e+02
	2.125025414975081e-05
545		5.450000000000000e+02
	1.868923774343624e-05
546		5.460000000000000e+02
	2.839345025412084e-05
547		5.470000000000000e+02
	3.346283346512586e-05
548		5.480000000000000e+02
	2.944699350069350e-05
549		5.490000000000000e+02
	2.493531442355721e-05
550		5.500000000000000e+02
	6.457935060506885e-06
551		5.510000000000000e+02
	4.550191243079864e-05
552		5.520000000000000e+02
	3.538296709899409e-06
553		5.530000000000000e+02
	5.832962314328009e-05
554		5.540000000000000e+02
	5.021090194550755e-05
555		5.550000000000000e+02
	1.076969900827139e-05
556		5.560000000000000e+02
	1.936670609122729e-05
557		5.570000000000000e+02
	1.765192400013639e-05
558		5.580000000000000e+02
	5.087929978265757e-05
559		5.590000000000000e+02
	2.211796911342008e-05
560		5.600000000000000e+02
	4.876852605979671e-05
561		5.610000000000000e+02
	1.578366570101897e-05
562		5.620000000000000e+02
	9.099117918952395e-05
563		5.630000000000000e+02
	1.009610003341729e-05
564		5.640000000000000e+02
	4.924850641941132e-06
565		5.650000000000000e+02
	4.390847492159923e-05
566		5.660000000000000e+02
	2.092388887357135e-05
567		5.670000000000000e+02
	8.045403830344193e-05
568		5.680000000000000e+02
	2.126617249152184e-05
569		5.690000000000000e+02
	2.097584056808826e-05
570		5.700000000000000e+02
	7.485088806076284e-05
571		5.710000000000000e+02
	4.695478648155007e-05
572		5.720000000000000e+02
	2.388268929710754e-05
573		5.730000000000000e+02
	3.145883690855871e-05
574		5.740000000000000e+02
	1.420905201877143e-05
575		5.750000000000000e+02
	8.761469719077466e-06
576		5.760000000000000e+02
	1.139908761076907e-04
577		5.770000000000000e+02
	3.553999208685649e-05
578		5.780000000000000e+02
	4.794021518466051e-06
579		5.790000000000000e+02
	9.355638365432707e-05
580		5.800000000000000e+02
	9.453550773770539e-06
581		5.810000000000000e+02
	1.093826484107430e-05
582		5.820000000000000e+02
	5.032131419064725e-05
583		5.830000000000000e+02
	5.505017082197569e-05
584		5.840000000000000e+02
	7.382434952022238e-06
585		5.850000000000000e+02
	3.694407365511678e-05
586		5.860000000000000e+02
	6.547142388758417e-06
587		5.870000000000000e+02
	5.036816987850468e-05
588		5.880000000000000e+02
	3.181891343717676e-05
589		5.890000000000000e+02
	9.378447531470422e-05
590		5.900000000000000e+02
	3.764882540134397e-05
591		5.910000000000000e+02
	2.310595297789796e-05
592		5.920000000000000e+02
	3.435011318462034e-06
593		5.930000000000000e+02
	6.716303703986397e-05
594		5.940000000000000e+02
	5.193835322342876e-06
595		5.950000000000000e+02
	9.262817356806604e-06
596		5.960000000000000e+02
	5.584922743729958e-06
597		5.970000000000000e+02
	6.852904545281903e-05
598		5.980000000000000e+02
	1.009604072488711e-05
599		5.990000000000000e+02
	4.589133710070884e-05
600		6.000000000000000e+02
	1.020197498971663e-05
601		6.010000000000000e+02
	6.717183984058348e-05
602		6.020000000000000e+02
	1.176863080795764e-05
603		6.030000000000000e+02
	3.929367393894604e-05
604		6.040000000000000e+02
	7.812886525344646e-05
605		6.050000000000000e+02
	1.966391814903183e-05
606		6.060000000000000e+02
	1.870314482355504e-05
607		6.070000000000000e+02
	1.893244811612750e-05
608		6.080000000000000e+02
	7.323285911194213e-05
609		6.090000000000000e+02
	2.579598862720917e-05
610		6.100000000000000e+02
	1.041350832304662e-04
611		6.110000000000000e+02
	5.834468415546478e-05
612		6.120000000000000e+02
	6.700776675104589e-06
613		6.130000000000000e+02
	6.917601598039813e-06
614		6.140000000000000e+02
	2.096810217273332e-05
615		6.150000000000000e+02
	1.900006258304950e-05
616		6.160000000000000e+02
	6.557860335901892e-05
617		6.170000000000000e+02
	9.484975665873340e-05
618		6.180000000000000e+02
	4.173919921983553e-05
619		6.190000000000000e+02
	4.991921885340774e-05
620		6.200000000000000e+02
	1.212414821600826e-04
621		6.210000000000000e+02
	2.369933473674861e-05
622		6.220000000000000e+02
	2.747003964635615e-05
623		6.230000000000000e+02
	3.737320929620513e-05
624		6.240000000000000e+02
	5.569949301908229e-05
625		6.250000000000000e+02
	6.144820658603440e-05
626		6.260000000000000e+02
	2.009588588708191e-06
627		6.270000000000000e+02
	5.757567929594159e-06
628		6.280000000000000e+02
	5.770022111497836e-05
629		6.290000000000000e+02
	5.815657153371344e-05
630		6.300000000000000e+02
	7.164300993687713e-05
631		6.310000000000000e+02
	3.380170583069233e-05
632		6.320000000000000e+02
	6.514089270517537e-05
633		6.330000000000000e+02
	5.999847753433827e-05
634		6.340000000000000e+02
	1.105410267254828e-05
635		6.350000000000000e+02
	9.161984541397796e-06
636		6.360000000000000e+02
	5.597992808888732e-05
637		6.370000000000000e+02
	1.509514157454743e-05
638		6.380000000000000e+02
	6.790952245008539e-05
639		6.390000000000000e+02
	2.541300187966784e-05
640		6.400000000000000e+02
	8.548975151743549e-06
641		6.410000000000000e+02
	4.036186103183744e-05
642		6.420000000000000e+02
	3.899275806216995e-05
643		6.430000000000000e+02
	1.019721832537328e-04
644		6.440000000000000e+02
	4.084631285759532e-05
645		6.450000000000000e+02
	1.268809535131630e-05
646		6.460000000000000e+02
	1.034546935251667e-05
647		6.470000000000000e+02
	4.409436340084159e-05
648		6.480000000000000e+02
	1.254954135991184e-05
649		6.490000000000000e+02
	7.083327838924299e-05
650		6.500000000000000e+02
	6.753195282233628e-05
651		6.510000000000000e+02
	9.499579571444165e-06
652		6.520000000000000e+02
	1.679868457411263e-05
653		6.530000000000000e+02
	1.464042667775379e-05
654		6.540000000000000e+02
	6.097015145865194e-05
655		6.550000000000000e+02
	6.978100188647965e-05
656		6.560000000000000e+02
	3.518505978034308e-06
657		6.570000000000000e+02
	3.347053306668928e-05
658		6.580000000000000e+02
	2.234977894654409e-05
659		6.590000000000000e+02
	1.262218935532843e-04
660		6.600000000000000e+02
	6.624885649089137e-06
661		6.610000000000000e+02
	8.992212203379909e-05
662		6.620000000000000e+02
	9.798084554409410e-06
663		6.630000000000000e+02
	2.233433665648037e-05
664		6.640000000000000e+02
	7.550734044205326e-06
665		6.650000000000000e+02
	3.321988143837096e-05
666		6.660000000000000e+02
	3.073372953444679e-05
667		6.670000000000000e+02
	2.711792129220275e-05
668		6.680000000000000e+02
	4.177254900881080e-05
669		6.690000000000000e+02
	2.290054539306718e-05
670		6.700000000000000e+02
	1.191605612213660e-05
671		6.710000000000000e+02
	6.750531123948888e-06
672		6.720000000000000e+02
	8.637815438247569e-05
673		6.730000000000000e+02
	2.482505700525596e-05
674		6.740000000000000e+02
	1.184523667848372e-05
675		6.750000000000000e+02
	3.384945437399293e-05
676		6.760000000000000e+02
	1.760616981788539e-05
677		6.770000000000000e+02
	5.400459419775042e-05
678		6.780000000000000e+02
	1.709274955611069e-05
679		6.790000000000000e+02
	1.006701224654799e-05
680		6.800000000000000e+02
	4.342787933034532e-06
681		6.810000000000000e+02
	2.540853042290028e-05
682		6.820000000000000e+02
	7.405009692397255e-05
683		6.830000000000000e+02
	6.576455664611179e-05
684		6.840000000000000e+02
	8.061294166626246e-05
685		6.850000000000000e+02
	1.807141611054903e-05
686		6.860000000000000e+02
	9.217901368290278e-05
687		6.870000000000000e+02
	1.275948497172179e-05
688		6.880000000000000e+02
	9.499653688078993e-05
689		6.890000000000000e+02
	5.712640778544478e-05
690		6.900000000000000e+02
	4.610972624652398e-05
691		6.910000000000000e+02
	3.175817719416798e-06
692		6.920000000000000e+02
	5.968268529763928e-05
693		6.930000000000000e+02
	2.771230782489401e-05
694		6.940000000000000e+02
	2.295030978902206e-05
695		6.950000000000000e+02
	3.239097662501146e-05
696		6.960000000000000e+02
	2.524410440790126e-05
697		6.970000000000000e+02
	2.711666066912041e-05
698		6.980000000000000e+02
	1.368400027075933e-05
699		6.990000000000000e+02
	1.281161872620087e-05
700		7.000000000000000e+02
	4.856231277605296e-05
701		7.010000000000000e+02
	3.137277211188789e-05
702		7.020000000000000e+02
	6.842886234624711e-06
703		7.030000000000000e+02
	1.158869717581284e-05
704		7.040000000000000e+02
	4.792350429490398e-05
705		7.050000000000000e+02
	3.375067070602170e-06
706		7.060000000000000e+02
	3.580211490930021e-06
707		7.070000000000000e+02
	3.200235620559000e-06
708		7.080000000000000e+02
	4.603400198846735e-05
709		7.090000000000000e+02
	2.480642307231966e-05
710		7.100000000000000e+02
	2.054701908289237e-05
711		7.110000000000000e+02
	2.761584004965182e-05
712		7.120000000000000e+02
	1.135786372342686e-04
713		7.130000000000000e+02
	2.293144407163860e-05
714		7.140000000000000e+02
	1.147245327852045e-05
715		7.150000000000000e+02
	2.035358274319185e-05
716		7.160000000000000e+02
	1.484115354471217e-05
717		7.170000000000000e+02
	2.143180024479308e-06
718		7.180000000000000e+02
	6.089885856512743e-05
719		7.190000000000000e+02
	2.710432756128336e-06
720		7.200000000000000e+02
	8.045736803577236e-05
721		7.210000000000000e+02
	4.943365769883516e-05
722		7.220000000000000e+02
	4.293842302059272e-05
723		7.230000000000000e+02
	3.585146904001165e-06
724		7.240000000000000e+02
	9.696645775194805e-05
725		7.250000000000000e+02
	2.167995168288162e-05
726		7.260000000000000e+02
	5.166244634272414e-06
727		7.270000000000000e+02
	4.514035426894537e-06
728		7.280000000000000e+02
	5.296229296114240e-05
729		7.290000000000000e+02
	4.039929987571623e-06
730		7.300000000000000e+02
	4.403238400027209e-05
731		7.310000000000000e+02
	3.917389832659973e-05
732		7.320000000000000e+02
	8.403261357306395e-05
733		7.330000000000000e+02
	6.158103259757401e-06
734		7.340000000000000e+02
	1.149842540379134e-05
735		7.350000000000000e+02
	5.582029361569767e-06
736		7.360000000000000e+02
	3.434231380432042e-05
737		7.370000000000000e+02
	4.161243295781782e-05
738		7.380000000000000e+02
	4.470629350504759e-05
739		7.390000000000000e+02
	1.348839660599477e-05
740		7.400000000000000e+02
	1.285287221306964e-05
741		7.410000000000000e+02
	1.002834089504586e-05
742		7.420000000000000e+02
	9.303578485973267e-07
743		7.430000000000000e+02
	1.256097990674788e-05
744		7.440000000000000e+02
	5.909440373418482e-05
745		7.450000000000000e+02
	7.795646052627598e-06
746		7.460000000000000e+02
	2.220423726216339e-05
747		7.470000000000000e+02
	2.547243369142918e-05
748		7.480000000000000e+02
	7.866437052749828e-05
749		7.490000000000000e+02
	2.026945185548059e-05
750		7.500000000000000e+02
	3.016071273696256e-05
751		7.510000000000000e+02
	1.847253102712843e-05
752		7.520000000000000e+02
	2.663838307930943e-06
753		7.530000000000000e+02
	8.129583335986105e-05
754		7.540000000000000e+02
	4.639692297028711e-06
755		7.550000000000000e+02
	1.150128994624108e-05
756		7.560000000000000e+02
	1.051161364517306e-04
757		7.570000000000000e+02
	5.732993210011394e-05
758		7.580000000000000e+02
	1.762294739921109e-05
759		7.590000000000000e+02
	6.618587919402887e-06
760		7.600000000000000e+02
	7.473578009933627e-05
761		7.610000000000000e+02
	1.123631412170975e-05
762		7.620000000000000e+02
	2.216516287295069e-05
763		7.630000000000000e+02
	1.566344708441343e-05
764		7.640000000000000e+02
	3.019777779166398e-05
765		7.650000000000000e+02
	1.107138237364987e-04
766		7.660000000000000e+02
	6.313945303573614e-06
767		7.670000000000000e+02
	4.281349860124827e-06
768		7.680000000000000e+02
	5.294395602262633e-05
769		7.690000000000000e+02
	5.414314107284396e-06
770		7.700000000000000e+02
	5.734465074717800e-05
771		7.710000000000000e+02
	3.091598854542575e-05
772		7.720000000000000e+02
	2.455664379021424e-05
773		7.730000000000000e+02
	4.850732126560133e-06
774		7.740000000000000e+02
	8.371241547615707e-06
775		7.750000000000000e+02
	3.912333781516923e-05
776		7.760000000000000e+02
	1.477674512146539e-05
777		7.770000000000000e+02
	6.492202679495223e-05
778		7.780000000000000e+02
	1.260516594645968e-05
779		7.790000000000000e+02
	4.508657856534368e-05
780		7.800000000000000e+02
	2.342601657840434e-05
781		7.810000000000000e+02
	1.160846917389888e-04
782		7.820000000000000e+02
	1.009115784852929e-04
783		7.830000000000000e+02
	1.599663637773865e-05
784		7.840000000000000e+02
	7.093278296694457e-05
785		7.850000000000000e+02
	1.174103001759398e-04
786		7.860000000000000e+02
	5.427155740733397e-06
787		7.870000000000000e+02
	1.308979110801332e-05
788		7.880000000000000e+02
	6.310037107699017e-06
789		7.890000000000000e+02
	8.601836892710115e-06
790		7.900000000000000e+02
	5.144956330301670e-05
791		7.910000000000000e+02
	9.382714635503427e-06
792		7.920000000000000e+02
	2.568455613876781e-05
793		7.930000000000000e+02
	3.269574162579978e-05
794		7.940000000000000e+02
	5.881941823449902e-05
795		7.950000000000000e+02
	2.748481329171997e-05
796		7.960000000000000e+02
	9.365912709806209e-06
797		7.970000000000000e+02
	4.152288452603137e-05
798		7.980000000000000e+02
	1.496299233312621e-05
799		7.990000000000000e+02
	8.572572673813705e-06
800		8.000000000000000e+02
	5.089066789329021e-05
801		8.010000000000000e+02
	1.370855235776572e-05
802		8.020000000000000e+02
	7.413071525262866e-05
803		8.030000000000000e+02
	1.877681990231602e-05
804		8.040000000000000e+02
	2.660147808101265e-05
805		8.050000000000000e+02
	2.091495288412221e-05
806		8.060000000000000e+02
	1.086246221497204e-05
807		8.070000000000000e+02
	4.572620088828745e-05
808		8.080000000000000e+02
	3.063473689468373e-05
809		8.090000000000000e+02
	5.469336320438174e-05
810		8.100000000000000e+02
	5.893336806483635e-05
811		8.110000000000000e+02
	1.711924608703132e-05
812		8.120000000000000e+02
	7.412458626002517e-05
813		8.130000000000000e+02
	5.856482597818107e-05
814		8.140000000000000e+02
	6.129035485945011e-05
815		8.150000000000000e+02
	2.354296208874441e-05
816		8.160000000000000e+02
	2.390084398305652e-05
817		8.170000000000000e+02
	2.825859507083586e-05
818		8.180000000000000e+02
	1.418565475900950e-05
819		8.190000000000000e+02
	2.610161762017873e-05
820		8.200000000000000e+02
	6.555757916710952e-05
821		8.210000000000000e+02
	1.005892349543888e-05
822		8.220000000000000e+02
	7.929342504593240e-05
823		8.230000000000000e+02
	1.522062340063195e-05
824		8.240000000000000e+02
	8.792611001790609e-06
825		8.250000000000000e+02
	3.902625038248145e-05
826		8.260000000000000e+02
	7.297114682805590e-05
827		8.270000000000000e+02
	5.069652862225458e-06
828		8.280000000000000e+02
	1.195536349676126e-04
829		8.290000000000000e+02
	2.625439676955199e-05
830		8.300000000000000e+02
	6.124845017942291e-06
831		8.310000000000000e+02
	5.232378826446457e-05
832		8.320000000000000e+02
	9.659169739522383e-06
833		8.330000000000000e+02
	3.621734641438119e-05
834		8.340000000000000e+02
	2.020851262453713e-05
835		8.350000000000000e+02
	5.619266290204535e-05
836		8.360000000000000e+02
	2.798589157945668e-05
837		8.370000000000000e+02
	3.103756164019040e-05
838		8.380000000000000e+02
	1.899035970712990e-05
839		8.390000000000000e+02
	8.743235873218518e-05
840		8.400000000000000e+02
	3.046437818078212e-05
841		8.410000000000000e+02
	8.158304899943994e-05
842		8.420000000000000e+02
	8.873737081663113e-05
843		8.430000000000000e+02
	8.183379341105538e-06
844		8.440000000000000e+02
	9.135066838274875e-05
845		8.450000000000000e+02
	2.717193820362256e-05
846		8.460000000000000e+02
	1.760700943868883e-05
847		8.470000000000000e+02
	3.065679017169906e-05
848		8.480000000000000e+02
	7.961713213118660e-05
849		8.490000000000000e+02
	4.974864325288042e-05
850		8.500000000000000e+02
	5.832449505315534e-05
851		8.510000000000000e+02
	3.182426050044437e-05
852		8.520000000000000e+02
	2.440833169587010e-05
853		8.530000000000000e+02
	6.635546448117911e-06
854		8.540000000000000e+02
	8.931622940029714e-06
855		8.550000000000000e+02
	3.017646186584650e-05
856		8.560000000000000e+02
	1.040463628823855e-05
857		8.570000000000000e+02
	4.099412234287103e-05
858		8.580000000000000e+02
	2.080477960034093e-05
859		8.590000000000000e+02
	1.085212937597081e-04
860		8.600000000000000e+02
	1.596206782765126e-05
861		8.610000000000000e+02
	9.944745919533907e-06
862		8.620000000000000e+02
	1.279006012709820e-05
863		8.630000000000000e+02
	1.798653076798562e-05
864		8.640000000000000e+02
	6.184749364385608e-06
865		8.650000000000000e+02
	9.101909624058469e-05
866		8.660000000000000e+02
	3.413828546651774e-06
867		8.670000000000000e+02
	2.904234436920929e-05
868		8.680000000000000e+02
	7.786501706729357e-05
869		8.690000000000000e+02
	2.946802542130613e-05
870		8.700000000000000e+02
	7.530801051148721e-06
871		8.710000000000000e+02
	3.698459768942167e-05
872		8.720000000000000e+02
	5.084077779233159e-06
873		8.730000000000000e+02
	7.362407070234637e-05
874		8.740000000000000e+02
	3.179048903562091e-05
875		8.750000000000000e+02
	1.216911833159496e-05
876		8.760000000000000e+02
	6.544158245748023e-06
877		8.770000000000000e+02
	4.730458648103056e-05
878		8.780000000000000e+02
	1.124926848507422e-05
879		8.790000000000000e+02
	6.427633563764331e-06
880		8.800000000000000e+02
	7.424321771394643e-05
881		8.810000000000000e+02
	6.726570506012814e-06
882		8.820000000000000e+02
	1.582421891363007e-05
883		8.830000000000000e+02
	6.945785886356562e-05
884		8.840000000000000e+02
	1.252637939169246e-05
885		8.850000000000000e+02
	4.514956472842145e-05
886		8.860000000000000e+02
	1.980686164454204e-05
887		8.870000000000000e+02
	4.392108442061856e-06
888		8.880000000000000e+02
	5.108130519794089e-06
889		8.890000000000000e+02
	7.080456008830661e-05
890		8.900000000000000e+02
	3.432021607125695e-05
891		8.910000000000000e+02
	2.760706898627976e-05
892		8.920000000000000e+02
	1.068636729913741e-05
893		8.930000000000000e+02
	1.569279351695524e-05
894		8.940000000000000e+02
	5.454401816600326e-05
895		8.950000000000000e+02
	4.040247149998851e-05
896		8.960000000000000e+02
	7.637075310266781e-06
897		8.970000000000000e+02
	1.102643575349108e-05
898		8.980000000000000e+02
	1.431725383662992e-05
899		8.990000000000000e+02
	1.048906260529897e-05
900		9.000000000000000e+02
	1.512266098520653e-05
901		9.010000000000000e+02
	1.203655788221378e-04
902		9.020000000000000e+02
	8.162791166667851e-05
903		9.030000000000000e+02
	5.248969215466731e-06
904		9.040000000000000e+02
	3.572430106869241e-05
905		9.050000000000000e+02
	4.854962893965757e-06
906		9.060000000000000e+02
	6.025090131820429e-05
907		9.070000000000000e+02
	4.222725212762931e-06
908		9.080000000000000e+02
	4.443996498184368e-05
909		9.090000000000000e+02
	3.293263147813758e-05
910		9.100000000000000e+02
	1.408803965037075e-05
911		9.110000000000000e+02
	2.537165163535949e-05
912		9.120000000000000e+02
	3.067526912902507e-05
913		9.130000000000000e+02
	1.361134321351129e-05
914		9.140000000000000e+02
	1.163516627498268e-05
915		9.150000000000000e+02
	5.727028416281577e-06
916		9.160000000000000e+02
	1.156302221509355e-04
917		9.170000000000000e+02
	1.849954916722450e-05
918		9.180000000000000e+02
	7.341529322850779e-05
919		9.190000000000000e+02
	1.492471787887789e-05
920		9.200000000000000e+02
	1.554105753330754e-05
921		9.210000000000000e+02
	1.237068072339324e-04
922		9.220000000000000e+02
	6.404518755025403e-05
923		9.230000000000000e+02
	7.993603164445714e-05
924		9.240000000000000e+02
	3.287437949498350e-05
925		9.250000000000000e+02
	4.869623381267254e-05
926		9.260000000000000e+02
	2.360814912654768e-05
927		9.270000000000000e+02
	6.446735620169411e-06
928		9.280000000000000e+02
	5.315047275011105e-05
929		9.290000000000000e+02
	7.975979696347593e-05
930		9.300000000000000e+02
	3.574996567142536e-06
931		9.310000000000000e+02
	9.655646146434030e-06
932		9.320000000000000e+02
	5.234447771671573e-06
933		9.330000000000000e+02
	1.680957391697272e-05
934		9.340000000000000e+02
	8.564938228332895e-06
935		9.350000000000000e+02
	3.354791201276205e-05
936		9.360000000000000e+02
	2.426281230803448e-05
937		9.370000000000000e+02
	3.235376230229033e-06
938		9.380000000000000e+02
	7.566305214354386e-06
939		9.390000000000000e+02
	2.439399036894917e-05
940		9.400000000000000e+02
	1.382611343873638e-05
941		9.410000000000000e+02
	8.018121876602430e-06
942		9.420000000000000e+02
	1.781124242162580e-05
943		9.430000000000000e+02
	1.941680225749752e-05
944		9.440000000000000e+02
	7.687374487077729e-05
945		9.450000000000000e+02
	5.124802221375824e-06
946		9.460000000000000e+02
	3.593305788942248e-05
947		9.470000000000000e+02
	1.190407451965864e-05
948		9.480000000000000e+02
	1.229351919148363e-04
949		9.490000000000000e+02
	3.207055648368250e-05
950		9.500000000000000e+02
	7.453020925825472e-06
951		9.510000000000000e+02
	3.229554330224516e-05
952		9.520000000000000e+02
	1.970011303651800e-05
953		9.530000000000000e+02
	1.361228225094229e-05
954		9.540000000000000e+02
	2.735888124949635e-05
955		9.550000000000000e+02
	2.947055737226351e-05
956		9.560000000000000e+02
	9.048859816107348e-06
957		9.570000000000000e+02
	4.519105814905145e-05
958		9.580000000000000e+02
	2.710823903386254e-05
959		9.590000000000000e+02
	5.083104387373750e-06
960		9.600000000000000e+02
	9.998456357431150e-06
961		9.610000000000000e+02
	3.375555036890616e-05
962		9.620000000000000e+02
	6.264071662751440e-06
963		9.630000000000000e+02
	8.650683335724712e-06
964		9.640000000000000e+02
	4.826355821956964e-05
965		9.650000000000000e+02
	6.418222602232850e-05
966		9.660000000000000e+02
	8.084221511201321e-05
967		9.670000000000000e+02
	8.394875099220114e-05
968		9.680000000000000e+02
	7.972142536853773e-05
969		9.690000000000000e+02
	1.537631607233436e-05
970		9.700000000000000e+02
	2.584276332727100e-05
971		9.710000000000000e+02
	1.099225436706305e-04
972		9.720000000000000e+02
	2.238714411762693e-05
973		9.730000000000000e+02
	1.165389341492371e-05
974		9.740000000000000e+02
	1.658738165002219e-05
975		9.750000000000000e+02
	2.085343141076327e-05
976		9.760000000000000e+02
	1.196273365680645e-05
977		9.770000000000000e+02
	1.112365692031394e-04
978		9.780000000000000e+02
	5.374518491035768e-05
979		9.790000000000000e+02
	7.868841916696153e-05
980		9.800000000000000e+02
	2.025616051953030e-05
981		9.810000000000000e+02
	1.478211342953984e-05
982		9.820000000000000e+02
	1.844725784398374e-05
983		9.830000000000000e+02
	4.462542900048117e-06
984		9.840000000000000e+02
	2.073574175516122e-05
985		9.850000000000000e+02
	1.235334295838746e-05
986		9.860000000000000e+02
	4.903239116391514e-05
987		9.870000000000000e+02
	6.629085036678547e-06
988		9.880000000000000e+02
	2.023708449522655e-06
989		9.890000000000000e+02
	1.430053930710435e-06
990		9.900000000000000e+02
	1.907506102559535e-05
991		9.910000000000000e+02
	9.901049231514862e-05
992		9.920000000000000e+02
	1.012159079918378e-04
993		9.930000000000000e+02
	4.048802295965086e-05
994		9.940000000000000e+02
	4.827067938396138e-05
995		9.950000000000000e+02
	2.475151656346261e-05
996		9.960000000000000e+02
	9.460125004585724e-05
997		9.970000000000000e+02
	8.487595410880098e-06
998		9.980000000000000e+02
	4.282629335073448e-05
999		9.990000000000000e+02
	8.115777621273915e-06
1000		1.000000000000000e+03
	2.028191589694100e-05
1001		1.001000000000000e+03
	1.115897678323854e-05
1002		1.002000000000000e+03
	7.568286555977603e-06
1003		1.003000000000000e+03
	1.360466014646068e-05
1004		1.004000000000000e+03
	5.918462866180039e-05
1005		1.005000000000000e+03
	8.872918188062362e-06
1006		1.006000000000000e+03
	1.751528706697283e-05
1007		1.007000000000000e+03
	5.124883651072496e-06
1008		1.008000000000000e+03
	5.810269348916471e-06
1009		1.009000000000000e+03
	3.563747562828597e-05
1010		1.010000000000000e+03
	1.083181729644910e-05
1011		1.011000000000000e+03
	4.387938898462585e-05
1012		1.012000000000000e+03
	1.224967760593867e-05
1013		1.013000000000000e+03
	1.504636416294401e-06
1014		1.014000000000000e+03
	1.540781472608634e-05
1015		1.015000000000000e+03
	1.063190678827605e-05
1016		1.016000000000000e+03
	2.165459873078044e-05
1017		1.017000000000000e+03
	1.895291241482867e-05
1018		1.018000000000000e+03
	7.010368637733239e-05
1019		1.019000000000000e+03
	6.209130697869932e-05
1020		1.020000000000000e+03
	4.404082829525991e-05
1021		1.021000000000000e+03
	3.392327543724291e-05
1022		1.022000000000000e+03
	2.666310671900417e-05
1023		1.023000000000000e+03
	1.128324659859641e-05
1024		1.024000000000000e+03
	5.150883193524698e-05
1025		1.025000000000000e+03
	2.648074845222944e-05
1026		1.026000000000000e+03
	3.104265424516401e-05
1027		1.027000000000000e+03
	7.179106065378700e-05
1028		1.028000000000000e+03
	9.605115744413025e-06
1029		1.029000000000000e+03
	9.037662010106327e-06
1030		1.030000000000000e+03
	7.006937546793471e-05
1031		1.031000000000000e+03
	9.186125442944345e-06
1032		1.032000000000000e+03
	2.095342738382711e-05
1033		1.033000000000000e+03
	9.132044893980545e-06
1034		1.034000000000000e+03
	7.320702315917844e-05
1035		1.035000000000000e+03
	8.368540017687124e-06
1036		1.036000000000000e+03
	7.185133981611023e-05
1037		1.037000000000000e+03
	2.260325027074961e-05
1038		1.038000000000000e+03
	1.835166215213373e-05
1039		1.039000000000000e+03
	4.884444944630721e-05
1040		1.040000000000000e+03
	1.611386985573991e-05
1041		1.041000000000000e+03
	1.669133835674359e-05
1042		1.042000000000000e+03
	3.291657986027131e-06
1043		1.043000000000000e+03
	1.038536925660677e-04
1044		1.044000000000000e+03
	5.579782604837333e-05
1045		1.045000000000000e+03
	4.026344255074023e-05
1046		1.046000000000000e+03
	2.463624846414355e-05
1047		1.047000000000000e+03
	9.944058181641796e-06
1048		1.048000000000000e+03
	3.247155798102529e-05
1049		1.049000000000000e+03
	1.003789924639802e-04
1050		1.050000000000000e+03
	6.493627154417050e-06
1051		1.051000000000000e+03
	2.069583898461457e-05
1052		1.052000000000000e+03
	3.378645528651314e-05
1053		1.053000000000000e+03
	1.878999310140143e-05
1054		1.054000000000000e+03
	8.831164593669065e-06
1055		1.055000000000000e+03
	1.858227169999893e-05
1056		1.056000000000000e+03
	1.978919090926655e-05
1057		1.057000000000000e+03
	5.237511771578054e-05
1058		1.058000000000000e+03
	4.633878421487585e-05
1059		1.059000000000000e+03
	6.055662205280391e-06
1060		1.060000000000000e+03
	2.701554075506506e-06
1061		1.061000000000000e+03
	6.719504307277900e-05
1062		1.062000000000000e+03
	5.184587743398175e-06
1063		1.063000000000000e+03
	3.339572815159637e-05
1064		1.064000000000000e+03
	5.033808555330441e-05
1065		1.065000000000000e+03
	2.811470135584644e-05
1066		1.066000000000000e+03
	1.294381428838597e-05
1067		1.067000000000000e+03
	1.423783105651501e-05
1068		1.068000000000000e+03
	1.753093609023960e-06
1069		1.069000000000000e+03
	2.657418453390729e-05
1070		1.070000000000000e+03
	8.942761756036776e-06
1071		1.071000000000000e+03
	7.868140806164192e-06
1072		1.072000000000000e+03
	1.794970218636449e-05
1073		1.073000000000000e+03
	1.199768837845837e-05
1074		1.074000000000000e+03
	1.637064946886006e-05
1075		1.075000000000000e+03
	4.396389823513353e-06
1076		1.076000000000000e+03
	2.180668355986496e-05
1077		1.077000000000000e+03
	3.743837262795715e-06
1078		1.078000000000000e+03
	3.114984998521973e-05
1079		1.079000000000000e+03
	8.801173020319814e-05
1080		1.080000000000000e+03
	1.656035935016582e-05
1081		1.081000000000000e+03
	2.357164179966234e-06
1082		1.082000000000000e+03
	4.253476542896969e-05
1083		1.083000000000000e+03
	8.638620154349111e-05
1084		1.084000000000000e+03
	8.272227881404357e-06
1085		1.085000000000000e+03
	8.298231128336880e-05
1086		1.086000000000000e+03
	6.259947891694562e-06
1087		1.087000000000000e+03
	1.089861226632502e-06
1088		1.088000000000000e+03
	1.179102842368001e-04
1089		1.089000000000000e+03
	4.232524465398832e-05
1090		1.090000000000000e+03
	1.078954591109177e-05
1091		1.091000000000000e+03
	1.023356767351075e-04
1092		1.092000000000000e+03
	5.287783002975161e-05
1093		1.093000000000000e+03
	1.054352572115888e-04
1094		1.094000000000000e+03
	3.861629882586147e-05
1095		1.095000000000000e+03
	7.479775363076199e-06
1096		1.096000000000000e+03
	8.187891238851027e-05
1097		1.097000000000000e+03
	6.969380062696083e-05
1098		1.098000000000000e+03
	3.082817464936330e-05
1099		1.099000000000000e+03
	5.287030392987330e-05
1100		1.100000000000000e+03
	1.989316701311317e-05
1101		1.101000000000000e+03
	5.222366540800068e-05
1102		1.102000000000000e+03
	9.553451869876286e-06
1103		1.103000000000000e+03
	2.664004694695653e-06
1104		1.104000000000000e+03
	5.693269038591400e-05
1105		1.105000000000000e+03
	1.206991479784958e-04
1106		1.106000000000000e+03
	2.455794092646142e-05
1107		1.107000000000000e+03
	2.942042579273783e-05
1108		1.108000000000000e+03
	5.294592386541588e-06
1109		1.109000000000000e+03
	3.042778644601331e-05
1110		1.110000000000000e+03
	4.141297372626096e-05
1111		1.111000000000000e+03
	1.743963029909452e-05
1112		1.112000000000000e+03
	1.460667701831152e-05
1113		1.113000000000000e+03
	5.697947091261797e-05
1114		1.114000000000000e+03
	1.806190180239455e-05
1115		1.115000000000000e+03
	2.621373045650707e-05
1116		1.116000000000000e+03
	4.730490372285091e-05
1117		1.117000000000000e+03
	9.742511308920003e-05
1118		1.118000000000000e+03
	5.829752781890698e-05
1119		1.119000000000000e+03
	2.395670638864548e-05
1120		1.120000000000000e+03
	1.130264787466860e-05
1121		1.121000000000000e+03
	4.769817889301546e-05
1122		1.122000000000000e+03
	1.149948714700355e-04
1123		1.123000000000000e+03
	6.127161983457749e-05
1124		1.124000000000000e+03
	5.091622919586682e-06
1125		1.125000000000000e+03
	6.316983591996985e-05
1126		1.126000000000000e+03
	3.057437221281058e-05
1127		1.127000000000000e+03
	1.172632423938662e-04
1128		1.128000000000000e+03
	3.018525653134927e-05
1129		1.129000000000000e+03
	3.560883262662235e-05
1130		1.130000000000000e+03
	1.331533053478589e-05
1131		1.131000000000000e+03
	1.700835294621032e-05
1132		1.132000000000000e+03
	2.425065131615274e-05
1133		1.133000000000000e+03
	3.279986457653371e-05
1134		1.134000000000000e+03
	1.272820417248014e-05
1135		1.135000000000000e+03
	3.020901265948303e-05
1136		1.136000000000000e+03
	1.491672725424452e-05
1137		1.137000000000000e+03
	1.898654579277421e-05
1138		1.138000000000000e+03
	4.200147043475585e-05
1139		1.139000000000000e+03
	4.498206445690069e-05
1140		1.140000000000000e+03
	2.194979188811541e-05
1141		1.141000000000000e+03
	4.773580419113719e-05
1142		1.142000000000000e+03
	1.281978177858259e-05
1143		1.143000000000000e+03
	2.574359943421957e-05
1144		1.144000000000000e+03
	1.116885816060822e-05
1145		1.145000000000000e+03
	9.733085144884703e-06
1146		1.146000000000000e+03
	3.721096360818449e-05
1147		1.147000000000000e+03
	2.133628100174288e-05
1148		1.148000000000000e+03
	1.521743905674703e-05
1149		1.149000000000000e+03
	2.173761904436529e-05
1150		1.150000000000000e+03
	3.120729493259033e-05
1151		1.151000000000000e+03
	6.153268025341650e-06
1152		1.152000000000000e+03
	7.784919740308852e-06
1153		1.153000000000000e+03
	2.896218560694375e-05
1154		1.154000000000000e+03
	1.094679711857430e-04
1155		1.155000000000000e+03
	8.515410143775464e-06
1156		1.156000000000000e+03
	1.602339719254642e-05
1157		1.157000000000000e+03
	3.921784325664366e-05
1158		1.158000000000000e+03
	8.949650441010579e-06
1159		1.159000000000000e+03
	1.351975079893176e-05
1160		1.160000000000000e+03
	4.613479058033983e-05
1161		1.161000000000000e+03
	9.595500338315396e-06
1162		1.162000000000000e+03
	6.134332910602692e-06
1163		1.163000000000000e+03
	9.309787423413084e-06
1164		1.164000000000000e+03
	1.434425377829903e-06
1165		1.165000000000000e+03
	2.547948931826888e-05
1166		1.166000000000000e+03
	7.773505734001938e-06
1167		1.167000000000000e+03
	1.210442398249272e-05
1168		1.168000000000000e+03
	4.137195195236825e-05
1169		1.169000000000000e+03
	1.090994443866069e-05
1170		1.170000000000000e+03
	1.615918669283726e-05
1171		1.171000000000000e+03
	3.240273351331645e-06
1172		1.172000000000000e+03
	2.781109870190492e-05
1173		1.173000000000000e+03
	1.162992407967119e-05
1174		1.174000000000000e+03
	1.652929834535387e-05
1175		1.175000000000000e+03
	1.875284557632280e-05
1176		1.176000000000000e+03
	1.972427629773291e-05
1177		1.177000000000000e+03
	6.573518439077987e-05
1178		1.178000000000000e+03
	3.440199662037900e-05
1179		1.179000000000000e+03
	9.891839767483612e-06
1180		1.180000000000000e+03
	3.193723707585146e-05
1181		1.181000000000000e+03
	7.485037731696984e-05
1182		1.182000000000000e+03
	3.886397576888978e-06
1183		1.183000000000000e+03
	6.933263059799409e-05
1184		1.184000000000000e+03
	2.807616140468174e-05
1185		1.185000000000000e+03
	1.054179323106451e-04
1186		1.186000000000000e+03
	9.182797514780572e-06
1187		1.187000000000000e+03
	3.958188814130591e-05
1188		1.188000000000000e+03
	4.122071714284999e-06
1189		1.189000000000000e+03
	8.259884123650925e-06
1190		1.190000000000000e+03
	2.589358582684550e-05
1191		1.191000000000000e+03
	6.246921572818204e-05
1192		1.192000000000000e+03
	3.616418363793078e-05
1193		1.193000000000000e+03
	8.483140915062838e-05
1194		1.194000000000000e+03
	5.871212440672390e-05
1195		1.195000000000000e+03
	6.741446750612706e-06
1196		1.196000000000000e+03
	1.292239012208495e-05
1197		1.197000000000000e+03
	1.499894473891478e-05
1198		1.198000000000000e+03
	6.034368973481222e-05
1199		1.199000000000000e+03
	2.525942533370045e-05
1200		1.200000000000000e+03
	4.124640025926008e-05
1201		1.201000000000000e+03
	4.384892490241251e-05
1202		1.202000000000000e+03
	2.339259754145508e-05
1203		1.203000000000000e+03
	4.124903498132479e-05
1204		1.204000000000000e+03
	1.168256282964197e-04
1205		1.205000000000000e+03
	4.030504926516200e-05
1206		1.206000000000000e+03
	4.753620313188443e-05
1207		1.207000000000000e+03
	3.398535631055668e-05
1208		1.208000000000000e+03
	5.649508628068798e-05
1209		1.209000000000000e+03
	9.915246393531054e-05
1210		1.210000000000000e+03
	1.755477460319454e-05
1211		1.211000000000000e+03
	1.940849204515120e-05
1212		1.212000000000000e+03
	1.250986076436478e-05
1213		1.213000000000000e+03
	2.711127247047047e-06
1214		1.214000000000000e+03
	4.686362488662571e-06
1215		1.215000000000000e+03
	2.470137157315194e-05
1216		1.216000000000000e+03
	2.175440160801544e-05
1217		1.217000000000000e+03
	3.344324348059244e-05
1218		1.218000000000000e+03
	2.815316867926672e-05
1219		1.219000000000000e+03
	7.535719057991523e-05
1220		1.220000000000000e+03
	8.394541177300942e-05
1221		1.221000000000000e+03
	3.749279480122065e-05
1222		1.222000000000000e+03
	3.406386280226112e-05
1223		1.223000000000000e+03
	5.468882748935573e-05
1224		1.224000000000000e+03
	6.210607629338335e-05
1225		1.225000000000000e+03
	7.338665850719740e-05
1226		1.226000000000000e+03
	3.697973002158572e-05
1227		1.227000000000000e+03
	6.150054020338211e-05
1228		1.228000000000000e+03
	7.207706949898679e-05
1229		1.229000000000000e+03
	9.377676565793062e-05
1230		1.230000000000000e+03
	4.067381852483765e-05
1231		1.231000000000000e+03
	4.614385800454005e-05
1232		1.232000000000000e+03
	3.643806440620690e-05
1233		1.233000000000000e+03
	3.007895071435317e-05
1234		1.234000000000000e+03
	1.278540502316847e-05
1235		1.235000000000000e+03
	6.078271712808266e-05
1236		1.236000000000000e+03
	8.211688133974085e-06
1237		1.237000000000000e+03
	3.374154210604753e-06
1238		1.238000000000000e+03
	7.884863494503332e-06
1239		1.239000000000000e+03
	1.253916353121669e-04
1240		1.240000000000000e+03
	4.219957212342549e-06
1241		1.241000000000000e+03
	3.533282874589302e-06
1242		1.242000000000000e+03
	1.501998826187941e-05
1243		1.243000000000000e+03
	9.607874388466989e-06
1244		1.244000000000000e+03
	2.158155183294294e-05
1245		1.245000000000000e+03
	1.035946110511868e-05
1246		1.246000000000000e+03
	7.816756986936801e-06
1247		1.247000000000000e+03
	4.603659493074913e-05
1248		1.248000000000000e+03
	8.943603558905285e-06
1249		1.249000000000000e+03
	5.366312445255063e-05
1250		1.250000000000000e+03
	5.812081117944437e-05
1251		1.251000000000000e+03
	4.741793355436794e-06
1252		1.252000000000000e+03
	6.931196531722404e-05
1253		1.253000000000000e+03
	2.262135848275495e-05
1254		1.254000000000000e+03
	3.152435561223663e-06
1255		1.255000000000000e+03
	6.559247200761095e-06
1256		1.256000000000000e+03
	3.937236098476013e-05
1257		1.257000000000000e+03
	1.058568685148539e-04
1258		1.258000000000000e+03
	6.833355598851269e-06
1259		1.259000000000000e+03
	1.880883385844222e-06
1260		1.260000000000000e+03
	7.841761049455337e-05
1261		1.261000000000000e+03
	1.077583304523418e-05
1262		1.262000000000000e+03
	3.211720987631361e-05
1263		1.263000000000000e+03
	2.475166277006041e-05
1264		1.264000000000000e+03
	1.090052769352430e-05
1265		1.265000000000000e+03
	6.746572291783891e-06
1266		1.266000000000000e+03
	7.210856584647190e-05
1267		1.267000000000000e+03
	3.170538292965904e-05
1268		1.268000000000000e+03
	5.853396392171232e-06
1269		1.269000000000000e+03
	1.837818952875439e-05
1270		1.270000000000000e+03
	1.493369831606999e-05
1271		1.271000000000000e+03
	3.401125146849192e-05
1272		1.272000000000000e+03
	2.747354505710885e-05
1273		1.273000000000000e+03
	2.422277787193569e-05
1274		1.274000000000000e+03
	4.305857980004900e-05
1275		1.275000000000000e+03
	6.643645541595749e-06
1276		1.276000000000000e+03
	7.563906674340318e-06
1277		1.277000000000000e+03
	5.149959109319071e-05
1278		1.278000000000000e+03
	4.123248037971374e-05
1279		1.279000000000000e+03
	1.858403597635807e-05
1280		1.280000000000000e+03
	1.089852389830724e-05
1281		1.281000000000000e+03
	1.216731505302196e-04
1282		1.282000000000000e+03
	1.133185287423451e-05
1283		1.283000000000000e+03
	3.199923780532928e-05
1284		1.284000000000000e+03
	4.057085911158312e-05
1285		1.285000000000000e+03
	3.869517950587405e-05
1286		1.286000000000000e+03
	2.736101929567077e-05
1287		1.287000000000000e+03
	7.118644505547314e-05
1288		1.288000000000000e+03
	1.018903409130059e-05
1289		1.289000000000000e+03
	4.201403053523306e-05
1290		1.290000000000000e+03
	1.447247188103105e-05
1291		1.291000000000000e+03
	1.178925197008904e-05
1292		1.292000000000000e+03
	5.244005384587960e-05
1293		1.293000000000000e+03
	6.261743463593854e-05
1294		1.294000000000000e+03
	8.705183739602816e-05
1295		1.295000000000000e+03
	7.768587705780232e-05
1296		1.296000000000000e+03
	1.207878314186429e-05
1297		1.297000000000000e+03
	9.477545644254810e-06
1298		1.298000000000000e+03
	4.320178732540604e-05
1299		1.299000000000000e+03
	9.415797095299266e-05
1300		1.300000000000000e+03
	1.234379599074752e-05
1301		1.301000000000000e+03
	5.914166770827110e-05
1302		1.302000000000000e+03
	6.290093665530642e-06
1303		1.303000000000000e+03
	5.419257376043264e-05
1304		1.304000000000000e+03
	6.985789012347213e-05
1305		1.305000000000000e+03
	1.628372536078981e-05
1306		1.306000000000000e+03
	1.266056050998320e-05
1307		1.307000000000000e+03
	4.692920138218965e-05
1308		1.308000000000000e+03
	9.205196971247096e-05
1309		1.309000000000000e+03
	3.189063866162428e-05
1310		1.310000000000000e+03
	9.836994582548929e-05
1311		1.311000000000000e+03
	2.047328350149167e-05
1312		1.312000000000000e+03
	5.887265488582053e-05
1313		1.313000000000000e+03
	5.460257903736310e-05
1314		1.314000000000000e+03
	8.866087715356291e-05
1315		1.315000000000000e+03
	7.837711216234332e-05
1316		1.316000000000000e+03
	1.414907693802717e-05
1317		1.317000000000000e+03
	1.825462566538017e-05
1318		1.318000000000000e+03
	9.704583495573639e-05
1319		1.319000000000000e+03
	2.086813008382975e-05
1320		1.320000000000000e+03
	9.058664215232175e-06
1321		1.321000000000000e+03
	6.300053909263501e-06
1322		1.322000000000000e+03
	1.841152445739784e-05
1323		1.323000000000000e+03
	1.911761443305073e-06
1324		1.324000000000000e+03
	3.352606083082549e-05
1325		1.325000000000000e+03
	2.139891659140879e-05
1326		1.326000000000000e+03
	4.592234156141498e-05
1327		1.327000000000000e+03
	6.608194113464771e-05
1328		1.328000000000000e+03
	5.016662465706195e-06
1329		1.329000000000000e+03
	2.853248034718410e-05
1330		1.330000000000000e+03
	8.223589171331603e-06
1331		1.331000000000000e+03
	1.145074771417274e-05
1332		1.332000000000000e+03
	4.894235363156488e-05
1333		1.333000000000000e+03
	7.267672135931201e-05
1334		1.334000000000000e+03
	4.604488920910042e-05
1335		1.335000000000000e+03
	1.672585837591072e-05
1336		1.336000000000000e+03
	7.020836963757467e-05
1337		1.337000000000000e+03
	6.778594428443465e-05
1338		1.338000000000000e+03
	6.435581170340035e-05
1339		1.339000000000000e+03
	6.224160411514201e-06
1340		1.340000000000000e+03
	2.419434304797750e-05
1341		1.341000000000000e+03
	6.553953359771143e-06
1342		1.342000000000000e+03
	1.089031060729946e-04
1343		1.343000000000000e+03
	2.681215460218489e-05
1344		1.344000000000000e+03
	4.753008065270401e-05
1345		1.345000000000000e+03
	6.612360795163319e-05
1346		1.346000000000000e+03
	3.418534706139527e-05
1347		1.347000000000000e+03
	3.005662788083435e-05
1348		1.348000000000000e+03
	1.748618492362379e-05
1349		1.349000000000000e+03
	6.037327097314708e-05
1350		1.350000000000000e+03
	4.616985597490298e-06
1351		1.351000000000000e+03
	4.998810414490521e-06
1352		1.352000000000000e+03
	7.897058978566101e-06
1353		1.353000000000000e+03
	2.819024783882893e-05
1354		1.354000000000000e+03
	7.118261283553032e-06
1355		1.355000000000000e+03
	2.113278153435853e-06
1356		1.356000000000000e+03
	1.382908733960628e-05
1357		1.357000000000000e+03
	7.370400749924087e-06
1358		1.358000000000000e+03
	5.038942417242403e-05
1359		1.359000000000000e+03
	3.607188938972881e-06
1360		1.360000000000000e+03
	5.825035007454850e-05
1361		1.361000000000000e+03
	3.187532880797888e-05
1362		1.362000000000000e+03
	1.035978248335917e-05
1363		1.363000000000000e+03
	4.238170609309018e-06
1364		1.364000000000000e+03
	3.953746186376329e-06
1365		1.365000000000000e+03
	4.674024636276557e-05
1366		1.366000000000000e+03
	7.609093764905856e-06
1367		1.367000000000000e+03
	1.015221491797156e-05
1368		1.368000000000000e+03
	1.035343945090374e-04
1369		1.369000000000000e+03
	5.498002543159503e-05
1370		1.370000000000000e+03
	6.904880483883384e-05
1371		1.371000000000000e+03
	4.818754551731924e-05
1372		1.372000000000000e+03
	6.827802926685460e-05
1373		1.373000000000000e+03
	3.997269423737804e-05
1374		1.374000000000000e+03
	4.740899923333497e-05
1375		1.375000000000000e+03
	3.284667160421912e-05
1376		1.376000000000000e+03
	1.832015345187283e-05
1377		1.377000000000000e+03
	5.392208770845489e-05
1378		1.378000000000000e+03
	2.038453789979196e-05
1379		1.379000000000000e+03
	5.647007263008991e-06
1380		1.380000000000000e+03
	2.591938261100442e-05
1381		1.381000000000000e+03
	8.676906778954927e-05
1382		1.382000000000000e+03
	1.018978884130855e-04
1383		1.383000000000000e+03
	5.268333046216373e-05
1384		1.384000000000000e+03
	4.162222984144843e-05
1385		1.385000000000000e+03
	3.209821896099870e-05
1386		1.386000000000000e+03
	5.204718761787922e-05
1387		1.387000000000000e+03
	2.775250852374235e-05
1388		1.388000000000000e+03
	1.590822346601197e-05
1389		1.389000000000000e+03
	3.761802520808968e-05
1390		1.390000000000000e+03
	3.399367433248486e-05
1391		1.391000000000000e+03
	1.172435522390120e-05
1392		1.392000000000000e+03
	8.310037683061974e-05
1393		1.393000000000000e+03
	3.472764926744179e-06
1394		1.394000000000000e+03
	4.465162121214514e-05
1395		1.395000000000000e+03
	2.941835877222991e-05
1396		1.396000000000000e+03
	5.507145971549014e-05
1397		1.397000000000000e+03
	2.189705947166708e-05
1398		1.398000000000000e+03
	1.166005321777355e-05
1399		1.399000000000000e+03
	5.483742677898692e-05
1400		1.400000000000000e+03
	4.024135770530245e-05
1401		1.401000000000000e+03
	2.052699936466046e-05
1402		1.402000000000000e+03
	4.693141691066235e-05
1403		1.403000000000000e+03
	4.655200982019039e-05
1404		1.404000000000000e+03
	7.412980605985399e-06
1405		1.405000000000000e+03
	2.556965954147857e-06
1406		1.406000000000000e+03
	3.871160853441872e-05
1407		1.407000000000000e+03
	5.196727170949851e-05
1408		1.408000000000000e+03
	3.200526385055156e-05
1409		1.409000000000000e+03
	7.789103306001292e-06
1410		1.410000000000000e+03
	2.134016288840260e-05
1411		1.411000000000000e+03
	1.517029585774455e-05
1412		1.412000000000000e+03
	1.439927655270091e-05
1413		1.413000000000000e+03
	3.825747179061183e-05
1414		1.414000000000000e+03
	1.839764625508722e-05
1415		1.415000000000000e+03
	1.957635855438945e-05
1416		1.416000000000000e+03
	7.982726846108123e-06
1417		1.417000000000000e+03
	1.887715321896562e-05
1418		1.418000000000000e+03
	2.767527142310033e-05
1419		1.419000000000000e+03
	3.805701288552089e-05
1420		1.420000000000000e+03
	3.340087637502047e-05
1421		1.421000000000000e+03
	2.312956205936385e-05
1422		1.422000000000000e+03
	2.005154462602850e-05
1423		1.423000000000000e+03
	3.472560354134992e-05
1424		1.424000000000000e+03
	5.393246306734475e-06
1425		1.425000000000000e+03
	3.692962913272185e-05
1426		1.426000000000000e+03
	7.721729782743438e-05
1427		1.427000000000000e+03
	6.876577246266623e-05
1428		1.428000000000000e+03
	5.655351603510123e-05
1429		1.429000000000000e+03
	2.529588712734642e-05
1430		1.430000000000000e+03
	1.106695183211741e-05
1431		1.431000000000000e+03
	3.871088146574781e-05
1432		1.432000000000000e+03
	4.396354214379754e-06
1433		1.433000000000000e+03
	1.264904771215634e-05
1434		1.434000000000000e+03
	8.142410763297297e-07
1435		1.435000000000000e+03
	3.209396824491877e-05
1436		1.436000000000000e+03
	2.511509852304981e-05
1437		1.437000000000000e+03
	1.097248674323551e-05
1438		1.438000000000000e+03
	5.122888987937954e-05
1439		1.439000000000000e+03
	1.292974488039215e-05
1440		1.440000000000000e+03
	1.260573310070421e-05
1441		1.441000000000000e+03
	1.709685152506038e-05
1442		1.442000000000000e+03
	1.645696703917672e-06
1443		1.443000000000000e+03
	2.898067803073549e-05
1444		1.444000000000000e+03
	3.010945094653292e-05
1445		1.445000000000000e+03
	9.027659552892956e-05
1446		1.446000000000000e+03
	4.635032722756381e-06
1447		1.447000000000000e+03
	3.570551796043929e-06
1448		1.448000000000000e+03
	8.087375936205923e-05
1449		1.449000000000000e+03
	2.776142162695741e-05
1450		1.450000000000000e+03
	2.942467144897441e-05
1451		1.451000000000000e+03
	1.587340429007996e-05
1452		1.452000000000000e+03
	9.599440181403550e-05
1453		1.453000000000000e+03
	7.155754057876816e-05
1454		1.454000000000000e+03
	1.090570693713698e-04
1455		1.455000000000000e+03
	5.919657415630873e-05
1456		1.456000000000000e+03
	9.690055901712187e-05
1457		1.457000000000000e+03
	5.837368701091734e-05
1458		1.458000000000000e+03
	1.735350063193075e-05
1459		1.459000000000000e+03
	7.992590478704312e-06
1460		1.460000000000000e+03
	2.186278843387985e-05
1461		1.461000000000000e+03
	1.186159361874242e-05
1462		1.462000000000000e+03
	1.755822686997369e-05
1463		1.463000000000000e+03
	3.423494315013615e-05
1464		1.464000000000000e+03
	1.750475629022434e-05
1465		1.465000000000000e+03
	4.131320425006804e-05
1466		1.466000000000000e+03
	3.992939172634438e-05
1467		1.467000000000000e+03
	4.494075801839970e-06
1468		1.468000000000000e+03
	1.157228706134789e-05
1469		1.469000000000000e+03
	1.661236515584963e-05
1470		1.470000000000000e+03
	9.527088982120253e-06
1471		1.471000000000000e+03
	1.064801397527494e-05
1472		1.472000000000000e+03
	2.572009249904948e-05
1473		1.473000000000000e+03
	2.951692759180861e-05
1474		1.474000000000000e+03
	2.774142979961134e-05
1475		1.475000000000000e+03
	9.959070829853400e-06
1476		1.476000000000000e+03
	4.086239319640708e-06
1477		1.477000000000000e+03
	8.694272073837604e-06
1478		1.478000000000000e+03
	4.071685382034092e-05
1479		1.479000000000000e+03
	2.673792696705421e-05
1480		1.480000000000000e+03
	1.237682698040790e-04
1481		1.481000000000000e+03
	1.821629908811169e-05
1482		1.482000000000000e+03
	5.033655109177563e-05
1483		1.483000000000000e+03
	8.567666438762741e-06
1484		1.484000000000000e+03
	1.107334113970892e-04
1485		1.485000000000000e+03
	1.765165233010704e-05
1486		1.486000000000000e+03
	4.014335192595344e-05
1487		1.487000000000000e+03
	2.851480289156032e-05
1488		1.488000000000000e+03
	5.279695394182747e-05
1489		1.489000000000000e+03
	3.165988702116734e-05
1490		1.490000000000000e+03
	1.673468153136966e-05
1491		1.491000000000000e+03
	3.607545700142160e-05
1492		1.492000000000000e+03
	3.604514587882397e-05
1493		1.493000000000000e+03
	1.272788149953263e-05
1494		1.494000000000000e+03
	6.299230923010688e-06
1495		1.495000000000000e+03
	5.157628889958996e-05
1496		1.496000000000000e+03
	4.345514923319614e-05
1497		1.497000000000000e+03
	3.984271012251452e-05
1498		1.498000000000000e+03
	1.259182695000001e-05
1499		1.499000000000000e+03
	9.172488362604704e-05
1500		1.500000000000000e+03
	6.868925693652333e-06
1501		1.501000000000000e+03
	1.709502960117922e-05
1502		1.502000000000000e+03
	1.349140603725884e-04
1503		1.503000000000000e+03
	1.526832444438024e-05
1504		1.504000000000000e+03
	3.134091044504910e-05
1505		1.505000000000000e+03
	2.652020271707553e-05
1506		1.506000000000000e+03
	6.593757413292673e-06
1507		1.507000000000000e+03
	4.625617564293880e-05
1508		1.508000000000000e+03
	4.968813909129431e-05
1509		1.509000000000000e+03
	8.826164202140496e-06
1510		1.510000000000000e+03
	1.135556615731671e-05
1511		1.511000000000000e+03
	4.383239843291359e-06
1512		1.512000000000000e+03
	1.129672466754178e-05
1513		1.513000000000000e+03
	3.287157777811018e-05
1514		1.514000000000000e+03
	1.497726619252082e-05
1515		1.515000000000000e+03
	7.830790562419490e-06
1516		1.516000000000000e+03
	2.402282302105405e-05
1517		1.517000000000000e+03
	4.969856646869904e-05
1518		1.518000000000000e+03
	1.866207372330018e-05
1519		1.519000000000000e+03
	4.708016322516765e-05
1520		1.520000000000000e+03
	5.950366180254934e-06
1521		1.521000000000000e+03
	7.579255064951737e-05
1522		1.522000000000000e+03
	8.669056552397635e-06
1523		1.523000000000000e+03
	7.324758312985008e-05
1524		1.524000000000000e+03
	8.032506380219256e-05
1525		1.525000000000000e+03
	1.931189221100933e-05
1526		1.526000000000000e+03
	1.338037490705950e-05
1527		1.527000000000000e+03
	8.070532750496485e-05
1528		1.528000000000000e+03
	2.000109444394256e-05
1529		1.529000000000000e+03
	2.696819747915849e-05
1530		1.530000000000000e+03
	7.623700193596809e-05
1531		1.531000000000000e+03
	3.164764906316821e-05
1532		1.532000000000000e+03
	2.514964021150503e-05
1533		1.533000000000000e+03
	8.284667436762612e-06
1534		1.534000000000000e+03
	7.551161971359839e-06
1535		1.535000000000000e+03
	6.174230612196223e-05
1536		1.536000000000000e+03
	2.698136262584314e-05
1537		1.537000000000000e+03
	6.560122173068066e-06
1538		1.538000000000000e+03
	2.767735340049218e-05
1539		1.539000000000000e+03
	5.401594372633214e-05
1540		1.540000000000000e+03
	6.144326511636487e-05
1541		1.541000000000000e+03
	1.073451489956777e-05
1542		1.542000000000000e+03
	7.971148807965448e-06
1543		1.543000000000000e+03
	1.582572932483376e-05
1544		1.544000000000000e+03
	9.043764251610937e-05
1545		1.545000000000000e+03
	1.993515310120306e-05
1546		1.546000000000000e+03
	8.635681953362552e-05
1547		1.547000000000000e+03
	2.632872381278185e-05
1548		1.548000000000000e+03
	3.235965850652137e-05
1549		1.549000000000000e+03
	2.077719670377616e-05
1550		1.550000000000000e+03
	1.500806016726088e-05
1551		1.551000000000000e+03
	7.194359926672275e-05
1552		1.552000000000000e+03
	9.159788128371922e-05
1553		1.553000000000000e+03
	2.019746535466409e-05
1554		1.554000000000000e+03
	2.282123898077403e-05
1555		1.555000000000000e+03
	1.318379757553357e-05
1556		1.556000000000000e+03
	1.517562639435327e-05
1557		1.557000000000000e+03
	3.276819601511980e-05
1558		1.558000000000000e+03
	2.245441202647348e-05
1559		1.559000000000000e+03
	2.321547595572283e-05
1560		1.560000000000000e+03
	1.335626125423703e-05
1561		1.561000000000000e+03
	8.084136706420470e-05
1562		1.562000000000000e+03
	1.112726755709501e-04
1563		1.563000000000000e+03
	2.449411273534375e-05
1564		1.564000000000000e+03
	1.583107694255850e-05
1565		1.565000000000000e+03
	1.311988866974901e-05
1566		1.566000000000000e+03
	2.313851372509418e-05
1567		1.567000000000000e+03
	8.921977537731933e-06
1568		1.568000000000000e+03
	4.769649029797680e-05
1569		1.569000000000000e+03
	6.474417637589867e-05
1570		1.570000000000000e+03
	1.401826590104098e-05
1571		1.571000000000000e+03
	6.517208510663964e-05
1572		1.572000000000000e+03
	5.723667010778275e-06
1573		1.573000000000000e+03
	6.506011775391805e-06
1574		1.574000000000000e+03
	6.238702394259927e-06
1575		1.575000000000000e+03
	1.184602172752315e-04
1576		1.576000000000000e+03
	4.321119805353243e-06
1577		1.577000000000000e+03
	4.958682213792382e-05
1578		1.578000000000000e+03
	3.189205825981783e-05
1579		1.579000000000000e+03
	1.244005178122232e-05
1580		1.580000000000000e+03
	1.379403275711714e-05
1581		1.581000000000000e+03
	3.894735471580039e-06
1582		1.582000000000000e+03
	1.213924328104102e-05
1583		1.583000000000000e+03
	4.430854447369935e-05
1584		1.584000000000000e+03
	3.027922657003418e-05
1585		1.585000000000000e+03
	7.682864409203344e-05
1586		1.586000000000000e+03
	8.482671687022330e-06
1587		1.587000000000000e+03
	1.955135322280154e-05
1588		1.588000000000000e+03
	3.895981906443390e-05
1589		1.589000000000000e+03
	1.050058331868498e-05
1590		1.590000000000000e+03
	1.334958528384409e-05
1591		1.591000000000000e+03
	4.124244046720609e-05
1592		1.592000000000000e+03
	1.125009689536784e-05
1593		1.593000000000000e+03
	8.344172764331570e-06
1594		1.594000000000000e+03
	1.035465400705726e-05
1595		1.595000000000000e+03
	2.976566187022605e-06
1596		1.596000000000000e+03
	3.410915343238833e-05
1597		1.597000000000000e+03
	7.337336437473571e-05
1598		1.598000000000000e+03
	3.416431965719782e-05
1599		1.599000000000000e+03
	1.306273339047114e-05
1600		1.600000000000000e+03
	1.867399889774528e-06
1601		1.601000000000000e+03
	5.299883232363216e-05
1602		1.602000000000000e+03
	1.064590765579755e-05
1603		1.603000000000000e+03
	1.526632428494957e-05
1604		1.604000000000000e+03
	3.746624312909306e-05
1605		1.605000000000000e+03
	9.838997879740278e-06
1606		1.606000000000000e+03
	1.783059361664055e-05
1607		1.607000000000000e+03
	5.390010460998501e-06
1608		1.608000000000000e+03
	5.000035585654282e-05
1609		1.609000000000000e+03
	5.169492013360537e-05
1610		1.610000000000000e+03
	9.459569368759609e-06
1611		1.611000000000000e+03
	9.823974612867716e-06
1612		1.612000000000000e+03
	6.957564230619679e-06
1613		1.613000000000000e+03
	2.995175292478377e-05
1614		1.614000000000000e+03
	9.338055729259116e-06
1615		1.615000000000000e+03
	1.372867000233502e-05
1616		1.616000000000000e+03
	1.013409624941586e-05
1617		1.617000000000000e+03
	4.165611609260998e-06
1618		1.618000000000000e+03
	8.554338591801825e-06
1619		1.619000000000000e+03
	2.035471046716649e-05
1620		1.620000000000000e+03
	2.730982287756760e-05
1621		1.621000000000000e+03
	2.217931984215350e-05
1622		1.622000000000000e+03
	4.012700446624834e-06
1623		1.623000000000000e+03
	1.761627288626870e-05
1624		1.624000000000000e+03
	7.008183426572793e-05
1625		1.625000000000000e+03
	1.759122073403189e-05
1626		1.626000000000000e+03
	1.051248604082279e-04
1627		1.627000000000000e+03
	6.640676616801770e-05
1628		1.628000000000000e+03
	1.196998412595952e-05
1629		1.629000000000000e+03
	6.690766904317219e-06
1630		1.630000000000000e+03
	1.149239345493703e-04
1631		1.631000000000000e+03
	7.753288511707164e-06
1632		1.632000000000000e+03
	8.416322372748564e-06
1633		1.633000000000000e+03
	5.390766956120193e-05
1634		1.634000000000000e+03
	1.040268708644678e-05
1635		1.635000000000000e+03
	6.883605774928142e-05
1636		1.636000000000000e+03
	9.839527262795592e-06
1637		1.637000000000000e+03
	1.271538499333805e-05
1638		1.638000000000000e+03
	3.808009960502875e-05
1639		1.639000000000000e+03
	5.777922802374717e-05
1640		1.640000000000000e+03
	7.875356058638108e-05
1641		1.641000000000000e+03
	5.136729847141726e-05
1642		1.642000000000000e+03
	6.866172054197685e-05
1643		1.643000000000000e+03
	1.839683711009670e-06
1644		1.644000000000000e+03
	3.502117128657950e-06
1645		1.645000000000000e+03
	1.129665910174768e-05
1646		1.646000000000000e+03
	3.461429115749832e-05
1647		1.647000000000000e+03
	9.353357668160727e-05
1648		1.648000000000000e+03
	4.477501618629753e-05
1649		1.649000000000000e+03
	1.018253039396968e-05
1650		1.650000000000000e+03
	2.113599223122382e-05
1651		1.651000000000000e+03
	2.085418791231638e-05
1652		1.652000000000000e+03
	1.495984910285376e-05
1653		1.653000000000000e+03
	1.421282228797541e-05
1654		1.654000000000000e+03
	6.063597845350296e-05
1655		1.655000000000000e+03
	3.203931570973565e-05
1656		1.656000000000000e+03
	4.704031704225164e-05
1657		1.657000000000000e+03
	6.573322327257761e-06
1658		1.658000000000000e+03
	2.395423954978733e-05
1659		1.659000000000000e+03
	1.975635991570787e-05
1660		1.660000000000000e+03
	1.430621550676049e-05
1661		1.661000000000000e+03
	1.591033653376948e-05
1662		1.662000000000000e+03
	1.111004373279052e-05
1663		1.663000000000000e+03
	6.413653265428806e-05
1664		1.664000000000000e+03
	1.429075287288792e-05
1665		1.665000000000000e+03
	3.642608388678868e-05
1666		1.666000000000000e+03
	6.774354450232826e-06
1667		1.667000000000000e+03
	2.338174284398045e-05
1668		1.668000000000000e+03
	9.610402901268352e-05
1669		1.669000000000000e+03
	1.034657445947152e-05
1670		1.670000000000000e+03
	1.480752304972662e-05
1671		1.671000000000000e+03
	1.010937046244338e-05
1672		1.672000000000000e+03
	6.347470477402063e-06
1673		1.673000000000000e+03
	2.064643078708020e-05
1674		1.674000000000000e+03
	8.730801112487109e-06
1675		1.675000000000000e+03
	3.840928675263569e-05
1676		1.676000000000000e+03
	1.659545430029059e-05
1677		1.677000000000000e+03
	7.836330887965419e-05
1678		1.678000000000000e+03
	2.362978560185569e-05
1679		1.679000000000000e+03
	4.786905040116203e-05
1680		1.680000000000000e+03
	3.762787422644168e-06
1681		1.681000000000000e+03
	1.384550080775990e-05
1682		1.682000000000000e+03
	2.746529147789192e-05
1683		1.683000000000000e+03
	6.296933519186677e-06
1684		1.684000000000000e+03
	2.840794251231056e-05
1685		1.685000000000000e+03
	2.843015477521369e-05
1686		1.686000000000000e+03
	4.911725304807198e-05
1687		1.687000000000000e+03
	2.746654587652111e-05
1688		1.688000000000000e+03
	3.302525747087649e-05
1689		1.689000000000000e+03
	1.267751735565221e-05
1690		1.690000000000000e+03
	5.340529747763816e-05
1691		1.691000000000000e+03
	4.498351981708562e-05
1692		1.692000000000000e+03
	6.859727409328647e-06
1693		1.693000000000000e+03
	1.112168622099608e-05
1694		1.694000000000000e+03
	2.262473169556709e-05
1695		1.695000000000000e+03
	7.743179487628524e-06
1696		1.696000000000000e+03
	2.099954694831048e-05
1697		1.697000000000000e+03
	1.210456609987588e-05
1698		1.698000000000000e+03
	6.111871833297561e-06
1699		1.699000000000000e+03
	4.712532883624948e-05
1700		1.700000000000000e+03
	1.547476524058617e-05
1701		1.701000000000000e+03
	3.345537173230395e-05
1702		1.702000000000000e+03
	1.574235260847381e-05
1703		1.703000000000000e+03
	1.619781696504455e-05
1704		1.704000000000000e+03
	7.660382937696360e-06
1705		1.705000000000000e+03
	9.172832395317275e-06
1706		1.706000000000000e+03
	9.282508996525043e-05
1707		1.707000000000000e+03
	8.052802564972766e-05
1708		1.708000000000000e+03
	5.351212386044800e-05
1709		1.709000000000000e+03
	1.016673172735966e-05
1710		1.710000000000000e+03
	4.024727627663472e-06
1711		1.711000000000000e+03
	1.777645698320915e-05
1712		1.712000000000000e+03
	9.440775149678383e-06
1713		1.713000000000000e+03
	1.992939633745358e-05
1714		1.714000000000000e+03
	3.308007573074386e-05
1715		1.715000000000000e+03
	2.884158569358230e-05
1716		1.716000000000000e+03
	3.077863640618920e-05
1717		1.717000000000000e+03
	6.046279219029633e-06
1718		1.718000000000000e+03
	3.703210559647818e-05
1719		1.719000000000000e+03
	1.010081822301229e-05
1720		1.720000000000000e+03
	7.588404343404690e-06
1721		1.721000000000000e+03
	1.011931303688163e-04
1722		1.722000000000000e+03
	6.286323502225522e-05
1723		1.723000000000000e+03
	9.774004665433792e-06
1724		1.724000000000000e+03
	7.730373841844968e-06
1725		1.725000000000000e+03
	7.665701397267542e-06
1726		1.726000000000000e+03
	8.472977843358389e-05
1727		1.727000000000000e+03
	2.064532442759247e-05
1728		1.728000000000000e+03
	6.762510358078521e-06
1729		1.729000000000000e+03
	7.264650482478248e-06
1730		1.730000000000000e+03
	9.982814061520220e-05
1731		1.731000000000000e+03
	4.748403448167261e-06
1732		1.732000000000000e+03
	1.242294960559365e-05
1733		1.733000000000000e+03
	1.518416332159589e-05
1734		1.734000000000000e+03
	3.093888470354595e-06
1735		1.735000000000000e+03
	5.283964431467862e-05
1736		1.736000000000000e+03
	3.623127669751174e-05
1737		1.737000000000000e+03
	5.611965907518233e-06
1738		1.738000000000000e+03
	3.262327026872978e-05
1739		1.739000000000000e+03
	5.939042579103914e-05
1740		1.740000000000000e+03
	5.372496397796892e-05
1741		1.741000000000000e+03
	3.983002473499271e-05
1742		1.742000000000000e+03
	7.400714696551679e-05
1743		1.743000000000000e+03
	4.190731175637857e-05
1744		1.744000000000000e+03
	4.166556178237725e-06
1745		1.745000000000000e+03
	1.079128402357267e-04
1746		1.746000000000000e+03
	5.365019747364228e-06
1747		1.747000000000000e+03
	1.239720217300542e-04
1748		1.748000000000000e+03
	5.595464856302441e-05
1749		1.749000000000000e+03
	1.624186682249710e-05
1750		1.750000000000000e+03
	4.339258550979214e-05
1751		1.751000000000000e+03
	1.069772706569181e-05
1752		1.752000000000000e+03
	5.977382610109240e-05
1753		1.753000000000000e+03
	2.543645023614302e-05
1754		1.754000000000000e+03
	8.099423160918324e-05
1755		1.755000000000000e+03
	1.347188124888272e-05
1756		1.756000000000000e+03
	1.715511768472133e-05
1757		1.757000000000000e+03
	6.806413918930752e-06
1758		1.758000000000000e+03
	1.159811587149984e-04
1759		1.759000000000000e+03
	1.819940775190189e-05
1760		1.760000000000000e+03
	9.666039284777520e-05
1761		1.761000000000000e+03
	3.925184008012997e-06
1762		1.762000000000000e+03
	3.309084883839866e-05
1763		1.763000000000000e+03
	5.140766745402307e-05
1764		1.764000000000000e+03
	1.082905032583601e-04
1765		1.765000000000000e+03
	4.977796407053911e-05
1766		1.766000000000000e+03
	2.184887197895048e-05
1767		1.767000000000000e+03
	3.868063993224711e-06
1768		1.768000000000000e+03
	9.089779010668924e-06
1769		1.769000000000000e+03
	1.949107086192828e-05
1770		1.770000000000000e+03
	6.562306733667865e-05
1771		1.771000000000000e+03
	4.037962002550706e-05
1772		1.772000000000000e+03
	1.000442840064169e-05
1773		1.773000000000000e+03
	2.378532862187854e-05
1774		1.774000000000000e+03
	8.526316966648574e-06
1775		1.775000000000000e+03
	3.323697731105721e-05
1776		1.776000000000000e+03
	6.429929477448882e-05
1777		1.777000000000000e+03
	5.334114814722905e-06
1778		1.778000000000000e+03
	6.443866698807710e-05
1779		1.779000000000000e+03
	3.681653517413119e-05
1780		1.780000000000000e+03
	1.060013129256574e-04
1781		1.781000000000000e+03
	1.049802775544701e-05
1782		1.782000000000000e+03
	1.334173376156743e-05
1783		1.783000000000000e+03
	5.864631264385274e-06
1784		1.784000000000000e+03
	1.123682757211121e-05
1785		1.785000000000000e+03
	4.362344348310412e-05
1786		1.786000000000000e+03
	1.136842830322661e-05
1787		1.787000000000000e+03
	1.175561859535100e-05
1788		1.788000000000000e+03
	8.267037055700261e-05
1789		1.789000000000000e+03
	1.585604956296164e-05
1790		1.790000000000000e+03
	1.183179337953633e-04
1791		1.791000000000000e+03
	7.039727065696585e-06
1792		1.792000000000000e+03
	1.116130627010175e-05
1793		1.793000000000000e+03
	7.067882505524104e-05
1794		1.794000000000000e+03
	1.561911664922885e-05
1795		1.795000000000000e+03
	1.489676838237546e-05
1796		1.796000000000000e+03
	7.452489418308668e-07
1797		1.797000000000000e+03
	4.434950213577636e-05
1798		1.798000000000000e+03
	5.515376130046192e-06
1799		1.799000000000000e+03
	3.072164045889155e-05
1800		1.800000000000000e+03
	4.944846953389740e-05
1801		1.801000000000000e+03
	1.103698375668268e-05
1802		1.802000000000000e+03
	1.219645807744459e-05
1803		1.803000000000000e+03
	2.571423928622893e-05
1804		1.804000000000000e+03
	1.288319734007625e-05
1805		1.805000000000000e+03
	3.916710692519187e-05
1806		1.806000000000000e+03
	3.064151100137676e-05
1807		1.807000000000000e+03
	5.313196658276352e-06
1808		1.808000000000000e+03
	1.398677742990552e-05
1809		1.809000000000000e+03
	1.108722005282302e-04
1810		1.810000000000000e+03
	8.229129446151167e-05
1811		1.811000000000000e+03
	2.146906498494587e-05
1812		1.812000000000000e+03
	2.832971794452438e-06
1813		1.813000000000000e+03
	1.313969796530696e-04
1814		1.814000000000000e+03
	3.583957993648307e-05
1815		1.815000000000000e+03
	6.806388305723729e-05
1816		1.816000000000000e+03
	4.483141505121559e-05
1817		1.817000000000000e+03
	2.039844096253648e-05
1818		1.818000000000000e+03
	6.829510306821550e-05
1819		1.819000000000000e+03
	4.783741912581834e-05
1820		1.820000000000000e+03
	3.580517528893862e-05
1821		1.821000000000000e+03
	1.937159354189655e-05
1822		1.822000000000000e+03
	1.056424043662102e-05
1823		1.823000000000000e+03
	1.801713910437016e-05
1824		1.824000000000000e+03
	5.575745784406454e-06
1825		1.825000000000000e+03
	4.912608934116930e-06
1826		1.826000000000000e+03
	2.031951456557325e-05
1827		1.827000000000000e+03
	6.331778560110150e-06
1828		1.828000000000000e+03
	5.119446479127827e-05
1829		1.829000000000000e+03
	1.949695033611213e-05
1830		1.830000000000000e+03
	2.801511014036341e-05
1831		1.831000000000000e+03
	5.734020021017366e-06
1832		1.832000000000000e+03
	7.318290124295958e-05
1833		1.833000000000000e+03
	5.245163977231884e-05
1834		1.834000000000000e+03
	8.375322957064560e-05
1835		1.835000000000000e+03
	3.344540802988444e-05
1836		1.836000000000000e+03
	7.305622190385519e-05
1837		1.837000000000000e+03
	1.053714939780900e-04
1838		1.838000000000000e+03
	3.157897364091132e-05
1839		1.839000000000000e+03
	2.387468291650774e-05
1840		1.840000000000000e+03
	1.002661628662589e-04
1841		1.841000000000000e+03
	3.129213527135589e-05
1842		1.842000000000000e+03
	1.090807914454626e-05
1843		1.843000000000000e+03
	7.860320992488162e-06
1844		1.844000000000000e+03
	6.426029166529863e-06
1845		1.845000000000000e+03
	8.211224299308549e-06
1846		1.846000000000000e+03
	1.267657801712982e-05
1847		1.847000000000000e+03
	2.801680591608293e-05
1848		1.848000000000000e+03
	7.544821529796212e-06
1849		1.849000000000000e+03
	7.213676128479329e-05
1850		1.850000000000000e+03
	1.784116357489956e-05
1851		1.851000000000000e+03
	5.271639125565234e-05
1852		1.852000000000000e+03
	1.719784724147812e-06
1853		1.853000000000000e+03
	1.054191257372707e-06
1854		1.854000000000000e+03
	5.004354031464031e-05
1855		1.855000000000000e+03
	4.934409530345071e-05
1856		1.856000000000000e+03
	7.003707381440884e-05
1857		1.857000000000000e+03
	8.862450477712365e-05
1858		1.858000000000000e+03
	8.810139207748434e-06
1859		1.859000000000000e+03
	5.401483416109586e-05
1860		1.860000000000000e+03
	9.339497136793530e-05
1861		1.861000000000000e+03
	5.035630817950938e-06
1862		1.862000000000000e+03
	4.597253392067024e-06
1863		1.863000000000000e+03
	3.638036076100557e-05
1864		1.864000000000000e+03
	5.306301409163110e-05
1865		1.865000000000000e+03
	4.818988825515552e-05
1866		1.866000000000000e+03
	5.721348043461800e-06
1867		1.867000000000000e+03
	4.639003644124055e-06
1868		1.868000000000000e+03
	3.297444448472650e-06
1869		1.869000000000000e+03
	1.225956466831016e-05
1870		1.870000000000000e+03
	7.225468933470499e-05
1871		1.871000000000000e+03
	9.479736333328950e-05
1872		1.872000000000000e+03
	1.118333048432671e-05
1873		1.873000000000000e+03
	1.185870896998725e-05
1874		1.874000000000000e+03
	1.095307509704317e-05
1875		1.875000000000000e+03
	8.365860283212216e-06
1876		1.876000000000000e+03
	3.596954163389551e-05
1877		1.877000000000000e+03
	1.671884662188352e-05
1878		1.878000000000000e+03
	7.622144773749808e-05
1879		1.879000000000000e+03
	2.217173986964885e-05
1880		1.880000000000000e+03
	9.697682202527645e-05
1881		1.881000000000000e+03
	1.860346461162524e-05
1882		1.882000000000000e+03
	7.461656550655669e-06
1883		1.883000000000000e+03
	5.286166868182487e-05
1884		1.884000000000000e+03
	6.251437114741962e-05
1885		1.885000000000000e+03
	7.163626961917589e-05
1886		1.886000000000000e+03
	1.948575973022866e-05
1887		1.887000000000000e+03
	3.574921686192521e-05
1888		1.888000000000000e+03
	1.522648238317215e-05
1889		1.889000000000000e+03
	3.189980413696863e-05
1890		1.890000000000000e+03
	5.204503987385477e-05
1891		1.891000000000000e+03
	1.800594132054583e-05
1892		1.892000000000000e+03
	1.031235687549054e-04
1893		1.893000000000000e+03
	1.072967459133205e-04
1894		1.894000000000000e+03
	3.754768750031492e-05
1895		1.895000000000000e+03
	2.418711138387216e-05
1896		1.896000000000000e+03
	4.706487579027059e-05
1897		1.897000000000000e+03
	1.284952081924130e-05
1898		1.898000000000000e+03
	1.593889049030708e-06
1899		1.899000000000000e+03
	6.267040253745212e-05
1900		1.900000000000000e+03
	1.308622094393444e-05
1901		1.901000000000000e+03
	6.500182092374933e-06
1902		1.902000000000000e+03
	1.130870543930037e-05
1903		1.903000000000000e+03
	1.751964739855220e-05
1904		1.904000000000000e+03
	4.760434405546743e-05
1905		1.905000000000000e+03
	4.651201090282850e-05
1906		1.906000000000000e+03
	2.417872710625234e-05
1907		1.907000000000000e+03
	1.421946232882560e-05
1908		1.908000000000000e+03
	3.344909744574506e-05
1909		1.909000000000000e+03
	1.190243560313474e-04
1910		1.910000000000000e+03
	6.904083938882097e-05
1911		1.911000000000000e+03
	1.228172087326650e-05
1912		1.912000000000000e+03
	7.341654390778726e-06
1913		1.913000000000000e+03
	2.875209474133211e-05
1914		1.914000000000000e+03
	1.148412474495952e-05
1915		1.915000000000000e+03
	2.468316460187583e-06
1916		1.916000000000000e+03
	6.370473997957044e-05
1917		1.917000000000000e+03
	6.523983148060585e-06
1918		1.918000000000000e+03
	2.111249654998381e-05
1919		1.919000000000000e+03
	4.261461452216271e-06
1920		1.920000000000000e+03
	8.219885781566251e-05
1921		1.921000000000000e+03
	2.964670190160940e-05
1922		1.922000000000000e+03
	4.375194584109210e-05
1923		1.923000000000000e+03
	3.133147690218117e-05
1924		1.924000000000000e+03
	1.149464168778619e-04
1925		1.925000000000000e+03
	3.163737417640124e-05
1926		1.926000000000000e+03
	1.119950137245898e-05
1927		1.927000000000000e+03
	2.467050297936867e-05
1928		1.928000000000000e+03
	1.170812658932326e-05
1929		1.929000000000000e+03
	1.883292505236445e-05
1930		1.930000000000000e+03
	2.487510164764141e-05
1931		1.931000000000000e+03
	1.172225959329690e-05
1932		1.932000000000000e+03
	1.099628721658637e-05
1933		1.933000000000000e+03
	8.853464701994376e-05
1934		1.934000000000000e+03
	1.276272446667215e-05
1935		1.935000000000000e+03
	2.056929766768048e-05
1936		1.936000000000000e+03
	3.849854233897432e-05
1937		1.937000000000000e+03
	1.528515713267576e-05
1938		1.938000000000000e+03
	1.255502701717327e-05
1939		1.939000000000000e+03
	2.986182560777261e-05
1940		1.940000000000000e+03
	6.402154879879733e-05
1941		1.941000000000000e+03
	7.869913187098498e-05
1942		1.942000000000000e+03
	6.872520121987278e-06
1943		1.943000000000000e+03
	1.794615089654978e-05
1944		1.944000000000000e+03
	5.503297442453367e-05
1945		1.945000000000000e+03
	2.930861190087730e-05
1946		1.946000000000000e+03
	2.706546478130340e-05
1947		1.947000000000000e+03
	1.450669251864255e-05
1948		1.948000000000000e+03
	3.884623315437107e-05
1949		1.949000000000000e+03
	6.744064059812003e-05
1950		1.950000000000000e+03
	7.395877820153061e-06
1951		1.951000000000000e+03
	8.401113410890266e-06
1952		1.952000000000000e+03
	2.156109953659949e-05
1953		1.953000000000000e+03
	9.322868944924246e-06
1954		1.954000000000000e+03
	1.182284128293686e-05
1955		1.955000000000000e+03
	4.643908694733272e-05
1956		1.956000000000000e+03
	7.240371948588215e-05
1957		1.957000000000000e+03
	3.997014385375971e-05
1958		1.958000000000000e+03
	4.573330770623691e-05
1959		1.959000000000000e+03
	2.757239025579735e-05
1960		1.960000000000000e+03
	2.764789109200888e-05
1961		1.961000000000000e+03
	1.660147719115718e-05
1962		1.962000000000000e+03
	2.477446389897982e-05
1963		1.963000000000000e+03
	4.710943340862784e-05
1964		1.964000000000000e+03
	6.219435366944338e-05
1965		1.965000000000000e+03
	6.350293178697631e-06
1966		1.966000000000000e+03
	3.564350767131255e-05
1967		1.967000000000000e+03
	6.269976065585183e-05
1968		1.968000000000000e+03
	2.247153072920823e-05
1969		1.969000000000000e+03
	3.826846952313080e-05
1970		1.970000000000000e+03
	5.510164653840793e-06
1971		1.971000000000000e+03
	1.026102061211044e-04
1972		1.972000000000000e+03
	7.251290722591230e-06
1973		1.973000000000000e+03
	1.130419183414060e-05
1974		1.974000000000000e+03
	9.989518113513825e-06
1975		1.975000000000000e+03
	4.583428608694702e-05
1976		1.976000000000000e+03
	4.957405281732762e-06
1977		1.977000000000000e+03
	3.858612579938039e-05
1978		1.978000000000000e+03
	5.126845686312689e-05
1979		1.979000000000000e+03
	3.036916994710265e-05
1980		1.980000000000000e+03
	1.104979099805984e-04
1981		1.981000000000000e+03
	8.737421814983172e-06
1982		1.982000000000000e+03
	3.102913983069111e-05
1983		1.983000000000000e+03
	3.184989725760693e-06
1984		1.984000000000000e+03
	1.380718184936102e-05
1985		1.985000000000000e+03
	2.257545394245655e-05
1986		1.986000000000000e+03
	5.512914671143160e-06
1987		1.987000000000000e+03
	2.827081294795733e-05
1988		1.988000000000000e+03
	7.583309989234894e-06
1989		1.989000000000000e+03
	1.124980849685563e-05
1990		1.990000000000000e+03
	4.571231864079385e-05
1991		1.991000000000000e+03
	4.693026252638558e-05
1992		1.992000000000000e+03
	2.791047334115452e-06
1993		1.993000000000000e+03
	3.297252668274670e-05
1994		1.994000000000000e+03
	6.357516830653105e-06
1995		1.995000000000000e+03
	3.216580705964571e-05
1996		1.996000000000000e+03
	7.462943470381604e-06
1997		1.997000000000000e+03
	9.049572723323725e-06
1998		1.998000000000000e+03
	5.093236645610359e-05
1999		1.999000000000000e+03
	9.701777611000918e-05
2000		2.000000000000000e+03
	2.088267986150174e-05
2001		2.001000000000000e+03
	4.312712170203832e-05
2002		2.002000000000000e+03
	2.601554935598082e-05
2003		2.003000000000000e+03
	2.149065869563459e-05
2004		2.004000000000000e+03
	2.826622542347993e-05
2005		2.005000000000000e+03
	1.179513773492574e-05
2006		2.006000000000000e+03
	4.491592773917719e-05
2007		2.007000000000000e+03
	7.902366884942213e-06
2008		2.008000000000000e+03
	3.997146540251299e-05
2009		2.009000000000000e+03
	1.740984666602435e-05
2010		2.010000000000000e+03
	5.839426403939726e-05
2011		2.011000000000000e+03
	1.466249293486713e-05
2012		2.012000000000000e+03
	6.878733145186218e-05
2013		2.013000000000000e+03
	7.875955727225035e-06
2014		2.014000000000000e+03
	4.777922290708893e-05
2015		2.015000000000000e+03
	3.679962183755061e-05
2016		2.016000000000000e+03
	2.524014381681434e-06
2017		2.017000000000000e+03
	2.717474224634977e-06
2018		2.018000000000000e+03
	9.603301797224436e-06
2019		2.019000000000000e+03
	6.792271591579254e-05
2020		2.020000000000000e+03
	1.932386491285342e-05
2021		2.021000000000000e+03
	5.343258351481437e-05
2022		2.022000000000000e+03
	2.345337923576367e-05
2023		2.023000000000000e+03
	2.064011604871297e-05
2024		2.024000000000000e+03
	1.156054414199864e-05
2025		2.025000000000000e+03
	6.681770152566931e-06
2026		2.026000000000000e+03
	1.354832990927706e-05
2027		2.027000000000000e+03
	7.579535047430403e-06
2028		2.028000000000000e+03
	3.878987626333333e-05
2029		2.029000000000000e+03
	3.339602825723677e-05
2030		2.030000000000000e+03
	4.944609661600298e-05
2031		2.031000000000000e+03
	2.226210809695969e-05
2032		2.032000000000000e+03
	6.423273547565253e-06
2033		2.033000000000000e+03
	6.184564881083178e-06
2034		2.034000000000000e+03
	3.761345165090828e-05
2035		2.035000000000000e+03
	1.729060409436986e-05
2036		2.036000000000000e+03
	1.403093878795199e-05
2037		2.037000000000000e+03
	4.379203131067812e-06
2038		2.038000000000000e+03
	1.221602460020100e-05
2039		2.039000000000000e+03
	5.671179151471923e-05
2040		2.040000000000000e+03
	9.396410991330754e-06
2041		2.041000000000000e+03
	4.326050932209898e-05
2042		2.042000000000000e+03
	2.953688306505727e-05
2043		2.043000000000000e+03
	7.051298391819141e-06
2044		2.044000000000000e+03
	1.818927467254789e-05
2045		2.045000000000000e+03
	2.034834820921155e-05
2046		2.046000000000000e+03
	1.021731260758385e-05
2047		2.047000000000000e+03
	1.404303083307826e-05
2048		2.048000000000000e+03
	7.578536670623296e-05
2049		2.049000000000000e+03
	1.071797173898621e-04
2050		2.050000000000000e+03
	8.250716917157710e-06
2051		2.051000000000000e+03
	5.142159013494792e-05
2052		2.052000000000000e+03
	6.453015908896990e-06
2053		2.053000000000000e+03
	7.291430057610204e-06
2054		2.054000000000000e+03
	5.912306620906673e-06
2055		2.055000000000000e+03
	3.070163572415941e-05
2056		2.056000000000000e+03
	2.409329198139484e-05
2057		2.057000000000000e+03
	5.716474329789795e-05
2058		2.058000000000000e+03
	1.283669029805929e-05
2059		2.059000000000000e+03
	1.025381698581039e-05
2060		2.060000000000000e+03
	1.218606121398424e-05
2061		2.061000000000000e+03
	1.187552387885127e-05
2062		2.062000000000000e+03
	1.414077418084753e-05
2063		2.063000000000000e+03
	1.750070315112897e-05
2064		2.064000000000000e+03
	1.673492665889801e-05
2065		2.065000000000000e+03
	1.461177574353641e-05
2066		2.066000000000000e+03
	3.171156622252273e-05
2067		2.067000000000000e+03
	9.628008273238054e-05
2068		2.068000000000000e+03
	1.750051064413031e-05
2069		2.069000000000000e+03
	1.164303512119756e-04
2070		2.070000000000000e+03
	2.509376616435828e-05
2071		2.071000000000000e+03
	1.288014349912016e-05
2072		2.072000000000000e+03
	1.627059971561911e-05
2073		2.073000000000000e+03
	7.762958695047788e-05
2074		2.074000000000000e+03
	2.570829834748219e-05
2075		2.075000000000000e+03
	4.450764183282942e-05
2076		2.076000000000000e+03
	1.377834752936748e-05
2077		2.077000000000000e+03
	5.653170798665173e-05
2078		2.078000000000000e+03
	9.888072944125652e-05
2079		2.079000000000000e+03
	1.153393306231878e-05
2080		2.080000000000000e+03
	3.151249672415229e-05
2081		2.081000000000000e+03
	1.032939151127042e-05
2082		2.082000000000000e+03
	6.469169428388747e-06
2083		2.083000000000000e+03
	6.754078723476936e-06
2084		2.084000000000000e+03
	1.116451945846348e-04
2085		2.085000000000000e+03
	5.481098742045447e-06
2086		2.086000000000000e+03
	8.008021113063404e-06
2087		2.087000000000000e+03
	2.304812849287473e-05
2088		2.088000000000000e+03
	2.296617619473910e-05
2089		2.089000000000000e+03
	8.297288859604168e-06
2090		2.090000000000000e+03
	1.218939437563609e-04
2091		2.091000000000000e+03
	7.094550187623525e-06
2092		2.092000000000000e+03
	2.059801117187238e-05
2093		2.093000000000000e+03
	7.243355880025736e-05
2094		2.094000000000000e+03
	1.963043672274954e-05
2095		2.095000000000000e+03
	9.785787148645595e-06
2096		2.096000000000000e+03
	1.105583426598173e-05
2097		2.097000000000000e+03
	1.001529807352819e-05
2098		2.098000000000000e+03
	6.577258384800127e-05
2099		2.099000000000000e+03
	1.344022193334839e-05
2100		2.100000000000000e+03
	1.685077178253431e-05
2101		2.101000000000000e+03
	1.171917065295691e-04
2102		2.102000000000000e+03
	3.285465848302129e-05
2103		2.103000000000000e+03
	3.845746765898872e-05
2104		2.104000000000000e+03
	1.788816311735948e-05
2105		2.105000000000000e+03
	1.439173569995450e-05
2106		2.106000000000000e+03
	2.065393689080204e-05
2107		2.107000000000000e+03
	3.987978493209306e-06
2108		2.108000000000000e+03
	1.652309716154179e-05
2109		2.109000000000000e+03
	5.855361070459857e-06
2110		2.110000000000000e+03
	9.592282401241690e-05
2111		2.111000000000000e+03
	2.288997023021341e-05
2112		2.112000000000000e+03
	2.793524450001906e-05
2113		2.113000000000000e+03
	4.246838684625214e-06
2114		2.114000000000000e+03
	6.420223440801513e-05
2115		2.115000000000000e+03
	8.136256834318741e-05
2116		2.116000000000000e+03
	1.942714623735847e-05
2117		2.117000000000000e+03
	2.749302357255900e-06
2118		2.118000000000000e+03
	2.623086936965964e-05
2119		2.119000000000000e+03
	4.021794349744103e-05
2120		2.120000000000000e+03
	3.484187202289104e-05
2121		2.121000000000000e+03
	1.355987504195594e-05
2122		2.122000000000000e+03
	3.212227530375159e-05
2123		2.123000000000000e+03
	1.017606849245857e-05
2124		2.124000000000000e+03
	1.027904125168309e-04
2125		2.125000000000000e+03
	1.020588534339845e-04
2126		2.126000000000000e+03
	6.988054216041821e-05
2127		2.127000000000000e+03
	1.658548872336713e-06
2128		2.128000000000000e+03
	3.614879786602467e-05
2129		2.129000000000000e+03
	7.254939796048270e-06
2130		2.130000000000000e+03
	8.270526662706287e-06
2131		2.131000000000000e+03
	5.213639341250639e-05
2132		2.132000000000000e+03
	1.958229907010897e-05
2133		2.133000000000000e+03
	1.460151623475015e-05
2134		2.134000000000000e+03
	2.622903342666382e-05
2135		2.135000000000000e+03
	4.388854454053831e-05
2136		2.136000000000000e+03
	5.566793721824272e-05
2137		2.137000000000000e+03
	1.054651958459711e-04
2138		2.138000000000000e+03
	1.554563702152973e-05
2139		2.139000000000000e+03
	5.263607163964398e-06
2140		2.140000000000000e+03
	1.680288022376303e-05
2141		2.141000000000000e+03
	9.960199529751390e-05
2142		2.142000000000000e+03
	2.985554520180473e-05
2143		2.143000000000000e+03
	1.536355790997247e-05
2144		2.144000000000000e+03
	7.896319985508308e-05
2145		2.145000000000000e+03
	7.278792086683275e-05
2146		2.146000000000000e+03
	1.910943364432446e-05
2147		2.147000000000000e+03
	1.132418686738987e-05
2148		2.148000000000000e+03
	1.901354704456788e-05
2149		2.149000000000000e+03
	8.875630570466780e-06
2150		2.150000000000000e+03
	1.247361990419350e-05
2151		2.151000000000000e+03
	2.477547683591370e-05
2152		2.152000000000000e+03
	2.782375047008557e-05
2153		2.153000000000000e+03
	3.699973754148234e-05
2154		2.154000000000000e+03
	6.772322844823646e-05
2155		2.155000000000000e+03
	3.484799280876002e-05
2156		2.156000000000000e+03
	5.262291781388576e-05
2157		2.157000000000000e+03
	4.700991543414797e-05
2158		2.158000000000000e+03
	2.465360567802274e-05
2159		2.159000000000000e+03
	8.026053766057164e-05
2160		2.160000000000000e+03
	7.494946736508810e-06
2161		2.161000000000000e+03
	1.071619158101989e-05
2162		2.162000000000000e+03
	4.942569620225688e-06
2163		2.163000000000000e+03
	1.067519296947429e-05
2164		2.164000000000000e+03
	3.584883731107718e-05
2165		2.165000000000000e+03
	3.729328112975478e-06
2166		2.166000000000000e+03
	1.558711990501664e-05
2167		2.167000000000000e+03
	7.768980969877197e-06
2168		2.168000000000000e+03
	1.835700650786075e-06
2169		2.169000000000000e+03
	8.303919651135092e-05
2170		2.170000000000000e+03
	1.004416834192349e-04
2171		2.171000000000000e+03
	2.059733686923321e-05
2172		2.172000000000000e+03
	1.953947175502003e-05
2173		2.173000000000000e+03
	1.052419451206869e-05
2174		2.174000000000000e+03
	8.690231495999399e-06
2175		2.175000000000000e+03
	4.110554206018178e-05
2176		2.176000000000000e+03
	1.615503098716325e-05
2177		2.177000000000000e+03
	9.680768933482132e-06
2178		2.178000000000000e+03
	4.137190209764055e-05
2179		2.179000000000000e+03
	4.546676120579656e-06
2180		2.180000000000000e+03
	4.895524772454774e-05
2181		2.181000000000000e+03
	8.121175735505620e-05
2182		2.182000000000000e+03
	4.600066687296171e-06
2183		2.183000000000000e+03
	8.529595709012171e-06
2184		2.184000000000000e+03
	6.579140115046187e-05
2185		2.185000000000000e+03
	2.965147441532010e-05
2186		2.186000000000000e+03
	4.229185443208626e-06
2187		2.187000000000000e+03
	5.260897004312389e-05
2188		2.188000000000000e+03
	1.219864916535497e-05
2189		2.189000000000000e+03
	9.578400038653815e-06
2190		2.190000000000000e+03
	7.041523356134720e-06
2191		2.191000000000000e+03
	3.868606781898206e-06
2192		2.192000000000000e+03
	1.948612349414864e-05
2193		2.193000000000000e+03
	6.613678218741318e-05
2194		2.194000000000000e+03
	5.538426001958505e-05
2195		2.195000000000000e+03
	1.347633134658093e-05
2196		2.196000000000000e+03
	8.683887217996268e-06
2197		2.197000000000000e+03
	2.621423856386528e-05
2198		2.198000000000000e+03
	1.153802085283896e-06
2199		2.199000000000000e+03
	2.351550909927169e-05
2200		2.200000000000000e+03
	6.045409329840848e-05
2201		2.201000000000000e+03
	1.067030279592770e-05
2202		2.202000000000000e+03
	3.763442397502372e-06
2203		2.203000000000000e+03
	1.527220142630983e-05
2204		2.204000000000000e+03
	3.353665564508714e-05
2205		2.205000000000000e+03
	6.005005763967063e-06
2206		2.206000000000000e+03
	9.781093346198393e-06
2207		2.207000000000000e+03
	5.995929803826743e-05
2208		2.208000000000000e+03
	1.793926746555342e-05
2209		2.209000000000000e+03
	3.237975553064014e-05
2210		2.210000000000000e+03
	9.555028706549749e-06
2211		2.211000000000000e+03
	5.371143217857875e-06
2212		2.212000000000000e+03
	2.645244610952215e-05
2213		2.213000000000000e+03
	6.278964166588138e-05
2214		2.214000000000000e+03
	1.533228109490853e-05
2215		2.215000000000000e+03
	2.717526790044001e-05
2216		2.216000000000000e+03
	4.214108321608542e-05
2217		2.217000000000000e+03
	9.471154759581916e-06
2218		2.218000000000000e+03
	3.811053067000561e-05
2219		2.219000000000000e+03
	2.785285245067865e-05
2220		2.220000000000000e+03
	2.029653563162307e-05
2221		2.221000000000000e+03
	2.760936095311155e-05
2222		2.222000000000000e+03
	3.755113401079525e-05
2223		2.223000000000000e+03
	1.134231507335623e-05
2224		2.224000000000000e+03
	3.061790230388213e-05
2225		2.225000000000000e+03
	9.462608071177488e-06
2226		2.226000000000000e+03
	7.487499453084405e-05
2227		2.227000000000000e+03
	6.440810744941387e-05
2228		2.228000000000000e+03
	3.521302355379862e-05
2229		2.229000000000000e+03
	9.129939355359143e-06
2230		2.230000000000000e+03
	4.735993374542290e-06
2231		2.231000000000000e+03
	5.970150529429933e-05
2232		2.232000000000000e+03
	3.701336897264564e-05
2233		2.233000000000000e+03
	8.268897869441897e-05
2234		2.234000000000000e+03
	7.322319100903713e-05
2235		2.235000000000000e+03
	7.975370810355145e-06
2236		2.236000000000000e+03
	6.553839624357397e-05
2237		2.237000000000000e+03
	9.158316274834492e-05
2238		2.238000000000000e+03
	4.163486726794248e-05
2239		2.239000000000000e+03
	9.863621704843316e-06
2240		2.240000000000000e+03
	9.027792745024492e-06
2241		2.241000000000000e+03
	9.399839804320536e-06
2242		2.242000000000000e+03
	1.297121579291777e-05
2243		2.243000000000000e+03
	3.531920725326840e-05
2244		2.244000000000000e+03
	5.621342513697534e-06
2245		2.245000000000000e+03
	7.927380362165257e-06
2246		2.246000000000000e+03
	5.717542681543586e-05
2247		2.247000000000000e+03
	3.294254259655225e-05
2248		2.248000000000000e+03
	2.284002080662896e-05
2249		2.249000000000000e+03
	2.047135879734158e-05
2250		2.250000000000000e+03
	7.612324980156408e-05
2251		2.251000000000000e+03
	5.325992596616006e-06
2252		2.252000000000000e+03
	8.438178534251264e-06
2253		2.253000000000000e+03
	4.234346234345798e-05
2254		2.254000000000000e+03
	2.345157711776285e-06
2255		2.255000000000000e+03
	3.221421384727234e-05
2256		2.256000000000000e+03
	2.072185393003441e-05
2257		2.257000000000000e+03
	3.687919778933187e-05
2258		2.258000000000000e+03
	3.712551339096742e-05
2259		2.259000000000000e+03
	3.812036025397865e-05
2260		2.260000000000000e+03
	8.138730929942995e-06
2261		2.261000000000000e+03
	2.458457185996837e-05
2262		2.262000000000000e+03
	9.581050361584710e-05
2263		2.263000000000000e+03
	3.709751647947969e-06
2264		2.264000000000000e+03
	3.982056372856502e-05
2265		2.265000000000000e+03
	1.192623687235224e-05
2266		2.266000000000000e+03
	4.050036146618668e-05
2267		2.267000000000000e+03
	6.633899311248418e-06
2268		2.268000000000000e+03
	3.299942137178784e-05
2269		2.269000000000000e+03
	4.725189777796698e-06
2270		2.270000000000000e+03
	1.126216052748455e-05
2271		2.271000000000000e+03
	6.576017351564718e-06
2272		2.272000000000000e+03
	1.142308363341905e-05
2273		2.273000000000000e+03
	1.508254555360327e-05
2274		2.274000000000000e+03
	2.001236742163911e-05
2275		2.275000000000000e+03
	1.519484032251623e-05
2276		2.276000000000000e+03
	4.715580565542880e-05
2277		2.277000000000000e+03
	3.903927405809197e-05
2278		2.278000000000000e+03
	3.879118780043573e-05
2279		2.279000000000000e+03
	5.069567400052210e-05
2280		2.280000000000000e+03
	2.395757329726235e-05
2281		2.281000000000000e+03
	9.636219956798424e-06
2282		2.282000000000000e+03
	4.406713757645877e-05
2283		2.283000000000000e+03
	3.347014304705808e-05
2284		2.284000000000000e+03
	2.018053142005671e-05
2285		2.285000000000000e+03
	5.494971935116810e-05
2286		2.286000000000000e+03
	7.582644731049907e-05
2287		2.287000000000000e+03
	5.890667961990570e-05
2288		2.288000000000000e+03
	3.194787874617104e-05
2289		2.289000000000000e+03
	8.958755420977031e-05
2290		2.290000000000000e+03
	1.438962248338691e-05
2291		2.291000000000000e+03
	7.240923758184465e-05
2292		2.292000000000000e+03
	4.549861208765488e-05
2293		2.293000000000000e+03
	8.742875390972995e-05
2294		2.294000000000000e+03
	1.195396395086592e-04
2295		2.295000000000000e+03
	2.071841590115687e-05
2296		2.296000000000000e+03
	1.357780927948521e-05
2297		2.297000000000000e+03
	2.414242502179507e-05
2298		2.298000000000000e+03
	1.788170633252897e-05
2299		2.299000000000000e+03
	4.670872816428270e-06
2300		2.300000000000000e+03
	2.159442582869017e-05
2301		2.301000000000000e+03
	6.250189875283523e-05
2302		2.302000000000000e+03
	1.417842468714450e-05
2303		2.303000000000000e+03
	1.318644236285874e-05
2304		2.304000000000000e+03
	5.432520499511720e-05
2305		2.305000000000000e+03
	1.293648112398168e-05
2306		2.306000000000000e+03
	1.608618326744375e-05
2307		2.307000000000000e+03
	8.729377930582852e-05
2308		2.308000000000000e+03
	1.021092045440656e-04
2309		2.309000000000000e+03
	1.948374977283519e-05
2310		2.310000000000000e+03
	2.375940865091214e-05
2311		2.311000000000000e+03
	2.883900463742986e-05
2312		2.312000000000000e+03
	4.888591102026171e-05
2313		2.313000000000000e+03
	4.247539012342781e-05
2314		2.314000000000000e+03
	5.714236464286435e-05
2315		2.315000000000000e+03
	9.024467401349978e-05
2316		2.316000000000000e+03
	1.028280899687771e-05
2317		2.317000000000000e+03
	3.767372903001444e-05
2318		2.318000000000000e+03
	6.784432241859810e-05
2319		2.319000000000000e+03
	1.142582150272431e-05
2320		2.320000000000000e+03
	3.842660682540176e-06
2321		2.321000000000000e+03
	5.415243429660107e-05
2322		2.322000000000000e+03
	8.899219366438594e-06
2323		2.323000000000000e+03
	1.150582277622846e-04
2324		2.324000000000000e+03
	3.875402080661110e-05
2325		2.325000000000000e+03
	2.809448993823439e-05
2326		2.326000000000000e+03
	1.092916063321756e-04
2327		2.327000000000000e+03
	5.440168251973198e-06
2328		2.328000000000000e+03
	6.242916142829426e-05
2329		2.329000000000000e+03
	1.742250756732569e-05
2330		2.330000000000000e+03
	7.640466822535573e-05
2331		2.331000000000000e+03
	1.063400542369070e-05
2332		2.332000000000000e+03
	3.003946941748354e-05
2333		2.333000000000000e+03
	5.000125934185382e-05
2334		2.334000000000000e+03
	2.361006726049953e-05
2335		2.335000000000000e+03
	1.007586529530140e-05
2336		2.336000000000000e+03
	1.478456274199735e-05
2337		2.337000000000000e+03
	5.124992745771638e-06
2338		2.338000000000000e+03
	1.870485776208400e-05
2339		2.339000000000000e+03
	7.185707676435374e-06
2340		2.340000000000000e+03
	6.100415238488135e-05
2341		2.341000000000000e+03
	1.634684872662620e-05
2342		2.342000000000000e+03
	3.288240218861477e-05
2343		2.343000000000000e+03
	2.829541483034995e-06
2344		2.344000000000000e+03
	3.136307300924881e-05
2345		2.345000000000000e+03
	4.823373664904616e-05
2346		2.346000000000000e+03
	3.152143388436827e-05
2347		2.347000000000000e+03
	1.414900509889239e-05
2348		2.348000000000000e+03
	3.387860181936627e-06
2349		2.349000000000000e+03
	2.642525053469937e-05
2350		2.350000000000000e+03
	1.705524062211169e-05
2351		2.351000000000000e+03
	1.710283315694434e-05
2352		2.352000000000000e+03
	7.355080501062228e-06
2353		2.353000000000000e+03
	2.511845380313082e-05
2354		2.354000000000000e+03
	6.203261149187660e-05
2355		2.355000000000000e+03
	1.136866056966383e-04
2356		2.356000000000000e+03
	7.823093230242361e-06
2357		2.357000000000000e+03
	6.725830862134891e-06
2358		2.358000000000000e+03
	6.029541035354258e-05
2359		2.359000000000000e+03
	9.472793733752271e-05
2360		2.360000000000000e+03
	1.342979442611438e-05
2361		2.361000000000000e+03
	5.143962858150170e-05
2362		2.362000000000000e+03
	1.583337503075213e-05
2363		2.363000000000000e+03
	1.369063315793487e-05
2364		2.364000000000000e+03
	1.054363085793645e-05
2365		2.365000000000000e+03
	5.361939581422155e-05
2366		2.366000000000000e+03
	1.166009604972176e-05
2367		2.367000000000000e+03
	6.414952600509343e-06
2368		2.368000000000000e+03
	9.493650574275289e-05
2369		2.369000000000000e+03
	5.968028900075187e-06
2370		2.370000000000000e+03
	5.675898642229901e-05
2371		2.371000000000000e+03
	5.639121723699399e-05
2372		2.372000000000000e+03
	1.094198167966671e-04
2373		2.373000000000000e+03
	4.821600112217694e-05
2374		2.374000000000000e+03
	1.425880948588495e-05
2375		2.375000000000000e+03
	7.166924902667667e-05
2376		2.376000000000000e+03
	1.260329963978095e-05
2377		2.377000000000000e+03
	6.298810607509101e-05
2378		2.378000000000000e+03
	4.951805419914148e-05
2379		2.379000000000000e+03
	5.130967151699288e-06
2380		2.380000000000000e+03
	3.232555476146432e-05
2381		2.381000000000000e+03
	5.087524147249073e-05
2382		2.382000000000000e+03
	5.554754738190625e-05
2383		2.383000000000000e+03
	1.808635626045355e-05
2384		2.384000000000000e+03
	5.339773331675177e-05
2385		2.385000000000000e+03
	1.113098291474228e-04
2386		2.386000000000000e+03
	5.358136745415602e-06
2387		2.387000000000000e+03
	1.438526255839989e-05
2388		2.388000000000000e+03
	2.857338908864158e-05
2389		2.389000000000000e+03
	5.246683417437296e-06
2390		2.390000000000000e+03
	8.841986948339023e-05
2391		2.391000000000000e+03
	5.020934359313684e-06
2392		2.392000000000000e+03
	1.109418944496803e-04
2393		2.393000000000000e+03
	8.962226740007483e-06
2394		2.394000000000000e+03
	1.164530310890416e-04
2395		2.395000000000000e+03
	3.529896898259713e-05
2396		2.396000000000000e+03
	6.300798068948979e-06
2397		2.397000000000000e+03
	4.574345215471245e-05
2398		2.398000000000000e+03
	3.373528109964760e-05
2399		2.399000000000000e+03
	6.388119427591752e-05
2400		2.400000000000000e+03
	3.836766094770477e-05
2401		2.401000000000000e+03
	5.631507618460683e-06
2402		2.402000000000000e+03
	3.113220450827855e-05
2403		2.403000000000000e+03
	3.780522682622787e-05
2404		2.404000000000000e+03
	2.576810891371832e-05
2405		2.405000000000000e+03
	1.912984342244695e-06
2406		2.406000000000000e+03
	3.325828778385490e-05
2407		2.407000000000000e+03
	1.200382109909959e-05
2408		2.408000000000000e+03
	4.202707760319146e-05
2409		2.409000000000000e+03
	4.045952633948496e-05
2410		2.410000000000000e+03
	6.114212305513893e-06
2411		2.411000000000000e+03
	2.218496120398824e-05
2412		2.412000000000000e+03
	8.370091921207649e-05
2413		2.413000000000000e+03
	4.955118063769444e-05
2414		2.414000000000000e+03
	1.264994340481849e-05
2415		2.415000000000000e+03
	6.218299061660252e-05
2416		2.416000000000000e+03
	8.004044130194448e-06
2417		2.417000000000000e+03
	6.274992105316544e-06
2418		2.418000000000000e+03
	4.970838787854588e-05
2419		2.419000000000000e+03
	4.553438063829532e-05
2420		2.420000000000000e+03
	2.434876310864808e-05
2421		2.421000000000000e+03
	3.195384122541732e-05
2422		2.422000000000000e+03
	8.044457151356117e-06
2423		2.423000000000000e+03
	2.346156579041394e-05
2424		2.424000000000000e+03
	2.294162678964491e-05
2425		2.425000000000000e+03
	7.334890125366269e-05
2426		2.426000000000000e+03
	1.751131698283309e-05
2427		2.427000000000000e+03
	1.099142165573450e-05
2428		2.428000000000000e+03
	3.658908874150419e-05
2429		2.429000000000000e+03
	4.580778708008661e-06
2430		2.430000000000000e+03
	3.144818844050105e-06
2431		2.431000000000000e+03
	3.202789713615972e-05
2432		2.432000000000000e+03
	2.837919163632058e-05
2433		2.433000000000000e+03
	2.325511671718375e-05
2434		2.434000000000000e+03
	3.026811705916579e-05
2435		2.435000000000000e+03
	1.578794618227904e-05
2436		2.436000000000000e+03
	2.132917892426412e-05
2437		2.437000000000000e+03
	4.890329466095202e-06
2438		2.438000000000000e+03
	3.722023465610499e-05
2439		2.439000000000000e+03
	2.210612379259121e-05
2440		2.440000000000000e+03
	4.051217102811641e-05
2441		2.441000000000000e+03
	6.289986099478947e-05
2442		2.442000000000000e+03
	8.589213711225608e-06
2443		2.443000000000000e+03
	1.093668511959381e-04
2444		2.444000000000000e+03
	1.031120419601058e-04
2445		2.445000000000000e+03
	1.370217680436239e-05
2446		2.446000000000000e+03
	4.404508597527100e-05
2447		2.447000000000000e+03
	3.978193768659619e-05
2448		2.448000000000000e+03
	2.655457896826965e-05
2449		2.449000000000000e+03
	2.801684349298873e-05
2450		2.450000000000000e+03
	6.309579462040830e-06
2451		2.451000000000000e+03
	2.908417713888911e-06
2452		2.452000000000000e+03
	8.375439982529090e-05
2453		2.453000000000000e+03
	5.260294686027582e-05
2454		2.454000000000000e+03
	8.388547863287313e-06
2455		2.455000000000000e+03
	2.312082798984179e-05
2456		2.456000000000000e+03
	5.061660647507968e-06
2457		2.457000000000000e+03
	2.586411702611690e-05
2458		2.458000000000000e+03
	1.462771440324693e-05
2459		2.459000000000000e+03
	6.429613286506091e-05
2460		2.460000000000000e+03
	1.324375045300654e-04
2461		2.461000000000000e+03
	7.807906364095816e-06
2462		2.462000000000000e+03
	1.886676521912390e-05
2463		2.463000000000000e+03
	1.137223366769620e-04
2464		2.464000000000000e+03
	1.276436654782076e-05
2465		2.465000000000000e+03
	2.161773722574705e-05
2466		2.466000000000000e+03
	2.945095909664323e-05
2467		2.467000000000000e+03
	2.690810994212946e-05
2468		2.468000000000000e+03
	3.183007351340585e-05
2469		2.469000000000000e+03
	8.978042977519309e-05
2470		2.470000000000000e+03
	1.115518149793777e-04
2471		2.471000000000000e+03
	5.998570942851509e-06
2472		2.472000000000000e+03
	7.357889117479641e-05
2473		2.473000000000000e+03
	7.673501980440195e-05
2474		2.474000000000000e+03
	9.154769435790696e-05
2475		2.475000000000000e+03
	8.010037912272967e-06
2476		2.476000000000000e+03
	8.556093491456340e-05
2477		2.477000000000000e+03
	3.053253431235916e-05
2478		2.478000000000000e+03
	2.094729394178526e-05
2479		2.479000000000000e+03
	2.748900072931900e-05
2480		2.480000000000000e+03
	2.392666995767804e-06
2481		2.481000000000000e+03
	3.459928892136889e-06
2482		2.482000000000000e+03
	6.532882127491354e-05
2483		2.483000000000000e+03
	2.257875485393990e-05
2484		2.484000000000000e+03
	2.217112755494442e-05
2485		2.485000000000000e+03
	4.391860672108579e-06
2486		2.486000000000000e+03
	1.164268886569853e-05
2487		2.487000000000000e+03
	1.012380903086477e-05
2488		2.488000000000000e+03
	3.906126743841317e-05
2489		2.489000000000000e+03
	1.503485497974504e-05
2490		2.490000000000000e+03
	1.598355282340195e-05
2491		2.491000000000000e+03
	6.656564920865965e-05
2492		2.492000000000000e+03
	6.490249448326997e-05
2493		2.493000000000000e+03
	4.898464143218344e-06
2494		2.494000000000000e+03
	6.753696375716095e-06
2495		2.495000000000000e+03
	3.942821401228650e-05
2496		2.496000000000000e+03
	1.319103809589875e-05
2497		2.497000000000000e+03
	9.103318017991229e-06
2498		2.498000000000000e+03
	1.221705531403987e-04
2499		2.499000000000000e+03
	2.074294867211201e-06
2500		2.500000000000000e+03
	1.600916791243751e-05
2501		2.501000000000000e+03
	2.083127059304542e-05
2502		2.502000000000000e+03
	8.829607973981284e-06
2503		2.503000000000000e+03
	2.654336586973764e-05
2504		2.504000000000000e+03
	5.196969435231918e-06
2505		2.505000000000000e+03
	1.331498648826961e-05
2506		2.506000000000000e+03
	5.068252600838334e-05
2507		2.507000000000000e+03
	4.068863274126727e-06
2508		2.508000000000000e+03
	2.359075432835438e-05
2509		2.509000000000000e+03
	2.727341516321829e-05
2510		2.510000000000000e+03
	1.967430502509563e-05
2511		2.511000000000000e+03
	7.032869461438605e-05
2512		2.512000000000000e+03
	5.375599458512039e-06
2513		2.513000000000000e+03
	6.445011331946695e-06
2514		2.514000000000000e+03
	6.523217209022662e-05
2515		2.515000000000000e+03
	4.879129234829268e-05
2516		2.516000000000000e+03
	2.436133406777433e-06
2517		2.517000000000000e+03
	5.829730893763977e-05
2518		2.518000000000000e+03
	7.673239492268099e-05
2519		2.519000000000000e+03
	3.277423912242765e-05
2520		2.520000000000000e+03
	5.247618544193632e-06
2521		2.521000000000000e+03
	2.471086251833451e-05
2522		2.522000000000000e+03
	4.884519591661143e-05
2523		2.523000000000000e+03
	3.452189404711326e-05
2524		2.524000000000000e+03
	4.330365749817115e-05
2525		2.525000000000000e+03
	1.053314499740521e-04
2526		2.526000000000000e+03
	2.974453907276283e-05
2527		2.527000000000000e+03
	1.197368744646641e-05
2528		2.528000000000000e+03
	2.839744153638405e-05
2529		2.529000000000000e+03
	2.702764853037916e-06
2530		2.530000000000000e+03
	5.810797419078400e-06
2531		2.531000000000000e+03
	7.116786987321548e-05
2532		2.532000000000000e+03
	1.555324138630206e-05
2533		2.533000000000000e+03
	1.043876764167474e-04
2534		2.534000000000000e+03
	9.442099321241587e-06
2535		2.535000000000000e+03
	2.648691283122647e-05
2536		2.536000000000000e+03
	3.052504656442182e-06
2537		2.537000000000000e+03
	7.373411472926955e-05
2538		2.538000000000000e+03
	4.180297676983554e-05
2539		2.539000000000000e+03
	1.198697829189275e-05
2540		2.540000000000000e+03
	2.246288842925763e-05
2541		2.541000000000000e+03
	6.389137249378709e-06
2542		2.542000000000000e+03
	5.854897184239934e-06
2543		2.543000000000000e+03
	1.115217535926271e-04
2544		2.544000000000000e+03
	1.296194516650738e-05
2545		2.545000000000000e+03
	6.616827788581735e-05
2546		2.546000000000000e+03
	1.812612694016846e-05
2547		2.547000000000000e+03
	4.122752035985999e-06
2548		2.548000000000000e+03
	7.782960323976770e-06
2549		2.549000000000000e+03
	6.220429573256345e-06
2550		2.550000000000000e+03
	4.407350643748002e-05
2551		2.551000000000000e+03
	2.339654573378962e-05
2552		2.552000000000000e+03
	5.681531976153336e-05
2553		2.553000000000000e+03
	3.921261262679185e-05
2554		2.554000000000000e+03
	2.451524050394061e-05
2555		2.555000000000000e+03
	1.189724088425751e-05
2556		2.556000000000000e+03
	4.877184381075656e-05
2557		2.557000000000000e+03
	1.255941985285585e-04
2558		2.558000000000000e+03
	6.195123149817239e-05
2559		2.559000000000000e+03
	8.978146986298809e-05
2560		2.560000000000000e+03
	6.013985313946645e-05
2561		2.561000000000000e+03
	2.662701804867500e-06
2562		2.562000000000000e+03
	9.910244222059984e-06
2563		2.563000000000000e+03
	3.171995938317543e-05
2564		2.564000000000000e+03
	1.257640675751180e-05
2565		2.565000000000000e+03
	7.620220488635498e-05
2566		2.566000000000000e+03
	1.153627544332170e-04
2567		2.567000000000000e+03
	7.815528216120787e-06
2568		2.568000000000000e+03
	1.461998155463202e-05
2569		2.569000000000000e+03
	1.150230035770059e-05
2570		2.570000000000000e+03
	6.829748358670974e-05
2571		2.571000000000000e+03
	2.952830340285718e-05
2572		2.572000000000000e+03
	7.353664219036855e-05
2573		2.573000000000000e+03
	4.138981658066975e-05
2574		2.574000000000000e+03
	3.554956382363905e-05
2575		2.575000000000000e+03
	6.034049953677302e-06
2576		2.576000000000000e+03
	6.999816644526433e-05
2577		2.577000000000000e+03
	1.071942070152983e-05
2578		2.578000000000000e+03
	6.040485427847290e-05
2579		2.579000000000000e+03
	1.816315342037361e-05
2580		2.580000000000000e+03
	3.074125030989272e-05
2581		2.581000000000000e+03
	1.321530400426939e-04
2582		2.582000000000000e+03
	1.024773764163911e-05
2583		2.583000000000000e+03
	3.218599543686682e-05
2584		2.584000000000000e+03
	3.903730352542155e-05
2585		2.585000000000000e+03
	3.482729608759295e-05
2586		2.586000000000000e+03
	2.341671101530255e-06
2587		2.587000000000000e+03
	3.638154868912398e-05
2588		2.588000000000000e+03
	1.284332579616674e-05
2589		2.589000000000000e+03
	1.821396168733079e-05
2590		2.590000000000000e+03
	7.969032213090893e-06
2591		2.591000000000000e+03
	2.464719402151326e-06
2592		2.592000000000000e+03
	1.212810311635699e-05
2593		2.593000000000000e+03
	1.853593186444868e-05
2594		2.594000000000000e+03
	5.009987125000238e-05
2595		2.595000000000000e+03
	2.837167943979745e-06
2596		2.596000000000000e+03
	1.545664038285841e-05
2597		2.597000000000000e+03
	5.238921462578030e-05
2598		2.598000000000000e+03
	2.052823266661477e-05
2599		2.599000000000000e+03
	6.495184803278953e-05
2600		2.600000000000000e+03
	9.078065134268594e-06
2601		2.601000000000000e+03
	3.060569934308954e-05
2602		2.602000000000000e+03
	1.540112179064116e-05
2603		2.603000000000000e+03
	4.957003114779353e-05
2604		2.604000000000000e+03
	1.844217811014485e-05
2605		2.605000000000000e+03
	4.937756928537637e-05
2606		2.606000000000000e+03
	2.328243167092765e-05
2607		2.607000000000000e+03
	5.577872870634223e-05
2608		2.608000000000000e+03
	7.347935766784636e-05
2609		2.609000000000000e+03
	1.730970841826709e-05
2610		2.610000000000000e+03
	9.393679588760867e-05
2611		2.611000000000000e+03
	4.471426689485871e-05
2612		2.612000000000000e+03
	3.667235713188978e-06
2613		2.613000000000000e+03
	6.288396150871504e-05
2614		2.614000000000000e+03
	2.976652432475390e-05
2615		2.615000000000000e+03
	5.232877767346374e-05
2616		2.616000000000000e+03
	9.267911047644048e-06
2617		2.617000000000000e+03
	2.176367421460556e-05
2618		2.618000000000000e+03
	2.419293655935979e-05
2619		2.619000000000000e+03
	3.372666930549168e-05
2620		2.620000000000000e+03
	4.108394059793731e-05
2621		2.621000000000000e+03
	2.310192619433644e-05
2622		2.622000000000000e+03
	6.473264206771919e-05
2623		2.623000000000000e+03
	5.463405356068650e-05
2624		2.624000000000000e+03
	4.108893352817004e-05
2625		2.625000000000000e+03
	2.886056371263131e-05
2626		2.626000000000000e+03
	3.364981810470388e-05
2627		2.627000000000000e+03
	2.702559602398045e-05
2628		2.628000000000000e+03
	4.963569433674403e-05
2629		2.629000000000000e+03
	5.384812504321159e-06
2630		2.630000000000000e+03
	1.144262656466400e-05
2631		2.631000000000000e+03
	1.218518545559481e-04
2632		2.632000000000000e+03
	1.419924160320805e-05
2633		2.633000000000000e+03
	8.245380558120694e-05
2634		2.634000000000000e+03
	8.163040595039552e-06
2635		2.635000000000000e+03
	6.850631201876415e-05
2636		2.636000000000000e+03
	8.985918548942934e-05
2637		2.637000000000000e+03
	1.495351467993878e-05
2638		2.638000000000000e+03
	1.425670112055559e-05
2639		2.639000000000000e+03
	2.652425100944308e-05
2640		2.640000000000000e+03
	1.968734058729946e-06
2641		2.641000000000000e+03
	2.483494598964172e-05
2642		2.642000000000000e+03
	5.702587043090978e-05
2643		2.643000000000000e+03
	1.503558041567104e-05
2644		2.644000000000000e+03
	6.117561970210708e-05
2645		2.645000000000000e+03
	1.224438273406484e-05
2646		2.646000000000000e+03
	1.035083907941379e-05
2647		2.647000000000000e+03
	1.433591731700114e-06
2648		2.648000000000000e+03
	2.655380034168168e-06
2649		2.649000000000000e+03
	6.568347986005737e-06
2650		2.650000000000000e+03
	4.234521772933668e-05
2651		2.651000000000000e+03
	2.813225974580718e-06
2652		2.652000000000000e+03
	1.347813243857625e-05
2653		2.653000000000000e+03
	5.180032913815614e-06
2654		2.654000000000000e+03
	7.953334312733877e-05
2655		2.655000000000000e+03
	1.078538049011207e-05
2656		2.656000000000000e+03
	6.559767042697567e-05
2657		2.657000000000000e+03
	5.221692529582690e-05
2658		2.658000000000000e+03
	4.278769389525593e-05
2659		2.659000000000000e+03
	2.597549157068657e-05
2660		2.660000000000000e+03
	1.672203908850923e-05
2661		2.661000000000000e+03
	8.071357888480195e-06
2662		2.662000000000000e+03
	8.307073275674699e-06
2663		2.663000000000000e+03
	1.312012335810664e-05
2664		2.664000000000000e+03
	6.853281202111964e-05
2665		2.665000000000000e+03
	6.656556518677714e-05
2666		2.666000000000000e+03
	4.641436832041020e-05
2667		2.667000000000000e+03
	1.061472562317768e-05
2668		2.668000000000000e+03
	2.174498882420013e-05
2669		2.669000000000000e+03
	1.876665923911668e-05
2670		2.670000000000000e+03
	1.011668054022310e-04
2671		2.671000000000000e+03
	5.240353188517402e-05
2672		2.672000000000000e+03
	6.267744851154200e-05
2673		2.673000000000000e+03
	2.936026886692765e-05
2674		2.674000000000000e+03
	1.183478456645925e-05
2675		2.675000000000000e+03
	1.018988076263342e-05
2676		2.676000000000000e+03
	3.152170042990219e-05
2677		2.677000000000000e+03
	2.431602231906528e-05
2678		2.678000000000000e+03
	2.423132124639124e-06
2679		2.679000000000000e+03
	1.752134360963249e-05
2680		2.680000000000000e+03
	3.576433381572410e-06
2681		2.681000000000000e+03
	7.158404854850166e-05
2682		2.682000000000000e+03
	6.022443936138328e-06
2683		2.683000000000000e+03
	4.707222254269928e-05
2684		2.684000000000000e+03
	1.908837668419417e-05
2685		2.685000000000000e+03
	1.228179658028613e-05
2686		2.686000000000000e+03
	2.086210250702374e-05
2687		2.687000000000000e+03
	4.398226196621286e-05
2688		2.688000000000000e+03
	1.228474933479017e-05
2689		2.689000000000000e+03
	2.982336166208812e-05
2690		2.690000000000000e+03
	1.829150235847613e-05
2691		2.691000000000000e+03
	1.418346106247362e-05
2692		2.692000000000000e+03
	5.193514328412702e-05
2693		2.693000000000000e+03
	3.737518171542510e-05
2694		2.694000000000000e+03
	4.471689857701967e-05
2695		2.695000000000000e+03
	5.511309155981531e-06
2696		2.696000000000000e+03
	5.329830401634552e-05
2697		2.697000000000000e+03
	1.392526619141374e-05
2698		2.698000000000000e+03
	4.587709735288506e-06
2699		2.699000000000000e+03
	6.933116573497771e-06
2700		2.700000000000000e+03
	1.626467052245742e-05
2701		2.701000000000000e+03
	6.983301289966188e-05
2702		2.702000000000000e+03
	1.062812167796874e-04
2703		2.703000000000000e+03
	7.912320278496762e-06
2704		2.704000000000000e+03
	2.368486893194413e-05
2705		2.705000000000000e+03
	4.792498862561632e-05
2706		2.706000000000000e+03
	4.663923406183935e-05
2707		2.707000000000000e+03
	9.934434255640485e-06
2708		2.708000000000000e+03
	1.069777196896870e-05
2709		2.709000000000000e+03
	6.770920543606177e-05
2710		2.710000000000000e+03
	5.314937325113211e-06
2711		2.711000000000000e+03
	2.810673606136162e-05
2712		2.712000000000000e+03
	2.200818089093061e-05
2713		2.713000000000000e+03
	2.423624712126490e-05
2714		2.714000000000000e+03
	5.602794976761044e-05
2715		2.715000000000000e+03
	1.471948932935013e-05
2716		2.716000000000000e+03
	2.119792587369048e-05
2717		2.717000000000000e+03
	7.415330175040962e-06
2718		2.718000000000000e+03
	3.920012732124616e-05
2719		2.719000000000000e+03
	1.782980190485290e-05
2720		2.720000000000000e+03
	2.169865587416777e-05
2721		2.721000000000000e+03
	4.562181171851293e-05
2722		2.722000000000000e+03
	3.360450102822136e-05
2723		2.723000000000000e+03
	8.728531848943733e-06
2724		2.724000000000000e+03
	3.326113082341887e-05
2725		2.725000000000000e+03
	2.218620091676085e-05
2726		2.726000000000000e+03
	6.960592642602500e-06
2727		2.727000000000000e+03
	6.614259015661051e-06
2728		2.728000000000000e+03
	4.186254181585683e-05
2729		2.729000000000000e+03
	4.857128604084588e-05
2730		2.730000000000000e+03
	3.331271485909729e-05
2731		2.731000000000000e+03
	3.338643713005554e-05
2732		2.732000000000000e+03
	7.462973296821663e-06
2733		2.733000000000000e+03
	3.446119138672677e-05
2734		2.734000000000000e+03
	1.259224846380262e-04
2735		2.735000000000000e+03
	1.273667956478467e-05
2736		2.736000000000000e+03
	1.198992969410561e-05
2737		2.737000000000000e+03
	5.401607840121853e-05
2738		2.738000000000000e+03
	1.202633033115758e-05
2739		2.739000000000000e+03
	3.380692723989865e-05
2740		2.740000000000000e+03
	8.030440050675811e-06
2741		2.741000000000000e+03
	2.736896044561710e-05
2742		2.742000000000000e+03
	3.470432239130339e-06
2743		2.743000000000000e+03
	4.950023855562254e-05
2744		2.744000000000000e+03
	4.524123937005836e-06
2745		2.745000000000000e+03
	4.520649866123287e-05
2746		2.746000000000000e+03
	2.118099802524519e-05
2747		2.747000000000000e+03
	1.464211964069976e-05
2748		2.748000000000000e+03
	1.932645435808934e-05
2749		2.749000000000000e+03
	2.561170290753627e-05
2750		2.750000000000000e+03
	2.568594876295701e-05
2751		2.751000000000000e+03
	4.720812704178779e-06
2752		2.752000000000000e+03
	3.563136206739042e-05
2753		2.753000000000000e+03
	1.642513726032462e-05
2754		2.754000000000000e+03
	5.975448855442614e-06
2755		2.755000000000000e+03
	6.253412411307708e-05
2756		2.756000000000000e+03
	1.455809568677614e-05
2757		2.757000000000000e+03
	5.425451870783931e-06
2758		2.758000000000000e+03
	3.795385438554489e-05
2759		2.759000000000000e+03
	2.179761614782357e-05
2760		2.760000000000000e+03
	2.251819497705265e-05
2761		2.761000000000000e+03
	2.829700913065469e-05
2762		2.762000000000000e+03
	4.327506040659578e-05
2763		2.763000000000000e+03
	1.037539492888438e-04
2764		2.764000000000000e+03
	1.505719650800950e-05
2765		2.765000000000000e+03
	2.535006914630184e-05
2766		2.766000000000000e+03
	1.409515328981509e-05
2767		2.767000000000000e+03
	2.033903760200902e-05
2768		2.768000000000000e+03
	7.149153024752418e-06
2769		2.769000000000000e+03
	2.400174591983007e-05
2770		2.770000000000000e+03
	4.420638484831088e-05
2771		2.771000000000000e+03
	1.913088531945210e-05
2772		2.772000000000000e+03
	2.119249851778264e-05
2773		2.773000000000000e+03
	6.906600031582577e-06
2774		2.774000000000000e+03
	1.417972033907774e-05
2775		2.775000000000000e+03
	1.275010003853180e-04
2776		2.776000000000000e+03
	1.416000829672767e-05
2777		2.777000000000000e+03
	3.719668115546957e-05
2778		2.778000000000000e+03
	6.232613474262674e-05
2779		2.779000000000000e+03
	8.382520799621545e-06
2780		2.780000000000000e+03
	3.072660669593196e-05
2781		2.781000000000000e+03
	8.512729942108445e-06
2782		2.782000000000000e+03
	5.866932743051929e-05
2783		2.783000000000000e+03
	2.179203535733018e-05
2784		2.784000000000000e+03
	6.082381176810669e-06
2785		2.785000000000000e+03
	6.182652353425833e-06
2786		2.786000000000000e+03
	2.817723423308563e-05
2787		2.787000000000000e+03
	2.129712106033191e-05
2788		2.788000000000000e+03
	5.935833447668709e-05
2789		2.789000000000000e+03
	5.131539572980377e-06
2790		2.790000000000000e+03
	2.011205502774191e-05
2791		2.791000000000000e+03
	3.573169576473459e-05
2792		2.792000000000000e+03
	9.514094347677773e-05
2793		2.793000000000000e+03
	4.141723270342730e-06
2794		2.794000000000000e+03
	3.819370876777536e-06
2795		2.795000000000000e+03
	9.554188287835022e-05
2796		2.796000000000000e+03
	1.179377467115120e-04
2797		2.797000000000000e+03
	1.324905782291174e-05
2798		2.798000000000000e+03
	8.279375706058673e-06
2799		2.799000000000000e+03
	1.838618400447050e-05
2800		2.800000000000000e+03
	1.537354332450400e-05
2801		2.801000000000000e+03
	4.956085972448281e-05
2802		2.802000000000000e+03
	9.559417645706892e-06
2803		2.803000000000000e+03
	3.161951476462232e-05
2804		2.804000000000000e+03
	1.596750579206662e-05
2805		2.805000000000000e+03
	4.366992753023516e-05
2806		2.806000000000000e+03
	1.456284966470360e-05
2807		2.807000000000000e+03
	4.368699078089338e-05
2808		2.808000000000000e+03
	3.683104372968772e-06
2809		2.809000000000000e+03
	3.461786459514705e-05
2810		2.810000000000000e+03
	3.992749292327483e-05
2811		2.811000000000000e+03
	1.858936003077033e-05
2812		2.812000000000000e+03
	6.625936375918546e-05
2813		2.813000000000000e+03
	1.814460406998461e-05
2814		2.814000000000000e+03
	1.336715133670963e-05
2815		2.815000000000000e+03
	4.279626690422390e-05
2816		2.816000000000000e+03
	9.154247191301080e-06
2817		2.817000000000000e+03
	2.459501481655132e-05
2818		2.818000000000000e+03
	2.636322396601022e-05
2819		2.819000000000000e+03
	3.485799797701311e-06
2820		2.820000000000000e+03
	1.149265574607177e-05
2821		2.821000000000000e+03
	2.234526981463584e-05
2822		2.822000000000000e+03
	1.104493771533995e-04
2823		2.823000000000000e+03
	4.387747905275385e-05
2824		2.824000000000000e+03
	4.402666811101792e-06
2825		2.825000000000000e+03
	2.318182627330460e-05
2826		2.826000000000000e+03
	5.834665251990274e-05
2827		2.827000000000000e+03
	4.853185616527082e-06
2828		2.828000000000000e+03
	1.910150375143132e-05
2829		2.829000000000000e+03
	1.027860967622647e-04
2830		2.830000000000000e+03
	7.716971195500559e-05
2831		2.831000000000000e+03
	1.581293217393096e-05
2832		2.832000000000000e+03
	3.499098911360285e-05
2833		2.833000000000000e+03
	1.189193328251272e-04
2834		2.834000000000000e+03
	1.850213143073252e-05
2835		2.835000000000000e+03
	6.989627532699465e-05
2836		2.836000000000000e+03
	1.796678441766116e-05
2837		2.837000000000000e+03
	8.505295154980049e-05
2838		2.838000000000000e+03
	3.422835380277200e-05
2839		2.839000000000000e+03
	1.483889335587535e-05
2840		2.840000000000000e+03
	4.030059296847314e-05
2841		2.841000000000000e+03
	2.015839797562856e-05
2842		2.842000000000000e+03
	9.559620848080241e-06
2843		2.843000000000000e+03
	4.948265410432565e-05
2844		2.844000000000000e+03
	6.698648836572720e-05
2845		2.845000000000000e+03
	7.494994082086772e-06
2846		2.846000000000000e+03
	2.645597653459260e-05
2847		2.847000000000000e+03
	1.117256062364251e-05
2848		2.848000000000000e+03
	9.997191974199406e-06
2849		2.849000000000000e+03
	1.359290327814231e-05
2850		2.850000000000000e+03
	6.533332513505910e-05
2851		2.851000000000000e+03
	1.827081542968654e-05
2852		2.852000000000000e+03
	1.745128926301835e-05
2853		2.853000000000000e+03
	2.771371966394004e-06
2854		2.854000000000000e+03
	1.268229893752291e-04
2855		2.855000000000000e+03
	8.140029584870293e-06
2856		2.856000000000000e+03
	7.155965604998838e-05
2857		2.857000000000000e+03
	3.378177365352846e-05
2858		2.858000000000000e+03
	1.822089692888898e-05
2859		2.859000000000000e+03
	1.757456102637593e-05
2860		2.860000000000000e+03
	9.556093314349688e-05
2861		2.861000000000000e+03
	1.594449523310781e-05
2862		2.862000000000000e+03
	1.074126467026608e-05
2863		2.863000000000000e+03
	2.247071128826569e-05
2864		2.864000000000000e+03
	3.935592644899313e-05
2865		2.865000000000000e+03
	1.563988139347993e-05
2866		2.866000000000000e+03
	3.153159531440886e-05
2867		2.867000000000000e+03
	1.640409165915049e-05
2868		2.868000000000000e+03
	3.001743761788991e-05
2869		2.869000000000000e+03
	9.069971792138993e-05
2870		2.870000000000000e+03
	6.062806096465408e-05
2871		2.871000000000000e+03
	5.560637160100049e-05
2872		2.872000000000000e+03
	2.238224732061711e-05
2873		2.873000000000000e+03
	4.123089035606869e-06
2874		2.874000000000000e+03
	3.526722474995025e-05
2875		2.875000000000000e+03
	8.961236255129246e-06
2876		2.876000000000000e+03
	1.094636282201125e-05
2877		2.877000000000000e+03
	2.112441640329787e-05
2878		2.878000000000000e+03
	3.254748837182733e-05
2879		2.879000000000000e+03
	5.093704133903778e-05
2880		2.880000000000000e+03
	3.629067004373784e-05
2881		2.881000000000000e+03
	6.601641383880035e-05
2882		2.882000000000000e+03
	4.942057056354185e-06
2883		2.883000000000000e+03
	5.676394468929878e-06
2884		2.884000000000000e+03
	3.784829570597562e-06
2885		2.885000000000000e+03
	1.070818193985874e-04
2886		2.886000000000000e+03
	1.787379419140544e-05
2887		2.887000000000000e+03
	8.661530840057948e-06
2888		2.888000000000000e+03
	1.107211795905340e-04
2889		2.889000000000000e+03
	3.703995649624473e-05
2890		2.890000000000000e+03
	7.368779151256170e-05
2891		2.891000000000000e+03
	3.502763201183883e-05
2892		2.892000000000000e+03
	7.246194318244615e-05
2893		2.893000000000000e+03
	6.252636430963029e-05
2894		2.894000000000000e+03
	4.781304965172772e-05
2895		2.895000000000000e+03
	2.598473791576414e-05
2896		2.896000000000000e+03
	5.000220145186700e-05
2897		2.897000000000000e+03
	1.372855656424888e-05
2898		2.898000000000000e+03
	6.646636699728205e-06
2899		2.899000000000000e+03
	1.130573677604164e-04
2900		2.900000000000000e+03
	4.401911627759646e-06
2901		2.901000000000000e+03
	8.942878533752546e-05
2902		2.902000000000000e+03
	9.904458605735226e-05
2903		2.903000000000000e+03
	2.406502069038605e-06
2904		2.904000000000000e+03
	9.525704393464190e-06
2905		2.905000000000000e+03
	3.421299403687015e-05
2906		2.906000000000000e+03
	4.479802019914203e-05
2907		2.907000000000000e+03
	3.781252599718680e-05
2908		2.908000000000000e+03
	3.565960748834340e-05
2909		2.909000000000000e+03
	4.943267844844130e-05
2910		2.910000000000000e+03
	7.742599153531728e-06
2911		2.911000000000000e+03
	2.452433636634788e-05
2912		2.912000000000000e+03
	1.002668716898233e-05
2913		2.913000000000000e+03
	5.021869836252768e-05
2914		2.914000000000000e+03
	3.026715562161790e-05
2915		2.915000000000000e+03
	1.573159595262890e-05
2916		2.916000000000000e+03
	1.832520430857367e-05
2917		2.917000000000000e+03
	1.604827413430660e-05
2918		2.918000000000000e+03
	3.091257697472163e-05
2919		2.919000000000000e+03
	1.610649132731519e-05
2920		2.920000000000000e+03
	1.000034835161869e-04
2921		2.921000000000000e+03
	2.428209869906443e-06
2922		2.922000000000000e+03
	1.497038446807757e-05
2923		2.923000000000000e+03
	5.040816580702648e-05
2924		2.924000000000000e+03
	1.035043112079812e-04
2925		2.925000000000000e+03
	4.747972981270212e-05
2926		2.926000000000000e+03
	2.236542259364362e-05
2927		2.927000000000000e+03
	1.590062111152085e-05
2928		2.928000000000000e+03
	3.757737681760349e-06
2929		2.929000000000000e+03
	3.423273152991791e-05
2930		2.930000000000000e+03
	4.148275496088129e-05
2931		2.931000000000000e+03
	4.402218668591944e-05
2932		2.932000000000000e+03
	4.787032532706347e-05
2933		2.933000000000000e+03
	5.700783752155197e-05
2934		2.934000000000000e+03
	4.803284361534069e-06
2935		2.935000000000000e+03
	1.320168402798943e-06
2936		2.936000000000000e+03
	1.049498243851494e-05
2937		2.937000000000000e+03
	2.302921170035335e-05
2938		2.938000000000000e+03
	8.791352620714853e-06
2939		2.939000000000000e+03
	2.481161198562898e-06
2940		2.940000000000000e+03
	3.036717560230872e-05
2941		2.941000000000000e+03
	7.832223551430002e-05
2942		2.942000000000000e+03
	8.710328143320130e-06
2943		2.943000000000000e+03
	8.699855442082546e-06
2944		2.944000000000000e+03
	4.787783881097625e-05
2945		2.945000000000000e+03
	3.147119075738823e-05
2946		2.946000000000000e+03
	6.745979195035881e-05
2947		2.947000000000000e+03
	4.321428169526756e-06
2948		2.948000000000000e+03
	3.394418112127745e-05
2949		2.949000000000000e+03
	1.531598895373422e-05
2950		2.950000000000000e+03
	5.476971038369249e-05
2951		2.951000000000000e+03
	6.353001343638995e-06
2952		2.952000000000000e+03
	1.007956663923118e-05
2953		2.953000000000000e+03
	8.229171750692520e-05
2954		2.954000000000000e+03
	4.130055226519859e-05
2955		2.955000000000000e+03
	2.141689931154890e-05
2956		2.956000000000000e+03
	1.011234718938428e-05
2957		2.957000000000000e+03
	6.566462433507574e-06
2958		2.958000000000000e+03
	1.679046281373166e-05
2959		2.959000000000000e+03
	4.637529537716071e-05
2960		2.960000000000000e+03
	4.139925037304681e-05
2961		2.961000000000000e+03
	1.020390186138040e-05
2962		2.962000000000000e+03
	3.017183066529308e-05
2963		2.963000000000000e+03
	2.472833879519986e-05
2964		2.964000000000000e+03
	8.331878364718908e-05
2965		2.965000000000000e+03
	6.961087964395186e-06
2966		2.966000000000000e+03
	5.214861844245385e-06
2967		2.967000000000000e+03
	9.203898566161844e-06
2968		2.968000000000000e+03
	4.161926726588487e-05
2969		2.969000000000000e+03
	9.410780859850758e-05
2970		2.970000000000000e+03
	3.360204362782316e-05
2971		2.971000000000000e+03
	1.324231288351932e-04
2972		2.972000000000000e+03
	3.854085080346914e-05
2973		2.973000000000000e+03
	5.234394803523452e-06
2974		2.974000000000000e+03
	2.775078454130518e-05
2975		2.975000000000000e+03
	7.267668737455862e-06
2976		2.976000000000000e+03
	7.046569648833318e-05
2977		2.977000000000000e+03
	1.110571608886184e-05
2978		2.978000000000000e+03
	1.968998590931278e-06
2979		2.979000000000000e+03
	6.718528429651396e-05
2980		2.980000000000000e+03
	2.781381357538074e-05
2981		2.981000000000000e+03
	1.863435821667892e-05
2982		2.982000000000000e+03
	8.589206389366432e-06
2983		2.983000000000000e+03
	3.802297776186984e-05
2984		2.984000000000000e+03
	9.783504733540139e-06
2985		2.985000000000000e+03
	3.914243673821050e-05
2986		2.986000000000000e+03
	1.474931615320395e-06
2987		2.987000000000000e+03
	1.801810677210873e-05
2988		2.988000000000000e+03
	1.663869207241792e-05
2989		2.989000000000000e+03
	1.679780832205422e-05
2990		2.990000000000000e+03
	2.140416917540060e-05
2991		2.991000000000000e+03
	2.644904179584993e-05
2992		2.992000000000000e+03
	7.012064853089207e-05
2993		2.993000000000000e+03
	3.244646353307367e-05
2994		2.994000000000000e+03
	1.191339320325976e-05
2995		2.995000000000000e+03
	7.627289967506286e-06
2996		2.996000000000000e+03
	1.087875540251428e-04
2997		2.997000000000000e+03
	2.780130556245858e-05
2998		2.998000000000000e+03
	5.466500384928961e-05
2999		2.999000000000000e+03
	9.769890481081386e-05
3000		3.000000000000000e+03
	3.562762077914595e-05
3001		3.001000000000000e+03
	2.996700547062308e-05
3002		3.002000000000000e+03
	9.123445935474507e-05
3003		3.003000000000000e+03
	4.864513090371140e-05
3004		3.004000000000000e+03
	5.311559315173862e-05
3005		3.005000000000000e+03
	3.827651599641549e-05
3006		3.006000000000000e+03
	1.174622537996144e-05
3007		3.007000000000000e+03
	1.872467698985229e-05
3008		3.008000000000000e+03
	4.856339865216054e-05
3009		3.009000000000000e+03
	1.515333781780716e-05
3010		3.010000000000000e+03
	1.057238787692013e-05
3011		3.011000000000000e+03
	3.253367061874944e-05
3012		3.012000000000000e+03
	2.726206258691017e-05
3013		3.013000000000000e+03
	1.651844116818190e-05
3014		3.014000000000000e+03
	8.310254665843497e-06
3015		3.015000000000000e+03
	1.251486377529450e-05
3016		3.016000000000000e+03
	2.739764067574803e-05
3017		3.017000000000000e+03
	3.080885450194016e-05
3018		3.018000000000000e+03
	4.985767219138944e-06
3019		3.019000000000000e+03
	1.883873437142450e-05
3020		3.020000000000000e+03
	1.754357648821406e-05
3021		3.021000000000000e+03
	3.409750127459161e-06
3022		3.022000000000000e+03
	6.233766199446421e-06
3023		3.023000000000000e+03
	2.436220885554425e-05
3024		3.024000000000000e+03
	2.482209403228677e-05
3025		3.025000000000000e+03
	5.241858594141346e-05
3026		3.026000000000000e+03
	7.922273408264396e-05
3027		3.027000000000000e+03
	2.689999108202413e-05
3028		3.028000000000000e+03
	1.589060443951090e-05
3029		3.029000000000000e+03
	6.057399403294118e-06
3030		3.030000000000000e+03
	1.801758910265565e-05
3031		3.031000000000000e+03
	3.345984669856074e-05
3032		3.032000000000000e+03
	3.884563574842352e-05
3033		3.033000000000000e+03
	2.707073294122970e-05
3034		3.034000000000000e+03
	8.956416806707180e-05
3035		3.035000000000000e+03
	1.261815822994140e-05
3036		3.036000000000000e+03
	1.234739974444001e-05
3037		3.037000000000000e+03
	9.523057194968590e-06
3038		3.038000000000000e+03
	6.740773518516409e-05
3039		3.039000000000000e+03
	2.414461453005826e-06
3040		3.040000000000000e+03
	1.308907555656503e-05
3041		3.041000000000000e+03
	2.335748677975911e-05
3042		3.042000000000000e+03
	6.987774772418308e-05
3043		3.043000000000000e+03
	1.034306359903839e-05
3044		3.044000000000000e+03
	1.544070579516921e-05
3045		3.045000000000000e+03
	1.518864136528189e-05
3046		3.046000000000000e+03
	1.161481146487960e-05
3047		3.047000000000000e+03
	3.699965192613455e-05
3048		3.048000000000000e+03
	4.853261766775112e-06
3049		3.049000000000000e+03
	1.395143677360836e-05
3050		3.050000000000000e+03
	1.243935658227507e-05
3051		3.051000000000000e+03
	5.722042435039725e-06
3052		3.052000000000000e+03
	1.481847100442280e-05
3053		3.053000000000000e+03
	1.317075318656458e-04
3054		3.054000000000000e+03
	1.628835177244075e-05
3055		3.055000000000000e+03
	4.912284536081166e-06
3056		3.056000000000000e+03
	4.124788257440888e-05
3057		3.057000000000000e+03
	1.742792775070708e-05
3058		3.058000000000000e+03
	9.508704654907301e-05
3059		3.059000000000000e+03
	4.632767250705282e-05
3060		3.060000000000000e+03
	8.813645416475158e-05
3061		3.061000000000000e+03
	3.117272844190969e-05
3062		3.062000000000000e+03
	1.479497301582761e-05
3063		3.063000000000000e+03
	1.631245603470335e-05
3064		3.064000000000000e+03
	3.790016021734096e-05
3065		3.065000000000000e+03
	2.614144609011879e-05
3066		3.066000000000000e+03
	1.144345574337338e-05
3067		3.067000000000000e+03
	5.194381275026237e-05
3068		3.068000000000000e+03
	1.114488921869163e-05
3069		3.069000000000000e+03
	9.121655857577035e-06
3070		3.070000000000000e+03
	6.999210731078999e-06
3071		3.071000000000000e+03
	3.573489964323725e-05
3072		3.072000000000000e+03
	3.283806636878573e-06
3073		3.073000000000000e+03
	3.111273602151817e-05
3074		3.074000000000000e+03
	2.632618261444044e-05
3075		3.075000000000000e+03
	3.566298262517847e-05
3076		3.076000000000000e+03
	1.620939378544744e-05
3077		3.077000000000000e+03
	2.072042416088143e-05
3078		3.078000000000000e+03
	1.478065589330432e-05
3079		3.079000000000000e+03
	3.251818676214657e-05
3080		3.080000000000000e+03
	1.826591913246282e-05
3081		3.081000000000000e+03
	1.533210567703711e-05
3082		3.082000000000000e+03
	6.744836420287193e-05
3083		3.083000000000000e+03
	1.158167248341494e-05
3084		3.084000000000000e+03
	2.268162815883239e-05
3085		3.085000000000000e+03
	2.434188824167133e-05
3086		3.086000000000000e+03
	9.350226851955296e-06
3087		3.087000000000000e+03
	6.219521227410912e-06
3088		3.088000000000000e+03
	5.705805622971034e-05
3089		3.089000000000000e+03
	4.292762761506348e-05
3090		3.090000000000000e+03
	4.516771305608813e-05
3091		3.091000000000000e+03
	1.226220884699468e-05
3092		3.092000000000000e+03
	5.739205029209486e-06
3093		3.093000000000000e+03
	2.020756376682423e-05
3094		3.094000000000000e+03
	2.702544484785060e-05
3095		3.095000000000000e+03
	4.538220924793940e-05
3096		3.096000000000000e+03
	5.981593555004887e-05
3097		3.097000000000000e+03
	3.194349571896338e-05
3098		3.098000000000000e+03
	8.735205335126831e-05
3099		3.099000000000000e+03
	6.203182248298889e-05
3100		3.100000000000000e+03
	3.298171930881254e-05
3101		3.101000000000000e+03
	2.326080577436994e-05
3102		3.102000000000000e+03
	1.143077302421774e-05
3103		3.103000000000000e+03
	3.444840329682455e-05
3104		3.104000000000000e+03
	3.679223437773502e-05
3105		3.105000000000000e+03
	4.944463252387878e-06
3106		3.106000000000000e+03
	1.487769553581632e-05
3107		3.107000000000000e+03
	2.308709792409741e-05
3108		3.108000000000000e+03
	3.814034856945310e-05
3109		3.109000000000000e+03
	2.513550186962236e-05
3110		3.110000000000000e+03
	9.862464245321207e-05
3111		3.111000000000000e+03
	3.263804382659545e-05
3112		3.112000000000000e+03
	7.742499803908880e-05
3113		3.113000000000000e+03
	2.200207908595705e-05
3114		3.114000000000000e+03
	8.846765320478766e-05
3115		3.115000000000000e+03
	1.469750912614094e-05
3116		3.116000000000000e+03
	1.567516552050829e-05
3117		3.117000000000000e+03
	1.668965692562237e-05
3118		3.118000000000000e+03
	1.106622507610341e-05
3119		3.119000000000000e+03
	2.732567187714233e-05
3120		3.120000000000000e+03
	9.558847278776892e-06
3121		3.121000000000000e+03
	6.320684622180766e-06
3122		3.122000000000000e+03
	2.009625145224392e-05
3123		3.123000000000000e+03
	1.767235075106479e-05
3124		3.124000000000000e+03
	4.262458040439470e-05
3125		3.125000000000000e+03
	5.028029727148996e-05
3126		3.126000000000000e+03
	1.110338318876430e-05
3127		3.127000000000000e+03
	3.357391287897042e-06
3128		3.128000000000000e+03
	4.684157774182115e-06
3129		3.129000000000000e+03
	1.400679517865348e-05
3130		3.130000000000000e+03
	1.667565398356041e-05
3131		3.131000000000000e+03
	3.476963104119334e-05
3132		3.132000000000000e+03
	1.411075163960597e-05
3133		3.133000000000000e+03
	2.510185559352599e-05
3134		3.134000000000000e+03
	1.806027814396646e-05
3135		3.135000000000000e+03
	7.589019136958971e-06
3136		3.136000000000000e+03
	8.708049064538562e-05
3137		3.137000000000000e+03
	8.123870948432384e-05
3138		3.138000000000000e+03
	5.952404267099407e-05
3139		3.139000000000000e+03
	2.794429811803334e-05
3140		3.140000000000000e+03
	6.908487391168963e-06
3141		3.141000000000000e+03
	4.070514213410618e-06
3142		3.142000000000000e+03
	4.928471730908604e-05
3143		3.143000000000000e+03
	7.729164174705874e-05
3144		3.144000000000000e+03
	1.966893440789175e-05
3145		3.145000000000000e+03
	6.288816117630174e-05
3146		3.146000000000000e+03
	5.784847134369910e-06
3147		3.147000000000000e+03
	9.846116251697793e-05
3148		3.148000000000000e+03
	1.171777128916959e-04
3149		3.149000000000000e+03
	1.426384046781660e-05
3150		3.150000000000000e+03
	4.293767656358561e-05
3151		3.151000000000000e+03
	8.911275855992319e-05
3152		3.152000000000000e+03
	3.360407835927137e-05
3153		3.153000000000000e+03
	6.485478102776852e-06
3154		3.154000000000000e+03
	1.010940679595904e-05
3155		3.155000000000000e+03
	2.469601793678786e-05
3156		3.156000000000000e+03
	3.105141781812064e-05
3157		3.157000000000000e+03
	3.418801854108392e-05
3158		3.158000000000000e+03
	1.381675563980915e-05
3159		3.159000000000000e+03
	4.985565844103056e-05
3160		3.160000000000000e+03
	6.525596621037250e-05
3161		3.161000000000000e+03
	1.305836580628692e-05
3162		3.162000000000000e+03
	1.074332091671514e-05
3163		3.163000000000000e+03
	5.436359831666735e-05
3164		3.164000000000000e+03
	1.122677849453780e-05
3165		3.165000000000000e+03
	2.818793835458766e-05
3166		3.166000000000000e+03
	5.078423568096266e-05
3167		3.167000000000000e+03
	5.029384523985412e-05
3168		3.168000000000000e+03
	4.659065533261689e-06
3169		3.169000000000000e+03
	4.699301380912472e-06
3170		3.170000000000000e+03
	1.491145676964658e-05
3171		3.171000000000000e+03
	9.134880371236606e-05
3172		3.172000000000000e+03
	2.528112006127175e-05
3173		3.173000000000000e+03
	6.776133424399650e-05
3174		3.174000000000000e+03
	5.896907149544616e-05
3175		3.175000000000000e+03
	5.233490303303915e-05
3176		3.176000000000000e+03
	2.679331657705637e-05
3177		3.177000000000000e+03
	3.294275666604061e-05
3178		3.178000000000000e+03
	1.165240132810688e-04
3179		3.179000000000000e+03
	1.546070731967473e-06
3180		3.180000000000000e+03
	2.380302704938589e-05
3181		3.181000000000000e+03
	1.791119714089589e-05
3182		3.182000000000000e+03
	1.199982698593531e-04
3183		3.183000000000000e+03
	9.394506224382165e-05
3184		3.184000000000000e+03
	7.466635739540667e-05
3185		3.185000000000000e+03
	1.302077029885190e-04
3186		3.186000000000000e+03
	8.431174653819795e-05
3187		3.187000000000000e+03
	3.047496243607740e-06
3188		3.188000000000000e+03
	7.968862154906314e-06
3189		3.189000000000000e+03
	2.702885890315449e-05
3190		3.190000000000000e+03
	2.336677306731584e-05
3191		3.191000000000000e+03
	3.839391348939399e-05
3192		3.192000000000000e+03
	2.926776247858168e-05
3193		3.193000000000000e+03
	1.352828668598475e-05
3194		3.194000000000000e+03
	2.296621479525727e-05
3195		3.195000000000000e+03
	1.139618198407285e-04
3196		3.196000000000000e+03
	1.671599329087996e-05
3197		3.197000000000000e+03
	1.923706734353818e-05
3198		3.198000000000000e+03
	2.864917572375851e-06
3199		3.199000000000000e+03
	6.454687063586343e-05
3200		3.200000000000000e+03
	6.185681080945117e-05
3201		3.201000000000000e+03
	7.506952548558995e-06
3202		3.202000000000000e+03
	9.896068679838556e-06
3203		3.203000000000000e+03
	8.174362675531745e-05
3204		3.204000000000000e+03
	1.367082274536786e-05
3205		3.205000000000000e+03
	8.179597194154353e-06
3206		3.206000000000000e+03
	3.728096323724598e-05
3207		3.207000000000000e+03
	6.099886434921053e-05
3208		3.208000000000000e+03
	5.741771842802593e-06
3209		3.209000000000000e+03
	3.389709701794498e-06
3210		3.210000000000000e+03
	3.283168879194872e-05
3211		3.211000000000000e+03
	2.165251398284724e-05
3212		3.212000000000000e+03
	6.721111547622554e-06
3213		3.213000000000000e+03
	2.606085636114069e-05
3214		3.214000000000000e+03
	1.725641593450949e-05
3215		3.215000000000000e+03
	5.905778778631108e-05
3216		3.216000000000000e+03
	3.508076328223444e-06
3217		3.217000000000000e+03
	4.304983904156486e-05
3218		3.218000000000000e+03
	7.357002939893889e-05
3219		3.219000000000000e+03
	7.938674422289333e-06
3220		3.220000000000000e+03
	6.436398098317733e-06
3221		3.221000000000000e+03
	2.839251068452594e-05
3222		3.222000000000000e+03
	1.785571815810601e-05
3223		3.223000000000000e+03
	5.499605985420677e-05
3224		3.224000000000000e+03
	5.490586472155342e-06
3225		3.225000000000000e+03
	3.618414925630364e-05
3226		3.226000000000000e+03
	4.057432201678294e-06
3227		3.227000000000000e+03
	7.612769723390185e-05
3228		3.228000000000000e+03
	1.039670299787483e-04
3229		3.229000000000000e+03
	2.229955962220526e-06
3230		3.230000000000000e+03
	1.132285181158143e-04
3231		3.231000000000000e+03
	7.294602413786897e-05
3232		3.232000000000000e+03
	8.662463873750678e-06
3233		3.233000000000000e+03
	1.503130809818664e-05
3234		3.234000000000000e+03
	2.525787840642664e-05
3235		3.235000000000000e+03
	7.386428790894555e-06
3236		3.236000000000000e+03
	2.485014651845590e-05
3237		3.237000000000000e+03
	9.054601246524827e-05
3238		3.238000000000000e+03
	3.605145227284081e-06
3239		3.239000000000000e+03
	1.074103504684635e-05
3240		3.240000000000000e+03
	8.646148585790632e-06
3241		3.241000000000000e+03
	2.467811900560705e-05
3242		3.242000000000000e+03
	7.085700766819560e-05
3243		3.243000000000000e+03
	4.722151195628067e-06
3244		3.244000000000000e+03
	5.992778286009079e-07
3245		3.245000000000000e+03
	6.258668432971487e-05
3246		3.246000000000000e+03
	1.833115469503589e-05
3247		3.247000000000000e+03
	2.516717910936566e-05
3248		3.248000000000000e+03
	4.071489424121845e-05
3249		3.249000000000000e+03
	8.261537563315018e-05
3250		3.250000000000000e+03
	3.035615809293595e-06
3251		3.251000000000000e+03
	4.715752052390094e-05
3252		3.252000000000000e+03
	1.324145524410305e-05
3253		3.253000000000000e+03
	5.306794969145576e-05
3254		3.254000000000000e+03
	3.815250887357792e-05
3255		3.255000000000000e+03
	1.059433811886464e-05
3256		3.256000000000000e+03
	1.743363071216666e-05
3257		3.257000000000000e+03
	1.110101094086728e-04
3258		3.258000000000000e+03
	3.531492871363197e-05
3259		3.259000000000000e+03
	4.856193668552425e-05
3260		3.260000000000000e+03
	1.002130140883892e-04
3261		3.261000000000000e+03
	4.927270362286249e-05
3262		3.262000000000000e+03
	6.659791193435542e-05
3263		3.263000000000000e+03
	6.573956347122565e-06
3264		3.264000000000000e+03
	3.727132886918862e-05
3265		3.265000000000000e+03
	6.601567094563817e-07
3266		3.266000000000000e+03
	1.791584651871444e-05
3267		3.267000000000000e+03
	1.050665027664408e-05
3268		3.268000000000000e+03
	1.025639692601557e-04
3269		3.269000000000000e+03
	9.346948645871587e-06
3270		3.270000000000000e+03
	1.044246599194251e-05
3271		3.271000000000000e+03
	1.485634971887578e-05
3272		3.272000000000000e+03
	2.630009848295525e-05
3273		3.273000000000000e+03
	4.049606018287454e-05
3274		3.274000000000000e+03
	6.720359376999945e-05
3275		3.275000000000000e+03
	3.855745292183587e-06
3276		3.276000000000000e+03
	3.024276323199789e-05
3277		3.277000000000000e+03
	1.863968632869786e-05
3278		3.278000000000000e+03
	3.252800820570760e-05
3279		3.279000000000000e+03
	5.798721230890573e-05
3280		3.280000000000000e+03
	9.582412442221813e-06
3281		3.281000000000000e+03
	1.060769198670769e-04
3282		3.282000000000000e+03
	9.482849173539069e-06
3283		3.283000000000000e+03
	4.719116128244501e-05
3284		3.284000000000000e+03
	2.295370258988817e-05
3285		3.285000000000000e+03
	7.963324626215187e-05
3286		3.286000000000000e+03
	1.226489094957690e-05
3287		3.287000000000000e+03
	5.017883823592217e-05
3288		3.288000000000000e+03
	5.068623789147596e-05
3289		3.289000000000000e+03
	2.029138570026158e-05
3290		3.290000000000000e+03
	1.166544616370218e-04
3291		3.291000000000000e+03
	1.783983288317637e-05
3292		3.292000000000000e+03
	7.594269460267847e-05
3293		3.293000000000000e+03
	2.470632517719970e-05
3294		3.294000000000000e+03
	2.364063549315159e-05
3295		3.295000000000000e+03
	7.387379434781758e-06
3296		3.296000000000000e+03
	1.842746470546667e-05
3297		3.297000000000000e+03
	4.276674300856115e-06
3298		3.298000000000000e+03
	1.015639939263536e-05
3299		3.299000000000000e+03
	3.487380604302623e-05
3300		3.300000000000000e+03
	4.861511112754665e-06
3301		3.301000000000000e+03
	4.613138132133240e-05
3302		3.302000000000000e+03
	1.292504979682818e-05
3303		3.303000000000000e+03
	8.677312721854294e-06
3304		3.304000000000000e+03
	1.214152759996660e-05
3305		3.305000000000000e+03
	1.780092648207208e-05
3306		3.306000000000000e+03
	6.910858807211408e-05
3307		3.307000000000000e+03
	2.831865809166384e-05
3308		3.308000000000000e+03
	2.295437895344526e-05
3309		3.309000000000000e+03
	6.702123041523802e-06
3310		3.310000000000000e+03
	4.365788874481736e-05
3311		3.311000000000000e+03
	1.507192380204866e-05
3312		3.312000000000000e+03
	9.532077024691099e-06
3313		3.313000000000000e+03
	1.559254388650716e-05
3314		3.314000000000000e+03
	1.043960948332549e-04
3315		3.315000000000000e+03
	5.716129331190441e-06
3316		3.316000000000000e+03
	1.421667436526616e-05
3317		3.317000000000000e+03
	4.822895135368075e-05
3318		3.318000000000000e+03
	2.738939400951191e-05
3319		3.319000000000000e+03
	3.990529499855007e-06
3320		3.320000000000000e+03
	4.517773573630961e-05
3321		3.321000000000000e+03
	9.063287579144544e-06
3322		3.322000000000000e+03
	1.965380942192744e-05
3323		3.323000000000000e+03
	1.143838501949299e-04
3324		3.324000000000000e+03
	7.929592328153573e-06
3325		3.325000000000000e+03
	2.296870317368366e-05
3326		3.326000000000000e+03
	5.118191353801007e-05
3327		3.327000000000000e+03
	4.984099813353165e-06
3328		3.328000000000000e+03
	7.342698475089480e-06
3329		3.329000000000000e+03
	5.861260964789431e-06
3330		3.330000000000000e+03
	5.249445792073952e-05
3331		3.331000000000000e+03
	2.630330312854010e-05
3332		3.332000000000000e+03
	1.191502900292320e-05
3333		3.333000000000000e+03
	2.716043770036757e-05
3334		3.334000000000000e+03
	3.404816740366952e-05
3335		3.335000000000000e+03
	3.607935601448320e-05
3336		3.336000000000000e+03
	2.278493592310132e-05
3337		3.337000000000000e+03
	1.711176308601943e-05
3338		3.338000000000000e+03
	5.759020069652301e-05
3339		3.339000000000000e+03
	1.261149965033195e-05
3340		3.340000000000000e+03
	1.820871124273241e-05
3341		3.341000000000000e+03
	7.391705952036708e-06
3342		3.342000000000000e+03
	4.830649487880046e-05
3343		3.343000000000000e+03
	8.947033329857880e-06
3344		3.344000000000000e+03
	3.331019340953072e-05
3345		3.345000000000000e+03
	6.374463128704243e-06
3346		3.346000000000000e+03
	5.871546732030101e-06
3347		3.347000000000000e+03
	4.189069201308183e-06
3348		3.348000000000000e+03
	3.886294987971514e-05
3349		3.349000000000000e+03
	5.161667359650984e-06
3350		3.350000000000000e+03
	5.102387033548156e-05
3351		3.351000000000000e+03
	7.458286172100931e-06
3352		3.352000000000000e+03
	8.785206078820653e-05
3353		3.353000000000000e+03
	2.385815279234703e-05
3354		3.354000000000000e+03
	1.722684014452982e-05
3355		3.355000000000000e+03
	8.027058885556720e-06
3356		3.356000000000000e+03
	2.720520300980999e-05
3357		3.357000000000000e+03
	4.606749946840296e-05
3358		3.358000000000000e+03
	1.513071306900417e-05
3359		3.359000000000000e+03
	3.592904933826773e-05
3360		3.360000000000000e+03
	4.257529201759355e-06
3361		3.361000000000000e+03
	1.250367131708300e-04
3362		3.362000000000000e+03
	1.680192193216159e-05
3363		3.363000000000000e+03
	9.446675149760770e-06
3364		3.364000000000000e+03
	2.795309295830072e-05
3365		3.365000000000000e+03
	1.327941708600002e-05
3366		3.366000000000000e+03
	3.814382898282128e-05
3367		3.367000000000000e+03
	2.304901255705272e-05
3368		3.368000000000000e+03
	1.280769094216269e-05
3369		3.369000000000000e+03
	6.473838522663387e-05
3370		3.370000000000000e+03
	8.655615225135386e-06
3371		3.371000000000000e+03
	1.976581404902421e-05
3372		3.372000000000000e+03
	9.567642111734026e-05
3373		3.373000000000000e+03
	2.209029401254793e-05
3374		3.374000000000000e+03
	1.031491331579454e-04
3375		3.375000000000000e+03
	9.288566332174917e-05
3376		3.376000000000000e+03
	3.909032073889395e-06
3377		3.377000000000000e+03
	7.799894910719781e-06
3378		3.378000000000000e+03
	4.554384958274825e-06
3379		3.379000000000000e+03
	8.024086306012294e-06
3380		3.380000000000000e+03
	6.463600575956246e-05
3381		3.381000000000000e+03
	8.792289827313289e-05
3382		3.382000000000000e+03
	2.936281680748278e-05
3383		3.383000000000000e+03
	1.553164920808109e-05
3384		3.384000000000000e+03
	4.133808070580689e-05
3385		3.385000000000000e+03
	2.814730340976402e-05
3386		3.386000000000000e+03
	6.728329939497862e-05
3387		3.387000000000000e+03
	1.236881392650000e-05
3388		3.388000000000000e+03
	4.095279036276747e-06
3389		3.389000000000000e+03
	9.955594313051165e-05
3390		3.390000000000000e+03
	3.997205773089158e-06
3391		3.391000000000000e+03
	1.739020947661059e-05
3392		3.392000000000000e+03
	4.851336612342451e-06
3393		3.393000000000000e+03
	2.765042255707231e-05
3394		3.394000000000000e+03
	9.682728472073601e-05
3395		3.395000000000000e+03
	1.337291840989502e-05
3396		3.396000000000000e+03
	1.261560972158369e-05
3397		3.397000000000000e+03
	9.793882786310226e-06
3398		3.398000000000000e+03
	8.776842052932268e-06
3399		3.399000000000000e+03
	8.294498624420739e-05
3400		3.400000000000000e+03
	9.767774253504935e-06
3401		3.401000000000000e+03
	2.609362266326509e-05
3402		3.402000000000000e+03
	2.334308917014051e-05
3403		3.403000000000000e+03
	9.958114756922967e-06
3404		3.404000000000000e+03
	3.262330968749165e-05
3405		3.405000000000000e+03
	3.242965861790021e-05
3406		3.406000000000000e+03
	2.372041532922048e-05
3407		3.407000000000000e+03
	1.139563784988093e-04
3408		3.408000000000000e+03
	6.027320689286027e-06
3409		3.409000000000000e+03
	5.660063060343626e-05
3410		3.410000000000000e+03
	1.990995339396483e-06
3411		3.411000000000000e+03
	5.910172716285328e-05
3412		3.412000000000000e+03
	6.547708746358287e-06
3413		3.413000000000000e+03
	6.367268411908950e-05
3414		3.414000000000000e+03
	5.008580473517385e-06
3415		3.415000000000000e+03
	1.927387849586786e-05
3416		3.416000000000000e+03
	1.105914967949521e-04
3417		3.417000000000000e+03
	3.155533050713217e-05
3418		3.418000000000000e+03
	6.290560158977407e-06
3419		3.419000000000000e+03
	9.149334566864080e-06
3420		3.420000000000000e+03
	1.030083725665325e-05
3421		3.421000000000000e+03
	1.422287327666863e-05
3422		3.422000000000000e+03
	6.483867376276103e-05
3423		3.423000000000000e+03
	5.527992347368474e-05
3424		3.424000000000000e+03
	1.980268321598070e-05
3425		3.425000000000000e+03
	1.549315469508803e-05
3426		3.426000000000000e+03
	2.620274461362534e-05
3427		3.427000000000000e+03
	1.585076378091172e-05
3428		3.428000000000000e+03
	4.510946042948643e-05
3429		3.429000000000000e+03
	9.429725302791092e-05
3430		3.430000000000000e+03
	6.145124355530787e-06
3431		3.431000000000000e+03
	2.775379338994319e-05
3432		3.432000000000000e+03
	1.579879569433000e-05
3433		3.433000000000000e+03
	4.637489010576662e-06
3434		3.434000000000000e+03
	5.328196899781039e-05
3435		3.435000000000000e+03
	2.673366051924913e-05
3436		3.436000000000000e+03
	2.468817244046018e-05
3437		3.437000000000000e+03
	4.492321484927927e-05
3438		3.438000000000000e+03
	1.195275218757759e-04
3439		3.439000000000000e+03
	1.960043480177096e-05
3440		3.440000000000000e+03
	4.068673727357064e-06
3441		3.441000000000000e+03
	6.652241090726849e-06
3442		3.442000000000000e+03
	1.713248873935521e-05
3443		3.443000000000000e+03
	3.226242624183302e-05
3444		3.444000000000000e+03
	2.862222635868357e-05
3445		3.445000000000000e+03
	6.522010527740363e-05
3446		3.446000000000000e+03
	1.467494874395979e-05
3447		3.447000000000000e+03
	9.954359168304951e-06
3448		3.448000000000000e+03
	7.279604800182836e-06
3449		3.449000000000000e+03
	8.230300272911405e-06
3450		3.450000000000000e+03
	1.939664564684693e-05
3451		3.451000000000000e+03
	1.046834936142890e-05
3452		3.452000000000000e+03
	5.127705184473078e-05
3453		3.453000000000000e+03
	8.775995802434105e-05
3454		3.454000000000000e+03
	2.143120273144997e-05
3455		3.455000000000000e+03
	2.158424077228488e-05
3456		3.456000000000000e+03
	3.941244816626375e-05
3457		3.457000000000000e+03
	9.607785853158597e-06
3458		3.458000000000000e+03
	4.355916868433277e-05
3459		3.459000000000000e+03
	3.784959130589053e-05
3460		3.460000000000000e+03
	5.733408644121621e-06
3461		3.461000000000000e+03
	7.038358719900146e-06
3462		3.462000000000000e+03
	7.238366388431661e-06
3463		3.463000000000000e+03
	1.061051150330003e-05
3464		3.464000000000000e+03
	1.399175896759088e-05
3465		3.465000000000000e+03
	2.184667623137027e-05
3466		3.466000000000000e+03
	4.411464603006315e-05
3467		3.467000000000000e+03
	4.033154706650824e-05
3468		3.468000000000000e+03
	3.008242488221863e-05
3469		3.469000000000000e+03
	6.954149536187974e-06
3470		3.470000000000000e+03
	1.763116938548177e-05
3471		3.471000000000000e+03
	8.446674749010878e-05
3472		3.472000000000000e+03
	4.184956639095355e-05
3473		3.473000000000000e+03
	1.146794516356349e-04
3474		3.474000000000000e+03
	5.344051953970291e-06
3475		3.475000000000000e+03
	4.249589199468701e-06
3476		3.476000000000000e+03
	1.243142647906569e-05
3477		3.477000000000000e+03
	2.036641645213221e-05
3478		3.478000000000000e+03
	4.653608782964776e-05
3479		3.479000000000000e+03
	1.038875512016426e-05
3480		3.480000000000000e+03
	2.255057974216696e-05
3481		3.481000000000000e+03
	2.814714970664256e-05
3482		3.482000000000000e+03
	7.029452503313675e-05
3483		3.483000000000000e+03
	2.562662389606646e-05
3484		3.484000000000000e+03
	6.667001731852343e-05
3485		3.485000000000000e+03
	6.987705684688450e-06
3486		3.486000000000000e+03
	4.448174236814637e-06
3487		3.487000000000000e+03
	8.687890185699425e-06
3488		3.488000000000000e+03
	8.224943777082556e-05
3489		3.489000000000000e+03
	1.148985711947676e-04
3490		3.490000000000000e+03
	9.597722381040771e-05
3491		3.491000000000000e+03
	7.750108263846736e-05
3492		3.492000000000000e+03
	2.484532475535000e-05
3493		3.493000000000000e+03
	6.021543107363475e-06
3494		3.494000000000000e+03
	8.525166344590321e-06
3495		3.495000000000000e+03
	7.101093228300776e-05
3496		3.496000000000000e+03
	1.139924278137523e-04
3497		3.497000000000000e+03
	6.338400017604209e-06
3498		3.498000000000000e+03
	2.509857698713019e-05
3499		3.499000000000000e+03
	9.637611498328614e-05
3500		3.500000000000000e+03
	2.596275156017479e-05
3501		3.501000000000000e+03
	8.632031141010052e-05
3502		3.502000000000000e+03
	6.952166752125722e-05
3503		3.503000000000000e+03
	3.203065670787871e-05
3504		3.504000000000000e+03
	1.151539212962996e-04
3505		3.505000000000000e+03
	1.174310160127303e-04
3506		3.506000000000000e+03
	8.324810288772319e-05
3507		3.507000000000000e+03
	1.438029881538005e-05
3508		3.508000000000000e+03
	6.784082104267588e-06
3509		3.509000000000000e+03
	6.820832714071508e-05
3510		3.510000000000000e+03
	1.594468589558062e-05
3511		3.511000000000000e+03
	7.574311465202573e-05
3512		3.512000000000000e+03
	2.892630232050897e-05
3513		3.513000000000000e+03
	2.099880833960172e-05
3514		3.514000000000000e+03
	8.820909450898881e-06
3515		3.515000000000000e+03
	8.853902209927932e-05
3516		3.516000000000000e+03
	4.576554652064948e-05
3517		3.517000000000000e+03
	2.844982600606903e-05
3518		3.518000000000000e+03
	2.231749970735973e-06
3519		3.519000000000000e+03
	5.831970902235451e-05
3520		3.520000000000000e+03
	2.670962856006039e-05
3521		3.521000000000000e+03
	1.114772083980195e-05
3522		3.522000000000000e+03
	1.785112417915593e-05
3523		3.523000000000000e+03
	1.098079913050485e-04
3524		3.524000000000000e+03
	1.630958831808519e-05
3525		3.525000000000000e+03
	2.617250393368855e-05
3526		3.526000000000000e+03
	5.642902166399017e-05
3527		3.527000000000000e+03
	2.891064957262037e-05
3528		3.528000000000000e+03
	3.171085539732251e-05
3529		3.529000000000000e+03
	1.941754507496256e-05
3530		3.530000000000000e+03
	4.922225357632945e-06
3531		3.531000000000000e+03
	1.086861689148197e-04
3532		3.532000000000000e+03
	1.393464432251073e-05
3533		3.533000000000000e+03
	1.161679648433273e-04
3534		3.534000000000000e+03
	5.826590053333245e-06
3535		3.535000000000000e+03
	5.837728110350442e-06
3536		3.536000000000000e+03
	6.867541473149464e-06
3537		3.537000000000000e+03
	7.690821489524354e-06
3538		3.538000000000000e+03
	4.524951258296709e-05
3539		3.539000000000000e+03
	1.173867178947759e-05
3540		3.540000000000000e+03
	3.171096871128488e-05
3541		3.541000000000000e+03
	2.184585374546971e-05
3542		3.542000000000000e+03
	8.215032009204420e-05
3543		3.543000000000000e+03
	9.842501795927000e-06
3544		3.544000000000000e+03
	8.055968375384234e-05
3545		3.545000000000000e+03
	8.041412352527442e-05
3546		3.546000000000000e+03
	1.549240847448927e-05
3547		3.547000000000000e+03
	6.731635746666239e-05
3548		3.548000000000000e+03
	4.865037072389234e-06
3549		3.549000000000000e+03
	8.267799363104723e-06
3550		3.550000000000000e+03
	8.863595945425729e-05
3551		3.551000000000000e+03
	2.844985260882369e-05
3552		3.552000000000000e+03
	2.411204509393009e-05
3553		3.553000000000000e+03
	6.435009154072099e-05
3554		3.554000000000000e+03
	7.435467808342348e-05
3555		3.555000000000000e+03
	1.683713712449121e-05
3556		3.556000000000000e+03
	6.493362408934960e-05
3557		3.557000000000000e+03
	6.459609801808534e-06
3558		3.558000000000000e+03
	5.744998620403520e-05
3559		3.559000000000000e+03
	1.186062788529762e-05
3560		3.560000000000000e+03
	5.369812904935249e-05
3561		3.561000000000000e+03
	3.973729610129577e-05
3562		3.562000000000000e+03
	6.240523390933325e-06
3563		3.563000000000000e+03
	5.551166592233435e-05
3564		3.564000000000000e+03
	8.829954511396939e-06
3565		3.565000000000000e+03
	6.863059550832472e-06
3566		3.566000000000000e+03
	1.264030622335717e-05
3567		3.567000000000000e+03
	4.839422308996864e-06
3568		3.568000000000000e+03
	1.305738689450148e-05
3569		3.569000000000000e+03
	1.312255180759070e-05
3570		3.570000000000000e+03
	8.123190726574035e-06
3571		3.571000000000000e+03
	6.887453076539606e-05
3572		3.572000000000000e+03
	2.207860821110704e-05
3573		3.573000000000000e+03
	2.044500754115110e-05
3574		3.574000000000000e+03
	1.245473297937191e-04
3575		3.575000000000000e+03
	1.123824071462287e-05
3576		3.576000000000000e+03
	1.214257153759356e-05
3577		3.577000000000000e+03
	9.135841292593417e-05
3578		3.578000000000000e+03
	1.543071020098201e-05
3579		3.579000000000000e+03
	1.007679776920952e-05
3580		3.580000000000000e+03
	2.077162000455468e-05
3581		3.581000000000000e+03
	1.874702173855247e-05
3582		3.582000000000000e+03
	3.950430550267033e-05
3583		3.583000000000000e+03
	5.839894699738178e-05
3584		3.584000000000000e+03
	4.877889157499114e-05
3585		3.585000000000000e+03
	6.668629227769138e-05
3586		3.586000000000000e+03
	1.549880916378276e-06
3587		3.587000000000000e+03
	4.600924747792439e-05
3588		3.588000000000000e+03
	5.978022500221996e-06
3589		3.589000000000000e+03
	7.223310070485077e-06
3590		3.590000000000000e+03
	2.833236423133431e-05
3591		3.591000000000000e+03
	8.645822245902168e-05
3592		3.592000000000000e+03
	4.199002160210937e-06
3593		3.593000000000000e+03
	2.545074812366229e-06
3594		3.594000000000000e+03
	1.482096311856224e-05
3595		3.595000000000000e+03
	1.039748465575092e-04
3596		3.596000000000000e+03
	3.746895592816026e-06
3597		3.597000000000000e+03
	1.013773663231916e-04
3598		3.598000000000000e+03
	2.625617683790008e-05
3599		3.599000000000000e+03
	6.736960806694477e-06
3600		3.600000000000000e+03
	1.866419797280622e-05
3601		3.601000000000000e+03
	1.054122918031602e-05
3602		3.602000000000000e+03
	1.858850361411746e-05
3603		3.603000000000000e+03
	3.334265883020988e-05
3604		3.604000000000000e+03
	2.040329459632007e-05
3605		3.605000000000000e+03
	3.816473284302805e-06
3606		3.606000000000000e+03
	8.719684544076977e-06
3607		3.607000000000000e+03
	4.942283378916517e-05
3608		3.608000000000000e+03
	3.402413852714056e-05
3609		3.609000000000000e+03
	1.869711288229692e-05
3610		3.610000000000000e+03
	2.868573068101794e-05
3611		3.611000000000000e+03
	5.894094759414549e-06
3612		3.612000000000000e+03
	8.935167127085529e-06
3613		3.613000000000000e+03
	3.591128379088855e-05
3614		3.614000000000000e+03
	1.587116033629479e-05
3615		3.615000000000000e+03
	7.539082147326605e-05
3616		3.616000000000000e+03
	6.501226672953136e-06
3617		3.617000000000000e+03
	7.840382745121767e-05
3618		3.618000000000000e+03
	2.945573029689217e-05
3619		3.619000000000000e+03
	5.185998737836476e-05
3620		3.620000000000000e+03
	5.749165354243550e-05
3621		3.621000000000000e+03
	9.139925565532839e-05
3622		3.622000000000000e+03
	6.017042748406814e-06
3623		3.623000000000000e+03
	1.695169536564129e-05
3624		3.624000000000000e+03
	3.975006095056743e-05
3625		3.625000000000000e+03
	1.567522198658341e-05
3626		3.626000000000000e+03
	8.354602895061591e-05
3627		3.627000000000000e+03
	1.916211204940789e-05
3628		3.628000000000000e+03
	6.864514980441534e-05
3629		3.629000000000000e+03
	1.696960311240467e-05
3630		3.630000000000000e+03
	4.364239283929386e-06
3631		3.631000000000000e+03
	1.925707672430862e-05
3632		3.632000000000000e+03
	3.176799358180363e-05
3633		3.633000000000000e+03
	4.782105718592460e-05
3634		3.634000000000000e+03
	2.131057131101719e-05
3635		3.635000000000000e+03
	1.192719944747384e-04
3636		3.636000000000000e+03
	1.790451044562621e-05
3637		3.637000000000000e+03
	5.897086710239316e-06
3638		3.638000000000000e+03
	1.133536818239207e-05
3639		3.639000000000000e+03
	2.177451688416082e-05
3640		3.640000000000000e+03
	1.075279478439197e-05
3641		3.641000000000000e+03
	6.304966392182344e-06
3642		3.642000000000000e+03
	1.427258109610035e-05
3643		3.643000000000000e+03
	1.270096921304707e-04
3644		3.644000000000000e+03
	1.512362542069995e-05
3645		3.645000000000000e+03
	7.031347651220543e-05
3646		3.646000000000000e+03
	3.868066318395083e-05
3647		3.647000000000000e+03
	4.080972181390427e-06
3648		3.648000000000000e+03
	9.098650840743641e-06
3649		3.649000000000000e+03
	1.566807569559907e-06
3650		3.650000000000000e+03
	6.417417969095129e-06
3651		3.651000000000000e+03
	1.916864689686506e-05
3652		3.652000000000000e+03
	2.260540746660905e-05
3653		3.653000000000000e+03
	9.431405076134793e-05
3654		3.654000000000000e+03
	3.159286919416281e-05
3655		3.655000000000000e+03
	6.563498676163702e-05
3656		3.656000000000000e+03
	3.119749047789983e-05
3657		3.657000000000000e+03
	5.217774488506046e-05
3658		3.658000000000000e+03
	2.686003031197683e-05
3659		3.659000000000000e+03
	2.305650579179940e-05
3660		3.660000000000000e+03
	2.831823752452277e-05
3661		3.661000000000000e+03
	1.953588558089199e-05
3662		3.662000000000000e+03
	2.182918957403039e-05
3663		3.663000000000000e+03
	6.024931387275529e-05
3664		3.664000000000000e+03
	5.907268702577570e-05
3665		3.665000000000000e+03
	4.116961073772051e-05
3666		3.666000000000000e+03
	4.404562897949356e-06
3667		3.667000000000000e+03
	1.193987341233966e-05
3668		3.668000000000000e+03
	3.383605739115266e-05
3669		3.669000000000000e+03
	1.531399818109850e-05
3670		3.670000000000000e+03
	1.048342771114022e-04
3671		3.671000000000000e+03
	2.448525370530244e-05
3672		3.672000000000000e+03
	1.749411282158233e-05
3673		3.673000000000000e+03
	4.618974498487936e-06
3674		3.674000000000000e+03
	5.025397806664254e-05
3675		3.675000000000000e+03
	1.817935201289793e-05
3676		3.676000000000000e+03
	4.211596925651497e-05
3677		3.677000000000000e+03
	3.183979044861701e-05
3678		3.678000000000000e+03
	1.042634462799133e-04
3679		3.679000000000000e+03
	4.720003450543180e-05
3680		3.680000000000000e+03
	1.996171721005494e-05
3681		3.681000000000000e+03
	2.153095617350154e-05
3682		3.682000000000000e+03
	1.158392533483910e-05
3683		3.683000000000000e+03
	1.642705053638034e-05
3684		3.684000000000000e+03
	2.545755489435886e-05
3685		3.685000000000000e+03
	1.119177642563642e-05
3686		3.686000000000000e+03
	6.734967026869124e-06
3687		3.687000000000000e+03
	3.025845007120749e-05
3688		3.688000000000000e+03
	3.229947445045871e-05
3689		3.689000000000000e+03
	1.103051421732302e-06
3690		3.690000000000000e+03
	3.242610427027050e-05
3691		3.691000000000000e+03
	2.183639838955373e-05
3692		3.692000000000000e+03
	1.284999200865555e-05
3693		3.693000000000000e+03
	4.088495215476341e-05
3694		3.694000000000000e+03
	4.352285648313580e-05
3695		3.695000000000000e+03
	9.436480436928080e-05
3696		3.696000000000000e+03
	3.441968853541472e-05
3697		3.697000000000000e+03
	3.069183413863249e-05
3698		3.698000000000000e+03
	1.131590680761814e-04
3699		3.699000000000000e+03
	5.410911598272683e-05
3700		3.700000000000000e+03
	6.185807347467187e-06
3701		3.701000000000000e+03
	4.946870743827864e-05
3702		3.702000000000000e+03
	2.151380981999678e-05
3703		3.703000000000000e+03
	6.688009792457684e-05
3704		3.704000000000000e+03
	5.265956342633336e-06
3705		3.705000000000000e+03
	4.382494013358657e-05
3706		3.706000000000000e+03
	1.874844302757967e-05
3707		3.707000000000000e+03
	9.983267215883037e-05
3708		3.708000000000000e+03
	7.744302154383757e-06
3709		3.709000000000000e+03
	1.714881610805247e-05
3710		3.710000000000000e+03
	1.166631157551747e-05
3711		3.711000000000000e+03
	5.793639092270880e-05
3712		3.712000000000000e+03
	3.955318676948761e-05
3713		3.713000000000000e+03
	4.605424307677079e-05
3714		3.714000000000000e+03
	1.172985002700285e-04
3715		3.715000000000000e+03
	2.140378169307253e-05
3716		3.716000000000000e+03
	1.568878672051797e-05
3717		3.717000000000000e+03
	2.482471984704380e-05
3718		3.718000000000000e+03
	2.531093742398270e-05
3719		3.719000000000000e+03
	4.023745451136915e-05
3720		3.720000000000000e+03
	8.191098836812797e-06
3721		3.721000000000000e+03
	3.888433666855944e-05
3722		3.722000000000000e+03
	9.618566490815908e-05
3723		3.723000000000000e+03
	1.646309785776845e-05
3724		3.724000000000000e+03
	7.258770006130924e-05
3725		3.725000000000000e+03
	4.203987776307599e-05
3726		3.726000000000000e+03
	3.563219015915839e-05
3727		3.727000000000000e+03
	2.261448832288026e-05
3728		3.728000000000000e+03
	8.557269081304946e-06
3729		3.729000000000000e+03
	5.223267180365542e-05
3730		3.730000000000000e+03
	8.617120705177208e-05
3731		3.731000000000000e+03
	9.681639224834505e-06
3732		3.732000000000000e+03
	1.159918901759592e-04
3733		3.733000000000000e+03
	9.069369138231783e-05
3734		3.734000000000000e+03
	1.878714253388344e-05
3735		3.735000000000000e+03
	6.724936764841580e-05
3736		3.736000000000000e+03
	1.314851384574861e-05
3737		3.737000000000000e+03
	3.163711018657348e-05
3738		3.738000000000000e+03
	6.907209281524736e-05
3739		3.739000000000000e+03
	4.871796816742706e-05
3740		3.740000000000000e+03
	3.482564672054303e-05
3741		3.741000000000000e+03
	1.316406063742557e-05
3742		3.742000000000000e+03
	2.004046599189334e-05
3743		3.743000000000000e+03
	7.550155241283303e-05
3744		3.744000000000000e+03
	5.711070888544287e-05
3745		3.745000000000000e+03
	3.271768828874733e-05
3746		3.746000000000000e+03
	7.803694791376328e-06
3747		3.747000000000000e+03
	3.245775176278008e-05
3748		3.748000000000000e+03
	1.378639816308846e-05
3749		3.749000000000000e+03
	5.223909106883963e-05
3750		3.750000000000000e+03
	1.274184014240652e-04
3751		3.751000000000000e+03
	5.883400312168326e-05
3752		3.752000000000000e+03
	2.813344967196402e-05
3753		3.753000000000000e+03
	1.700551104498354e-05
3754		3.754000000000000e+03
	3.939215487887510e-05
3755		3.755000000000000e+03
	4.861391538010306e-05
3756		3.756000000000000e+03
	6.342603554127555e-06
3757		3.757000000000000e+03
	9.858983177836019e-05
3758		3.758000000000000e+03
	5.053114320465933e-05
3759		3.759000000000000e+03
	1.601259752819804e-05
3760		3.760000000000000e+03
	8.816353625970828e-06
3761		3.761000000000000e+03
	9.447209286867975e-06
3762		3.762000000000000e+03
	1.862424813321096e-05
3763		3.763000000000000e+03
	2.156533313083537e-05
3764		3.764000000000000e+03
	4.517661144024664e-05
3765		3.765000000000000e+03
	1.545180630249269e-05
3766		3.766000000000000e+03
	6.138756569714362e-05
3767		3.767000000000000e+03
	4.733212724076355e-05
3768		3.768000000000000e+03
	1.051193322329393e-05
3769		3.769000000000000e+03
	6.037257306603914e-05
3770		3.770000000000000e+03
	8.017625903295204e-05
3771		3.771000000000000e+03
	5.822140953907153e-06
3772		3.772000000000000e+03
	2.961485457929422e-05
3773		3.773000000000000e+03
	9.951272391188021e-05
3774		3.774000000000000e+03
	3.228344094377717e-05
3775		3.775000000000000e+03
	4.755774623133414e-05
3776		3.776000000000000e+03
	1.073099801250468e-04
3777		3.777000000000000e+03
	3.474998503469551e-06
3778		3.778000000000000e+03
	1.348867022983131e-06
3779		3.779000000000000e+03
	1.767973189570758e-05
3780		3.780000000000000e+03
	8.988373665330008e-05
3781		3.781000000000000e+03
	9.450201395492760e-05
3782		3.782000000000000e+03
	5.792108791694579e-05
3783		3.783000000000000e+03
	1.223776987883826e-05
3784		3.784000000000000e+03
	8.150799622578494e-06
3785		3.785000000000000e+03
	2.127464200747760e-05
3786		3.786000000000000e+03
	2.402230751160268e-05
3787		3.787000000000000e+03
	3.489705820170672e-05
3788		3.788000000000000e+03
	2.931846655799155e-05
3789		3.789000000000000e+03
	9.373214823492072e-06
3790		3.790000000000000e+03
	7.579554653039852e-05
3791		3.791000000000000e+03
	1.625631643058646e-05
3792		3.792000000000000e+03
	9.910376616662636e-05
3793		3.793000000000000e+03
	1.374042220205125e-05
3794		3.794000000000000e+03
	5.573272453135299e-05
3795		3.795000000000000e+03
	2.826802517626574e-05
3796		3.796000000000000e+03
	1.147284804612994e-05
3797		3.797000000000000e+03
	6.723539721149815e-05
3798		3.798000000000000e+03
	5.240847046954026e-06
3799		3.799000000000000e+03
	5.938918228292444e-06
3800		3.800000000000000e+03
	8.128145226331248e-06
3801		3.801000000000000e+03
	1.173556231690192e-05
3802		3.802000000000000e+03
	5.700058658121535e-05
3803		3.803000000000000e+03
	9.148112746937896e-06
3804		3.804000000000000e+03
	1.055784626428982e-05
3805		3.805000000000000e+03
	5.197073472083377e-05
3806		3.806000000000000e+03
	5.815555221320974e-06
3807		3.807000000000000e+03
	4.746997514871791e-06
3808		3.808000000000000e+03
	1.772626922488343e-05
3809		3.809000000000000e+03
	1.099618730125347e-04
3810		3.810000000000000e+03
	1.339712267878163e-05
3811		3.811000000000000e+03
	4.419952803831022e-05
3812		3.812000000000000e+03
	3.649839666384709e-06
3813		3.813000000000000e+03
	1.781109603630846e-05
3814		3.814000000000000e+03
	4.392456684379221e-06
3815		3.815000000000000e+03
	2.169213967702896e-05
3816		3.816000000000000e+03
	5.437368714000161e-06
3817		3.817000000000000e+03
	8.774940878165769e-06
3818		3.818000000000000e+03
	7.201233375127746e-06
3819		3.819000000000000e+03
	8.512370912423379e-06
3820		3.820000000000000e+03
	1.227218656952449e-05
3821		3.821000000000000e+03
	5.193680282020053e-06
3822		3.822000000000000e+03
	3.358845270764956e-05
3823		3.823000000000000e+03
	3.451752409369934e-05
3824		3.824000000000000e+03
	1.287417643565990e-05
3825		3.825000000000000e+03
	7.302783890185059e-05
3826		3.826000000000000e+03
	2.102727111845132e-05
3827		3.827000000000000e+03
	1.319285252532943e-05
3828		3.828000000000000e+03
	1.241150627273926e-05
3829		3.829000000000000e+03
	2.699615425703966e-05
3830		3.830000000000000e+03
	1.482310856437768e-05
3831		3.831000000000000e+03
	2.693747477552446e-05
3832		3.832000000000000e+03
	8.625220492195524e-06
3833		3.833000000000000e+03
	3.773568228357562e-05
3834		3.834000000000000e+03
	7.059552294933092e-06
3835		3.835000000000000e+03
	2.588844403337918e-05
3836		3.836000000000000e+03
	1.468682757108370e-05
3837		3.837000000000000e+03
	7.316532247471489e-06
3838		3.838000000000000e+03
	4.122574840528729e-05
3839		3.839000000000000e+03
	5.301362249709476e-05
3840		3.840000000000000e+03
	3.828016748941326e-05
3841		3.841000000000000e+03
	2.099327079542008e-05
3842		3.842000000000000e+03
	5.747544387683872e-06
3843		3.843000000000000e+03
	7.153061688679970e-05
3844		3.844000000000000e+03
	7.128633020932434e-05
3845		3.845000000000000e+03
	1.322733775832208e-04
3846		3.846000000000000e+03
	1.847676961538727e-05
3847		3.847000000000000e+03
	1.547279578390314e-05
3848		3.848000000000000e+03
	9.328970659598465e-05
3849		3.849000000000000e+03
	3.650220227659501e-05
3850		3.850000000000000e+03
	7.678987169810536e-06
3851		3.851000000000000e+03
	9.222434646690134e-06
3852		3.852000000000000e+03
	9.117527599328538e-05
3853		3.853000000000000e+03
	5.966730808381180e-06
3854		3.854000000000000e+03
	4.352427689677677e-05
3855		3.855000000000000e+03
	4.391975856523420e-05
3856		3.856000000000000e+03
	8.758576535683093e-06
3857		3.857000000000000e+03
	1.009664675249240e-04
3858		3.858000000000000e+03
	7.100158065832232e-05
3859		3.859000000000000e+03
	7.120302857412316e-05
3860		3.860000000000000e+03
	4.899502201993077e-05
3861		3.861000000000000e+03
	1.676369712561288e-05
3862		3.862000000000000e+03
	5.114421741962912e-05
3863		3.863000000000000e+03
	3.111117548297577e-05
3864		3.864000000000000e+03
	4.097056893212568e-05
3865		3.865000000000000e+03
	5.756652147479959e-05
3866		3.866000000000000e+03
	5.838038784460367e-06
3867		3.867000000000000e+03
	1.340503197024299e-05
3868		3.868000000000000e+03
	5.135965101637450e-05
3869		3.869000000000000e+03
	7.438259553487741e-05
3870		3.870000000000000e+03
	8.842571007548495e-06
3871		3.871000000000000e+03
	4.500526373511448e-05
3872		3.872000000000000e+03
	1.576192315415335e-05
3873		3.873000000000000e+03
	1.464822489795956e-05
3874		3.874000000000000e+03
	3.565816151662344e-05
3875		3.875000000000000e+03
	2.198981728350049e-05
3876		3.876000000000000e+03
	5.751249472690734e-06
3877		3.877000000000000e+03
	8.090303275473855e-05
3878		3.878000000000000e+03
	1.833446456755871e-05
3879		3.879000000000000e+03
	1.788215978493075e-05
3880		3.880000000000000e+03
	1.345394505247410e-05
3881		3.881000000000000e+03
	4.375161974459945e-05
3882		3.882000000000000e+03
	4.922213624766027e-05
3883		3.883000000000000e+03
	1.296319359362738e-05
3884		3.884000000000000e+03
	2.718288752168135e-05
3885		3.885000000000000e+03
	2.092107596101062e-05
3886		3.886000000000000e+03
	1.818933797994387e-05
3887		3.887000000000000e+03
	1.041954864168134e-05
3888		3.888000000000000e+03
	9.724521018905202e-05
3889		3.889000000000000e+03
	2.279811416289208e-05
3890		3.890000000000000e+03
	1.324893171403055e-05
3891		3.891000000000000e+03
	2.811958179311383e-05
3892		3.892000000000000e+03
	4.453084417011528e-05
3893		3.893000000000000e+03
	6.259904834346422e-06
3894		3.894000000000000e+03
	5.413998654007323e-05
3895		3.895000000000000e+03
	1.796698218837352e-05
3896		3.896000000000000e+03
	4.952878200013183e-05
3897		3.897000000000000e+03
	5.143735363233891e-05
3898		3.898000000000000e+03
	4.556655372536026e-05
3899		3.899000000000000e+03
	2.151555845138122e-05
3900		3.900000000000000e+03
	2.949947217010687e-05
3901		3.901000000000000e+03
	1.091329929919580e-04
3902		3.902000000000000e+03
	8.574139133336212e-05
3903		3.903000000000000e+03
	7.818212811112271e-06
3904		3.904000000000000e+03
	7.478104489499282e-05
3905		3.905000000000000e+03
	5.737822773158880e-05
3906		3.906000000000000e+03
	7.151720717735431e-05
3907		3.907000000000000e+03
	8.447538345246477e-05
3908		3.908000000000000e+03
	2.021380765049275e-05
3909		3.909000000000000e+03
	1.001827616056774e-04
3910		3.910000000000000e+03
	3.253951538583455e-06
3911		3.911000000000000e+03
	3.837710768565536e-05
3912		3.912000000000000e+03
	5.390373090239581e-05
3913		3.913000000000000e+03
	2.347994018675648e-05
3914		3.914000000000000e+03
	1.549283801517240e-05
3915		3.915000000000000e+03
	5.051214214819448e-05
3916		3.916000000000000e+03
	2.217923534248238e-05
3917		3.917000000000000e+03
	6.391259867127375e-06
3918		3.918000000000000e+03
	2.653633017153691e-05
3919		3.919000000000000e+03
	6.709904608042777e-06
3920		3.920000000000000e+03
	4.867883833700402e-06
3921		3.921000000000000e+03
	7.196642867310422e-05
3922		3.922000000000000e+03
	5.011994405855608e-06
3923		3.923000000000000e+03
	6.922443011522424e-05
3924		3.924000000000000e+03
	3.696575999204467e-05
3925		3.925000000000000e+03
	3.862615316232730e-05
3926		3.926000000000000e+03
	1.439912263867844e-05
3927		3.927000000000000e+03
	2.620079553779131e-05
3928		3.928000000000000e+03
	5.475166081849383e-05
3929		3.929000000000000e+03
	7.757673256353763e-05
3930		3.930000000000000e+03
	2.616446094194739e-05
3931		3.931000000000000e+03
	7.316682776898409e-05
3932		3.932000000000000e+03
	1.414331927336887e-05
3933		3.933000000000000e+03
	1.691154156988791e-05
3934		3.934000000000000e+03
	6.580222776130798e-06
3935		3.935000000000000e+03
	2.116087315270108e-05
3936		3.936000000000000e+03
	2.287646485130385e-05
3937		3.937000000000000e+03
	2.584978668436822e-05
3938		3.938000000000000e+03
	4.778942073284322e-05
3939		3.939000000000000e+03
	5.042474652000064e-06
3940		3.940000000000000e+03
	6.444637597842999e-05
3941		3.941000000000000e+03
	5.867656609208199e-06
3942		3.942000000000000e+03
	6.271622773316115e-05
3943		3.943000000000000e+03
	4.050870190887152e-05
3944		3.944000000000000e+03
	1.603875257269848e-06
3945		3.945000000000000e+03
	1.260984732940611e-05
3946		3.946000000000000e+03
	2.798045383808370e-05
3947		3.947000000000000e+03
	6.797221898506820e-05
3948		3.948000000000000e+03
	5.361048023507254e-06
3949		3.949000000000000e+03
	1.548764843426536e-05
3950		3.950000000000000e+03
	2.430789557730384e-05
3951		3.951000000000000e+03
	8.886228671480900e-06
3952		3.952000000000000e+03
	9.901709903893224e-05
3953		3.953000000000000e+03
	1.094309328845183e-05
3954		3.954000000000000e+03
	3.557519446598323e-05
3955		3.955000000000000e+03
	8.888880901709190e-05
3956		3.956000000000000e+03
	4.032404142922663e-06
3957		3.957000000000000e+03
	4.198199699543963e-05
3958		3.958000000000000e+03
	4.863060285838743e-06
3959		3.959000000000000e+03
	2.507693267540549e-05
3960		3.960000000000000e+03
	6.722587598887266e-05
3961		3.961000000000000e+03
	1.078182506047026e-04
3962		3.962000000000000e+03
	1.667648961360661e-05
3963		3.963000000000000e+03
	4.234868134424510e-06
3964		3.964000000000000e+03
	2.795811853116378e-05
3965		3.965000000000000e+03
	9.323010641777558e-06
3966		3.966000000000000e+03
	8.071824039227698e-05
3967		3.967000000000000e+03
	9.933732447892724e-06
3968		3.968000000000000e+03
	5.972817758354493e-06
3969		3.969000000000000e+03
	9.487950735262460e-05
3970		3.970000000000000e+03
	6.840831220227716e-05
3971		3.971000000000000e+03
	3.333989412453252e-05
3972		3.972000000000000e+03
	2.234158045400430e-06
3973		3.973000000000000e+03
	9.138548642139455e-06
3974		3.974000000000000e+03
	1.550474028168792e-05
3975		3.975000000000000e+03
	4.805772225767905e-05
3976		3.976000000000000e+03
	4.057955525756972e-06
3977		3.977000000000000e+03
	8.580855612777220e-05
3978		3.978000000000000e+03
	1.296246959261059e-05
3979		3.979000000000000e+03
	1.876227633802727e-05
3980		3.980000000000000e+03
	3.576789313993626e-06
3981		3.981000000000000e+03
	4.785299329136775e-06
3982		3.982000000000000e+03
	1.099312878590937e-05
3983		3.983000000000000e+03
	7.220225918379412e-06
3984		3.984000000000000e+03
	7.648089556001789e-05
3985		3.985000000000000e+03
	1.124946845984070e-05
3986		3.986000000000000e+03
	1.043106467630949e-05
3987		3.987000000000000e+03
	7.544655698316681e-06
3988		3.988000000000000e+03
	6.582964766829429e-05
3989		3.989000000000000e+03
	9.434718036398560e-06
3990		3.990000000000000e+03
	4.018565839445164e-05
3991		3.991000000000000e+03
	2.340057545947263e-05
3992		3.992000000000000e+03
	1.174105631516602e-05
3993		3.993000000000000e+03
	1.208673655578748e-04
3994		3.994000000000000e+03
	4.215878154481093e-05
3995		3.995000000000000e+03
	6.441585978219016e-05
3996		3.996000000000000e+03
	1.041862686332458e-04
3997		3.997000000000000e+03
	2.342662170616335e-05
3998		3.998000000000000e+03
	3.545125280466198e-06
3999		3.999000000000000e+03
	5.993573301382372e-06
4000		4.000000000000000e+03
	2.707662692557756e-05
4001		4.001000000000000e+03
	3.274927876524751e-05
4002		4.002000000000000e+03
	2.246521079983875e-05
4003		4.003000000000000e+03
	2.389491328780286e-05
4004		4.004000000000000e+03
	1.614862136616642e-05
4005		4.005000000000000e+03
	6.251311108719942e-06
4006		4.006000000000000e+03
	2.621544285492074e-05
4007		4.007000000000000e+03
	1.159080101474886e-05
4008		4.008000000000000e+03
	1.120921194809135e-05
4009		4.009000000000000e+03
	3.730584925205865e-06
4010		4.010000000000000e+03
	7.799732949360140e-06
4011		4.011000000000000e+03
	6.756691346380404e-05
4012		4.012000000000000e+03
	2.038169289918347e-05
4013		4.013000000000000e+03
	9.353467207317557e-06
4014		4.014000000000000e+03
	1.129163639650610e-04
4015		4.015000000000000e+03
	1.538869311707336e-05
4016		4.016000000000000e+03
	4.128900296040125e-05
4017		4.017000000000000e+03
	3.524153358044297e-06
4018		4.018000000000000e+03
	2.200805372890782e-05
4019		4.019000000000000e+03
	2.504905431307521e-05
4020		4.020000000000000e+03
	6.922386073309595e-05
4021		4.021000000000000e+03
	1.230316001798723e-04
4022		4.022000000000000e+03
	3.620760129859801e-05
4023		4.023000000000000e+03
	2.422239302818928e-05
4024		4.024000000000000e+03
	7.019965063018380e-06
4025		4.025000000000000e+03
	2.857329038675637e-05
4026		4.026000000000000e+03
	3.323837560075388e-05
4027		4.027000000000000e+03
	9.193555587521840e-06
4028		4.028000000000000e+03
	1.486183088295579e-05
4029		4.029000000000000e+03
	1.297490389077153e-05
4030		4.030000000000000e+03
	8.972075760685540e-05
4031		4.031000000000000e+03
	9.561695267929147e-06
4032		4.032000000000000e+03
	1.180096327447961e-05
4033		4.033000000000000e+03
	1.641321671469954e-05
4034		4.034000000000000e+03
	4.966239626187116e-05
4035		4.035000000000000e+03
	3.828372836540810e-05
4036		4.036000000000000e+03
	6.038581256667506e-05
4037		4.037000000000000e+03
	3.137241965278636e-05
4038		4.038000000000000e+03
	3.136783089223696e-05
4039		4.039000000000000e+03
	8.363808201849783e-05
4040		4.040000000000000e+03
	3.324301862825931e-05
4041		4.041000000000000e+03
	1.484134948371942e-05
4042		4.042000000000000e+03
	5.082946179762883e-06
4043		4.043000000000000e+03
	4.230442871137359e-06
4044		4.044000000000000e+03
	8.934308084960738e-05
4045		4.045000000000000e+03
	9.985474134132672e-06
4046		4.046000000000000e+03
	1.653930235732124e-05
4047		4.047000000000000e+03
	8.993093481428245e-05
4048		4.048000000000000e+03
	1.122204632791257e-05
4049		4.049000000000000e+03
	3.575128364840256e-05
4050		4.050000000000000e+03
	1.228140890428467e-04
4051		4.051000000000000e+03
	9.814399277389542e-06
4052		4.052000000000000e+03
	4.153172200791920e-05
4053		4.053000000000000e+03
	8.796287624153325e-05
4054		4.054000000000000e+03
	1.176452822411216e-04
4055		4.055000000000000e+03
	7.944869516302353e-06
4056		4.056000000000000e+03
	1.999263542004138e-05
4057		4.057000000000000e+03
	8.593704473343285e-06
4058		4.058000000000000e+03
	9.048285253424140e-06
4059		4.059000000000000e+03
	1.350457099355689e-05
4060		4.060000000000000e+03
	1.023401284479075e-05
4061		4.061000000000000e+03
	2.779978668888120e-06
4062		4.062000000000000e+03
	8.804076201333638e-06
4063		4.063000000000000e+03
	2.968336938605905e-05
4064		4.064000000000000e+03
	3.617171949736916e-05
4065		4.065000000000000e+03
	2.454110287412958e-05
4066		4.066000000000000e+03
	3.013024520299051e-06
4067		4.067000000000000e+03
	8.650770441562653e-06
4068		4.068000000000000e+03
	9.463889866287572e-06
4069		4.069000000000000e+03
	4.767800655001570e-05
4070		4.070000000000000e+03
	4.578268832347798e-05
4071		4.071000000000000e+03
	6.474768934211466e-06
4072		4.072000000000000e+03
	6.205611465041171e-05
4073		4.073000000000000e+03
	1.994368497039608e-05
4074		4.074000000000000e+03
	4.627405775876916e-06
4075		4.075000000000000e+03
	3.618355025489466e-05
4076		4.076000000000000e+03
	3.020222591485439e-05
4077		4.077000000000000e+03
	1.930456810838474e-05
4078		4.078000000000000e+03
	5.071792629842223e-05
4079		4.079000000000000e+03
	1.484278818246369e-05
4080		4.080000000000000e+03
	3.657159252413962e-05
4081		4.081000000000000e+03
	1.016736461305866e-05
4082		4.082000000000000e+03
	8.991226959217769e-05
4083		4.083000000000000e+03
	3.142621082471503e-05
4084		4.084000000000000e+03
	9.591668078933690e-05
4085		4.085000000000000e+03
	4.138165993554690e-05
4086		4.086000000000000e+03
	3.341290889608383e-05
4087		4.087000000000000e+03
	6.868582209897421e-06
4088		4.088000000000000e+03
	1.126686879564455e-05
4089		4.089000000000000e+03
	1.029698833906552e-04
4090		4.090000000000000e+03
	2.145029573400861e-05
4091		4.091000000000000e+03
	4.232295415179394e-05
4092		4.092000000000000e+03
	1.477161695713970e-05
4093		4.093000000000000e+03
	9.489188617362024e-05
4094		4.094000000000000e+03
	8.244073306197369e-05
4095		4.095000000000000e+03
	1.674252505544687e-05
4096		4.096000000000000e+03
	9.237644361883691e-06
4097		4.097000000000000e+03
	4.885299083731768e-05
4098		4.098000000000000e+03
	3.827913485250601e-05
4099		4.099000000000000e+03
	4.756701700177729e-05
4100		4.100000000000000e+03
	3.132862637348667e-06
4101		4.101000000000000e+03
	1.692246390387082e-05
4102		4.102000000000000e+03
	1.808028894705695e-05
4103		4.103000000000000e+03
	1.455098399863534e-05
4104		4.104000000000000e+03
	5.736901708346705e-06
4105		4.105000000000000e+03
	1.869917371446900e-05
4106		4.106000000000000e+03
	4.086248775560837e-05
4107		4.107000000000000e+03
	2.485191556262690e-05
4108		4.108000000000000e+03
	2.242720380904164e-05
4109		4.109000000000000e+03
	4.381538952010318e-05
4110		4.110000000000000e+03
	1.139989908008087e-05
4111		4.111000000000000e+03
	4.128866734254658e-05
4112		4.112000000000000e+03
	1.458610090455545e-05
4113		4.113000000000000e+03
	1.932109382801272e-05
4114		4.114000000000000e+03
	2.081515325370734e-05
4115		4.115000000000000e+03
	1.719260391254632e-05
4116		4.116000000000000e+03
	1.030618503248245e-04
4117		4.117000000000000e+03
	2.104041829292602e-05
4118		4.118000000000000e+03
	8.227952356198568e-06
4119		4.119000000000000e+03
	5.734141849126327e-06
4120		4.120000000000000e+03
	2.060327587004686e-05
4121		4.121000000000000e+03
	7.325518269447979e-06
4122		4.122000000000000e+03
	4.817868751314791e-05
4123		4.123000000000000e+03
	1.549921310632387e-05
4124		4.124000000000000e+03
	2.407076590188558e-05
4125		4.125000000000000e+03
	3.974849802616961e-05
4126		4.126000000000000e+03
	1.733713620298786e-05
4127		4.127000000000000e+03
	9.755517490761256e-05
4128		4.128000000000000e+03
	5.178136634345669e-05
4129		4.129000000000000e+03
	3.348551826828853e-05
4130		4.130000000000000e+03
	5.591982053459455e-05
4131		4.131000000000000e+03
	4.794926671096405e-05
4132		4.132000000000000e+03
	6.221245533807560e-05
4133		4.133000000000000e+03
	1.557045586209536e-05
4134		4.134000000000000e+03
	2.843615366176034e-05
4135		4.135000000000000e+03
	9.451227317587718e-06
4136		4.136000000000000e+03
	5.056489975476018e-05
4137		4.137000000000000e+03
	4.894493206719652e-06
4138		4.138000000000000e+03
	6.430474283627395e-05
4139		4.139000000000000e+03
	2.417013175635378e-05
4140		4.140000000000000e+03
	9.219338029325963e-06
4141		4.141000000000000e+03
	1.249185094801575e-06
4142		4.142000000000000e+03
	6.063819389264821e-06
4143		4.143000000000000e+03
	4.281249480047833e-05
4144		4.144000000000000e+03
	1.035760657147889e-04
4145		4.145000000000000e+03
	5.618219309085719e-05
4146		4.146000000000000e+03
	7.970212122525282e-05
4147		4.147000000000000e+03
	4.384933496515061e-05
4148		4.148000000000000e+03
	2.558786045833813e-06
4149		4.149000000000000e+03
	3.332721740728859e-05
4150		4.150000000000000e+03
	2.255730550612870e-05
4151		4.151000000000000e+03
	5.335866972524095e-05
4152		4.152000000000000e+03
	8.350353840499319e-05
4153		4.153000000000000e+03
	3.380638071024869e-05
4154		4.154000000000000e+03
	4.491734404964526e-05
4155		4.155000000000000e+03
	4.638314799754954e-05
4156		4.156000000000000e+03
	5.210419656457091e-06
4157		4.157000000000000e+03
	1.004784865479313e-05
4158		4.158000000000000e+03
	1.340645097433227e-06
4159		4.159000000000000e+03
	5.865378524790247e-05
4160		4.160000000000000e+03
	7.029598009236743e-06
4161		4.161000000000000e+03
	3.955253345327026e-05
4162		4.162000000000000e+03
	6.018228707053640e-06
4163		4.163000000000000e+03
	2.366966103531175e-05
4164		4.164000000000000e+03
	1.638155958842135e-05
4165		4.165000000000000e+03
	1.122925028689558e-04
4166		4.166000000000000e+03
	3.467494368771851e-05
4167		4.167000000000000e+03
	1.072694816058605e-05
4168		4.168000000000000e+03
	3.025042516778999e-05
4169		4.169000000000000e+03
	4.856865865521798e-05
4170		4.170000000000000e+03
	5.228843997815529e-06
4171		4.171000000000000e+03
	3.206402737105708e-06
4172		4.172000000000000e+03
	1.082403365116346e-05
4173		4.173000000000000e+03
	2.305431848153993e-05
4174		4.174000000000000e+03
	7.074694377714836e-06
4175		4.175000000000000e+03
	2.528918976018316e-05
4176		4.176000000000000e+03
	1.095850136056769e-05
4177		4.177000000000000e+03
	1.477152529158112e-05
4178		4.178000000000000e+03
	1.821070505274899e-05
4179		4.179000000000000e+03
	1.042933996693059e-04
4180		4.180000000000000e+03
	4.304533117191232e-06
4181		4.181000000000000e+03
	1.050390818134374e-05
4182		4.182000000000000e+03
	1.300120730597979e-05
4183		4.183000000000000e+03
	9.027059361489979e-06
4184		4.184000000000000e+03
	5.788583238729439e-05
4185		4.185000000000000e+03
	2.587498540791480e-05
4186		4.186000000000000e+03
	1.682782453958410e-05
4187		4.187000000000000e+03
	5.258080461527913e-06
4188		4.188000000000000e+03
	2.321967396116703e-05
4189		4.189000000000000e+03
	3.903249323958854e-05
4190		4.190000000000000e+03
	6.156973130475359e-05
4191		4.191000000000000e+03
	1.907070710517057e-05
4192		4.192000000000000e+03
	4.753999639641461e-05
4193		4.193000000000000e+03
	2.782881914421043e-05
4194		4.194000000000000e+03
	2.151391167274647e-05
4195		4.195000000000000e+03
	3.983188841578512e-06
4196		4.196000000000000e+03
	3.190091636968563e-05
4197		4.197000000000000e+03
	1.503950526476841e-05
4198		4.198000000000000e+03
	4.032925871836992e-05
4199		4.199000000000000e+03
	4.521771603166352e-06
4200		4.200000000000000e+03
	4.116387894154424e-05
4201		4.201000000000000e+03
	6.038085840206578e-06
4202		4.202000000000000e+03
	1.198986505504004e-05
4203		4.203000000000000e+03
	3.231484891980599e-05
4204		4.204000000000000e+03
	7.725815954344125e-05
4205		4.205000000000000e+03
	5.106733589235450e-05
4206		4.206000000000000e+03
	8.771221044487035e-06
4207		4.207000000000000e+03
	2.291200277301263e-05
4208		4.208000000000000e+03
	1.434484658586307e-05
4209		4.209000000000000e+03
	2.538335324303329e-05
4210		4.210000000000000e+03
	1.242280350738997e-05
4211		4.211000000000000e+03
	3.229498092955283e-06
4212		4.212000000000000e+03
	8.320247050194785e-05
4213		4.213000000000000e+03
	8.580967480558132e-05
4214		4.214000000000000e+03
	9.760383308635019e-06
4215		4.215000000000000e+03
	7.208841670023606e-06
4216		4.216000000000000e+03
	6.420835261785936e-05
4217		4.217000000000000e+03
	4.715266880959253e-06
4218		4.218000000000000e+03
	2.249881538870674e-05
4219		4.219000000000000e+03
	3.314317064629648e-05
4220		4.220000000000000e+03
	1.246069916344796e-04
4221		4.221000000000000e+03
	7.460024121713102e-06
4222		4.222000000000000e+03
	3.590265614032114e-05
4223		4.223000000000000e+03
	4.889100708829620e-05
4224		4.224000000000000e+03
	2.279500187899990e-05
4225		4.225000000000000e+03
	1.109256381108872e-05
4226		4.226000000000000e+03
	1.897418146025678e-05
4227		4.227000000000000e+03
	2.004876535743673e-05
4228		4.228000000000000e+03
	1.103677213605777e-05
4229		4.229000000000000e+03
	1.290649429470944e-06
4230		4.230000000000000e+03
	1.466737892141657e-05
4231		4.231000000000000e+03
	1.023806762436010e-05
4232		4.232000000000000e+03
	2.025613072620204e-05
4233		4.233000000000000e+03
	7.626862007296544e-05
4234		4.234000000000000e+03
	6.696281358314719e-06
4235		4.235000000000000e+03
	1.362391581257242e-05
4236		4.236000000000000e+03
	1.156995100064447e-04
4237		4.237000000000000e+03
	3.511069780855901e-06
4238		4.238000000000000e+03
	2.153270892868425e-05
4239		4.239000000000000e+03
	5.086582077054004e-06
4240		4.240000000000000e+03
	9.691624644238227e-05
4241		4.241000000000000e+03
	9.641182065102418e-05
4242		4.242000000000000e+03
	1.774822308362958e-05
4243		4.243000000000000e+03
	1.765901583496786e-05
4244		4.244000000000000e+03
	1.147433605934457e-04
4245		4.245000000000000e+03
	6.560461022359302e-06
4246		4.246000000000000e+03
	7.525403325941733e-06
4247		4.247000000000000e+03
	9.346286561598238e-05
4248		4.248000000000000e+03
	3.571616074656312e-05
4249		4.249000000000000e+03
	5.484056104542707e-05
4250		4.250000000000000e+03
	4.354454593182145e-05
4251		4.251000000000000e+03
	8.724055909883583e-06
4252		4.252000000000000e+03
	4.139192521501889e-05
4253		4.253000000000000e+03
	7.110701983381474e-06
4254		4.254000000000000e+03
	2.769859498951944e-05
4255		4.255000000000000e+03
	1.137463020104963e-04
4256		4.256000000000000e+03
	7.926140469003752e-05
4257		4.257000000000000e+03
	8.185936273985774e-06
4258		4.258000000000000e+03
	1.065735847098764e-05
4259		4.259000000000000e+03
	3.882666498422792e-05
4260		4.260000000000000e+03
	9.529045588459019e-06
4261		4.261000000000000e+03
	3.421664608492415e-05
4262		4.262000000000000e+03
	6.195502159120955e-05
4263		4.263000000000000e+03
	1.065768723654963e-05
4264		4.264000000000000e+03
	7.636227840097198e-06
4265		4.265000000000000e+03
	6.408206496148397e-05
4266		4.266000000000000e+03
	2.711380185983145e-05
4267		4.267000000000000e+03
	1.033621626075574e-04
4268		4.268000000000000e+03
	1.737214163377338e-05
4269		4.269000000000000e+03
	2.777266254538853e-05
4270		4.270000000000000e+03
	4.666746892627860e-05
4271		4.271000000000000e+03
	2.899506180114063e-05
4272		4.272000000000000e+03
	1.299770389163867e-05
4273		4.273000000000000e+03
	4.749356660816483e-05
4274		4.274000000000000e+03
	1.410720370068530e-05
4275		4.275000000000000e+03
	5.246399143185719e-05
4276		4.276000000000000e+03
	5.536100487169514e-05
4277		4.277000000000000e+03
	8.930874090250012e-05
4278		4.278000000000000e+03
	2.190755623624406e-05
4279		4.279000000000000e+03
	9.799549739603161e-06
4280		4.280000000000000e+03
	5.491453391198913e-05
4281		4.281000000000000e+03
	1.268023398898488e-06
4282		4.282000000000000e+03
	8.399997122082140e-06
4283		4.283000000000000e+03
	4.608928934183282e-05
4284		4.284000000000000e+03
	5.148379224348401e-05
4285		4.285000000000000e+03
	1.774416420481758e-05
4286		4.286000000000000e+03
	6.260343086582281e-05
4287		4.287000000000000e+03
	1.239712357491956e-04
4288		4.288000000000000e+03
	7.558347401776762e-05
4289		4.289000000000000e+03
	2.256244824667582e-05
4290		4.290000000000000e+03
	2.615550040605971e-05
4291		4.291000000000000e+03
	1.164604459210402e-05
4292		4.292000000000000e+03
	7.954565594031861e-06
4293		4.293000000000000e+03
	8.798828612070898e-06
4294		4.294000000000000e+03
	1.334797122206486e-05
4295		4.295000000000000e+03
	7.397974579092988e-05
4296		4.296000000000000e+03
	2.263073976623404e-05
4297		4.297000000000000e+03
	6.313446298400793e-05
4298		4.298000000000000e+03
	7.023783070711289e-05
4299		4.299000000000000e+03
	1.353470228269483e-05
4300		4.300000000000000e+03
	4.132047066622054e-05
4301		4.301000000000000e+03
	9.020626450944506e-05
4302		4.302000000000000e+03
	9.158018728384581e-05
4303		4.303000000000000e+03
	5.100160888786567e-05
4304		4.304000000000000e+03
	3.793640326378810e-05
4305		4.305000000000000e+03
	7.736219862308617e-05
4306		4.306000000000000e+03
	2.649576304655627e-06
4307		4.307000000000000e+03
	1.520396485040530e-05
4308		4.308000000000000e+03
	1.545428901058635e-05
4309		4.309000000000000e+03
	4.175435675952209e-05
4310		4.310000000000000e+03
	4.745754020261370e-05
4311		4.311000000000000e+03
	2.479789958897388e-05
4312		4.312000000000000e+03
	1.235199667672459e-04
4313		4.313000000000000e+03
	6.249163875605586e-05
4314		4.314000000000000e+03
	7.773863284980897e-06
4315		4.315000000000000e+03
	6.855249200807759e-05
4316		4.316000000000000e+03
	8.001237460357830e-06
4317		4.317000000000000e+03
	5.156569947110860e-05
4318		4.318000000000000e+03
	3.620448485526052e-05
4319		4.319000000000000e+03
	6.462588356033237e-05
4320		4.320000000000000e+03
	8.292710381269568e-05
4321		4.321000000000000e+03
	5.970709524407058e-06
4322		4.322000000000000e+03
	1.061718429662871e-04
4323		4.323000000000000e+03
	1.506753936757041e-05
4324		4.324000000000000e+03
	9.886819483828049e-06
4325		4.325000000000000e+03
	2.055960273549080e-05
4326		4.326000000000000e+03
	1.345510507118463e-05
4327		4.327000000000000e+03
	9.423108644864477e-06
4328		4.328000000000000e+03
	5.431681704450240e-05
4329		4.329000000000000e+03
	1.725554558491516e-05
4330		4.330000000000000e+03
	9.163185441355866e-06
4331		4.331000000000000e+03
	6.093868418973620e-05
4332		4.332000000000000e+03
	1.429287900383673e-05
4333		4.333000000000000e+03
	1.113803098270521e-05
4334		4.334000000000000e+03
	3.795953403460736e-05
4335		4.335000000000000e+03
	1.695420157993322e-05
4336		4.336000000000000e+03
	7.220320077332583e-05
4337		4.337000000000000e+03
	6.618111835985251e-05
4338		4.338000000000000e+03
	1.717135861583931e-05
4339		4.339000000000000e+03
	8.187097351842600e-05
4340		4.340000000000000e+03
	6.667807388615997e-06
4341		4.341000000000000e+03
	9.513153485211249e-05
4342		4.342000000000000e+03
	1.142058974237982e-05
4343		4.343000000000000e+03
	5.849554247756202e-05
4344		4.344000000000000e+03
	2.879720525047856e-05
4345		4.345000000000000e+03
	8.893956451702640e-05
4346		4.346000000000000e+03
	7.722307424950448e-05
4347		4.347000000000000e+03
	3.709867525045594e-05
4348		4.348000000000000e+03
	2.472785591158509e-05
4349		4.349000000000000e+03
	1.357358451406430e-05
4350		4.350000000000000e+03
	2.287265767389057e-05
4351		4.351000000000000e+03
	3.842985395569356e-05
4352		4.352000000000000e+03
	1.349652001883524e-05
4353		4.353000000000000e+03
	1.093055693806813e-05
4354		4.354000000000000e+03
	2.022087725815596e-06
4355		4.355000000000000e+03
	8.303072895135723e-06
4356		4.356000000000000e+03
	4.811976787659858e-05
4357		4.357000000000000e+03
	1.635179664056525e-05
4358		4.358000000000000e+03
	5.704201104964347e-06
4359		4.359000000000000e+03
	1.353740538749890e-05
4360		4.360000000000000e+03
	2.818333389692461e-05
4361		4.361000000000000e+03
	6.967059608855941e-06
4362		4.362000000000000e+03
	9.612327727397418e-05
4363		4.363000000000000e+03
	1.031294733205498e-04
4364		4.364000000000000e+03
	2.252486247452531e-05
4365		4.365000000000000e+03
	1.786448498461551e-05
4366		4.366000000000000e+03
	1.068611968936992e-05
4367		4.367000000000000e+03
	5.658918993277080e-06
4368		4.368000000000000e+03
	1.148122735515149e-04
4369		4.369000000000000e+03
	8.891481751695018e-05
4370		4.370000000000000e+03
	2.058262188427136e-05
4371		4.371000000000000e+03
	1.041457849086460e-04
4372		4.372000000000000e+03
	7.899385268133048e-06
4373		4.373000000000000e+03
	8.078784067949585e-05
4374		4.374000000000000e+03
	9.556296590087030e-06
4375		4.375000000000000e+03
	6.034426943932264e-05
4376		4.376000000000000e+03
	4.392975520591082e-06
4377		4.377000000000000e+03
	4.919550602963504e-06
4378		4.378000000000000e+03
	2.524387680978693e-05
4379		4.379000000000000e+03
	2.603686496571410e-05
4380		4.380000000000000e+03
	6.871284321430315e-06
4381		4.381000000000000e+03
	8.356267216672130e-06
4382		4.382000000000000e+03
	4.396335729792655e-05
4383		4.383000000000000e+03
	1.195011254219171e-04
4384		4.384000000000000e+03
	1.033003265948951e-05
4385		4.385000000000000e+03
	2.476182959845468e-05
4386		4.386000000000000e+03
	9.755992825873813e-06
4387		4.387000000000000e+03
	3.080102918984631e-05
4388		4.388000000000000e+03
	1.103844137638168e-05
4389		4.389000000000000e+03
	1.560963928110781e-05
4390		4.390000000000000e+03
	9.318001502822557e-05
4391		4.391000000000000e+03
	4.453037733599945e-05
4392		4.392000000000000e+03
	4.876482472492281e-06
4393		4.393000000000000e+03
	9.902755318258535e-05
4394		4.394000000000000e+03
	3.686203805203253e-05
4395		4.395000000000000e+03
	5.627697570235898e-05
4396		4.396000000000000e+03
	7.130086840286056e-06
4397		4.397000000000000e+03
	1.110578443044210e-04
4398		4.398000000000000e+03
	1.236856228986372e-05
4399		4.399000000000000e+03
	2.086498677960771e-05
4400		4.400000000000000e+03
	1.692532518559863e-05
4401		4.401000000000000e+03
	9.156222051404096e-06
4402		4.402000000000000e+03
	1.027790029585329e-05
4403		4.403000000000000e+03
	6.087098482062450e-06
4404		4.404000000000000e+03
	8.586166484448744e-05
4405		4.405000000000000e+03
	3.051382437347764e-05
4406		4.406000000000000e+03
	2.014541450238439e-05
4407		4.407000000000000e+03
	4.232516345863577e-05
4408		4.408000000000000e+03
	8.583451700845003e-05
4409		4.409000000000000e+03
	5.286319328143502e-05
4410		4.410000000000000e+03
	7.290741779723279e-05
4411		4.411000000000000e+03
	3.746602434875865e-05
4412		4.412000000000000e+03
	1.645505397578991e-05
4413		4.413000000000000e+03
	7.175787473550093e-06
4414		4.414000000000000e+03
	6.677409216351045e-05
4415		4.415000000000000e+03
	4.019146590369871e-05
4416		4.416000000000000e+03
	6.192676870159693e-06
4417		4.417000000000000e+03
	5.160800046016264e-05
4418		4.418000000000000e+03
	9.040668023055488e-05
4419		4.419000000000000e+03
	1.646020628017228e-05
4420		4.420000000000000e+03
	1.910820314032637e-05
4421		4.421000000000000e+03
	1.393163181177965e-05
4422		4.422000000000000e+03
	6.596558217275748e-05
4423		4.423000000000000e+03
	5.546715804250236e-05
4424		4.424000000000000e+03
	2.968109113862123e-05
4425		4.425000000000000e+03
	5.161059171154982e-05
4426		4.426000000000000e+03
	3.732490565688198e-06
4427		4.427000000000000e+03
	9.755599231262191e-06
4428		4.428000000000000e+03
	5.676498842475877e-06
4429		4.429000000000000e+03
	7.818948883914822e-05
4430		4.430000000000000e+03
	4.500223451020642e-06
4431		4.431000000000000e+03
	1.450852403627266e-05
4432		4.432000000000000e+03
	3.500590193360675e-05
4433		4.433000000000000e+03
	7.391129494754954e-05
4434		4.434000000000000e+03
	4.491314192354318e-06
4435		4.435000000000000e+03
	5.320965837061192e-05
4436		4.436000000000000e+03
	1.036329200483018e-04
4437		4.437000000000000e+03
	5.077638222224388e-05
4438		4.438000000000000e+03
	8.620592584697896e-05
4439		4.439000000000000e+03
	6.004962075969691e-05
4440		4.440000000000000e+03
	3.874074303706684e-05
4441		4.441000000000000e+03
	5.425244379907344e-06
4442		4.442000000000000e+03
	4.773785340031539e-05
4443		4.443000000000000e+03
	1.892920038802510e-05
4444		4.444000000000000e+03
	5.768055047382159e-05
4445		4.445000000000000e+03
	7.913672668460125e-06
4446		4.446000000000000e+03
	1.030007933067005e-04
4447		4.447000000000000e+03
	3.007662943945497e-05
4448		4.448000000000000e+03
	2.607557892862213e-05
4449		4.449000000000000e+03
	1.278146299034124e-05
4450		4.450000000000000e+03
	1.425559545066402e-05
4451		4.451000000000000e+03
	7.196188276338721e-05
4452		4.452000000000000e+03
	2.387737109418343e-05
4453		4.453000000000000e+03
	3.715206474460252e-06
4454		4.454000000000000e+03
	7.808990133449912e-06
4455		4.455000000000000e+03
	3.738431987862505e-05
4456		4.456000000000000e+03
	3.047833888012636e-05
4457		4.457000000000000e+03
	3.907539978457329e-05
4458		4.458000000000000e+03
	6.479234398822906e-06
4459		4.459000000000000e+03
	1.878913796246760e-05
4460		4.460000000000000e+03
	6.983246347076493e-05
4461		4.461000000000000e+03
	2.838005861824090e-05
4462		4.462000000000000e+03
	1.770340427296091e-05
4463		4.463000000000000e+03
	8.668329582526099e-05
4464		4.464000000000000e+03
	6.784935925479377e-05
4465		4.465000000000000e+03
	3.957619060512990e-05
4466		4.466000000000000e+03
	3.101728753668440e-05
4467		4.467000000000000e+03
	9.191164913140310e-05
4468		4.468000000000000e+03
	1.802971465075546e-05
4469		4.469000000000000e+03
	2.850484575587925e-05
4470		4.470000000000000e+03
	1.627341039884912e-05
4471		4.471000000000000e+03
	4.435508544254098e-06
4472		4.472000000000000e+03
	1.091511737342978e-04
4473		4.473000000000000e+03
	1.576096010947003e-05
4474		4.474000000000000e+03
	5.234068102654052e-05
4475		4.475000000000000e+03
	6.105227465297403e-05
4476		4.476000000000000e+03
	1.072850720610372e-05
4477		4.477000000000000e+03
	2.430111753760469e-05
4478		4.478000000000000e+03
	6.559895533910256e-05
4479		4.479000000000000e+03
	1.363611287531245e-05
4480		4.480000000000000e+03
	4.015882825131615e-06
4481		4.481000000000000e+03
	1.910493228435939e-05
4482		4.482000000000000e+03
	8.438068719506149e-05
4483		4.483000000000000e+03
	9.377450485855263e-05
4484		4.484000000000000e+03
	3.600259057400654e-05
4485		4.485000000000000e+03
	1.192351529038258e-05
4486		4.486000000000000e+03
	1.575863054969099e-05
4487		4.487000000000000e+03
	3.807874768476547e-05
4488		4.488000000000000e+03
	1.289942968509887e-04
4489		4.489000000000000e+03
	6.327507761417857e-05
4490		4.490000000000000e+03
	2.520117154027642e-05
4491		4.491000000000000e+03
	2.433057491032156e-06
4492		4.492000000000000e+03
	2.187205474648806e-05
4493		4.493000000000000e+03
	2.641464247864685e-06
4494		4.494000000000000e+03
	4.917024969658216e-05
4495		4.495000000000000e+03
	2.806651441831722e-05
4496		4.496000000000000e+03
	1.171012755817616e-05
4497		4.497000000000000e+03
	5.496469401876108e-05
4498		4.498000000000000e+03
	3.538052564591245e-05
4499		4.499000000000000e+03
	9.314875490789930e-05
4500		4.500000000000000e+03
	2.146908624726788e-05
4501		4.501000000000000e+03
	1.165482443780915e-04
4502		4.502000000000000e+03
	4.921235183818488e-05
4503		4.503000000000000e+03
	8.878107923315352e-06
4504		4.504000000000000e+03
	2.907939211724900e-05
4505		4.505000000000000e+03
	6.839171901635015e-05
4506		4.506000000000000e+03
	5.626174055194072e-05
4507		4.507000000000000e+03
	6.137866222890527e-05
4508		4.508000000000000e+03
	6.648882483306524e-05
4509		4.509000000000000e+03
	2.256850517195961e-05
4510		4.510000000000000e+03
	7.970217888934346e-06
4511		4.511000000000000e+03
	5.438882982263850e-06
4512		4.512000000000000e+03
	2.417182311190712e-05
4513		4.513000000000000e+03
	7.316340045121880e-06
4514		4.514000000000000e+03
	3.414494058728785e-05
4515		4.515000000000000e+03
	3.065269456901718e-05
4516		4.516000000000000e+03
	7.933200072110119e-06
4517		4.517000000000000e+03
	1.345452447457371e-05
4518		4.518000000000000e+03
	4.492175710503360e-06
4519		4.519000000000000e+03
	1.783963353058705e-05
4520		4.520000000000000e+03
	5.107884493197683e-06
4521		4.521000000000000e+03
	1.080892139956478e-06
4522		4.522000000000000e+03
	1.433113282235989e-05
4523		4.523000000000000e+03
	1.790127764618635e-05
4524		4.524000000000000e+03
	1.068893635338555e-04
4525		4.525000000000000e+03
	3.000326386314012e-05
4526		4.526000000000000e+03
	4.071384518162576e-05
4527		4.527000000000000e+03
	5.103149791038390e-05
4528		4.528000000000000e+03
	7.572190045471610e-06
4529		4.529000000000000e+03
	9.780220641256255e-06
4530		4.530000000000000e+03
	4.702099710360050e-05
4531		4.531000000000000e+03
	7.304065497675871e-06
4532		4.532000000000000e+03
	7.055229478945655e-06
4533		4.533000000000000e+03
	6.071657992308449e-05
4534		4.534000000000000e+03
	5.965902054619199e-05
4535		4.535000000000000e+03
	4.128393274477144e-05
4536		4.536000000000000e+03
	2.737787635083697e-05
4537		4.537000000000000e+03
	4.902007008442297e-05
4538		4.538000000000000e+03
	4.854526807021444e-06
4539		4.539000000000000e+03
	1.673620941832128e-05
4540		4.540000000000000e+03
	6.288508073669372e-05
4541		4.541000000000000e+03
	3.004163010019358e-05
4542		4.542000000000000e+03
	6.846617631778065e-05
4543		4.543000000000000e+03
	3.526041130254761e-05
4544		4.544000000000000e+03
	8.077521895045281e-05
4545		4.545000000000000e+03
	2.973639697578309e-05
4546		4.546000000000000e+03
	2.206344736925191e-05
4547		4.547000000000000e+03
	2.508693670668932e-06
4548		4.548000000000000e+03
	1.423951446322743e-05
4549		4.549000000000000e+03
	1.478142162645855e-05
4550		4.550000000000000e+03
	2.819232088792412e-06
4551		4.551000000000000e+03
	6.637501831389160e-05
4552		4.552000000000000e+03
	4.621757564222180e-05
4553		4.553000000000000e+03
	1.663709714350241e-05
4554		4.554000000000000e+03
	7.210193536784280e-05
4555		4.555000000000000e+03
	1.851273016665774e-05
4556		4.556000000000000e+03
	5.750948391141479e-05
4557		4.557000000000000e+03
	3.298400152362708e-05
4558		4.558000000000000e+03
	4.137157687278634e-05
4559		4.559000000000000e+03
	5.479242718961222e-06
4560		4.560000000000000e+03
	4.401308516795576e-05
4561		4.561000000000000e+03
	3.006730404837903e-05
4562		4.562000000000000e+03
	5.514131214951660e-06
4563		4.563000000000000e+03
	2.937902636544848e-05
4564		4.564000000000000e+03
	4.628503305146778e-05
4565		4.565000000000000e+03
	1.172539725475160e-05
4566		4.566000000000000e+03
	1.354409295155131e-05
4567		4.567000000000000e+03
	4.200809557275493e-05
4568		4.568000000000000e+03
	3.264273815383060e-05
4569		4.569000000000000e+03
	2.679708718829728e-05
4570		4.570000000000000e+03
	3.187508695555018e-05
4571		4.571000000000000e+03
	9.485971895591150e-06
4572		4.572000000000000e+03
	3.945940930502120e-05
4573		4.573000000000000e+03
	4.176369856726052e-06
4574		4.574000000000000e+03
	8.221395874317687e-05
4575		4.575000000000000e+03
	6.723396425557081e-05
4576		4.576000000000000e+03
	5.169022236415802e-05
4577		4.577000000000000e+03
	8.567280172639047e-06
4578		4.578000000000000e+03
	4.543088768631913e-06
4579		4.579000000000000e+03
	1.187349568291687e-04
4580		4.580000000000000e+03
	6.501682144327225e-05
4581		4.581000000000000e+03
	1.374688833056574e-05
4582		4.582000000000000e+03
	1.762629559067286e-05
4583		4.583000000000000e+03
	1.196990831595976e-05
4584		4.584000000000000e+03
	3.162331250441273e-05
4585		4.585000000000000e+03
	7.550767673121982e-05
4586		4.586000000000000e+03
	7.204960544285400e-05
4587		4.587000000000000e+03
	7.666661130115908e-06
4588		4.588000000000000e+03
	7.348356411212209e-05
4589		4.589000000000000e+03
	1.848968678430625e-05
4590		4.590000000000000e+03
	2.995667778059394e-05
4591		4.591000000000000e+03
	1.039226669703064e-05
4592		4.592000000000000e+03
	1.292123823367724e-05
4593		4.593000000000000e+03
	8.032023587737194e-06
4594		4.594000000000000e+03
	1.746344525230124e-05
4595		4.595000000000000e+03
	3.850214108102324e-05
4596		4.596000000000000e+03
	3.498143545708180e-06
4597		4.597000000000000e+03
	1.209981935143691e-05
4598		4.598000000000000e+03
	2.777648564645202e-05
4599		4.599000000000000e+03
	9.483006598411083e-06
4600		4.600000000000000e+03
	1.390566826086363e-05
4601		4.601000000000000e+03
	9.026443598694845e-06
4602		4.602000000000000e+03
	1.828684347099342e-05
4603		4.603000000000000e+03
	1.212167877371368e-05
4604		4.604000000000000e+03
	1.208034720042303e-05
4605		4.605000000000000e+03
	1.054569478113420e-04
4606		4.606000000000000e+03
	2.698565448680063e-05
4607		4.607000000000000e+03
	2.411463574807715e-05
4608		4.608000000000000e+03
	1.043738020649706e-05
4609		4.609000000000000e+03
	2.482313864550151e-05
4610		4.610000000000000e+03
	3.121662206409488e-05
4611		4.611000000000000e+03
	3.247579761446349e-05
4612		4.612000000000000e+03
	3.470514648990931e-05
4613		4.613000000000000e+03
	9.652819628572383e-05
4614		4.614000000000000e+03
	1.082910323139405e-05
4615		4.615000000000000e+03
	1.747440010402275e-06
4616		4.616000000000000e+03
	2.449351079214994e-05
4617		4.617000000000000e+03
	1.023448824581139e-05
4618		4.618000000000000e+03
	3.342096974759027e-05
4619		4.619000000000000e+03
	4.084158196788528e-05
4620		4.620000000000000e+03
	7.417894320369122e-06
4621		4.621000000000000e+03
	7.060365260156944e-05
4622		4.622000000000000e+03
	3.407040887622571e-05
4623		4.623000000000000e+03
	1.011538455188423e-04
4624		4.624000000000000e+03
	5.050644836775611e-06
4625		4.625000000000000e+03
	1.593621243207150e-05
4626		4.626000000000000e+03
	5.669378110437870e-06
4627		4.627000000000000e+03
	4.751846159299663e-06
4628		4.628000000000000e+03
	3.939388221591213e-05
4629		4.629000000000000e+03
	1.166244540539905e-05
4630		4.630000000000000e+03
	8.334721774791429e-05
4631		4.631000000000000e+03
	5.664505993985735e-05
4632		4.632000000000000e+03
	1.178001436554439e-04
4633		4.633000000000000e+03
	2.331940697763424e-05
4634		4.634000000000000e+03
	1.919846076928680e-05
4635		4.635000000000000e+03
	6.968680557585683e-05
4636		4.636000000000000e+03
	8.799765945276035e-05
4637		4.637000000000000e+03
	2.503069225724193e-05
4638		4.638000000000000e+03
	3.208863698308464e-05
4639		4.639000000000000e+03
	8.390633208627816e-05
4640		4.640000000000000e+03
	1.461069366404280e-05
4641		4.641000000000000e+03
	5.983805756725257e-05
4642		4.642000000000000e+03
	1.935578096312238e-05
4643		4.643000000000000e+03
	1.474820494328154e-05
4644		4.644000000000000e+03
	1.286831333511093e-04
4645		4.645000000000000e+03
	2.428250229660109e-05
4646		4.646000000000000e+03
	1.329161725390127e-05
4647		4.647000000000000e+03
	3.773866388756333e-05
4648		4.648000000000000e+03
	8.055058892143860e-05
4649		4.649000000000000e+03
	1.219330791807674e-05
4650		4.650000000000000e+03
	3.777920877862334e-06
4651		4.651000000000000e+03
	1.015945740119916e-05
4652		4.652000000000000e+03
	3.689129942487491e-05
4653		4.653000000000000e+03
	5.819673570389694e-05
4654		4.654000000000000e+03
	7.591218193305842e-05
4655		4.655000000000000e+03
	9.392072019907501e-06
4656		4.656000000000000e+03
	2.108905999290614e-05
4657		4.657000000000000e+03
	1.142645384461737e-05
4658		4.658000000000000e+03
	4.859512545461889e-05
4659		4.659000000000000e+03
	1.049187902116025e-04
4660		4.660000000000000e+03
	1.020635936436660e-04
4661		4.661000000000000e+03
	7.073415412684089e-05
4662		4.662000000000000e+03
	3.564027233134426e-05
4663		4.663000000000000e+03
	7.135767106305978e-05
4664		4.664000000000000e+03
	7.102779101769630e-05
4665		4.665000000000000e+03
	9.545254953128060e-06
4666		4.666000000000000e+03
	1.176325890625804e-04
4667		4.667000000000000e+03
	1.808372523533358e-05
4668		4.668000000000000e+03
	3.163199394171400e-05
4669		4.669000000000000e+03
	2.913268240055396e-05
4670		4.670000000000000e+03
	8.574603058407532e-06
4671		4.671000000000000e+03
	2.246485705292621e-05
4672		4.672000000000000e+03
	1.591453626807027e-05
4673		4.673000000000000e+03
	7.402036014164767e-06
4674		4.674000000000000e+03
	3.268825318323996e-05
4675		4.675000000000000e+03
	3.489001901166129e-06
4676		4.676000000000000e+03
	8.545199840946879e-05
4677		4.677000000000000e+03
	1.828263585161925e-05
4678		4.678000000000000e+03
	4.683162077229743e-05
4679		4.679000000000000e+03
	1.190099957211357e-05
4680		4.680000000000000e+03
	1.451374800272959e-05
4681		4.681000000000000e+03
	7.273295481619212e-05
4682		4.682000000000000e+03
	4.519515072090846e-05
4683		4.683000000000000e+03
	3.701396061320285e-05
4684		4.684000000000000e+03
	8.377011438287412e-06
4685		4.685000000000000e+03
	1.771775286742090e-05
4686		4.686000000000000e+03
	9.243764511986096e-05
4687		4.687000000000000e+03
	9.712430646104144e-06
4688		4.688000000000000e+03
	4.901361792881247e-05
4689		4.689000000000000e+03
	8.317415087568348e-06
4690		4.690000000000000e+03
	2.724177870023565e-05
4691		4.691000000000000e+03
	1.088435162272963e-05
4692		4.692000000000000e+03
	6.353068769679585e-06
4693		4.693000000000000e+03
	7.825262416534886e-06
4694		4.694000000000000e+03
	1.475623084968813e-05
4695		4.695000000000000e+03
	9.738483082323164e-05
4696		4.696000000000000e+03
	1.796108712146771e-05
4697		4.697000000000000e+03
	6.850640751938811e-05
4698		4.698000000000000e+03
	1.669924920205399e-05
4699		4.699000000000000e+03
	2.930864157880075e-05
4700		4.700000000000000e+03
	1.031529410930130e-05
4701		4.701000000000000e+03
	5.971470918806438e-05
4702		4.702000000000000e+03
	8.305034784794710e-05
4703		4.703000000000000e+03
	8.337680900392175e-05
4704		4.704000000000000e+03
	1.268067336563413e-05
4705		4.705000000000000e+03
	6.147805884925557e-06
4706		4.706000000000000e+03
	2.438451216573131e-05
4707		4.707000000000000e+03
	5.169125936536044e-06
4708		4.708000000000000e+03
	4.301098009428543e-06
4709		4.709000000000000e+03
	1.062386272429088e-05
4710		4.710000000000000e+03
	1.323835910895391e-05
4711		4.711000000000000e+03
	6.208010308707107e-05
4712		4.712000000000000e+03
	9.199132592973106e-05
4713		4.713000000000000e+03
	1.178134841991248e-04
4714		4.714000000000000e+03
	4.231793715861377e-05
4715		4.715000000000000e+03
	8.582274579180653e-06
4716		4.716000000000000e+03
	6.106821131054243e-05
4717		4.717000000000000e+03
	1.031872623063324e-04
4718		4.718000000000000e+03
	3.071486295491327e-05
4719		4.719000000000000e+03
	1.827179267767007e-05
4720		4.720000000000000e+03
	3.498109904915369e-05
4721		4.721000000000000e+03
	1.747543893955430e-05
4722		4.722000000000000e+03
	1.121717068215770e-05
4723		4.723000000000000e+03
	1.554200599548767e-05
4724		4.724000000000000e+03
	6.462374726465782e-05
4725		4.725000000000000e+03
	7.181976413586449e-05
4726		4.726000000000000e+03
	3.494777872428630e-05
4727		4.727000000000000e+03
	4.286179263404257e-05
4728		4.728000000000000e+03
	2.580540659261699e-05
4729		4.729000000000000e+03
	4.025022698596550e-06
4730		4.730000000000000e+03
	1.386728967262217e-05
4731		4.731000000000000e+03
	6.125200509251445e-05
4732		4.732000000000000e+03
	3.125652179283043e-05
4733		4.733000000000000e+03
	1.130053979021709e-05
4734		4.734000000000000e+03
	8.521848197706503e-05
4735		4.735000000000000e+03
	7.022250104949721e-06
4736		4.736000000000000e+03
	1.105050743177022e-05
4737		4.737000000000000e+03
	2.450473640703802e-05
4738		4.738000000000000e+03
	3.135849399107509e-05
4739		4.739000000000000e+03
	5.799532178284021e-05
4740		4.740000000000000e+03
	1.063843249791117e-05
4741		4.741000000000000e+03
	3.363623895863962e-05
4742		4.742000000000000e+03
	5.422148005322937e-05
4743		4.743000000000000e+03
	7.067838494074316e-05
4744		4.744000000000000e+03
	4.113340496771413e-05
4745		4.745000000000000e+03
	9.439917342431011e-05
4746		4.746000000000000e+03
	7.663935186843774e-06
4747		4.747000000000000e+03
	2.261356431691335e-05
4748		4.748000000000000e+03
	5.857157253217783e-05
4749		4.749000000000000e+03
	2.444053503086002e-05
4750		4.750000000000000e+03
	2.165640870135967e-05
4751		4.751000000000000e+03
	1.160430538822626e-05
4752		4.752000000000000e+03
	2.396301012166640e-05
4753		4.753000000000000e+03
	7.282468580332216e-06
4754		4.754000000000000e+03
	1.217364084185711e-05
4755		4.755000000000000e+03
	5.168359601140677e-05
4756		4.756000000000000e+03
	1.084514157594924e-05
4757		4.757000000000000e+03
	7.929609606080807e-05
4758		4.758000000000000e+03
	1.319328529818576e-04
4759		4.759000000000000e+03
	1.272194667779385e-04
4760		4.760000000000000e+03
	4.245999864556301e-05
4761		4.761000000000000e+03
	8.907206158545477e-06
4762		4.762000000000000e+03
	1.364035646738827e-05
4763		4.763000000000000e+03
	7.504572655181324e-05
4764		4.764000000000000e+03
	1.023640432773857e-04
4765		4.765000000000000e+03
	2.783414657795009e-05
4766		4.766000000000000e+03
	1.569821048488480e-05
4767		4.767000000000000e+03
	3.777146651704250e-05
4768		4.768000000000000e+03
	6.510821046339472e-05
4769		4.769000000000000e+03
	7.285178858473379e-05
4770		4.770000000000000e+03
	6.313868989502153e-05
4771		4.771000000000000e+03
	3.036313761613707e-05
4772		4.772000000000000e+03
	1.166181738269704e-05
4773		4.773000000000000e+03
	4.861042821558238e-05
4774		4.774000000000000e+03
	2.657148435179583e-05
4775		4.775000000000000e+03
	3.702872117293175e-05
4776		4.776000000000000e+03
	1.561894245970803e-05
4777		4.777000000000000e+03
	3.620843008135500e-06
4778		4.778000000000000e+03
	2.804712582710814e-05
4779		4.779000000000000e+03
	2.704957863677740e-05
4780		4.780000000000000e+03
	2.089235961631604e-05
4781		4.781000000000000e+03
	2.887503339156181e-05
4782		4.782000000000000e+03
	1.463526806344589e-05
4783		4.783000000000000e+03
	1.233654652541516e-04
4784		4.784000000000000e+03
	3.787951258288214e-05
4785		4.785000000000000e+03
	6.506394273955978e-05
4786		4.786000000000000e+03
	1.298032173328066e-05
4787		4.787000000000000e+03
	1.355620220446639e-06
4788		4.788000000000000e+03
	1.178655936089620e-05
4789		4.789000000000000e+03
	7.583510449279894e-05
4790		4.790000000000000e+03
	8.788264169164960e-06
4791		4.791000000000000e+03
	5.000936979313588e-06
4792		4.792000000000000e+03
	8.434763901884631e-05
4793		4.793000000000000e+03
	8.334148303949775e-06
4794		4.794000000000000e+03
	8.763112206823893e-05
4795		4.795000000000000e+03
	2.843549629904954e-06
4796		4.796000000000000e+03
	2.863074972462441e-05
4797		4.797000000000000e+03
	8.280318525196219e-05
4798		4.798000000000000e+03
	2.598729511186773e-05
4799		4.799000000000000e+03
	1.402137624896410e-05
4800		4.800000000000000e+03
	4.943227858967986e-06
4801		4.801000000000000e+03
	1.574435450199314e-05
4802		4.802000000000000e+03
	7.006261235627915e-05
4803		4.803000000000000e+03
	1.521535313273201e-05
4804		4.804000000000000e+03
	3.386422999343853e-05
4805		4.805000000000000e+03
	5.967776775616895e-05
4806		4.806000000000000e+03
	7.019654858708124e-05
4807		4.807000000000000e+03
	7.980312439798954e-06
4808		4.808000000000000e+03
	8.744445246926559e-05
4809		4.809000000000000e+03
	4.172629345191489e-05
4810		4.810000000000000e+03
	1.309273821542749e-04
4811		4.811000000000000e+03
	1.556602209410121e-05
4812		4.812000000000000e+03
	2.418858706053039e-06
4813		4.813000000000000e+03
	3.777551997468456e-05
4814		4.814000000000000e+03
	1.877892636478256e-05
4815		4.815000000000000e+03
	4.648285423885405e-05
4816		4.816000000000000e+03
	1.485085695368005e-05
4817		4.817000000000000e+03
	7.458122041044875e-05
4818		4.818000000000000e+03
	2.763455547666080e-05
4819		4.819000000000000e+03
	1.392212339375789e-05
4820		4.820000000000000e+03
	5.095611036121368e-05
4821		4.821000000000000e+03
	3.872605472230363e-05
4822		4.822000000000000e+03
	6.606932527739345e-05
4823		4.823000000000000e+03
	9.542136923215263e-05
4824		4.824000000000000e+03
	1.233261459898888e-05
4825		4.825000000000000e+03
	1.348708708302890e-05
4826		4.826000000000000e+03
	3.182088253850484e-05
4827		4.827000000000000e+03
	5.539916025904626e-06
4828		4.828000000000000e+03
	1.694825523654830e-05
4829		4.829000000000000e+03
	1.235425523788834e-05
4830		4.830000000000000e+03
	4.128004608003790e-05
4831		4.831000000000000e+03
	8.752158134429764e-05
4832		4.832000000000000e+03
	4.558412154839687e-05
4833		4.833000000000000e+03
	8.371459303476673e-06
4834		4.834000000000000e+03
	4.029529193491637e-05
4835		4.835000000000000e+03
	2.170644595608657e-05
4836		4.836000000000000e+03
	7.278711168063152e-05
4837		4.837000000000000e+03
	6.684527865391061e-06
4838		4.838000000000000e+03
	1.161887153343887e-04
4839		4.839000000000000e+03
	9.619387706727725e-05
4840		4.840000000000000e+03
	2.136787666712517e-05
4841		4.841000000000000e+03
	2.213410034590422e-05
4842		4.842000000000000e+03
	3.165446724222835e-05
4843		4.843000000000000e+03
	3.395826011435471e-05
4844		4.844000000000000e+03
	3.242529094258265e-05
4845		4.845000000000000e+03
	6.138735138317072e-06
4846		4.846000000000000e+03
	1.534375028312628e-05
4847		4.847000000000000e+03
	6.223624747774582e-05
4848		4.848000000000000e+03
	7.635099752667252e-05
4849		4.849000000000000e+03
	2.392001989713316e-05
4850		4.850000000000000e+03
	8.676775304598653e-06
4851		4.851000000000000e+03
	4.048650982240874e-05
4852		4.852000000000000e+03
	1.969659991365913e-05
4853		4.853000000000000e+03
	1.034675534094307e-05
4854		4.854000000000000e+03
	8.767598042373430e-06
4855		4.855000000000000e+03
	1.084967757457047e-05
4856		4.856000000000000e+03
	3.396508422345211e-05
4857		4.857000000000000e+03
	6.602888467064590e-05
4858		4.858000000000000e+03
	7.427205230068916e-06
4859		4.859000000000000e+03
	6.342685954283270e-05
4860		4.860000000000000e+03
	4.583792825085544e-05
4861		4.861000000000000e+03
	2.000124295568990e-06
4862		4.862000000000000e+03
	1.205857351807784e-05
4863		4.863000000000000e+03
	6.016216727572257e-05
4864		4.864000000000000e+03
	1.551744104803769e-05
4865		4.865000000000000e+03
	6.298503611801921e-05
4866		4.866000000000000e+03
	5.837833448666720e-05
4867		4.867000000000000e+03
	2.877387985512497e-05
4868		4.868000000000000e+03
	1.991215867744637e-05
4869		4.869000000000000e+03
	5.037199946781609e-05
4870		4.870000000000000e+03
	1.159152406049306e-05
4871		4.871000000000000e+03
	3.168966756618414e-05
4872		4.872000000000000e+03
	7.216350492031730e-05
4873		4.873000000000000e+03
	9.307443736482785e-06
4874		4.874000000000000e+03
	6.307033671871834e-06
4875		4.875000000000000e+03
	8.872440434603112e-05
4876		4.876000000000000e+03
	2.479340638257301e-05
4877		4.877000000000000e+03
	2.750655311069256e-05
4878		4.878000000000000e+03
	1.771908992576804e-05
4879		4.879000000000000e+03
	8.715726452519961e-06
4880		4.880000000000000e+03
	4.132682256094797e-06
4881		4.881000000000000e+03
	3.629293230426968e-05
4882		4.882000000000000e+03
	2.510272428072505e-05
4883		4.883000000000000e+03
	9.628328349084386e-06
4884		4.884000000000000e+03
	1.934657357582017e-05
4885		4.885000000000000e+03
	1.677958347042746e-05
4886		4.886000000000000e+03
	1.769230887465505e-05
4887		4.887000000000000e+03
	4.930563037042467e-06
4888		4.888000000000000e+03
	1.360912705148857e-05
4889		4.889000000000000e+03
	1.849521453140463e-05
4890		4.890000000000000e+03
	2.973088909964701e-05
4891		4.891000000000000e+03
	5.234104302245044e-05
4892		4.892000000000000e+03
	1.866738382685720e-05
4893		4.893000000000000e+03
	6.124930433887343e-05
4894		4.894000000000000e+03
	1.484243422166606e-05
4895		4.895000000000000e+03
	7.694770103978660e-05
4896		4.896000000000000e+03
	5.546265284415712e-05
4897		4.897000000000000e+03
	1.489612760003796e-05
4898		4.898000000000000e+03
	1.645870131084025e-06
4899		4.899000000000000e+03
	3.449736784816209e-06
4900		4.900000000000000e+03
	4.580130215448590e-06
4901		4.901000000000000e+03
	3.293916772480143e-05
4902		4.902000000000000e+03
	1.402307776388693e-05
4903		4.903000000000000e+03
	6.792851985453278e-06
4904		4.904000000000000e+03
	4.748626098514850e-05
4905		4.905000000000000e+03
	5.577743551668771e-05
4906		4.906000000000000e+03
	4.318531704944031e-05
4907		4.907000000000000e+03
	1.231203018845991e-05
4908		4.908000000000000e+03
	4.350585837204593e-05
4909		4.909000000000000e+03
	5.322843310608120e-05
4910		4.910000000000000e+03
	2.702718353849578e-05
4911		4.911000000000000e+03
	5.965591763576728e-05
4912		4.912000000000000e+03
	2.748073325998888e-05
4913		4.913000000000000e+03
	1.091668477150459e-05
4914		4.914000000000000e+03
	9.983577027359855e-05
4915		4.915000000000000e+03
	1.109997250332038e-04
4916		4.916000000000000e+03
	1.553609502987160e-05
4917		4.917000000000000e+03
	7.776885448143575e-05
4918		4.918000000000000e+03
	1.223664740770731e-04
4919		4.919000000000000e+03
	1.417258499414474e-05
4920		4.920000000000000e+03
	1.543916641323048e-05
4921		4.921000000000000e+03
	4.259271750965584e-06
4922		4.922000000000000e+03
	9.383898125847656e-05
4923		4.923000000000000e+03
	1.112121697067632e-05
4924		4.924000000000000e+03
	9.958153613459032e-06
4925		4.925000000000000e+03
	3.030766177860408e-05
4926		4.926000000000000e+03
	3.332920694426329e-05
4927		4.927000000000000e+03
	1.053732858552807e-04
4928		4.928000000000000e+03
	8.015701955353395e-05
4929		4.929000000000000e+03
	1.655896943234169e-05
4930		4.930000000000000e+03
	4.799315578826677e-06
4931		4.931000000000000e+03
	5.342659648849429e-05
4932		4.932000000000000e+03
	4.763691836685128e-06
4933		4.933000000000000e+03
	1.768905184030989e-05
4934		4.934000000000000e+03
	1.497414796286031e-05
4935		4.935000000000000e+03
	1.295838934025943e-05
4936		4.936000000000000e+03
	5.908493583513767e-05
4937		4.937000000000000e+03
	2.736363266093807e-05
4938		4.938000000000000e+03
	8.006381515011788e-06
4939		4.939000000000000e+03
	1.341845793733049e-05
4940		4.940000000000000e+03
	1.081038037864132e-04
4941		4.941000000000000e+03
	5.889508046458947e-05
4942		4.942000000000000e+03
	8.824703316176307e-06
4943		4.943000000000000e+03
	1.473171193749150e-05
4944		4.944000000000000e+03
	9.773393570259844e-06
4945		4.945000000000000e+03
	1.019181033221056e-04
4946		4.946000000000000e+03
	3.668896566341892e-05
4947		4.947000000000000e+03
	1.979271227955534e-05
4948		4.948000000000000e+03
	1.107945470788161e-05
4949		4.949000000000000e+03
	1.244684708993818e-05
4950		4.950000000000000e+03
	1.320096134091788e-05
4951		4.951000000000000e+03
	4.123736543587455e-05
4952		4.952000000000000e+03
	7.929992838028726e-06
4953		4.953000000000000e+03
	3.968802846246093e-05
4954		4.954000000000000e+03
	2.563894447152146e-05
4955		4.955000000000000e+03
	1.286520684537769e-05
4956		4.956000000000000e+03
	4.718513006070377e-05
4957		4.957000000000000e+03
	1.345164818086254e-05
4958		4.958000000000000e+03
	5.397962072057633e-05
4959		4.959000000000000e+03
	9.296755485030946e-06
4960		4.960000000000000e+03
	5.220978246481800e-05
4961		4.961000000000000e+03
	7.141377788906793e-05
4962		4.962000000000000e+03
	2.365334177178909e-05
4963		4.963000000000000e+03
	1.983281099493482e-05
4964		4.964000000000000e+03
	2.389508533341838e-05
4965		4.965000000000000e+03
	7.588144198526520e-06
4966		4.966000000000000e+03
	7.372536630320342e-06
4967		4.967000000000000e+03
	6.984778268952300e-05
4968		4.968000000000000e+03
	2.939811655261392e-05
4969		4.969000000000000e+03
	1.645663936285425e-05
4970		4.970000000000000e+03
	3.679094372303024e-05
4971		4.971000000000000e+03
	1.411367454190105e-05
4972		4.972000000000000e+03
	6.051305388212770e-05
4973		4.973000000000000e+03
	5.794859143145411e-05
4974		4.974000000000000e+03
	3.638999053076350e-06
4975		4.975000000000000e+03
	1.086196154511161e-05
4976		4.976000000000000e+03
	3.797338823746114e-05
4977		4.977000000000000e+03
	6.670841592494473e-06
4978		4.978000000000000e+03
	1.667676438925217e-05
4979		4.979000000000000e+03
	3.116687493375297e-05
4980		4.980000000000000e+03
	6.736521731070261e-05
4981		4.981000000000000e+03
	3.450905913507482e-05
4982		4.982000000000000e+03
	1.606391535457160e-05
4983		4.983000000000000e+03
	9.895015182240564e-06
4984		4.984000000000000e+03
	2.446484567745920e-05
4985		4.985000000000000e+03
	2.495963704137697e-05
4986		4.986000000000000e+03
	6.141675771637382e-06
4987		4.987000000000000e+03
	5.690502323522597e-06
4988		4.988000000000000e+03
	2.193987100536173e-06
4989		4.989000000000000e+03
	8.077867172288251e-05
4990		4.990000000000000e+03
	4.774877640353505e-05
4991		4.991000000000000e+03
	1.038579103420077e-05
4992		4.992000000000000e+03
	1.211783429692766e-05
4993		4.993000000000000e+03
	1.037992616817312e-05
4994		4.994000000000000e+03
	9.164062405273634e-06
4995		4.995000000000000e+03
	4.519948807031315e-05
4996		4.996000000000000e+03
	6.063661955094008e-06
4997		4.997000000000000e+03
	1.173495070732277e-05
4998		4.998000000000000e+03
	4.186042052674667e-05
4999		4.999000000000000e+03
	4.736019548173642e-05
